race_id,driver_code,team,grid_position,finish_position,classified,status,points,positions_gained
2018_01,VET,Ferrari,3.0,1.0,True,Finished,25.0,2.0
2018_01,HAM,Mercedes,1.0,2.0,True,Finished,18.0,-1.0
2018_01,RAI,Ferrari,2.0,3.0,True,Finished,15.0,-1.0
2018_01,RIC,Red Bull Racing,8.0,4.0,True,Finished,12.0,4.0
2018_01,ALO,McLaren,10.0,5.0,True,Finished,10.0,5.0
2018_01,VER,Red Bull Racing,4.0,6.0,True,Finished,8.0,-2.0
2018_01,HUL,Renault,7.0,7.0,True,Finished,6.0,0.0
2018_01,BOT,Mercedes,15.0,8.0,True,Finished,4.0,7.0
2018_01,VAN,McLaren,11.0,9.0,True,Finished,2.0,2.0
2018_01,SAI,Renault,9.0,10.0,True,Finished,1.0,-1.0
2018_01,PER,Force India,12.0,11.0,True,Finished,0.0,1.0
2018_01,OCO,Force India,14.0,12.0,True,Finished,0.0,2.0
2018_01,LEC,Sauber,18.0,13.0,True,Finished,0.0,5.0
2018_01,STR,Williams,13.0,14.0,True,Finished,0.0,-1.0
2018_01,HAR,Toro Rosso,16.0,15.0,True,+1 Lap,0.0,1.0
2018_01,GRO,Haas F1 Team,6.0,16.0,False,Wheel,0.0,
2018_01,MAG,Haas F1 Team,5.0,17.0,False,Wheel,0.0,
2018_01,GAS,Toro Rosso,20.0,18.0,False,Engine,0.0,
2018_01,ERI,Sauber,17.0,19.0,False,Steering,0.0,
2018_01,SIR,Williams,19.0,20.0,False,Brakes,0.0,
2018_02,VET,Ferrari,1.0,1.0,True,Finished,25.0,0.0
2018_02,BOT,Mercedes,3.0,2.0,True,Finished,18.0,1.0
2018_02,HAM,Mercedes,9.0,3.0,True,Finished,15.0,6.0
2018_02,GAS,Toro Rosso,5.0,4.0,True,Finished,12.0,1.0
2018_02,MAG,Haas F1 Team,6.0,5.0,True,Finished,10.0,1.0
2018_02,HUL,Renault,7.0,6.0,True,Finished,8.0,1.0
2018_02,ALO,McLaren,13.0,7.0,True,+1 Lap,6.0,6.0
2018_02,VAN,McLaren,14.0,8.0,True,+1 Lap,4.0,6.0
2018_02,ERI,Sauber,17.0,9.0,True,+1 Lap,2.0,8.0
2018_02,OCO,Force India,8.0,10.0,True,+1 Lap,1.0,-2.0
2018_02,SAI,Renault,10.0,11.0,True,+1 Lap,0.0,-1.0
2018_02,LEC,Sauber,19.0,12.0,True,+1 Lap,0.0,7.0
2018_02,GRO,Haas F1 Team,16.0,13.0,True,+1 Lap,0.0,3.0
2018_02,STR,Williams,20.0,14.0,True,+1 Lap,0.0,6.0
2018_02,SIR,Williams,18.0,15.0,True,+1 Lap,0.0,3.0
2018_02,PER,Force India,12.0,16.0,True,+1 Lap,0.0,-4.0
2018_02,HAR,Toro Rosso,11.0,17.0,True,+1 Lap,0.0,-6.0
2018_02,RAI,Ferrari,2.0,18.0,False,Wheel,0.0,
2018_02,VER,Red Bull Racing,15.0,19.0,False,Puncture,0.0,
2018_02,RIC,Red Bull Racing,4.0,20.0,False,Electrical,0.0,
2018_03,RIC,Red Bull Racing,6.0,1.0,True,Finished,25.0,5.0
2018_03,BOT,Mercedes,3.0,2.0,True,Finished,18.0,1.0
2018_03,RAI,Ferrari,2.0,3.0,True,Finished,15.0,-1.0
2018_03,HAM,Mercedes,4.0,4.0,True,Finished,12.0,0.0
2018_03,VER,Red Bull Racing,5.0,5.0,True,Finished,10.0,0.0
2018_03,HUL,Renault,7.0,6.0,True,Finished,8.0,1.0
2018_03,ALO,McLaren,13.0,7.0,True,Finished,6.0,6.0
2018_03,VET,Ferrari,1.0,8.0,True,Finished,4.0,-7.0
2018_03,SAI,Renault,9.0,9.0,True,Finished,2.0,0.0
2018_03,MAG,Haas F1 Team,11.0,10.0,True,Finished,1.0,1.0
2018_03,OCO,Force India,12.0,11.0,True,Finished,0.0,1.0
2018_03,PER,Force India,8.0,12.0,True,Finished,0.0,-4.0
2018_03,VAN,McLaren,14.0,13.0,True,Finished,0.0,1.0
2018_03,STR,Williams,18.0,14.0,True,Finished,0.0,4.0
2018_03,SIR,Williams,16.0,15.0,True,Finished,0.0,1.0
2018_03,ERI,Sauber,20.0,16.0,True,Finished,0.0,4.0
2018_03,GRO,Haas F1 Team,10.0,17.0,True,Finished,0.0,-7.0
2018_03,GAS,Toro Rosso,17.0,18.0,True,Finished,0.0,-1.0
2018_03,LEC,Sauber,19.0,19.0,True,Finished,0.0,0.0
2018_03,HAR,Toro Rosso,15.0,20.0,True,Collision damage,0.0,-5.0
2018_04,HAM,Mercedes,2.0,1.0,True,Finished,25.0,1.0
2018_04,RAI,Ferrari,6.0,2.0,True,Finished,18.0,4.0
2018_04,PER,Force India,8.0,3.0,True,Finished,15.0,5.0
2018_04,VET,Ferrari,1.0,4.0,True,Finished,12.0,-3.0
2018_04,SAI,Renault,9.0,5.0,True,Finished,10.0,4.0
2018_04,LEC,Sauber,13.0,6.0,True,Finished,8.0,7.0
2018_04,ALO,McLaren,12.0,7.0,True,Finished,6.0,5.0
2018_04,STR,Williams,10.0,8.0,True,Finished,4.0,2.0
2018_04,VAN,McLaren,16.0,9.0,True,Finished,2.0,7.0
2018_04,HAR,Toro Rosso,19.0,10.0,True,Finished,1.0,9.0
2018_04,ERI,Sauber,18.0,11.0,True,Finished,0.0,7.0
2018_04,GAS,Toro Rosso,17.0,12.0,True,Finished,0.0,5.0
2018_04,MAG,Haas F1 Team,15.0,13.0,True,Finished,0.0,2.0
2018_04,BOT,Mercedes,3.0,14.0,False,Puncture,0.0,
2018_04,GRO,Haas F1 Team,20.0,15.0,False,Accident,0.0,
2018_04,VER,Red Bull Racing,5.0,16.0,False,Collision,0.0,
2018_04,RIC,Red Bull Racing,4.0,17.0,False,Collision,0.0,
2018_04,HUL,Renault,14.0,18.0,False,Accident,0.0,
2018_04,OCO,Force India,7.0,19.0,False,Collision,0.0,
2018_04,SIR,Williams,11.0,20.0,False,Collision,0.0,
2018_05,HAM,Mercedes,1.0,1.0,True,Finished,25.0,0.0
2018_05,BOT,Mercedes,2.0,2.0,True,Finished,18.0,0.0
2018_05,VER,Red Bull Racing,5.0,3.0,True,Finished,15.0,2.0
2018_05,VET,Ferrari,3.0,4.0,True,Finished,12.0,-1.0
2018_05,RIC,Red Bull Racing,6.0,5.0,True,Finished,10.0,1.0
2018_05,MAG,Haas F1 Team,7.0,6.0,True,+1 Lap,8.0,1.0
2018_05,SAI,Renault,9.0,7.0,True,+1 Lap,6.0,2.0
2018_05,ALO,McLaren,8.0,8.0,True,+1 Lap,4.0,0.0
2018_05,PER,Force India,15.0,9.0,True,+2 Laps,2.0,6.0
2018_05,LEC,Sauber,14.0,10.0,True,+2 Laps,1.0,4.0
2018_05,STR,Williams,18.0,11.0,True,+2 Laps,0.0,7.0
2018_05,HAR,Toro Rosso,20.0,12.0,True,+2 Laps,0.0,8.0
2018_05,ERI,Sauber,17.0,13.0,True,+2 Laps,0.0,4.0
2018_05,SIR,Williams,19.0,14.0,True,+3 Laps,0.0,5.0
2018_05,VAN,McLaren,11.0,15.0,False,Gearbox,0.0,
2018_05,OCO,Force India,13.0,16.0,False,Oil leak,0.0,
2018_05,RAI,Ferrari,4.0,17.0,False,Turbo,0.0,
2018_05,GRO,Haas F1 Team,10.0,18.0,False,Collision,0.0,
2018_05,GAS,Toro Rosso,12.0,19.0,False,Collision,0.0,
2018_05,HUL,Renault,16.0,20.0,False,Collision,0.0,
2018_06,RIC,Red Bull Racing,1.0,1.0,True,Finished,25.0,0.0
2018_06,VET,Ferrari,2.0,2.0,True,Finished,18.0,0.0
2018_06,HAM,Mercedes,3.0,3.0,True,Finished,15.0,0.0
2018_06,RAI,Ferrari,4.0,4.0,True,Finished,12.0,0.0
2018_06,BOT,Mercedes,5.0,5.0,True,Finished,10.0,0.0
2018_06,OCO,Force India,6.0,6.0,True,Finished,8.0,0.0
2018_06,GAS,Toro Rosso,10.0,7.0,True,Finished,6.0,3.0
2018_06,HUL,Renault,11.0,8.0,True,Finished,4.0,3.0
2018_06,VER,Red Bull Racing,20.0,9.0,True,Finished,2.0,11.0
2018_06,SAI,Renault,8.0,10.0,True,Finished,1.0,-2.0
2018_06,ERI,Sauber,16.0,11.0,True,Finished,0.0,5.0
2018_06,PER,Force India,9.0,12.0,True,Finished,0.0,-3.0
2018_06,MAG,Haas F1 Team,19.0,13.0,True,Finished,0.0,6.0
2018_06,VAN,McLaren,12.0,14.0,True,+1 Lap,0.0,-2.0
2018_06,GRO,Haas F1 Team,18.0,15.0,True,+1 Lap,0.0,3.0
2018_06,SIR,Williams,13.0,16.0,True,+1 Lap,0.0,-3.0
2018_06,STR,Williams,17.0,17.0,True,+2 Laps,0.0,0.0
2018_06,LEC,Sauber,14.0,18.0,False,Collision,0.0,
2018_06,HAR,Toro Rosso,15.0,19.0,False,Collision,0.0,
2018_06,ALO,McLaren,7.0,20.0,False,Gearbox,0.0,
2018_07,VET,Ferrari,1.0,1.0,True,Finished,25.0,0.0
2018_07,BOT,Mercedes,2.0,2.0,True,Finished,18.0,0.0
2018_07,VER,Red Bull Racing,3.0,3.0,True,Finished,15.0,0.0
2018_07,RIC,Red Bull Racing,6.0,4.0,True,Finished,12.0,2.0
2018_07,HAM,Mercedes,4.0,5.0,True,Finished,10.0,-1.0
2018_07,RAI,Ferrari,5.0,6.0,True,Finished,8.0,-1.0
2018_07,HUL,Renault,7.0,7.0,True,+1 Lap,6.0,0.0
2018_07,SAI,Renault,9.0,8.0,True,+1 Lap,4.0,1.0
2018_07,OCO,Force India,8.0,9.0,True,+1 Lap,2.0,-1.0
2018_07,LEC,Sauber,13.0,10.0,True,+1 Lap,1.0,3.0
2018_07,GAS,Toro Rosso,16.0,11.0,True,+1 Lap,0.0,5.0
2018_07,GRO,Haas F1 Team,20.0,12.0,True,+1 Lap,0.0,8.0
2018_07,MAG,Haas F1 Team,11.0,13.0,True,+1 Lap,0.0,-2.0
2018_07,PER,Force India,10.0,14.0,True,+1 Lap,0.0,-4.0
2018_07,ERI,Sauber,19.0,15.0,True,+2 Laps,0.0,4.0
2018_07,VAN,McLaren,15.0,16.0,True,+2 Laps,0.0,-1.0
2018_07,SIR,Williams,18.0,17.0,True,+2 Laps,0.0,1.0
2018_07,ALO,McLaren,14.0,18.0,False,Exhaust,0.0,
2018_07,HAR,Toro Rosso,12.0,19.0,False,Collision,0.0,
2018_07,STR,Williams,17.0,20.0,False,Collision,0.0,
2018_08,HAM,Mercedes,1.0,1.0,True,Finished,25.0,0.0
2018_08,VER,Red Bull Racing,4.0,2.0,True,Finished,18.0,2.0
2018_08,RAI,Ferrari,6.0,3.0,True,Finished,15.0,3.0
2018_08,RIC,Red Bull Racing,5.0,4.0,True,Finished,12.0,1.0
2018_08,VET,Ferrari,3.0,5.0,True,Finished,10.0,-2.0
2018_08,MAG,Haas F1 Team,9.0,6.0,True,Finished,8.0,3.0
2018_08,BOT,Mercedes,2.0,7.0,True,Finished,6.0,-5.0
2018_08,SAI,Renault,7.0,8.0,True,Finished,4.0,-1.0
2018_08,HUL,Renault,12.0,9.0,True,Finished,2.0,3.0
2018_08,LEC,Sauber,8.0,10.0,True,Finished,1.0,-2.0
2018_08,GRO,Haas F1 Team,10.0,11.0,True,+1 Lap,0.0,-1.0
2018_08,VAN,McLaren,17.0,12.0,True,+1 Lap,0.0,5.0
2018_08,ERI,Sauber,15.0,13.0,True,+1 Lap,0.0,2.0
2018_08,HAR,Toro Rosso,20.0,14.0,True,+1 Lap,0.0,6.0
2018_08,SIR,Williams,18.0,15.0,True,+1 Lap,0.0,3.0
2018_08,ALO,McLaren,16.0,16.0,True,Wheel,0.0,0.0
2018_08,STR,Williams,19.0,17.0,True,Puncture,0.0,2.0
2018_08,PER,Force India,13.0,18.0,False,Engine,0.0,
2018_08,OCO,Force India,11.0,19.0,False,Collision,0.0,
2018_08,GAS,Toro Rosso,14.0,20.0,False,Collision,0.0,
2018_09,VER,Red Bull Racing,4.0,1.0,True,Finished,25.0,3.0
2018_09,RAI,Ferrari,3.0,2.0,True,Finished,18.0,1.0
2018_09,VET,Ferrari,6.0,3.0,True,Finished,15.0,3.0
2018_09,GRO,Haas F1 Team,5.0,4.0,True,+1 Lap,12.0,1.0
2018_09,MAG,Haas F1 Team,8.0,5.0,True,+1 Lap,10.0,3.0
2018_09,OCO,Force India,11.0,6.0,True,+1 Lap,8.0,5.0
2018_09,PER,Force India,16.0,7.0,True,+1 Lap,6.0,9.0
2018_09,ALO,McLaren,13.0,8.0,True,+1 Lap,4.0,5.0
2018_09,LEC,Sauber,18.0,9.0,True,+1 Lap,2.0,9.0
2018_09,ERI,Sauber,20.0,10.0,True,+1 Lap,1.0,10.0
2018_09,GAS,Toro Rosso,12.0,11.0,True,+1 Lap,0.0,1.0
2018_09,SAI,Renault,9.0,12.0,True,+1 Lap,0.0,-3.0
2018_09,SIR,Williams,17.0,13.0,True,+2 Laps,0.0,4.0
2018_09,STR,Williams,14.0,14.0,True,+2 Laps,0.0,0.0
2018_09,VAN,McLaren,15.0,15.0,True,Collision damage,0.0,0.0
2018_09,HAM,Mercedes,2.0,16.0,False,Fuel pressure,0.0,
2018_09,HAR,Toro Rosso,19.0,17.0,False,Hydraulics,0.0,
2018_09,RIC,Red Bull Racing,7.0,18.0,False,Exhaust,0.0,
2018_09,BOT,Mercedes,1.0,19.0,False,Hydraulics,0.0,
2018_09,HUL,Renault,10.0,20.0,False,Engine,0.0,
2018_10,VET,Ferrari,2.0,1.0,True,Finished,25.0,1.0
2018_10,HAM,Mercedes,1.0,2.0,True,Finished,18.0,-1.0
2018_10,RAI,Ferrari,3.0,3.0,True,Finished,15.0,0.0
2018_10,BOT,Mercedes,4.0,4.0,True,Finished,12.0,0.0
2018_10,RIC,Red Bull Racing,6.0,5.0,True,Finished,10.0,1.0
2018_10,HUL,Renault,11.0,6.0,True,Finished,8.0,5.0
2018_10,OCO,Force India,10.0,7.0,True,Finished,6.0,3.0
2018_10,ALO,McLaren,13.0,8.0,True,Finished,4.0,5.0
2018_10,MAG,Haas F1 Team,7.0,9.0,True,Finished,2.0,-2.0
2018_10,PER,Force India,12.0,10.0,True,Finished,1.0,2.0
2018_10,VAN,McLaren,17.0,11.0,True,Finished,0.0,6.0
2018_10,STR,Williams,19.0,12.0,True,Finished,0.0,7.0
2018_10,GAS,Toro Rosso,14.0,13.0,True,Finished,0.0,1.0
2018_10,SIR,Williams,18.0,14.0,True,Finished,0.0,4.0
2018_10,VER,Red Bull Racing,5.0,15.0,False,Brakes,0.0,
2018_10,GRO,Haas F1 Team,8.0,16.0,False,Collision,0.0,
2018_10,SAI,Renault,16.0,17.0,False,Collision,0.0,
2018_10,ERI,Sauber,15.0,18.0,False,Accident,0.0,
2018_10,LEC,Sauber,9.0,19.0,False,Tyre,0.0,
2018_10,HAR,Toro Rosso,,20.0,False,Power Unit,0.0,
2018_11,HAM,Mercedes,14.0,1.0,True,Finished,25.0,13.0
2018_11,BOT,Mercedes,2.0,2.0,True,Finished,18.0,0.0
2018_11,RAI,Ferrari,3.0,3.0,True,Finished,15.0,0.0
2018_11,VER,Red Bull Racing,4.0,4.0,True,Finished,12.0,0.0
2018_11,HUL,Renault,7.0,5.0,True,Finished,10.0,2.0
2018_11,GRO,Haas F1 Team,6.0,6.0,True,Finished,8.0,0.0
2018_11,PER,Force India,10.0,7.0,True,Finished,6.0,3.0
2018_11,OCO,Force India,15.0,8.0,True,Finished,4.0,7.0
2018_11,ERI,Sauber,13.0,9.0,True,Finished,2.0,4.0
2018_11,HAR,Toro Rosso,17.0,10.0,True,Finished,1.0,7.0
2018_11,MAG,Haas F1 Team,5.0,11.0,True,Finished,0.0,-6.0
2018_11,SAI,Renault,8.0,12.0,True,Finished,0.0,-4.0
2018_11,VAN,McLaren,19.0,13.0,True,Finished,0.0,6.0
2018_11,GAS,Toro Rosso,16.0,14.0,True,+1 Lap,0.0,2.0
2018_11,LEC,Sauber,9.0,15.0,True,+1 Lap,0.0,-6.0
2018_11,ALO,McLaren,11.0,16.0,True,Retired,0.0,-5.0
2018_11,STR,Williams,18.0,17.0,False,Engine,0.0,
2018_11,VET,Ferrari,1.0,18.0,False,Accident,0.0,
2018_11,SIR,Williams,12.0,19.0,False,Engine,0.0,
2018_11,RIC,Red Bull Racing,20.0,20.0,False,Engine,0.0,
2018_12,HAM,Mercedes,1.0,1.0,True,Finished,25.0,0.0
2018_12,VET,Ferrari,4.0,2.0,True,Finished,18.0,2.0
2018_12,RAI,Ferrari,3.0,3.0,True,Finished,15.0,0.0
2018_12,RIC,Red Bull Racing,12.0,4.0,True,Finished,12.0,8.0
2018_12,BOT,Mercedes,2.0,5.0,True,Finished,10.0,-3.0
2018_12,GAS,Toro Rosso,6.0,6.0,True,Finished,8.0,0.0
2018_12,MAG,Haas F1 Team,9.0,7.0,True,+1 Lap,6.0,2.0
2018_12,ALO,McLaren,11.0,8.0,True,+1 Lap,4.0,3.0
2018_12,SAI,Renault,5.0,9.0,True,+1 Lap,2.0,-4.0
2018_12,GRO,Haas F1 Team,10.0,10.0,True,+1 Lap,1.0,0.0
2018_12,HAR,Toro Rosso,8.0,11.0,True,+1 Lap,0.0,-3.0
2018_12,HUL,Renault,13.0,12.0,True,+1 Lap,0.0,1.0
2018_12,OCO,Force India,18.0,13.0,True,+1 Lap,0.0,5.0
2018_12,PER,Force India,19.0,14.0,True,+1 Lap,0.0,5.0
2018_12,ERI,Sauber,14.0,15.0,True,+2 Laps,0.0,-1.0
2018_12,SIR,Williams,20.0,16.0,True,+2 Laps,0.0,4.0
2018_12,STR,Williams,15.0,17.0,True,+2 Laps,0.0,-2.0
2018_12,VAN,McLaren,16.0,18.0,False,Gearbox,0.0,
2018_12,VER,Red Bull Racing,7.0,19.0,False,Power loss,0.0,
2018_12,LEC,Sauber,17.0,20.0,False,Suspension,0.0,
2018_13,VET,Ferrari,2.0,1.0,True,Finished,25.0,1.0
2018_13,HAM,Mercedes,1.0,2.0,True,Finished,18.0,-1.0
2018_13,VER,Red Bull Racing,7.0,3.0,True,Finished,15.0,4.0
2018_13,BOT,Mercedes,19.0,4.0,True,Finished,12.0,15.0
2018_13,PER,Racing Point,4.0,5.0,True,Finished,10.0,-1.0
2018_13,OCO,Racing Point,3.0,6.0,True,Finished,8.0,-3.0
2018_13,GRO,Haas F1 Team,5.0,7.0,True,Finished,6.0,-2.0
2018_13,MAG,Haas F1 Team,9.0,8.0,True,Finished,4.0,1.0
2018_13,GAS,Toro Rosso,10.0,9.0,True,Finished,2.0,1.0
2018_13,ERI,Sauber,13.0,10.0,True,+1 Lap,1.0,3.0
2018_13,SAI,Renault,14.0,11.0,True,+1 Lap,0.0,3.0
2018_13,SIR,Williams,16.0,12.0,True,+1 Lap,0.0,4.0
2018_13,STR,Williams,17.0,13.0,True,+1 Lap,0.0,4.0
2018_13,HAR,Toro Rosso,11.0,14.0,True,+1 Lap,0.0,-3.0
2018_13,VAN,McLaren,18.0,15.0,True,+1 Lap,0.0,3.0
2018_13,RIC,Red Bull Racing,8.0,16.0,False,Retired,0.0,
2018_13,RAI,Ferrari,6.0,17.0,False,Brakes,0.0,
2018_13,LEC,Sauber,12.0,18.0,False,Accident,0.0,
2018_13,ALO,McLaren,15.0,19.0,False,Accident,0.0,
2018_13,HUL,Renault,20.0,20.0,False,Accident,0.0,
2018_15,HAM,Mercedes,1.0,1.0,True,Finished,25.0,0.0
2018_15,VER,Red Bull Racing,2.0,2.0,True,Finished,18.0,0.0
2018_15,VET,Ferrari,3.0,3.0,True,Finished,15.0,0.0
2018_15,BOT,Mercedes,4.0,4.0,True,Finished,12.0,0.0
2018_15,RAI,Ferrari,5.0,5.0,True,Finished,10.0,0.0
2018_15,RIC,Red Bull Racing,6.0,6.0,True,Finished,8.0,0.0
2018_15,ALO,McLaren,11.0,7.0,True,Finished,6.0,4.0
2018_15,SAI,Renault,12.0,8.0,True,+1 Lap,4.0,4.0
2018_15,LEC,Sauber,13.0,9.0,True,+1 Lap,2.0,4.0
2018_15,HUL,Renault,10.0,10.0,True,+1 Lap,1.0,0.0
2018_15,ERI,Sauber,14.0,11.0,True,+1 Lap,0.0,3.0
2018_15,VAN,McLaren,18.0,12.0,True,+1 Lap,0.0,6.0
2018_15,GAS,Toro Rosso,15.0,13.0,True,+1 Lap,0.0,2.0
2018_15,STR,Williams,20.0,14.0,True,+1 Lap,0.0,6.0
2018_15,GRO,Haas F1 Team,8.0,15.0,True,+1 Lap,0.0,-7.0
2018_15,PER,Racing Point,7.0,16.0,True,+1 Lap,0.0,-9.0
2018_15,HAR,Toro Rosso,17.0,17.0,True,+1 Lap,0.0,0.0
2018_15,MAG,Haas F1 Team,16.0,18.0,True,+2 Laps,0.0,-2.0
2018_15,SIR,Williams,19.0,19.0,True,+2 Laps,0.0,0.0
2018_15,OCO,Racing Point,9.0,20.0,False,Collision,0.0,
2018_16,HAM,Mercedes,2.0,1.0,True,Finished,25.0,1.0
2018_16,BOT,Mercedes,1.0,2.0,True,Finished,18.0,-1.0
2018_16,VET,Ferrari,3.0,3.0,True,Finished,15.0,0.0
2018_16,RAI,Ferrari,4.0,4.0,True,Finished,12.0,0.0
2018_16,VER,Red Bull Racing,19.0,5.0,True,Finished,10.0,14.0
2018_16,RIC,Red Bull Racing,18.0,6.0,True,Finished,8.0,12.0
2018_16,LEC,Sauber,7.0,7.0,True,Finished,6.0,0.0
2018_16,MAG,Haas F1 Team,5.0,8.0,True,+1 Lap,4.0,-3.0
2018_16,OCO,Racing Point,6.0,9.0,True,+1 Lap,2.0,-3.0
2018_16,PER,Racing Point,8.0,10.0,True,+1 Lap,1.0,-2.0
2018_16,GRO,Haas F1 Team,9.0,11.0,True,+1 Lap,0.0,-2.0
2018_16,HUL,Renault,12.0,12.0,True,+1 Lap,0.0,0.0
2018_16,ERI,Sauber,10.0,13.0,True,+1 Lap,0.0,-3.0
2018_16,ALO,McLaren,16.0,14.0,True,+1 Lap,0.0,2.0
2018_16,STR,Williams,14.0,15.0,True,+1 Lap,0.0,-1.0
2018_16,VAN,McLaren,15.0,16.0,True,+2 Laps,0.0,-1.0
2018_16,SAI,Renault,11.0,17.0,True,+2 Laps,0.0,-6.0
2018_16,SIR,Williams,13.0,18.0,True,+2 Laps,0.0,-5.0
2018_16,GAS,Toro Rosso,17.0,19.0,False,Brakes,0.0,
2018_16,HAR,Toro Rosso,20.0,20.0,False,Brakes,0.0,
2018_17,HAM,Mercedes,1.0,1.0,True,Finished,25.0,0.0
2018_17,BOT,Mercedes,2.0,2.0,True,Finished,18.0,0.0
2018_17,VER,Red Bull Racing,3.0,3.0,True,Finished,15.0,0.0
2018_17,RIC,Red Bull Racing,15.0,4.0,True,Finished,12.0,11.0
2018_17,RAI,Ferrari,4.0,5.0,True,Finished,10.0,-1.0
2018_17,VET,Ferrari,8.0,6.0,True,Finished,8.0,2.0
2018_17,PER,Racing Point,9.0,7.0,True,Finished,6.0,2.0
2018_17,GRO,Haas F1 Team,5.0,8.0,True,Finished,4.0,-3.0
2018_17,OCO,Racing Point,11.0,9.0,True,Finished,2.0,2.0
2018_17,SAI,Renault,13.0,10.0,True,+1 Lap,1.0,3.0
2018_17,GAS,Toro Rosso,7.0,11.0,True,+1 Lap,0.0,-4.0
2018_17,ERI,Sauber,20.0,12.0,True,+1 Lap,0.0,8.0
2018_17,HAR,Toro Rosso,6.0,13.0,True,+1 Lap,0.0,-7.0
2018_17,ALO,McLaren,18.0,14.0,True,+1 Lap,0.0,4.0
2018_17,VAN,McLaren,19.0,15.0,True,+1 Lap,0.0,4.0
2018_17,SIR,Williams,17.0,16.0,True,+1 Lap,0.0,1.0
2018_17,STR,Williams,14.0,17.0,True,+1 Lap,0.0,-3.0
2018_17,LEC,Sauber,10.0,18.0,False,Mechanical,0.0,
2018_17,HUL,Renault,16.0,19.0,False,Engine,0.0,
2018_17,MAG,Haas F1 Team,12.0,20.0,False,Collision damage,0.0,
2018_18,RAI,Ferrari,2.0,1.0,True,Finished,25.0,1.0
2018_18,VER,Red Bull Racing,18.0,2.0,True,Finished,18.0,16.0
2018_18,HAM,Mercedes,1.0,3.0,True,Finished,15.0,-2.0
2018_18,VET,Ferrari,5.0,4.0,True,Finished,12.0,1.0
2018_18,BOT,Mercedes,3.0,5.0,True,Finished,10.0,-2.0
2018_18,HUL,Renault,7.0,6.0,True,Finished,8.0,1.0
2018_18,SAI,Renault,11.0,7.0,True,Finished,6.0,4.0
2018_18,PER,Racing Point,10.0,8.0,True,Finished,4.0,2.0
2018_18,HAR,Toro Rosso,20.0,9.0,True,+1 Lap,2.0,11.0
2018_18,ERI,Sauber,16.0,10.0,True,+1 Lap,1.0,6.0
2018_18,VAN,McLaren,17.0,11.0,True,+1 Lap,0.0,6.0
2018_18,GAS,Toro Rosso,19.0,12.0,True,+1 Lap,0.0,7.0
2018_18,SIR,Williams,14.0,13.0,True,+1 Lap,0.0,1.0
2018_18,STR,Williams,15.0,14.0,True,+2 Laps,0.0,1.0
2018_18,LEC,Sauber,9.0,15.0,False,Collision damage,0.0,
2018_18,RIC,Red Bull Racing,4.0,16.0,False,Battery,0.0,
2018_18,GRO,Haas F1 Team,8.0,17.0,False,Collision damage,0.0,
2018_18,ALO,McLaren,13.0,18.0,False,Collision,0.0,
2018_18,OCO,Racing Point,6.0,19.0,False,Disqualified,0.0,
2018_18,MAG,Haas F1 Team,12.0,20.0,False,Disqualified,0.0,
2018_19,VER,Red Bull Racing,2.0,1.0,True,Finished,25.0,1.0
2018_19,VET,Ferrari,4.0,2.0,True,Finished,18.0,2.0
2018_19,RAI,Ferrari,6.0,3.0,True,Finished,15.0,3.0
2018_19,HAM,Mercedes,3.0,4.0,True,Finished,12.0,-1.0
2018_19,BOT,Mercedes,5.0,5.0,True,+1 Lap,10.0,0.0
2018_19,HUL,Renault,7.0,6.0,True,+2 Laps,8.0,1.0
2018_19,LEC,Sauber,9.0,7.0,True,+2 Laps,6.0,2.0
2018_19,VAN,McLaren,15.0,8.0,True,+2 Laps,4.0,7.0
2018_19,ERI,Sauber,10.0,9.0,True,+2 Laps,2.0,1.0
2018_19,GAS,Toro Rosso,20.0,10.0,True,+2 Laps,1.0,10.0
2018_19,OCO,Racing Point,11.0,11.0,True,+2 Laps,0.0,0.0
2018_19,STR,Williams,17.0,12.0,True,+2 Laps,0.0,5.0
2018_19,SIR,Williams,19.0,13.0,True,+2 Laps,0.0,6.0
2018_19,HAR,Toro Rosso,14.0,14.0,True,+2 Laps,0.0,0.0
2018_19,MAG,Haas F1 Team,16.0,15.0,True,+2 Laps,0.0,1.0
2018_19,GRO,Haas F1 Team,18.0,16.0,True,+3 Laps,0.0,2.0
2018_19,RIC,Red Bull Racing,1.0,17.0,False,Engine,0.0,
2018_19,PER,Racing Point,13.0,18.0,False,Brakes,0.0,
2018_19,SAI,Renault,8.0,19.0,False,Suspension,0.0,
2018_19,ALO,McLaren,12.0,20.0,False,Engine,0.0,
2018_20,HAM,Mercedes,1.0,1.0,True,Finished,25.0,0.0
2018_20,VER,Red Bull Racing,5.0,2.0,True,Finished,18.0,3.0
2018_20,RAI,Ferrari,4.0,3.0,True,Finished,15.0,1.0
2018_20,RIC,Red Bull Racing,11.0,4.0,True,Finished,12.0,7.0
2018_20,BOT,Mercedes,3.0,5.0,True,Finished,10.0,-2.0
2018_20,VET,Ferrari,2.0,6.0,True,Finished,8.0,-4.0
2018_20,LEC,Sauber,7.0,7.0,True,Finished,6.0,0.0
2018_20,GRO,Haas F1 Team,8.0,8.0,True,Finished,4.0,0.0
2018_20,MAG,Haas F1 Team,10.0,9.0,True,Finished,2.0,1.0
2018_20,PER,Racing Point,12.0,10.0,True,+1 Lap,1.0,2.0
2018_20,HAR,Toro Rosso,16.0,11.0,True,+1 Lap,0.0,5.0
2018_20,SAI,Renault,15.0,12.0,True,+1 Lap,0.0,3.0
2018_20,GAS,Toro Rosso,9.0,13.0,True,+1 Lap,0.0,-4.0
2018_20,VAN,McLaren,20.0,14.0,True,+1 Lap,0.0,6.0
2018_20,OCO,Racing Point,18.0,15.0,True,+1 Lap,0.0,3.0
2018_20,SIR,Williams,14.0,16.0,True,+2 Laps,0.0,-2.0
2018_20,ALO,McLaren,17.0,17.0,True,+2 Laps,0.0,0.0
2018_20,STR,Williams,19.0,18.0,True,+2 Laps,0.0,1.0
2018_20,HUL,Renault,13.0,19.0,False,Overheating,0.0,
2018_20,ERI,Sauber,6.0,20.0,False,Collision,0.0,
2018_21,HAM,Mercedes,1.0,1.0,True,Finished,25.0,0.0
2018_21,VET,Ferrari,3.0,2.0,True,Finished,18.0,1.0
2018_21,VER,Red Bull Racing,6.0,3.0,True,Finished,15.0,3.0
2018_21,RIC,Red Bull Racing,5.0,4.0,True,Finished,12.0,1.0
2018_21,BOT,Mercedes,2.0,5.0,True,Finished,10.0,-3.0
2018_21,SAI,Renault,11.0,6.0,True,Finished,8.0,5.0
2018_21,LEC,Sauber,8.0,7.0,True,Finished,6.0,1.0
2018_21,PER,Racing Point,14.0,8.0,True,Finished,4.0,6.0
2018_21,GRO,Haas F1 Team,7.0,9.0,True,+1 Lap,2.0,-2.0
2018_21,MAG,Haas F1 Team,13.0,10.0,True,+1 Lap,1.0,3.0
2018_21,ALO,McLaren,15.0,11.0,True,+1 Lap,0.0,4.0
2018_21,HAR,Toro Rosso,16.0,12.0,True,+1 Lap,0.0,4.0
2018_21,STR,Williams,20.0,13.0,True,+1 Lap,0.0,7.0
2018_21,VAN,McLaren,18.0,14.0,True,+1 Lap,0.0,4.0
2018_21,SIR,Williams,19.0,15.0,True,+1 Lap,0.0,4.0
2018_21,GAS,Toro Rosso,17.0,16.0,False,Engine,0.0,
2018_21,OCO,Racing Point,9.0,17.0,False,Engine,0.0,
2018_21,ERI,Sauber,12.0,18.0,False,Power loss,0.0,
2018_21,RAI,Ferrari,4.0,19.0,False,Power loss,0.0,
2018_21,HUL,Renault,10.0,20.0,False,Collision,0.0,
2019_01,BOT,Mercedes,2.0,1.0,True,Finished,26.0,1.0
2019_01,HAM,Mercedes,1.0,2.0,True,Finished,18.0,-1.0
2019_01,VER,Red Bull Racing,4.0,3.0,True,Finished,15.0,1.0
2019_01,VET,Ferrari,3.0,4.0,True,Finished,12.0,-1.0
2019_01,LEC,Ferrari,5.0,5.0,True,Finished,10.0,0.0
2019_01,MAG,Haas F1 Team,7.0,6.0,True,Finished,8.0,1.0
2019_01,HUL,Renault,11.0,7.0,True,+1 Lap,6.0,4.0
2019_01,RAI,Alfa Romeo Racing,9.0,8.0,True,+1 Lap,4.0,1.0
2019_01,STR,Racing Point,16.0,9.0,True,+1 Lap,2.0,7.0
2019_01,KVY,Toro Rosso,15.0,10.0,True,+1 Lap,1.0,5.0
2019_01,GAS,Red Bull Racing,17.0,11.0,True,+1 Lap,0.0,6.0
2019_01,NOR,McLaren,8.0,12.0,True,+1 Lap,0.0,-4.0
2019_01,PER,Racing Point,10.0,13.0,True,+1 Lap,0.0,-3.0
2019_01,ALB,Toro Rosso,13.0,14.0,True,+1 Lap,0.0,-1.0
2019_01,GIO,Alfa Romeo Racing,14.0,15.0,True,+1 Lap,0.0,-1.0
2019_01,RUS,Williams,19.0,16.0,True,+2 Laps,0.0,3.0
2019_01,KUB,Williams,20.0,17.0,True,+3 Laps,0.0,3.0
2019_01,GRO,Haas F1 Team,6.0,18.0,False,Wheel,0.0,
2019_01,RIC,Renault,12.0,19.0,False,Damage,0.0,
2019_01,SAI,McLaren,18.0,20.0,False,Engine,0.0,
2019_02,HAM,Mercedes,3.0,1.0,True,Finished,25.0,2.0
2019_02,BOT,Mercedes,4.0,2.0,True,Finished,18.0,2.0
2019_02,LEC,Ferrari,1.0,3.0,True,Finished,16.0,-2.0
2019_02,VER,Red Bull Racing,5.0,4.0,True,Finished,12.0,1.0
2019_02,VET,Ferrari,2.0,5.0,True,Finished,10.0,-3.0
2019_02,NOR,McLaren,9.0,6.0,True,Finished,8.0,3.0
2019_02,RAI,Alfa Romeo Racing,8.0,7.0,True,Finished,6.0,1.0
2019_02,GAS,Red Bull Racing,13.0,8.0,True,Finished,4.0,5.0
2019_02,ALB,Toro Rosso,12.0,9.0,True,Finished,2.0,3.0
2019_02,PER,Racing Point,14.0,10.0,True,Finished,1.0,4.0
2019_02,GIO,Alfa Romeo Racing,16.0,11.0,True,Finished,0.0,5.0
2019_02,KVY,Toro Rosso,15.0,12.0,True,+1 Lap,0.0,3.0
2019_02,MAG,Haas F1 Team,6.0,13.0,True,+1 Lap,0.0,-7.0
2019_02,STR,Racing Point,18.0,14.0,True,+1 Lap,0.0,4.0
2019_02,RUS,Williams,19.0,15.0,True,+1 Lap,0.0,4.0
2019_02,KUB,Williams,20.0,16.0,True,+2 Laps,0.0,4.0
2019_02,HUL,Renault,17.0,17.0,False,Engine,0.0,
2019_02,RIC,Renault,10.0,18.0,False,Out of fuel,0.0,
2019_02,SAI,McLaren,7.0,19.0,False,Collision damage,0.0,
2019_02,GRO,Haas F1 Team,11.0,20.0,False,Retired,0.0,
2019_03,HAM,Mercedes,2.0,1.0,True,Finished,25.0,1.0
2019_03,BOT,Mercedes,1.0,2.0,True,Finished,18.0,-1.0
2019_03,VET,Ferrari,3.0,3.0,True,Finished,15.0,0.0
2019_03,VER,Red Bull Racing,5.0,4.0,True,Finished,12.0,1.0
2019_03,LEC,Ferrari,4.0,5.0,True,Finished,10.0,-1.0
2019_03,GAS,Red Bull Racing,6.0,6.0,True,Finished,9.0,0.0
2019_03,RIC,Renault,7.0,7.0,True,+1 Lap,6.0,0.0
2019_03,PER,Racing Point,12.0,8.0,True,+1 Lap,4.0,4.0
2019_03,RAI,Alfa Romeo Racing,13.0,9.0,True,+1 Lap,2.0,4.0
2019_03,ALB,Toro Rosso,,10.0,True,+1 Lap,1.0,
2019_03,GRO,Haas F1 Team,10.0,11.0,True,+1 Lap,0.0,-1.0
2019_03,STR,Racing Point,16.0,12.0,True,+1 Lap,0.0,4.0
2019_03,MAG,Haas F1 Team,9.0,13.0,True,+1 Lap,0.0,-4.0
2019_03,SAI,McLaren,14.0,14.0,True,+1 Lap,0.0,0.0
2019_03,GIO,Alfa Romeo Racing,19.0,15.0,True,+1 Lap,0.0,4.0
2019_03,RUS,Williams,17.0,16.0,True,+2 Laps,0.0,1.0
2019_03,KUB,Williams,18.0,17.0,True,+2 Laps,0.0,1.0
2019_03,NOR,McLaren,15.0,18.0,True,Collision,0.0,-3.0
2019_03,KVY,Toro Rosso,11.0,19.0,False,Collision,0.0,
2019_03,HUL,Renault,8.0,20.0,False,Power Unit,0.0,
2019_04,BOT,Mercedes,1.0,1.0,True,Finished,25.0,0.0
2019_04,HAM,Mercedes,2.0,2.0,True,Finished,18.0,0.0
2019_04,VET,Ferrari,3.0,3.0,True,Finished,15.0,0.0
2019_04,VER,Red Bull Racing,4.0,4.0,True,Finished,12.0,0.0
2019_04,LEC,Ferrari,8.0,5.0,True,Finished,11.0,3.0
2019_04,PER,Racing Point,5.0,6.0,True,Finished,8.0,-1.0
2019_04,SAI,McLaren,9.0,7.0,True,Finished,6.0,2.0
2019_04,NOR,McLaren,7.0,8.0,True,Finished,4.0,-1.0
2019_04,STR,Racing Point,13.0,9.0,True,Finished,2.0,4.0
2019_04,RAI,Alfa Romeo Racing,,10.0,True,+1 Lap,1.0,
2019_04,ALB,Toro Rosso,11.0,11.0,True,+1 Lap,0.0,0.0
2019_04,GIO,Alfa Romeo Racing,17.0,12.0,True,+1 Lap,0.0,5.0
2019_04,MAG,Haas F1 Team,12.0,13.0,True,+1 Lap,0.0,-1.0
2019_04,HUL,Renault,15.0,14.0,True,+1 Lap,0.0,1.0
2019_04,RUS,Williams,16.0,15.0,True,+2 Laps,0.0,1.0
2019_04,KUB,Williams,,16.0,True,+2 Laps,0.0,
2019_04,GAS,Red Bull Racing,,17.0,False,Transmission,0.0,
2019_04,GRO,Haas F1 Team,14.0,18.0,False,Brakes,0.0,
2019_04,KVY,Toro Rosso,6.0,19.0,False,Collision,0.0,
2019_04,RIC,Renault,10.0,20.0,False,Collision,0.0,
2019_05,HAM,Mercedes,2.0,1.0,True,Finished,26.0,1.0
2019_05,BOT,Mercedes,1.0,2.0,True,Finished,18.0,-1.0
2019_05,VER,Red Bull Racing,4.0,3.0,True,Finished,15.0,1.0
2019_05,VET,Ferrari,3.0,4.0,True,Finished,12.0,-1.0
2019_05,LEC,Ferrari,5.0,5.0,True,Finished,10.0,0.0
2019_05,GAS,Red Bull Racing,6.0,6.0,True,Finished,8.0,0.0
2019_05,MAG,Haas F1 Team,8.0,7.0,True,Finished,6.0,1.0
2019_05,SAI,McLaren,12.0,8.0,True,Finished,4.0,4.0
2019_05,KVY,Toro Rosso,9.0,9.0,True,Finished,2.0,0.0
2019_05,GRO,Haas F1 Team,7.0,10.0,True,Finished,1.0,-3.0
2019_05,ALB,Toro Rosso,11.0,11.0,True,Finished,0.0,0.0
2019_05,RIC,Renault,13.0,12.0,True,Finished,0.0,1.0
2019_05,HUL,Renault,,13.0,True,Finished,0.0,
2019_05,RAI,Alfa Romeo Racing,14.0,14.0,True,Finished,0.0,0.0
2019_05,PER,Racing Point,15.0,15.0,True,Finished,0.0,0.0
2019_05,GIO,Alfa Romeo Racing,18.0,16.0,True,Finished,0.0,2.0
2019_05,RUS,Williams,19.0,17.0,True,+1 Lap,0.0,2.0
2019_05,KUB,Williams,17.0,18.0,True,+1 Lap,0.0,-1.0
2019_05,STR,Racing Point,16.0,19.0,False,Collision,0.0,
2019_05,NOR,McLaren,10.0,20.0,False,Collision,0.0,
2019_06,HAM,Mercedes,1.0,1.0,True,Finished,25.0,0.0
2019_06,VET,Ferrari,4.0,2.0,True,Finished,18.0,2.0
2019_06,BOT,Mercedes,2.0,3.0,True,Finished,15.0,-1.0
2019_06,VER,Red Bull Racing,3.0,4.0,True,Finished,12.0,-1.0
2019_06,GAS,Red Bull Racing,8.0,5.0,True,Finished,11.0,3.0
2019_06,SAI,McLaren,9.0,6.0,True,Finished,8.0,3.0
2019_06,KVY,Toro Rosso,7.0,7.0,True,Finished,6.0,0.0
2019_06,ALB,Toro Rosso,10.0,8.0,True,Finished,4.0,2.0
2019_06,RIC,Renault,6.0,9.0,True,Finished,2.0,-3.0
2019_06,GRO,Haas F1 Team,13.0,10.0,True,Finished,1.0,3.0
2019_06,NOR,McLaren,12.0,11.0,True,Finished,0.0,1.0
2019_06,PER,Racing Point,16.0,12.0,True,+1 Lap,0.0,4.0
2019_06,HUL,Renault,11.0,13.0,True,+1 Lap,0.0,-2.0
2019_06,MAG,Haas F1 Team,5.0,14.0,True,+1 Lap,0.0,-9.0
2019_06,RUS,Williams,19.0,15.0,True,+1 Lap,0.0,4.0
2019_06,STR,Racing Point,17.0,16.0,True,+1 Lap,0.0,1.0
2019_06,RAI,Alfa Romeo Racing,14.0,17.0,True,+1 Lap,0.0,-3.0
2019_06,KUB,Williams,20.0,18.0,True,+1 Lap,0.0,2.0
2019_06,GIO,Alfa Romeo Racing,18.0,19.0,True,+2 Laps,0.0,-1.0
2019_06,LEC,Ferrari,15.0,20.0,False,Collision,0.0,
2019_07,HAM,Mercedes,2.0,1.0,True,Finished,25.0,1.0
2019_07,VET,Ferrari,1.0,2.0,True,Finished,18.0,-1.0
2019_07,LEC,Ferrari,3.0,3.0,True,Finished,15.0,0.0
2019_07,BOT,Mercedes,6.0,4.0,True,Finished,13.0,2.0
2019_07,VER,Red Bull Racing,9.0,5.0,True,Finished,10.0,4.0
2019_07,RIC,Renault,4.0,6.0,True,+1 Lap,8.0,-2.0
2019_07,HUL,Renault,7.0,7.0,True,+1 Lap,6.0,0.0
2019_07,GAS,Red Bull Racing,5.0,8.0,True,+1 Lap,4.0,-3.0
2019_07,STR,Racing Point,17.0,9.0,True,+1 Lap,2.0,8.0
2019_07,KVY,Toro Rosso,10.0,10.0,True,+1 Lap,1.0,0.0
2019_07,SAI,McLaren,11.0,11.0,True,+1 Lap,0.0,0.0
2019_07,PER,Racing Point,15.0,12.0,True,+1 Lap,0.0,3.0
2019_07,GIO,Alfa Romeo Racing,12.0,13.0,True,+1 Lap,0.0,-1.0
2019_07,GRO,Haas F1 Team,14.0,14.0,True,+1 Lap,0.0,0.0
2019_07,RAI,Alfa Romeo Racing,16.0,15.0,True,+1 Lap,0.0,1.0
2019_07,RUS,Williams,18.0,16.0,True,+2 Laps,0.0,2.0
2019_07,MAG,Haas F1 Team,,17.0,True,+2 Laps,0.0,
2019_07,KUB,Williams,19.0,18.0,True,+3 Laps,0.0,1.0
2019_07,ALB,Toro Rosso,13.0,19.0,False,Collision damage,0.0,
2019_07,NOR,McLaren,8.0,20.0,False,Suspension,0.0,
2019_08,HAM,Mercedes,1.0,1.0,True,Finished,25.0,0.0
2019_08,BOT,Mercedes,2.0,2.0,True,Finished,18.0,0.0
2019_08,LEC,Ferrari,3.0,3.0,True,Finished,15.0,0.0
2019_08,VER,Red Bull Racing,4.0,4.0,True,Finished,12.0,0.0
2019_08,VET,Ferrari,7.0,5.0,True,Finished,11.0,2.0
2019_08,SAI,McLaren,6.0,6.0,True,Finished,8.0,0.0
2019_08,RAI,Alfa Romeo Racing,12.0,7.0,True,+1 Lap,6.0,5.0
2019_08,HUL,Renault,13.0,8.0,True,+1 Lap,4.0,5.0
2019_08,NOR,McLaren,5.0,9.0,True,+1 Lap,2.0,-4.0
2019_08,GAS,Red Bull Racing,9.0,10.0,True,+1 Lap,1.0,-1.0
2019_08,RIC,Renault,8.0,11.0,True,+1 Lap,0.0,-3.0
2019_08,PER,Racing Point,14.0,12.0,True,+1 Lap,0.0,2.0
2019_08,STR,Racing Point,17.0,13.0,True,+1 Lap,0.0,4.0
2019_08,KVY,Toro Rosso,19.0,14.0,True,+1 Lap,0.0,5.0
2019_08,ALB,Toro Rosso,11.0,15.0,True,+1 Lap,0.0,-4.0
2019_08,GIO,Alfa Romeo Racing,10.0,16.0,True,+1 Lap,0.0,-6.0
2019_08,MAG,Haas F1 Team,15.0,17.0,True,+1 Lap,0.0,-2.0
2019_08,KUB,Williams,18.0,18.0,True,+2 Laps,0.0,0.0
2019_08,RUS,Williams,20.0,19.0,True,+2 Laps,0.0,1.0
2019_08,GRO,Haas F1 Team,16.0,20.0,True,Retired,0.0,-4.0
2019_09,VER,Red Bull Racing,2.0,1.0,True,Finished,26.0,1.0
2019_09,LEC,Ferrari,1.0,2.0,True,Finished,18.0,-1.0
2019_09,BOT,Mercedes,3.0,3.0,True,Finished,15.0,0.0
2019_09,VET,Ferrari,9.0,4.0,True,Finished,12.0,5.0
2019_09,HAM,Mercedes,4.0,5.0,True,Finished,10.0,-1.0
2019_09,NOR,McLaren,5.0,6.0,True,+1 Lap,8.0,-1.0
2019_09,GAS,Red Bull Racing,8.0,7.0,True,+1 Lap,6.0,1.0
2019_09,SAI,McLaren,19.0,8.0,True,+1 Lap,4.0,11.0
2019_09,RAI,Alfa Romeo Racing,6.0,9.0,True,+1 Lap,2.0,-3.0
2019_09,GIO,Alfa Romeo Racing,7.0,10.0,True,+1 Lap,1.0,-3.0
2019_09,PER,Racing Point,13.0,11.0,True,+1 Lap,0.0,2.0
2019_09,RIC,Renault,12.0,12.0,True,+1 Lap,0.0,0.0
2019_09,HUL,Renault,15.0,13.0,True,+1 Lap,0.0,2.0
2019_09,STR,Racing Point,14.0,14.0,True,+1 Lap,0.0,0.0
2019_09,ALB,Toro Rosso,18.0,15.0,True,+1 Lap,0.0,3.0
2019_09,GRO,Haas F1 Team,11.0,16.0,True,+1 Lap,0.0,-5.0
2019_09,KVY,Toro Rosso,16.0,17.0,True,+1 Lap,0.0,-1.0
2019_09,RUS,Williams,,18.0,True,+2 Laps,0.0,
2019_09,MAG,Haas F1 Team,10.0,19.0,True,+2 Laps,0.0,-9.0
2019_09,KUB,Williams,17.0,20.0,True,+3 Laps,0.0,-3.0
2019_10,HAM,Mercedes,2.0,1.0,True,Finished,26.0,1.0
2019_10,BOT,Mercedes,1.0,2.0,True,Finished,18.0,-1.0
2019_10,LEC,Ferrari,3.0,3.0,True,Finished,15.0,0.0
2019_10,GAS,Red Bull Racing,5.0,4.0,True,Finished,12.0,1.0
2019_10,VER,Red Bull Racing,4.0,5.0,True,Finished,10.0,-1.0
2019_10,SAI,McLaren,13.0,6.0,True,Finished,8.0,7.0
2019_10,RIC,Renault,7.0,7.0,True,Finished,6.0,0.0
2019_10,RAI,Alfa Romeo Racing,12.0,8.0,True,Finished,4.0,4.0
2019_10,KVY,Toro Rosso,17.0,9.0,True,Finished,2.0,8.0
2019_10,HUL,Renault,10.0,10.0,True,Finished,1.0,0.0
2019_10,NOR,McLaren,8.0,11.0,True,Finished,0.0,-3.0
2019_10,ALB,Toro Rosso,9.0,12.0,True,Finished,0.0,-3.0
2019_10,STR,Racing Point,18.0,13.0,True,Finished,0.0,5.0
2019_10,RUS,Williams,19.0,14.0,True,+1 Lap,0.0,5.0
2019_10,KUB,Williams,20.0,15.0,True,+1 Lap,0.0,5.0
2019_10,VET,Ferrari,6.0,16.0,True,+1 Lap,0.0,-10.0
2019_10,PER,Racing Point,15.0,17.0,True,+1 Lap,0.0,-2.0
2019_10,GIO,Alfa Romeo Racing,11.0,18.0,False,Spun off,0.0,
2019_10,GRO,Haas F1 Team,14.0,19.0,False,Collision,0.0,
2019_10,MAG,Haas F1 Team,16.0,20.0,False,Collision,0.0,
2019_11,VER,Red Bull Racing,2.0,1.0,True,Finished,26.0,1.0
2019_11,VET,Ferrari,20.0,2.0,True,Finished,18.0,18.0
2019_11,KVY,Toro Rosso,14.0,3.0,True,Finished,15.0,11.0
2019_11,STR,Racing Point,15.0,4.0,True,Finished,12.0,11.0
2019_11,SAI,McLaren,7.0,5.0,True,Finished,10.0,2.0
2019_11,ALB,Toro Rosso,16.0,6.0,True,Finished,8.0,10.0
2019_11,GRO,Haas F1 Team,6.0,7.0,True,Finished,6.0,-1.0
2019_11,MAG,Haas F1 Team,12.0,8.0,True,Finished,4.0,4.0
2019_11,HAM,Mercedes,1.0,9.0,True,Finished,2.0,-8.0
2019_11,KUB,Williams,18.0,10.0,True,Finished,1.0,8.0
2019_11,RUS,Williams,17.0,11.0,True,Finished,0.0,6.0
2019_11,RAI,Alfa Romeo Racing,5.0,12.0,True,Finished,0.0,-7.0
2019_11,GIO,Alfa Romeo Racing,11.0,13.0,True,Finished,0.0,-2.0
2019_11,GAS,Red Bull Racing,4.0,14.0,True,Collision,0.0,-10.0
2019_11,BOT,Mercedes,3.0,15.0,False,Accident,0.0,
2019_11,HUL,Renault,9.0,16.0,False,Accident,0.0,
2019_11,LEC,Ferrari,10.0,17.0,False,Accident,0.0,
2019_11,NOR,McLaren,19.0,18.0,False,Power loss,0.0,
2019_11,RIC,Renault,13.0,19.0,False,Exhaust,0.0,
2019_11,PER,Racing Point,8.0,20.0,False,Spun off,0.0,
2019_12,HAM,Mercedes,3.0,1.0,True,Finished,25.0,2.0
2019_12,VER,Red Bull Racing,1.0,2.0,True,Finished,19.0,-1.0
2019_12,VET,Ferrari,5.0,3.0,True,Finished,15.0,2.0
2019_12,LEC,Ferrari,4.0,4.0,True,Finished,12.0,0.0
2019_12,SAI,McLaren,8.0,5.0,True,+1 Lap,10.0,3.0
2019_12,GAS,Red Bull Racing,6.0,6.0,True,+1 Lap,8.0,0.0
2019_12,RAI,Alfa Romeo Racing,10.0,7.0,True,+1 Lap,6.0,3.0
2019_12,BOT,Mercedes,2.0,8.0,True,+1 Lap,4.0,-6.0
2019_12,NOR,McLaren,7.0,9.0,True,+1 Lap,2.0,-2.0
2019_12,ALB,Toro Rosso,12.0,10.0,True,+1 Lap,1.0,2.0
2019_12,PER,Racing Point,16.0,11.0,True,+1 Lap,0.0,5.0
2019_12,HUL,Renault,11.0,12.0,True,+1 Lap,0.0,-1.0
2019_12,MAG,Haas F1 Team,14.0,13.0,True,+1 Lap,0.0,1.0
2019_12,RIC,Renault,20.0,14.0,True,+1 Lap,0.0,6.0
2019_12,KVY,Toro Rosso,13.0,15.0,True,+2 Laps,0.0,-2.0
2019_12,RUS,Williams,15.0,16.0,True,+2 Laps,0.0,-1.0
2019_12,STR,Racing Point,18.0,17.0,True,+2 Laps,0.0,1.0
2019_12,GIO,Alfa Romeo Racing,17.0,18.0,True,+2 Laps,0.0,-1.0
2019_12,KUB,Williams,19.0,19.0,True,+3 Laps,0.0,0.0
2019_12,GRO,Haas F1 Team,9.0,20.0,False,Water pressure,0.0,
2019_13,LEC,Ferrari,1.0,1.0,True,Finished,25.0,0.0
2019_13,HAM,Mercedes,3.0,2.0,True,Finished,18.0,1.0
2019_13,BOT,Mercedes,4.0,3.0,True,Finished,15.0,1.0
2019_13,VET,Ferrari,2.0,4.0,True,Finished,13.0,-2.0
2019_13,ALB,Red Bull Racing,17.0,5.0,True,Finished,10.0,12.0
2019_13,PER,Racing Point,7.0,6.0,True,Finished,8.0,1.0
2019_13,KVY,Toro Rosso,19.0,7.0,True,Finished,6.0,12.0
2019_13,HUL,Renault,12.0,8.0,True,Finished,4.0,4.0
2019_13,GAS,Toro Rosso,13.0,9.0,True,Finished,2.0,4.0
2019_13,STR,Racing Point,16.0,10.0,True,Finished,1.0,6.0
2019_13,NOR,McLaren,11.0,11.0,True,Engine,0.0,0.0
2019_13,MAG,Haas F1 Team,8.0,12.0,True,+1 Lap,0.0,-4.0
2019_13,GRO,Haas F1 Team,9.0,13.0,True,+1 Lap,0.0,-4.0
2019_13,RIC,Renault,10.0,14.0,True,+1 Lap,0.0,-4.0
2019_13,RUS,Williams,14.0,15.0,True,+1 Lap,0.0,-1.0
2019_13,RAI,Alfa Romeo Racing,6.0,16.0,True,+1 Lap,0.0,-10.0
2019_13,KUB,Williams,,17.0,True,+1 Lap,0.0,
2019_13,GIO,Alfa Romeo Racing,18.0,18.0,True,Accident,0.0,0.0
2019_13,SAI,McLaren,15.0,19.0,False,Power loss,0.0,
2019_13,VER,Red Bull Racing,5.0,20.0,False,Accident,0.0,
2019_14,LEC,Ferrari,1.0,1.0,True,Finished,25.0,0.0
2019_14,BOT,Mercedes,3.0,2.0,True,Finished,18.0,1.0
2019_14,HAM,Mercedes,2.0,3.0,True,Finished,16.0,-1.0
2019_14,RIC,Renault,5.0,4.0,True,Finished,12.0,1.0
2019_14,HUL,Renault,6.0,5.0,True,Finished,10.0,1.0
2019_14,ALB,Red Bull Racing,8.0,6.0,True,Finished,8.0,2.0
2019_14,PER,Racing Point,18.0,7.0,True,Finished,6.0,11.0
2019_14,VER,Red Bull Racing,19.0,8.0,True,Finished,4.0,11.0
2019_14,GIO,Alfa Romeo Racing,10.0,9.0,True,+1 Lap,2.0,1.0
2019_14,NOR,McLaren,16.0,10.0,True,+1 Lap,1.0,6.0
2019_14,GAS,Toro Rosso,17.0,11.0,True,+1 Lap,0.0,6.0
2019_14,STR,Racing Point,9.0,12.0,True,+1 Lap,0.0,-3.0
2019_14,VET,Ferrari,4.0,13.0,True,+1 Lap,0.0,-9.0
2019_14,RUS,Williams,14.0,14.0,True,+1 Lap,0.0,0.0
2019_14,RAI,Alfa Romeo Racing,,15.0,True,+1 Lap,0.0,
2019_14,GRO,Haas F1 Team,13.0,16.0,True,+1 Lap,0.0,-3.0
2019_14,KUB,Williams,15.0,17.0,True,+2 Laps,0.0,-2.0
2019_14,MAG,Haas F1 Team,11.0,18.0,False,Hydraulics,0.0,
2019_14,KVY,Toro Rosso,12.0,19.0,False,Engine,0.0,
2019_14,SAI,McLaren,7.0,20.0,False,Wheel,0.0,
2019_15,VET,Ferrari,3.0,1.0,True,Finished,25.0,2.0
2019_15,LEC,Ferrari,1.0,2.0,True,Finished,18.0,-1.0
2019_15,VER,Red Bull Racing,4.0,3.0,True,Finished,15.0,1.0
2019_15,HAM,Mercedes,2.0,4.0,True,Finished,12.0,-2.0
2019_15,BOT,Mercedes,5.0,5.0,True,Finished,10.0,0.0
2019_15,ALB,Red Bull Racing,6.0,6.0,True,Finished,8.0,0.0
2019_15,NOR,McLaren,9.0,7.0,True,Finished,6.0,2.0
2019_15,GAS,Toro Rosso,11.0,8.0,True,Finished,4.0,3.0
2019_15,HUL,Renault,8.0,9.0,True,Finished,2.0,-1.0
2019_15,GIO,Alfa Romeo Racing,10.0,10.0,True,Finished,1.0,0.0
2019_15,GRO,Haas F1 Team,17.0,11.0,True,Finished,0.0,6.0
2019_15,SAI,McLaren,7.0,12.0,True,Finished,0.0,-5.0
2019_15,STR,Racing Point,16.0,13.0,True,Finished,0.0,3.0
2019_15,RIC,Renault,20.0,14.0,True,Finished,0.0,6.0
2019_15,KVY,Toro Rosso,14.0,15.0,True,Finished,0.0,-1.0
2019_15,KUB,Williams,19.0,16.0,True,Finished,0.0,3.0
2019_15,MAG,Haas F1 Team,13.0,17.0,True,Finished,0.0,-4.0
2019_15,RAI,Alfa Romeo Racing,12.0,18.0,False,Collision,0.0,
2019_15,PER,Racing Point,15.0,19.0,False,Engine,0.0,
2019_15,RUS,Williams,18.0,20.0,False,Collision,0.0,
2019_16,HAM,Mercedes,2.0,1.0,True,Finished,26.0,1.0
2019_16,BOT,Mercedes,4.0,2.0,True,Finished,18.0,2.0
2019_16,LEC,Ferrari,1.0,3.0,True,Finished,15.0,-2.0
2019_16,VER,Red Bull Racing,9.0,4.0,True,Finished,12.0,5.0
2019_16,ALB,Red Bull Racing,,5.0,True,Finished,10.0,
2019_16,SAI,McLaren,5.0,6.0,True,Finished,8.0,-1.0
2019_16,PER,Racing Point,11.0,7.0,True,Finished,6.0,4.0
2019_16,NOR,McLaren,7.0,8.0,True,Finished,4.0,-1.0
2019_16,MAG,Haas F1 Team,13.0,9.0,True,Finished,2.0,4.0
2019_16,HUL,Renault,6.0,10.0,True,Finished,1.0,-4.0
2019_16,STR,Racing Point,14.0,11.0,True,Finished,0.0,3.0
2019_16,KVY,Toro Rosso,19.0,12.0,True,Finished,0.0,7.0
2019_16,RAI,Alfa Romeo Racing,15.0,13.0,True,Finished,0.0,2.0
2019_16,GAS,Toro Rosso,16.0,14.0,True,Finished,0.0,2.0
2019_16,GIO,Alfa Romeo Racing,12.0,15.0,True,Finished,0.0,-3.0
2019_16,KUB,Williams,18.0,16.0,False,Brakes,0.0,
2019_16,RUS,Williams,17.0,17.0,False,Brakes,0.0,
2019_16,VET,Ferrari,3.0,18.0,False,Power loss,0.0,
2019_16,RIC,Renault,10.0,19.0,False,Collision,0.0,
2019_16,GRO,Haas F1 Team,8.0,20.0,False,Collision,0.0,
2019_17,BOT,Mercedes,3.0,1.0,True,Finished,25.0,2.0
2019_17,VET,Ferrari,1.0,2.0,True,Finished,18.0,-1.0
2019_17,HAM,Mercedes,4.0,3.0,True,Finished,16.0,1.0
2019_17,ALB,Red Bull Racing,6.0,4.0,True,Finished,12.0,2.0
2019_17,SAI,McLaren,7.0,5.0,True,Finished,10.0,2.0
2019_17,LEC,Ferrari,2.0,6.0,True,+1 Lap,8.0,-4.0
2019_17,GAS,Toro Rosso,9.0,7.0,True,+1 Lap,6.0,2.0
2019_17,PER,Racing Point,17.0,8.0,True,+1 Lap,4.0,9.0
2019_17,STR,Racing Point,12.0,9.0,True,+1 Lap,2.0,3.0
2019_17,KVY,Toro Rosso,14.0,10.0,True,+1 Lap,1.0,4.0
2019_17,NOR,McLaren,8.0,11.0,True,+1 Lap,0.0,-3.0
2019_17,RAI,Alfa Romeo Racing,13.0,12.0,True,+1 Lap,0.0,1.0
2019_17,GRO,Haas F1 Team,10.0,13.0,True,+1 Lap,0.0,-3.0
2019_17,GIO,Alfa Romeo Racing,11.0,14.0,True,+1 Lap,0.0,-3.0
2019_17,MAG,Haas F1 Team,19.0,15.0,True,+1 Lap,0.0,4.0
2019_17,RUS,Williams,18.0,16.0,True,+2 Laps,0.0,2.0
2019_17,KUB,Williams,,17.0,True,+2 Laps,0.0,
2019_17,VER,Red Bull Racing,5.0,18.0,False,Brakes,0.0,
2019_17,RIC,Renault,16.0,19.0,False,Disqualified,0.0,
2019_17,HUL,Renault,15.0,20.0,False,Disqualified,0.0,
2019_18,HAM,Mercedes,3.0,1.0,True,Finished,25.0,2.0
2019_18,VET,Ferrari,2.0,2.0,True,Finished,18.0,0.0
2019_18,BOT,Mercedes,6.0,3.0,True,Finished,15.0,3.0
2019_18,LEC,Ferrari,1.0,4.0,True,Finished,13.0,-3.0
2019_18,ALB,Red Bull Racing,5.0,5.0,True,Finished,10.0,0.0
2019_18,VER,Red Bull Racing,4.0,6.0,True,Finished,8.0,-2.0
2019_18,PER,Racing Point,11.0,7.0,True,Finished,6.0,4.0
2019_18,RIC,Renault,13.0,8.0,True,Finished,4.0,5.0
2019_18,GAS,Toro Rosso,10.0,9.0,True,+1 Lap,2.0,1.0
2019_18,HUL,Renault,12.0,10.0,True,+1 Lap,1.0,2.0
2019_18,KVY,Toro Rosso,9.0,11.0,True,+1 Lap,0.0,-2.0
2019_18,STR,Racing Point,16.0,12.0,True,+1 Lap,0.0,4.0
2019_18,SAI,McLaren,7.0,13.0,True,+1 Lap,0.0,-6.0
2019_18,GIO,Alfa Romeo Racing,15.0,14.0,True,+1 Lap,0.0,1.0
2019_18,MAG,Haas F1 Team,17.0,15.0,True,+2 Laps,0.0,2.0
2019_18,RUS,Williams,19.0,16.0,True,+2 Laps,0.0,3.0
2019_18,GRO,Haas F1 Team,18.0,17.0,True,+2 Laps,0.0,1.0
2019_18,KUB,Williams,20.0,18.0,True,+2 Laps,0.0,2.0
2019_18,RAI,Alfa Romeo Racing,14.0,19.0,False,Overheating,0.0,
2019_18,NOR,McLaren,8.0,20.0,False,Withdrew,0.0,
2019_19,BOT,Mercedes,1.0,1.0,True,Finished,25.0,0.0
2019_19,HAM,Mercedes,5.0,2.0,True,Finished,18.0,3.0
2019_19,VER,Red Bull Racing,3.0,3.0,True,Finished,15.0,0.0
2019_19,LEC,Ferrari,4.0,4.0,True,Finished,13.0,0.0
2019_19,ALB,Red Bull Racing,6.0,5.0,True,Finished,10.0,1.0
2019_19,RIC,Renault,9.0,6.0,True,Finished,8.0,3.0
2019_19,NOR,McLaren,8.0,7.0,True,Finished,6.0,1.0
2019_19,SAI,McLaren,7.0,8.0,True,+1 Lap,4.0,-1.0
2019_19,HUL,Renault,11.0,9.0,True,+1 Lap,2.0,2.0
2019_19,PER,Racing Point,,10.0,True,+1 Lap,1.0,
2019_19,RAI,Alfa Romeo Racing,17.0,11.0,True,+1 Lap,0.0,6.0
2019_19,KVY,Toro Rosso,13.0,12.0,True,+1 Lap,0.0,1.0
2019_19,STR,Racing Point,14.0,13.0,True,+1 Lap,0.0,1.0
2019_19,GIO,Alfa Romeo Racing,16.0,14.0,True,+1 Lap,0.0,2.0
2019_19,GRO,Haas F1 Team,15.0,15.0,True,+1 Lap,0.0,0.0
2019_19,GAS,Toro Rosso,10.0,16.0,True,Suspension,0.0,-6.0
2019_19,RUS,Williams,18.0,17.0,True,+2 Laps,0.0,1.0
2019_19,MAG,Haas F1 Team,12.0,18.0,True,Brakes,0.0,-6.0
2019_19,KUB,Williams,19.0,19.0,False,Oil leak,0.0,
2019_19,VET,Ferrari,2.0,20.0,False,Suspension,0.0,
2019_20,VER,Red Bull Racing,1.0,1.0,True,Finished,25.0,0.0
2019_20,GAS,Toro Rosso,6.0,2.0,True,Finished,18.0,4.0
2019_20,SAI,McLaren,20.0,3.0,True,Finished,15.0,17.0
2019_20,RAI,Alfa Romeo Racing,8.0,4.0,True,Finished,12.0,4.0
2019_20,GIO,Alfa Romeo Racing,12.0,5.0,True,Finished,10.0,7.0
2019_20,RIC,Renault,11.0,6.0,True,Finished,8.0,5.0
2019_20,HAM,Mercedes,3.0,7.0,True,Finished,6.0,-4.0
2019_20,NOR,McLaren,10.0,8.0,True,Finished,4.0,2.0
2019_20,PER,Racing Point,15.0,9.0,True,Finished,2.0,6.0
2019_20,KVY,Toro Rosso,16.0,10.0,True,Finished,1.0,6.0
2019_20,MAG,Haas F1 Team,9.0,11.0,True,Finished,0.0,-2.0
2019_20,RUS,Williams,18.0,12.0,True,Finished,0.0,6.0
2019_20,GRO,Haas F1 Team,7.0,13.0,True,Finished,0.0,-6.0
2019_20,ALB,Red Bull Racing,5.0,14.0,True,Finished,0.0,-9.0
2019_20,HUL,Renault,13.0,15.0,True,Finished,0.0,-2.0
2019_20,KUB,Williams,19.0,16.0,True,+1 Lap,0.0,3.0
2019_20,VET,Ferrari,2.0,17.0,True,Collision,0.0,-15.0
2019_20,LEC,Ferrari,14.0,18.0,True,Collision,0.0,-4.0
2019_20,STR,Racing Point,17.0,19.0,True,Suspension,0.0,-2.0
2019_20,BOT,Mercedes,4.0,20.0,False,Power Unit,0.0,
2019_21,HAM,Mercedes,1.0,1.0,True,Finished,26.0,0.0
2019_21,VER,Red Bull Racing,2.0,2.0,True,Finished,18.0,0.0
2019_21,LEC,Ferrari,3.0,3.0,True,Finished,15.0,0.0
2019_21,BOT,Mercedes,20.0,4.0,True,Finished,12.0,16.0
2019_21,VET,Ferrari,4.0,5.0,True,Finished,10.0,-1.0
2019_21,ALB,Red Bull Racing,5.0,6.0,True,Finished,8.0,-1.0
2019_21,PER,Racing Point,10.0,7.0,True,+1 Lap,6.0,3.0
2019_21,NOR,McLaren,6.0,8.0,True,+1 Lap,4.0,-2.0
2019_21,KVY,Toro Rosso,13.0,9.0,True,+1 Lap,2.0,4.0
2019_21,SAI,McLaren,8.0,10.0,True,+1 Lap,1.0,-2.0
2019_21,RIC,Renault,7.0,11.0,True,+1 Lap,0.0,-4.0
2019_21,HUL,Renault,9.0,12.0,True,+1 Lap,0.0,-3.0
2019_21,RAI,Alfa Romeo Racing,17.0,13.0,True,+1 Lap,0.0,4.0
2019_21,MAG,Haas F1 Team,14.0,14.0,True,+1 Lap,0.0,0.0
2019_21,GRO,Haas F1 Team,15.0,15.0,True,+1 Lap,0.0,0.0
2019_21,GIO,Alfa Romeo Racing,16.0,16.0,True,+1 Lap,0.0,0.0
2019_21,RUS,Williams,18.0,17.0,True,+1 Lap,0.0,1.0
2019_21,GAS,Toro Rosso,11.0,18.0,True,+2 Laps,0.0,-7.0
2019_21,KUB,Williams,19.0,19.0,True,+2 Laps,0.0,0.0
2019_21,STR,Racing Point,12.0,20.0,False,Brakes,0.0,
2020_01,BOT,Mercedes,1.0,1.0,True,Finished,25.0,0.0
2020_01,LEC,Ferrari,7.0,2.0,True,Finished,18.0,5.0
2020_01,NOR,McLaren,3.0,3.0,True,Finished,16.0,0.0
2020_01,HAM,Mercedes,5.0,4.0,True,Finished,12.0,1.0
2020_01,SAI,McLaren,8.0,5.0,True,Finished,10.0,3.0
2020_01,PER,Racing Point,6.0,6.0,True,Finished,8.0,0.0
2020_01,GAS,AlphaTauri,12.0,7.0,True,Finished,6.0,5.0
2020_01,OCO,Renault,14.0,8.0,True,Finished,4.0,6.0
2020_01,GIO,Alfa Romeo Racing,18.0,9.0,True,Finished,2.0,9.0
2020_01,VET,Ferrari,11.0,10.0,True,Finished,1.0,1.0
2020_01,LAT,Williams,20.0,11.0,True,Finished,0.0,9.0
2020_01,KVY,AlphaTauri,13.0,12.0,True,Suspension,0.0,1.0
2020_01,ALB,Red Bull Racing,4.0,13.0,True,Electronics,0.0,-9.0
2020_01,RAI,Alfa Romeo Racing,19.0,14.0,False,Wheel,0.0,
2020_01,RUS,Williams,17.0,15.0,False,Fuel pressure,0.0,
2020_01,GRO,Haas F1 Team,15.0,16.0,False,Brakes,0.0,
2020_01,MAG,Haas F1 Team,16.0,17.0,False,Brakes,0.0,
2020_01,STR,Racing Point,9.0,18.0,False,Engine,0.0,
2020_01,RIC,Renault,10.0,19.0,False,Overheating,0.0,
2020_01,VER,Red Bull Racing,2.0,20.0,False,Electronics,0.0,
2020_02,HAM,Mercedes,1.0,1.0,True,Finished,25.0,0.0
2020_02,BOT,Mercedes,4.0,2.0,True,Finished,18.0,2.0
2020_02,VER,Red Bull Racing,2.0,3.0,True,Finished,15.0,-1.0
2020_02,ALB,Red Bull Racing,6.0,4.0,True,Finished,12.0,2.0
2020_02,NOR,McLaren,9.0,5.0,True,Finished,10.0,4.0
2020_02,PER,Racing Point,17.0,6.0,True,Finished,8.0,11.0
2020_02,STR,Racing Point,12.0,7.0,True,Finished,6.0,5.0
2020_02,RIC,Renault,8.0,8.0,True,Finished,4.0,0.0
2020_02,SAI,McLaren,3.0,9.0,True,+1 Lap,3.0,-6.0
2020_02,KVY,AlphaTauri,13.0,10.0,True,+1 Lap,1.0,3.0
2020_02,RAI,Alfa Romeo Racing,16.0,11.0,True,+1 Lap,0.0,5.0
2020_02,MAG,Haas F1 Team,15.0,12.0,True,+1 Lap,0.0,3.0
2020_02,GRO,Haas F1 Team,,13.0,True,+1 Lap,0.0,
2020_02,GIO,Alfa Romeo Racing,19.0,14.0,True,+1 Lap,0.0,5.0
2020_02,GAS,AlphaTauri,7.0,15.0,True,+1 Lap,0.0,-8.0
2020_02,RUS,Williams,11.0,16.0,True,+2 Laps,0.0,-5.0
2020_02,LAT,Williams,18.0,17.0,True,+2 Laps,0.0,1.0
2020_02,OCO,Renault,5.0,18.0,False,Overheating,0.0,
2020_02,LEC,Ferrari,14.0,19.0,False,Collision damage,0.0,
2020_02,VET,Ferrari,10.0,20.0,False,Collision damage,0.0,
2020_03,HAM,Mercedes,1.0,1.0,True,Finished,26.0,0.0
2020_03,VER,Red Bull Racing,7.0,2.0,True,Finished,18.0,5.0
2020_03,BOT,Mercedes,2.0,3.0,True,Finished,15.0,-1.0
2020_03,STR,Racing Point,3.0,4.0,True,Finished,12.0,-1.0
2020_03,ALB,Red Bull Racing,13.0,5.0,True,Finished,10.0,8.0
2020_03,VET,Ferrari,5.0,6.0,True,+1 Lap,8.0,-1.0
2020_03,PER,Racing Point,4.0,7.0,True,+1 Lap,6.0,-3.0
2020_03,RIC,Renault,11.0,8.0,True,+1 Lap,4.0,3.0
2020_03,SAI,McLaren,9.0,9.0,True,+1 Lap,2.0,0.0
2020_03,MAG,Haas F1 Team,,10.0,True,+1 Lap,1.0,
2020_03,LEC,Ferrari,6.0,11.0,True,+1 Lap,0.0,-5.0
2020_03,KVY,AlphaTauri,17.0,12.0,True,+1 Lap,0.0,5.0
2020_03,NOR,McLaren,8.0,13.0,True,+1 Lap,0.0,-5.0
2020_03,OCO,Renault,14.0,14.0,True,+1 Lap,0.0,0.0
2020_03,RAI,Alfa Romeo Racing,20.0,15.0,True,+1 Lap,0.0,5.0
2020_03,GRO,Haas F1 Team,,16.0,True,+1 Lap,0.0,
2020_03,GIO,Alfa Romeo Racing,19.0,17.0,True,+1 Lap,0.0,2.0
2020_03,RUS,Williams,12.0,18.0,True,+1 Lap,0.0,-6.0
2020_03,LAT,Williams,15.0,19.0,True,+5 Laps,0.0,-4.0
2020_03,GAS,AlphaTauri,10.0,20.0,False,Engine,0.0,
2020_04,HAM,Mercedes,1.0,1.0,True,Finished,25.0,0.0
2020_04,VER,Red Bull Racing,3.0,2.0,True,Finished,19.0,1.0
2020_04,LEC,Ferrari,4.0,3.0,True,Finished,15.0,1.0
2020_04,RIC,Renault,8.0,4.0,True,Finished,12.0,4.0
2020_04,NOR,McLaren,5.0,5.0,True,Finished,10.0,0.0
2020_04,OCO,Renault,9.0,6.0,True,Finished,8.0,3.0
2020_04,GAS,AlphaTauri,11.0,7.0,True,Finished,6.0,4.0
2020_04,ALB,Red Bull Racing,12.0,8.0,True,Finished,4.0,4.0
2020_04,STR,Racing Point,6.0,9.0,True,Finished,2.0,-3.0
2020_04,VET,Ferrari,10.0,10.0,True,Finished,1.0,0.0
2020_04,BOT,Mercedes,2.0,11.0,True,Finished,0.0,-9.0
2020_04,RUS,Williams,20.0,12.0,True,Finished,0.0,8.0
2020_04,SAI,McLaren,7.0,13.0,True,Finished,0.0,-6.0
2020_04,GIO,Alfa Romeo Racing,15.0,14.0,True,Finished,0.0,1.0
2020_04,LAT,Williams,18.0,15.0,True,Finished,0.0,3.0
2020_04,GRO,Haas F1 Team,17.0,16.0,True,Finished,0.0,1.0
2020_04,RAI,Alfa Romeo Racing,16.0,17.0,True,+1 Lap,0.0,-1.0
2020_04,KVY,AlphaTauri,19.0,18.0,False,Accident,0.0,
2020_04,MAG,Haas F1 Team,14.0,19.0,False,Collision,0.0,
2020_04,HUL,Racing Point,13.0,20.0,False,Power Unit,0.0,
2020_05,VER,Red Bull Racing,4.0,1.0,True,Finished,25.0,3.0
2020_05,HAM,Mercedes,2.0,2.0,True,Finished,19.0,0.0
2020_05,BOT,Mercedes,1.0,3.0,True,Finished,15.0,-2.0
2020_05,LEC,Ferrari,8.0,4.0,True,Finished,12.0,4.0
2020_05,ALB,Red Bull Racing,9.0,5.0,True,Finished,10.0,4.0
2020_05,STR,Racing Point,6.0,6.0,True,Finished,8.0,0.0
2020_05,HUL,Racing Point,3.0,7.0,True,Finished,6.0,-4.0
2020_05,OCO,Renault,14.0,8.0,True,Finished,4.0,6.0
2020_05,NOR,McLaren,10.0,9.0,True,Finished,2.0,1.0
2020_05,KVY,AlphaTauri,16.0,10.0,True,Finished,1.0,6.0
2020_05,GAS,AlphaTauri,7.0,11.0,True,Finished,0.0,-4.0
2020_05,VET,Ferrari,11.0,12.0,True,Finished,0.0,-1.0
2020_05,SAI,McLaren,12.0,13.0,True,Finished,0.0,-1.0
2020_05,RIC,Renault,5.0,14.0,True,+1 Lap,0.0,-9.0
2020_05,RAI,Alfa Romeo Racing,20.0,15.0,True,+1 Lap,0.0,5.0
2020_05,GRO,Haas F1 Team,13.0,16.0,True,+1 Lap,0.0,-3.0
2020_05,GIO,Alfa Romeo Racing,19.0,17.0,True,+1 Lap,0.0,2.0
2020_05,RUS,Williams,15.0,18.0,True,+1 Lap,0.0,-3.0
2020_05,LAT,Williams,18.0,19.0,True,+1 Lap,0.0,-1.0
2020_05,MAG,Haas F1 Team,17.0,20.0,False,Retired,0.0,
2020_06,HAM,Mercedes,1.0,1.0,True,Finished,25.0,0.0
2020_06,VER,Red Bull Racing,3.0,2.0,True,Finished,18.0,1.0
2020_06,BOT,Mercedes,2.0,3.0,True,Finished,16.0,-1.0
2020_06,STR,Racing Point,5.0,4.0,True,+1 Lap,12.0,1.0
2020_06,PER,Racing Point,4.0,5.0,True,+1 Lap,10.0,-1.0
2020_06,SAI,McLaren,7.0,6.0,True,+1 Lap,8.0,1.0
2020_06,VET,Ferrari,11.0,7.0,True,+1 Lap,6.0,4.0
2020_06,ALB,Red Bull Racing,6.0,8.0,True,+1 Lap,4.0,-2.0
2020_06,GAS,AlphaTauri,10.0,9.0,True,+1 Lap,2.0,1.0
2020_06,NOR,McLaren,8.0,10.0,True,+1 Lap,1.0,-2.0
2020_06,RIC,Renault,13.0,11.0,True,+1 Lap,0.0,2.0
2020_06,KVY,AlphaTauri,12.0,12.0,True,+1 Lap,0.0,0.0
2020_06,OCO,Renault,15.0,13.0,True,+1 Lap,0.0,2.0
2020_06,RAI,Alfa Romeo Racing,14.0,14.0,True,+1 Lap,0.0,0.0
2020_06,MAG,Haas F1 Team,16.0,15.0,True,+1 Lap,0.0,1.0
2020_06,GIO,Alfa Romeo Racing,20.0,16.0,True,+1 Lap,0.0,4.0
2020_06,RUS,Williams,18.0,17.0,True,+1 Lap,0.0,1.0
2020_06,LAT,Williams,19.0,18.0,True,+2 Laps,0.0,1.0
2020_06,GRO,Haas F1 Team,17.0,19.0,True,+2 Laps,0.0,-2.0
2020_06,LEC,Ferrari,9.0,20.0,False,Electronics,0.0,
2020_07,HAM,Mercedes,1.0,1.0,True,Finished,25.0,0.0
2020_07,BOT,Mercedes,2.0,2.0,True,Finished,18.0,0.0
2020_07,VER,Red Bull Racing,3.0,3.0,True,Finished,15.0,0.0
2020_07,RIC,Renault,4.0,4.0,True,Finished,13.0,0.0
2020_07,OCO,Renault,6.0,5.0,True,Finished,10.0,1.0
2020_07,ALB,Red Bull Racing,5.0,6.0,True,Finished,8.0,-1.0
2020_07,NOR,McLaren,10.0,7.0,True,Finished,6.0,3.0
2020_07,GAS,AlphaTauri,12.0,8.0,True,Finished,4.0,4.0
2020_07,STR,Racing Point,9.0,9.0,True,Finished,2.0,0.0
2020_07,PER,Racing Point,8.0,10.0,True,Finished,1.0,-2.0
2020_07,KVY,AlphaTauri,11.0,11.0,True,Finished,0.0,0.0
2020_07,RAI,Alfa Romeo Racing,16.0,12.0,True,Finished,0.0,4.0
2020_07,VET,Ferrari,14.0,13.0,True,Finished,0.0,1.0
2020_07,LEC,Ferrari,13.0,14.0,True,Finished,0.0,-1.0
2020_07,GRO,Haas F1 Team,17.0,15.0,True,Finished,0.0,2.0
2020_07,LAT,Williams,19.0,16.0,True,Finished,0.0,3.0
2020_07,MAG,Haas F1 Team,20.0,17.0,True,Finished,0.0,3.0
2020_07,GIO,Alfa Romeo Racing,18.0,18.0,False,Accident,0.0,
2020_07,RUS,Williams,15.0,19.0,False,Debris,0.0,
2020_07,SAI,McLaren,7.0,20.0,False,Exhaust,0.0,
2020_08,GAS,AlphaTauri,10.0,1.0,True,Finished,25.0,9.0
2020_08,SAI,McLaren,3.0,2.0,True,Finished,18.0,1.0
2020_08,STR,Racing Point,8.0,3.0,True,Finished,15.0,5.0
2020_08,NOR,McLaren,6.0,4.0,True,Finished,12.0,2.0
2020_08,BOT,Mercedes,2.0,5.0,True,Finished,10.0,-3.0
2020_08,RIC,Renault,7.0,6.0,True,Finished,8.0,1.0
2020_08,HAM,Mercedes,1.0,7.0,True,Finished,7.0,-6.0
2020_08,OCO,Renault,12.0,8.0,True,Finished,4.0,4.0
2020_08,KVY,AlphaTauri,11.0,9.0,True,Finished,2.0,2.0
2020_08,PER,Racing Point,4.0,10.0,True,Finished,1.0,-6.0
2020_08,LAT,Williams,20.0,11.0,True,Finished,0.0,9.0
2020_08,GRO,Haas F1 Team,16.0,12.0,True,Finished,0.0,4.0
2020_08,RAI,Alfa Romeo Racing,14.0,13.0,True,Finished,0.0,1.0
2020_08,RUS,Williams,19.0,14.0,True,Finished,0.0,5.0
2020_08,ALB,Red Bull Racing,9.0,15.0,True,Finished,0.0,-6.0
2020_08,GIO,Alfa Romeo Racing,18.0,16.0,True,Finished,0.0,2.0
2020_08,VER,Red Bull Racing,5.0,17.0,False,Power Unit,0.0,
2020_08,LEC,Ferrari,13.0,18.0,False,Accident,0.0,
2020_08,MAG,Haas F1 Team,15.0,19.0,False,Power Unit,0.0,
2020_08,VET,Ferrari,17.0,20.0,False,Brakes,0.0,
2020_09,HAM,Mercedes,1.0,1.0,True,Finished,26.0,0.0
2020_09,BOT,Mercedes,2.0,2.0,True,Finished,18.0,0.0
2020_09,ALB,Red Bull Racing,4.0,3.0,True,Finished,15.0,1.0
2020_09,RIC,Renault,8.0,4.0,True,Finished,12.0,4.0
2020_09,PER,Racing Point,7.0,5.0,True,Finished,10.0,2.0
2020_09,NOR,McLaren,11.0,6.0,True,Finished,8.0,5.0
2020_09,KVY,AlphaTauri,12.0,7.0,True,Finished,6.0,5.0
2020_09,LEC,Ferrari,5.0,8.0,True,Finished,4.0,-3.0
2020_09,RAI,Alfa Romeo Racing,13.0,9.0,True,Finished,2.0,4.0
2020_09,VET,Ferrari,14.0,10.0,True,Finished,1.0,4.0
2020_09,RUS,Williams,18.0,11.0,True,Finished,0.0,7.0
2020_09,GRO,Haas F1 Team,15.0,12.0,True,Finished,0.0,3.0
2020_09,STR,Racing Point,6.0,13.0,False,Puncture,0.0,
2020_09,OCO,Renault,10.0,14.0,False,Brakes,0.0,
2020_09,LAT,Williams,19.0,15.0,False,Collision,0.0,
2020_09,MAG,Haas F1 Team,20.0,16.0,False,Collision,0.0,
2020_09,GIO,Alfa Romeo Racing,17.0,17.0,False,Collision,0.0,
2020_09,SAI,McLaren,9.0,18.0,False,Collision,0.0,
2020_09,VER,Red Bull Racing,3.0,19.0,False,Collision,0.0,
2020_09,GAS,AlphaTauri,16.0,20.0,False,Collision,0.0,
2020_10,BOT,Mercedes,3.0,1.0,True,Finished,26.0,2.0
2020_10,VER,Red Bull Racing,2.0,2.0,True,Finished,18.0,0.0
2020_10,HAM,Mercedes,1.0,3.0,True,Finished,15.0,-2.0
2020_10,PER,Racing Point,4.0,4.0,True,Finished,12.0,0.0
2020_10,RIC,Renault,5.0,5.0,True,Finished,10.0,0.0
2020_10,LEC,Ferrari,10.0,6.0,True,Finished,8.0,4.0
2020_10,OCO,Renault,7.0,7.0,True,Finished,6.0,0.0
2020_10,KVY,AlphaTauri,11.0,8.0,True,Finished,4.0,3.0
2020_10,GAS,AlphaTauri,9.0,9.0,True,Finished,2.0,0.0
2020_10,ALB,Red Bull Racing,15.0,10.0,True,Finished,1.0,5.0
2020_10,GIO,Alfa Romeo Racing,17.0,11.0,True,+1 Lap,0.0,6.0
2020_10,MAG,Haas F1 Team,18.0,12.0,True,+1 Lap,0.0,6.0
2020_10,VET,Ferrari,14.0,13.0,True,+1 Lap,0.0,1.0
2020_10,RAI,Alfa Romeo Racing,19.0,14.0,True,+1 Lap,0.0,5.0
2020_10,NOR,McLaren,8.0,15.0,True,+1 Lap,0.0,-7.0
2020_10,LAT,Williams,20.0,16.0,True,+1 Lap,0.0,4.0
2020_10,GRO,Haas F1 Team,16.0,17.0,True,+1 Lap,0.0,-1.0
2020_10,RUS,Williams,13.0,18.0,True,+1 Lap,0.0,-5.0
2020_10,SAI,McLaren,6.0,19.0,False,Accident,0.0,
2020_10,STR,Racing Point,12.0,20.0,False,Collision,0.0,
2020_11,HAM,Mercedes,2.0,1.0,True,Finished,25.0,1.0
2020_11,VER,Red Bull Racing,3.0,2.0,True,Finished,19.0,1.0
2020_11,RIC,Renault,6.0,3.0,True,Finished,15.0,3.0
2020_11,PER,Racing Point,9.0,4.0,True,Finished,12.0,5.0
2020_11,SAI,McLaren,10.0,5.0,True,Finished,10.0,5.0
2020_11,GAS,AlphaTauri,12.0,6.0,True,Finished,8.0,6.0
2020_11,LEC,Ferrari,4.0,7.0,True,Finished,6.0,-3.0
2020_11,HUL,Racing Point,20.0,8.0,True,Finished,4.0,12.0
2020_11,GRO,Haas F1 Team,16.0,9.0,True,Finished,2.0,7.0
2020_11,GIO,Alfa Romeo Racing,14.0,10.0,True,Finished,1.0,4.0
2020_11,VET,Ferrari,11.0,11.0,True,Finished,0.0,0.0
2020_11,RAI,Alfa Romeo Racing,19.0,12.0,True,Finished,0.0,7.0
2020_11,MAG,Haas F1 Team,15.0,13.0,True,Finished,0.0,2.0
2020_11,LAT,Williams,18.0,14.0,True,Finished,0.0,4.0
2020_11,KVY,AlphaTauri,13.0,15.0,True,Finished,0.0,-2.0
2020_11,NOR,McLaren,8.0,16.0,False,Power Unit,0.0,
2020_11,ALB,Red Bull Racing,5.0,17.0,False,Radiator,0.0,
2020_11,OCO,Renault,7.0,18.0,False,Gearbox,0.0,
2020_11,BOT,Mercedes,1.0,19.0,False,Power Unit,0.0,
2020_11,RUS,Williams,17.0,20.0,False,Collision,0.0,
2020_12,HAM,Mercedes,1.0,1.0,True,Finished,26.0,0.0
2020_12,BOT,Mercedes,2.0,2.0,True,Finished,18.0,0.0
2020_12,VER,Red Bull Racing,3.0,3.0,True,Finished,15.0,0.0
2020_12,LEC,Ferrari,4.0,4.0,True,Finished,12.0,0.0
2020_12,GAS,AlphaTauri,9.0,5.0,True,+1 Lap,10.0,4.0
2020_12,SAI,McLaren,7.0,6.0,True,+1 Lap,8.0,1.0
2020_12,PER,Racing Point,5.0,7.0,True,+1 Lap,6.0,-2.0
2020_12,OCO,Renault,11.0,8.0,True,+1 Lap,4.0,3.0
2020_12,RIC,Renault,10.0,9.0,True,+1 Lap,2.0,1.0
2020_12,VET,Ferrari,15.0,10.0,True,+1 Lap,1.0,5.0
2020_12,RAI,Alfa Romeo Racing,16.0,11.0,True,+1 Lap,0.0,5.0
2020_12,ALB,Red Bull Racing,6.0,12.0,True,+1 Lap,0.0,-6.0
2020_12,NOR,McLaren,8.0,13.0,True,+1 Lap,0.0,-5.0
2020_12,RUS,Williams,14.0,14.0,True,+1 Lap,0.0,0.0
2020_12,GIO,Alfa Romeo Racing,17.0,15.0,True,+1 Lap,0.0,2.0
2020_12,MAG,Haas F1 Team,19.0,16.0,True,+1 Lap,0.0,3.0
2020_12,GRO,Haas F1 Team,18.0,17.0,True,+1 Lap,0.0,1.0
2020_12,LAT,Williams,20.0,18.0,True,+2 Laps,0.0,2.0
2020_12,KVY,AlphaTauri,13.0,19.0,True,+2 Laps,0.0,-6.0
2020_12,STR,Racing Point,12.0,20.0,False,Collision damage,0.0,
2020_13,HAM,Mercedes,2.0,1.0,True,Finished,26.0,1.0
2020_13,BOT,Mercedes,1.0,2.0,True,Finished,18.0,-1.0
2020_13,RIC,Renault,5.0,3.0,True,Finished,15.0,2.0
2020_13,KVY,AlphaTauri,8.0,4.0,True,Finished,12.0,4.0
2020_13,LEC,Ferrari,7.0,5.0,True,Finished,10.0,2.0
2020_13,PER,Racing Point,11.0,6.0,True,Finished,8.0,5.0
2020_13,SAI,McLaren,10.0,7.0,True,Finished,6.0,3.0
2020_13,NOR,McLaren,9.0,8.0,True,Finished,4.0,1.0
2020_13,RAI,Alfa Romeo Racing,18.0,9.0,True,Finished,2.0,9.0
2020_13,GIO,Alfa Romeo Racing,20.0,10.0,True,Finished,1.0,10.0
2020_13,LAT,Williams,19.0,11.0,True,Finished,0.0,8.0
2020_13,VET,Ferrari,14.0,12.0,True,Finished,0.0,2.0
2020_13,STR,Racing Point,15.0,13.0,True,Finished,0.0,2.0
2020_13,GRO,Haas F1 Team,16.0,14.0,True,Finished,0.0,2.0
2020_13,ALB,Red Bull Racing,6.0,15.0,True,Finished,0.0,-9.0
2020_13,RUS,Williams,13.0,16.0,False,Accident,0.0,
2020_13,VER,Red Bull Racing,3.0,17.0,False,Puncture,0.0,
2020_13,MAG,Haas F1 Team,17.0,18.0,False,Illness,0.0,
2020_13,OCO,Renault,12.0,19.0,False,Gearbox,0.0,
2020_13,GAS,AlphaTauri,4.0,20.0,False,Water pressure,0.0,
2020_14,HAM,Mercedes,6.0,1.0,True,Finished,25.0,5.0
2020_14,PER,Racing Point,3.0,2.0,True,Finished,18.0,1.0
2020_14,VET,Ferrari,11.0,3.0,True,Finished,15.0,8.0
2020_14,LEC,Ferrari,12.0,4.0,True,Finished,12.0,8.0
2020_14,SAI,McLaren,15.0,5.0,True,Finished,10.0,10.0
2020_14,VER,Red Bull Racing,2.0,6.0,True,Finished,8.0,-4.0
2020_14,ALB,Red Bull Racing,4.0,7.0,True,Finished,6.0,-3.0
2020_14,NOR,McLaren,14.0,8.0,True,Finished,5.0,6.0
2020_14,STR,Racing Point,1.0,9.0,True,Finished,2.0,-8.0
2020_14,RIC,Renault,5.0,10.0,True,Finished,1.0,-5.0
2020_14,OCO,Renault,7.0,11.0,True,+1 Lap,0.0,-4.0
2020_14,KVY,AlphaTauri,16.0,12.0,True,+1 Lap,0.0,4.0
2020_14,GAS,AlphaTauri,19.0,13.0,True,+1 Lap,0.0,6.0
2020_14,BOT,Mercedes,9.0,14.0,True,+1 Lap,0.0,-5.0
2020_14,RAI,Alfa Romeo Racing,8.0,15.0,True,+1 Lap,0.0,-7.0
2020_14,RUS,Williams,,16.0,True,+1 Lap,0.0,
2020_14,MAG,Haas F1 Team,13.0,17.0,True,Withdrew,0.0,-4.0
2020_14,GRO,Haas F1 Team,17.0,18.0,False,Collision damage,0.0,
2020_14,LAT,Williams,,19.0,False,Collision damage,0.0,
2020_14,GIO,Alfa Romeo Racing,10.0,20.0,False,Gearbox,0.0,
2020_15,HAM,Mercedes,1.0,1.0,True,Finished,25.0,0.0
2020_15,VER,Red Bull Racing,3.0,2.0,True,Finished,19.0,1.0
2020_15,ALB,Red Bull Racing,4.0,3.0,True,Finished,15.0,1.0
2020_15,NOR,McLaren,9.0,4.0,True,Finished,12.0,5.0
2020_15,SAI,McLaren,15.0,5.0,True,Finished,10.0,10.0
2020_15,GAS,AlphaTauri,8.0,6.0,True,Finished,8.0,2.0
2020_15,RIC,Renault,6.0,7.0,True,Finished,6.0,-1.0
2020_15,BOT,Mercedes,2.0,8.0,True,Finished,4.0,-6.0
2020_15,OCO,Renault,7.0,9.0,True,Finished,2.0,-2.0
2020_15,LEC,Ferrari,12.0,10.0,True,+1 Lap,1.0,2.0
2020_15,KVY,AlphaTauri,10.0,11.0,True,+1 Lap,0.0,-1.0
2020_15,RUS,Williams,14.0,12.0,True,+1 Lap,0.0,2.0
2020_15,VET,Ferrari,11.0,13.0,True,+1 Lap,0.0,-2.0
2020_15,LAT,Williams,20.0,14.0,True,+1 Lap,0.0,6.0
2020_15,RAI,Alfa Romeo Racing,17.0,15.0,True,+1 Lap,0.0,2.0
2020_15,GIO,Alfa Romeo Racing,16.0,16.0,True,+1 Lap,0.0,0.0
2020_15,MAG,Haas F1 Team,18.0,17.0,True,+1 Lap,0.0,1.0
2020_15,PER,Racing Point,5.0,18.0,True,Engine,0.0,-13.0
2020_15,STR,Racing Point,13.0,19.0,False,Collision,0.0,
2020_15,GRO,Haas F1 Team,19.0,20.0,False,Collision,0.0,
2020_16,PER,Racing Point,5.0,1.0,True,Finished,25.0,4.0
2020_16,OCO,Renault,11.0,2.0,True,Finished,18.0,9.0
2020_16,STR,Racing Point,10.0,3.0,True,Finished,15.0,7.0
2020_16,SAI,McLaren,8.0,4.0,True,Finished,12.0,4.0
2020_16,RIC,Renault,7.0,5.0,True,Finished,10.0,2.0
2020_16,ALB,Red Bull Racing,12.0,6.0,True,Finished,8.0,6.0
2020_16,KVY,AlphaTauri,6.0,7.0,True,Finished,6.0,-1.0
2020_16,BOT,Mercedes,1.0,8.0,True,Finished,4.0,-7.0
2020_16,RUS,Mercedes,2.0,9.0,True,Finished,3.0,-7.0
2020_16,NOR,McLaren,19.0,10.0,True,Finished,1.0,9.0
2020_16,GAS,AlphaTauri,9.0,11.0,True,Finished,0.0,-2.0
2020_16,VET,Ferrari,13.0,12.0,True,Finished,0.0,1.0
2020_16,GIO,Alfa Romeo Racing,14.0,13.0,True,Finished,0.0,1.0
2020_16,RAI,Alfa Romeo Racing,18.0,14.0,True,Finished,0.0,4.0
2020_16,MAG,Haas F1 Team,15.0,15.0,True,Finished,0.0,0.0
2020_16,AIT,Williams,17.0,16.0,True,Finished,0.0,1.0
2020_16,FIT,Haas F1 Team,20.0,17.0,True,Finished,0.0,3.0
2020_16,LAT,Williams,16.0,18.0,False,Engine,0.0,
2020_16,VER,Red Bull Racing,3.0,19.0,False,Accident,0.0,
2020_16,LEC,Ferrari,4.0,20.0,False,Collision,0.0,
2020_17,VER,Red Bull Racing,1.0,1.0,True,Finished,25.0,0.0
2020_17,BOT,Mercedes,2.0,2.0,True,Finished,18.0,0.0
2020_17,HAM,Mercedes,3.0,3.0,True,Finished,15.0,0.0
2020_17,ALB,Red Bull Racing,5.0,4.0,True,Finished,12.0,1.0
2020_17,NOR,McLaren,4.0,5.0,True,Finished,10.0,-1.0
2020_17,SAI,McLaren,6.0,6.0,True,Finished,8.0,0.0
2020_17,RIC,Renault,11.0,7.0,True,Finished,7.0,4.0
2020_17,GAS,AlphaTauri,9.0,8.0,True,Finished,4.0,1.0
2020_17,OCO,Renault,10.0,9.0,True,Finished,2.0,1.0
2020_17,STR,Racing Point,8.0,10.0,True,Finished,1.0,-2.0
2020_17,KVY,AlphaTauri,7.0,11.0,True,+1 Lap,0.0,-4.0
2020_17,RAI,Alfa Romeo Racing,15.0,12.0,True,+1 Lap,0.0,3.0
2020_17,LEC,Ferrari,12.0,13.0,True,+1 Lap,0.0,-1.0
2020_17,VET,Ferrari,13.0,14.0,True,+1 Lap,0.0,-1.0
2020_17,RUS,Williams,16.0,15.0,True,+1 Lap,0.0,1.0
2020_17,GIO,Alfa Romeo Racing,14.0,16.0,True,+1 Lap,0.0,-2.0
2020_17,LAT,Williams,18.0,17.0,True,+1 Lap,0.0,1.0
2020_17,MAG,Haas F1 Team,20.0,18.0,True,+1 Lap,0.0,2.0
2020_17,FIT,Haas F1 Team,17.0,19.0,True,+2 Laps,0.0,-2.0
2020_17,PER,Racing Point,19.0,20.0,False,Transmission,0.0,
2021_01,HAM,Mercedes,2.0,1.0,True,Finished,25.0,1.0
2021_01,VER,Red Bull Racing,1.0,2.0,True,Finished,18.0,-1.0
2021_01,BOT,Mercedes,3.0,3.0,True,Finished,16.0,0.0
2021_01,NOR,McLaren,7.0,4.0,True,Finished,12.0,3.0
2021_01,PER,Red Bull Racing,,5.0,True,Finished,10.0,
2021_01,LEC,Ferrari,4.0,6.0,True,Finished,8.0,-2.0
2021_01,RIC,McLaren,6.0,7.0,True,Finished,6.0,-1.0
2021_01,SAI,Ferrari,8.0,8.0,True,Finished,4.0,0.0
2021_01,TSU,AlphaTauri,13.0,9.0,True,Finished,2.0,4.0
2021_01,STR,Aston Martin,10.0,10.0,True,Finished,1.0,0.0
2021_01,RAI,Alfa Romeo Racing,14.0,11.0,True,Finished,0.0,3.0
2021_01,GIO,Alfa Romeo Racing,12.0,12.0,True,+1 Lap,0.0,0.0
2021_01,OCO,Alpine,16.0,13.0,True,+1 Lap,0.0,3.0
2021_01,RUS,Williams,15.0,14.0,True,+1 Lap,0.0,1.0
2021_01,VET,Aston Martin,20.0,15.0,True,+1 Lap,0.0,5.0
2021_01,MSC,Haas F1 Team,18.0,16.0,True,+1 Lap,0.0,2.0
2021_01,GAS,AlphaTauri,5.0,17.0,True,Retired,0.0,-12.0
2021_01,LAT,Williams,17.0,18.0,True,Retired,0.0,-1.0
2021_01,ALO,Alpine,9.0,19.0,False,Brakes,0.0,
2021_01,MAZ,Haas F1 Team,19.0,20.0,False,Accident,0.0,
2021_02,VER,Red Bull Racing,3.0,1.0,True,Finished,25.0,2.0
2021_02,HAM,Mercedes,1.0,2.0,True,Finished,19.0,-1.0
2021_02,NOR,McLaren,7.0,3.0,True,Finished,15.0,4.0
2021_02,LEC,Ferrari,4.0,4.0,True,Finished,12.0,0.0
2021_02,SAI,Ferrari,11.0,5.0,True,Finished,10.0,6.0
2021_02,RIC,McLaren,6.0,6.0,True,Finished,8.0,0.0
2021_02,GAS,AlphaTauri,5.0,7.0,True,Finished,6.0,-2.0
2021_02,STR,Aston Martin,10.0,8.0,True,Finished,4.0,2.0
2021_02,OCO,Alpine,9.0,9.0,True,Finished,2.0,0.0
2021_02,ALO,Alpine,15.0,10.0,True,Finished,1.0,5.0
2021_02,PER,Red Bull Racing,2.0,11.0,True,Finished,0.0,-9.0
2021_02,TSU,AlphaTauri,20.0,12.0,True,Finished,0.0,8.0
2021_02,RAI,Alfa Romeo Racing,16.0,13.0,True,Finished,0.0,3.0
2021_02,GIO,Alfa Romeo Racing,17.0,14.0,True,+1 Lap,0.0,3.0
2021_02,VET,Aston Martin,,15.0,True,Gearbox,0.0,
2021_02,MSC,Haas F1 Team,18.0,16.0,True,+2 Laps,0.0,2.0
2021_02,MAZ,Haas F1 Team,19.0,17.0,True,+2 Laps,0.0,2.0
2021_02,BOT,Mercedes,8.0,18.0,False,Collision,0.0,
2021_02,RUS,Williams,12.0,19.0,False,Collision,0.0,
2021_02,LAT,Williams,14.0,20.0,False,Collision,0.0,
2021_03,HAM,Mercedes,2.0,1.0,True,Finished,25.0,1.0
2021_03,VER,Red Bull Racing,3.0,2.0,True,Finished,18.0,1.0
2021_03,BOT,Mercedes,1.0,3.0,True,Finished,16.0,-2.0
2021_03,PER,Red Bull Racing,4.0,4.0,True,Finished,12.0,0.0
2021_03,NOR,McLaren,7.0,5.0,True,Finished,10.0,2.0
2021_03,LEC,Ferrari,8.0,6.0,True,Finished,8.0,2.0
2021_03,OCO,Alpine,6.0,7.0,True,Finished,6.0,-1.0
2021_03,ALO,Alpine,13.0,8.0,True,Finished,4.0,5.0
2021_03,RIC,McLaren,16.0,9.0,True,Finished,2.0,7.0
2021_03,GAS,AlphaTauri,9.0,10.0,True,Finished,1.0,-1.0
2021_03,SAI,Ferrari,5.0,11.0,True,Finished,0.0,-6.0
2021_03,GIO,Alfa Romeo Racing,12.0,12.0,True,+1 Lap,0.0,0.0
2021_03,VET,Aston Martin,10.0,13.0,True,+1 Lap,0.0,-3.0
2021_03,STR,Aston Martin,17.0,14.0,True,+1 Lap,0.0,3.0
2021_03,TSU,AlphaTauri,14.0,15.0,True,+1 Lap,0.0,-1.0
2021_03,RUS,Williams,11.0,16.0,True,+1 Lap,0.0,-5.0
2021_03,MSC,Haas F1 Team,19.0,17.0,True,+2 Laps,0.0,2.0
2021_03,LAT,Williams,18.0,18.0,True,+2 Laps,0.0,0.0
2021_03,MAZ,Haas F1 Team,20.0,19.0,True,+2 Laps,0.0,1.0
2021_03,RAI,Alfa Romeo Racing,15.0,20.0,False,Collision damage,0.0,
2021_04,HAM,Mercedes,1.0,1.0,True,Finished,25.0,0.0
2021_04,VER,Red Bull Racing,2.0,2.0,True,Finished,19.0,0.0
2021_04,BOT,Mercedes,3.0,3.0,True,Finished,15.0,0.0
2021_04,LEC,Ferrari,4.0,4.0,True,Finished,12.0,0.0
2021_04,PER,Red Bull Racing,8.0,5.0,True,Finished,10.0,3.0
2021_04,RIC,McLaren,7.0,6.0,True,Finished,8.0,1.0
2021_04,SAI,Ferrari,6.0,7.0,True,Finished,6.0,-1.0
2021_04,NOR,McLaren,9.0,8.0,True,+1 Lap,4.0,1.0
2021_04,OCO,Alpine,5.0,9.0,True,+1 Lap,2.0,-4.0
2021_04,GAS,AlphaTauri,12.0,10.0,True,+1 Lap,1.0,2.0
2021_04,STR,Aston Martin,11.0,11.0,True,+1 Lap,0.0,0.0
2021_04,RAI,Alfa Romeo Racing,17.0,12.0,True,+1 Lap,0.0,5.0
2021_04,VET,Aston Martin,13.0,13.0,True,+1 Lap,0.0,0.0
2021_04,RUS,Williams,15.0,14.0,True,+1 Lap,0.0,1.0
2021_04,GIO,Alfa Romeo Racing,14.0,15.0,True,+1 Lap,0.0,-1.0
2021_04,LAT,Williams,19.0,16.0,True,+1 Lap,0.0,3.0
2021_04,ALO,Alpine,10.0,17.0,True,+1 Lap,0.0,-7.0
2021_04,MSC,Haas F1 Team,18.0,18.0,True,+2 Laps,0.0,0.0
2021_04,MAZ,Haas F1 Team,20.0,19.0,True,+2 Laps,0.0,1.0
2021_04,TSU,AlphaTauri,16.0,20.0,False,Electrical,0.0,
2021_05,VER,Red Bull Racing,2.0,1.0,True,Finished,25.0,1.0
2021_05,SAI,Ferrari,4.0,2.0,True,Finished,18.0,2.0
2021_05,NOR,McLaren,5.0,3.0,True,Finished,15.0,2.0
2021_05,PER,Red Bull Racing,9.0,4.0,True,Finished,12.0,5.0
2021_05,VET,Aston Martin,8.0,5.0,True,Finished,10.0,3.0
2021_05,GAS,AlphaTauri,6.0,6.0,True,Finished,8.0,0.0
2021_05,HAM,Mercedes,7.0,7.0,True,Finished,7.0,0.0
2021_05,STR,Aston Martin,13.0,8.0,True,+1 Lap,4.0,5.0
2021_05,OCO,Alpine,11.0,9.0,True,+1 Lap,2.0,2.0
2021_05,GIO,Alfa Romeo Racing,10.0,10.0,True,+1 Lap,1.0,0.0
2021_05,RAI,Alfa Romeo Racing,14.0,11.0,True,+1 Lap,0.0,3.0
2021_05,RIC,McLaren,12.0,12.0,True,+1 Lap,0.0,0.0
2021_05,ALO,Alpine,17.0,13.0,True,+1 Lap,0.0,4.0
2021_05,RUS,Williams,15.0,14.0,True,+1 Lap,0.0,1.0
2021_05,LAT,Williams,18.0,15.0,True,+1 Lap,0.0,3.0
2021_05,TSU,AlphaTauri,16.0,16.0,True,+1 Lap,0.0,0.0
2021_05,MAZ,Haas F1 Team,19.0,17.0,True,+3 Laps,0.0,2.0
2021_05,MSC,Haas F1 Team,20.0,18.0,True,+3 Laps,0.0,2.0
2021_05,BOT,Mercedes,3.0,19.0,False,Wheel nut,0.0,
2021_05,LEC,Ferrari,1.0,20.0,False,Driveshaft,0.0,
2021_06,PER,Red Bull Racing,6.0,1.0,True,Finished,25.0,5.0
2021_06,VET,Aston Martin,11.0,2.0,True,Finished,18.0,9.0
2021_06,GAS,AlphaTauri,4.0,3.0,True,Finished,15.0,1.0
2021_06,LEC,Ferrari,1.0,4.0,True,Finished,12.0,-3.0
2021_06,NOR,McLaren,9.0,5.0,True,Finished,10.0,4.0
2021_06,ALO,Alpine,8.0,6.0,True,Finished,8.0,2.0
2021_06,TSU,AlphaTauri,7.0,7.0,True,Finished,6.0,0.0
2021_06,SAI,Ferrari,5.0,8.0,True,Finished,4.0,-3.0
2021_06,RIC,McLaren,13.0,9.0,True,Finished,2.0,4.0
2021_06,RAI,Alfa Romeo Racing,14.0,10.0,True,Finished,1.0,4.0
2021_06,GIO,Alfa Romeo Racing,20.0,11.0,True,Finished,0.0,9.0
2021_06,BOT,Mercedes,10.0,12.0,True,Finished,0.0,-2.0
2021_06,MSC,Haas F1 Team,17.0,13.0,True,Finished,0.0,4.0
2021_06,MAZ,Haas F1 Team,18.0,14.0,True,Finished,0.0,4.0
2021_06,HAM,Mercedes,2.0,15.0,True,Finished,0.0,-13.0
2021_06,LAT,Williams,16.0,16.0,True,Finished,0.0,0.0
2021_06,RUS,Williams,15.0,17.0,False,Gearbox,0.0,
2021_06,VER,Red Bull Racing,3.0,18.0,False,Accident,0.0,
2021_06,STR,Aston Martin,19.0,19.0,False,Accident,0.0,
2021_06,OCO,Alpine,12.0,20.0,False,Turbo,0.0,
2021_07,VER,Red Bull Racing,1.0,1.0,True,Finished,26.0,0.0
2021_07,HAM,Mercedes,2.0,2.0,True,Finished,18.0,0.0
2021_07,PER,Red Bull Racing,4.0,3.0,True,Finished,15.0,1.0
2021_07,BOT,Mercedes,3.0,4.0,True,Finished,12.0,-1.0
2021_07,NOR,McLaren,8.0,5.0,True,Finished,10.0,3.0
2021_07,RIC,McLaren,10.0,6.0,True,Finished,8.0,4.0
2021_07,GAS,AlphaTauri,6.0,7.0,True,Finished,6.0,-1.0
2021_07,ALO,Alpine,9.0,8.0,True,Finished,4.0,1.0
2021_07,VET,Aston Martin,12.0,9.0,True,Finished,2.0,3.0
2021_07,STR,Aston Martin,19.0,10.0,True,Finished,1.0,9.0
2021_07,SAI,Ferrari,5.0,11.0,True,Finished,0.0,-6.0
2021_07,RUS,Williams,14.0,12.0,True,+1 Lap,0.0,2.0
2021_07,TSU,AlphaTauri,,13.0,True,+1 Lap,0.0,
2021_07,OCO,Alpine,11.0,14.0,True,+1 Lap,0.0,-3.0
2021_07,GIO,Alfa Romeo Racing,13.0,15.0,True,+1 Lap,0.0,-2.0
2021_07,LEC,Ferrari,7.0,16.0,True,+1 Lap,0.0,-9.0
2021_07,RAI,Alfa Romeo Racing,17.0,17.0,True,+1 Lap,0.0,0.0
2021_07,LAT,Williams,16.0,18.0,True,+1 Lap,0.0,-2.0
2021_07,MSC,Haas F1 Team,15.0,19.0,True,+1 Lap,0.0,-4.0
2021_07,MAZ,Haas F1 Team,18.0,20.0,True,+1 Lap,0.0,-2.0
2021_08,VER,Red Bull Racing,1.0,1.0,True,Finished,25.0,0.0
2021_08,HAM,Mercedes,2.0,2.0,True,Finished,19.0,0.0
2021_08,BOT,Mercedes,5.0,3.0,True,Finished,15.0,2.0
2021_08,PER,Red Bull Racing,4.0,4.0,True,Finished,12.0,0.0
2021_08,NOR,McLaren,3.0,5.0,True,+1 Lap,10.0,-2.0
2021_08,SAI,Ferrari,12.0,6.0,True,+1 Lap,8.0,6.0
2021_08,LEC,Ferrari,7.0,7.0,True,+1 Lap,6.0,0.0
2021_08,STR,Aston Martin,9.0,8.0,True,+1 Lap,4.0,1.0
2021_08,ALO,Alpine,8.0,9.0,True,+1 Lap,2.0,-1.0
2021_08,TSU,AlphaTauri,11.0,10.0,True,+1 Lap,1.0,1.0
2021_08,RAI,Alfa Romeo Racing,18.0,11.0,True,+1 Lap,0.0,7.0
2021_08,VET,Aston Martin,14.0,12.0,True,+1 Lap,0.0,2.0
2021_08,RIC,McLaren,13.0,13.0,True,+1 Lap,0.0,0.0
2021_08,OCO,Alpine,17.0,14.0,True,+1 Lap,0.0,3.0
2021_08,GIO,Alfa Romeo Racing,15.0,15.0,True,+1 Lap,0.0,0.0
2021_08,MSC,Haas F1 Team,19.0,16.0,True,+2 Laps,0.0,3.0
2021_08,LAT,Williams,16.0,17.0,True,+3 Laps,0.0,-1.0
2021_08,MAZ,Haas F1 Team,20.0,18.0,True,+3 Laps,0.0,2.0
2021_08,RUS,Williams,10.0,19.0,False,Engine,0.0,
2021_08,GAS,AlphaTauri,6.0,20.0,False,Collision,0.0,
2021_09,VER,Red Bull Racing,1.0,1.0,True,Finished,26.0,0.0
2021_09,BOT,Mercedes,5.0,2.0,True,Finished,18.0,3.0
2021_09,NOR,McLaren,2.0,3.0,True,Finished,15.0,-1.0
2021_09,HAM,Mercedes,4.0,4.0,True,Finished,12.0,0.0
2021_09,SAI,Ferrari,10.0,5.0,True,Finished,10.0,5.0
2021_09,PER,Red Bull Racing,3.0,6.0,True,Finished,8.0,-3.0
2021_09,RIC,McLaren,13.0,7.0,True,Finished,6.0,6.0
2021_09,LEC,Ferrari,12.0,8.0,True,Finished,4.0,4.0
2021_09,GAS,AlphaTauri,6.0,9.0,True,Finished,2.0,-3.0
2021_09,ALO,Alpine,14.0,10.0,True,+1 Lap,1.0,4.0
2021_09,RUS,Williams,8.0,11.0,True,+1 Lap,0.0,-3.0
2021_09,TSU,AlphaTauri,7.0,12.0,True,+1 Lap,0.0,-5.0
2021_09,STR,Aston Martin,9.0,13.0,True,+1 Lap,0.0,-4.0
2021_09,GIO,Alfa Romeo Racing,15.0,14.0,True,+1 Lap,0.0,1.0
2021_09,RAI,Alfa Romeo Racing,16.0,15.0,True,+1 Lap,0.0,1.0
2021_09,LAT,Williams,18.0,16.0,True,+1 Lap,0.0,2.0
2021_09,VET,Aston Martin,11.0,17.0,True,Collision,0.0,-6.0
2021_09,MSC,Haas F1 Team,19.0,18.0,True,+2 Laps,0.0,1.0
2021_09,MAZ,Haas F1 Team,20.0,19.0,True,+2 Laps,0.0,1.0
2021_09,OCO,Alpine,17.0,20.0,False,Collision,0.0,
2021_10,HAM,Mercedes,2.0,1.0,True,Finished,25.0,1.0
2021_10,LEC,Ferrari,4.0,2.0,True,Finished,18.0,2.0
2021_10,BOT,Mercedes,3.0,3.0,True,Finished,15.0,0.0
2021_10,NOR,McLaren,5.0,4.0,True,Finished,12.0,1.0
2021_10,RIC,McLaren,6.0,5.0,True,Finished,10.0,1.0
2021_10,SAI,Ferrari,10.0,6.0,True,Finished,8.0,4.0
2021_10,ALO,Alpine,7.0,7.0,True,Finished,6.0,0.0
2021_10,STR,Aston Martin,14.0,8.0,True,Finished,4.0,6.0
2021_10,OCO,Alpine,9.0,9.0,True,Finished,2.0,0.0
2021_10,TSU,AlphaTauri,16.0,10.0,True,Finished,1.0,6.0
2021_10,GAS,AlphaTauri,11.0,11.0,True,Finished,0.0,0.0
2021_10,RUS,Williams,12.0,12.0,True,+1 Lap,0.0,0.0
2021_10,GIO,Alfa Romeo Racing,15.0,13.0,True,+1 Lap,0.0,2.0
2021_10,LAT,Williams,17.0,14.0,True,+1 Lap,0.0,3.0
2021_10,RAI,Alfa Romeo Racing,13.0,15.0,True,+1 Lap,0.0,-2.0
2021_10,PER,Red Bull Racing,,16.0,True,+1 Lap,0.0,
2021_10,MAZ,Haas F1 Team,19.0,17.0,True,+1 Lap,0.0,2.0
2021_10,MSC,Haas F1 Team,18.0,18.0,True,+1 Lap,0.0,0.0
2021_10,VET,Aston Martin,8.0,19.0,False,Retired,0.0,
2021_10,VER,Red Bull Racing,1.0,20.0,False,Collision,0.0,
2021_11,OCO,Alpine,8.0,1.0,True,Finished,25.0,7.0
2021_11,HAM,Mercedes,1.0,2.0,True,Finished,18.0,-1.0
2021_11,SAI,Ferrari,15.0,3.0,True,Finished,15.0,12.0
2021_11,ALO,Alpine,9.0,4.0,True,Finished,12.0,5.0
2021_11,GAS,AlphaTauri,5.0,5.0,True,Finished,11.0,0.0
2021_11,TSU,AlphaTauri,16.0,6.0,True,Finished,8.0,10.0
2021_11,LAT,Williams,18.0,7.0,True,Finished,6.0,11.0
2021_11,RUS,Williams,17.0,8.0,True,Finished,4.0,9.0
2021_11,VER,Red Bull Racing,3.0,9.0,True,Finished,2.0,-6.0
2021_11,RAI,Alfa Romeo Racing,13.0,10.0,True,+1 Lap,1.0,3.0
2021_11,RIC,McLaren,11.0,11.0,True,+1 Lap,0.0,0.0
2021_11,MSC,Haas F1 Team,20.0,12.0,True,+1 Lap,0.0,8.0
2021_11,GIO,Alfa Romeo Racing,,13.0,True,+1 Lap,0.0,
2021_11,MAZ,Haas F1 Team,19.0,14.0,False,Collision,0.0,
2021_11,NOR,McLaren,6.0,15.0,False,Collision,0.0,
2021_11,BOT,Mercedes,2.0,16.0,False,Collision,0.0,
2021_11,PER,Red Bull Racing,4.0,17.0,False,Collision,0.0,
2021_11,LEC,Ferrari,7.0,18.0,False,Collision,0.0,
2021_11,STR,Aston Martin,12.0,19.0,False,Collision,0.0,
2021_11,VET,Aston Martin,10.0,20.0,False,Disqualified,0.0,
2021_12,VER,Red Bull Racing,1.0,1.0,True,Finished,12.5,0.0
2021_12,RUS,Williams,2.0,2.0,True,Finished,9.0,0.0
2021_12,HAM,Mercedes,3.0,3.0,True,Finished,7.5,0.0
2021_12,RIC,McLaren,4.0,4.0,True,Finished,6.0,0.0
2021_12,VET,Aston Martin,5.0,5.0,True,Finished,5.0,0.0
2021_12,GAS,AlphaTauri,6.0,6.0,True,Finished,4.0,0.0
2021_12,OCO,Alpine,8.0,7.0,True,Finished,3.0,1.0
2021_12,LEC,Ferrari,9.0,8.0,True,Finished,2.0,1.0
2021_12,LAT,Williams,10.0,9.0,True,Finished,1.0,1.0
2021_12,SAI,Ferrari,11.0,10.0,True,Finished,0.5,1.0
2021_12,ALO,Alpine,12.0,11.0,True,Finished,0.0,1.0
2021_12,BOT,Mercedes,13.0,12.0,True,Finished,0.0,1.0
2021_12,GIO,Alfa Romeo Racing,14.0,13.0,True,Finished,0.0,1.0
2021_12,NOR,McLaren,15.0,14.0,True,Finished,0.0,1.0
2021_12,TSU,AlphaTauri,16.0,15.0,True,Finished,0.0,1.0
2021_12,MSC,Haas F1 Team,17.0,16.0,True,Finished,0.0,1.0
2021_12,MAZ,Haas F1 Team,18.0,17.0,True,Finished,0.0,1.0
2021_12,RAI,Alfa Romeo Racing,,18.0,True,Finished,0.0,
2021_12,PER,Red Bull Racing,,19.0,True,Finished,0.0,
2021_12,STR,Aston Martin,19.0,20.0,True,Finished,0.0,-1.0
2021_13,VER,Red Bull Racing,1.0,1.0,True,Finished,25.0,0.0
2021_13,HAM,Mercedes,2.0,2.0,True,Finished,19.0,0.0
2021_13,BOT,Mercedes,3.0,3.0,True,Finished,15.0,0.0
2021_13,GAS,AlphaTauri,4.0,4.0,True,+1 Lap,12.0,0.0
2021_13,LEC,Ferrari,5.0,5.0,True,+1 Lap,10.0,0.0
2021_13,ALO,Alpine,9.0,6.0,True,+1 Lap,8.0,3.0
2021_13,SAI,Ferrari,6.0,7.0,True,+1 Lap,6.0,-1.0
2021_13,PER,Red Bull Racing,,8.0,True,+1 Lap,4.0,
2021_13,OCO,Alpine,8.0,9.0,True,+1 Lap,2.0,-1.0
2021_13,NOR,McLaren,13.0,10.0,True,+1 Lap,1.0,3.0
2021_13,RIC,McLaren,10.0,11.0,True,+1 Lap,0.0,-1.0
2021_13,STR,Aston Martin,12.0,12.0,True,+2 Laps,0.0,0.0
2021_13,VET,Aston Martin,15.0,13.0,True,+2 Laps,0.0,2.0
2021_13,GIO,Alfa Romeo Racing,7.0,14.0,True,+2 Laps,0.0,-7.0
2021_13,KUB,Alfa Romeo Racing,16.0,15.0,True,+2 Laps,0.0,1.0
2021_13,LAT,Williams,,16.0,True,+2 Laps,0.0,
2021_13,RUS,Williams,11.0,17.0,True,Gearbox,0.0,-6.0
2021_13,MSC,Haas F1 Team,17.0,18.0,True,+3 Laps,0.0,-1.0
2021_13,TSU,AlphaTauri,14.0,19.0,False,Power Unit,0.0,
2021_13,MAZ,Haas F1 Team,18.0,20.0,False,Hydraulics,0.0,
2021_14,RIC,McLaren,2.0,1.0,True,Finished,26.0,1.0
2021_14,NOR,McLaren,3.0,2.0,True,Finished,18.0,1.0
2021_14,BOT,Mercedes,19.0,3.0,True,Finished,15.0,16.0
2021_14,LEC,Ferrari,5.0,4.0,True,Finished,12.0,1.0
2021_14,PER,Red Bull Racing,8.0,5.0,True,Finished,10.0,3.0
2021_14,SAI,Ferrari,6.0,6.0,True,Finished,8.0,0.0
2021_14,STR,Aston Martin,9.0,7.0,True,Finished,6.0,2.0
2021_14,ALO,Alpine,10.0,8.0,True,Finished,4.0,2.0
2021_14,RUS,Williams,14.0,9.0,True,Finished,2.0,5.0
2021_14,OCO,Alpine,12.0,10.0,True,Finished,1.0,2.0
2021_14,LAT,Williams,13.0,11.0,True,Finished,0.0,2.0
2021_14,VET,Aston Martin,11.0,12.0,True,Finished,0.0,-1.0
2021_14,GIO,Alfa Romeo Racing,7.0,13.0,True,Finished,0.0,-6.0
2021_14,KUB,Alfa Romeo Racing,17.0,14.0,True,Finished,0.0,3.0
2021_14,MSC,Haas F1 Team,18.0,15.0,True,Finished,0.0,3.0
2021_14,MAZ,Haas F1 Team,16.0,16.0,False,Power Unit,0.0,
2021_14,HAM,Mercedes,4.0,17.0,False,Collision,0.0,
2021_14,VER,Red Bull Racing,1.0,18.0,False,Collision,0.0,
2021_14,GAS,AlphaTauri,,19.0,False,Suspension,0.0,
2021_14,TSU,AlphaTauri,,20.0,False,Brakes,0.0,
2021_15,HAM,Mercedes,4.0,1.0,True,Finished,25.0,3.0
2021_15,VER,Red Bull Racing,20.0,2.0,True,Finished,18.0,18.0
2021_15,SAI,Ferrari,2.0,3.0,True,Finished,15.0,-1.0
2021_15,RIC,McLaren,5.0,4.0,True,Finished,12.0,1.0
2021_15,BOT,Mercedes,16.0,5.0,True,Finished,10.0,11.0
2021_15,ALO,Alpine,6.0,6.0,True,Finished,8.0,0.0
2021_15,NOR,McLaren,1.0,7.0,True,Finished,7.0,-6.0
2021_15,RAI,Alfa Romeo Racing,13.0,8.0,True,Finished,4.0,5.0
2021_15,PER,Red Bull Racing,8.0,9.0,True,Finished,2.0,-1.0
2021_15,RUS,Williams,3.0,10.0,True,Finished,1.0,-7.0
2021_15,STR,Aston Martin,7.0,11.0,True,Finished,0.0,-4.0
2021_15,VET,Aston Martin,10.0,12.0,True,+1 Lap,0.0,-2.0
2021_15,GAS,AlphaTauri,11.0,13.0,True,+1 Lap,0.0,-2.0
2021_15,OCO,Alpine,9.0,14.0,True,+1 Lap,0.0,-5.0
2021_15,LEC,Ferrari,19.0,15.0,True,+1 Lap,0.0,4.0
2021_15,GIO,Alfa Romeo Racing,17.0,16.0,True,+1 Lap,0.0,1.0
2021_15,TSU,AlphaTauri,12.0,17.0,True,+1 Lap,0.0,-5.0
2021_15,MAZ,Haas F1 Team,15.0,18.0,True,+2 Laps,0.0,-3.0
2021_15,LAT,Williams,18.0,19.0,True,Accident,0.0,-1.0
2021_15,MSC,Haas F1 Team,14.0,20.0,False,Oil leak,0.0,
2021_16,BOT,Mercedes,1.0,1.0,True,Finished,26.0,0.0
2021_16,VER,Red Bull Racing,2.0,2.0,True,Finished,18.0,0.0
2021_16,PER,Red Bull Racing,6.0,3.0,True,Finished,15.0,3.0
2021_16,LEC,Ferrari,3.0,4.0,True,Finished,12.0,-1.0
2021_16,HAM,Mercedes,11.0,5.0,True,Finished,10.0,6.0
2021_16,GAS,AlphaTauri,4.0,6.0,True,Finished,8.0,-2.0
2021_16,NOR,McLaren,7.0,7.0,True,Finished,6.0,0.0
2021_16,SAI,Ferrari,19.0,8.0,True,Finished,4.0,11.0
2021_16,STR,Aston Martin,8.0,9.0,True,Finished,2.0,-1.0
2021_16,OCO,Alpine,12.0,10.0,True,+1 Lap,1.0,2.0
2021_16,GIO,Alfa Romeo Racing,16.0,11.0,True,+1 Lap,0.0,5.0
2021_16,RAI,Alfa Romeo Racing,17.0,12.0,True,+1 Lap,0.0,5.0
2021_16,RIC,McLaren,20.0,13.0,True,+1 Lap,0.0,7.0
2021_16,TSU,AlphaTauri,9.0,14.0,True,+1 Lap,0.0,-5.0
2021_16,RUS,Williams,13.0,15.0,True,+1 Lap,0.0,-2.0
2021_16,ALO,Alpine,5.0,16.0,True,+1 Lap,0.0,-11.0
2021_16,LAT,Williams,15.0,17.0,True,+1 Lap,0.0,-2.0
2021_16,VET,Aston Martin,10.0,18.0,True,+1 Lap,0.0,-8.0
2021_16,MSC,Haas F1 Team,14.0,19.0,True,+2 Laps,0.0,-5.0
2021_16,MAZ,Haas F1 Team,18.0,20.0,True,+2 Laps,0.0,-2.0
2021_17,VER,Red Bull Racing,1.0,1.0,True,Finished,25.0,0.0
2021_17,HAM,Mercedes,2.0,2.0,True,Finished,19.0,0.0
2021_17,PER,Red Bull Racing,3.0,3.0,True,Finished,15.0,0.0
2021_17,LEC,Ferrari,4.0,4.0,True,Finished,12.0,0.0
2021_17,RIC,McLaren,6.0,5.0,True,Finished,10.0,1.0
2021_17,BOT,Mercedes,9.0,6.0,True,Finished,8.0,3.0
2021_17,SAI,Ferrari,5.0,7.0,True,Finished,6.0,-2.0
2021_17,NOR,McLaren,7.0,8.0,True,Finished,4.0,-1.0
2021_17,TSU,AlphaTauri,10.0,9.0,True,+1 Lap,2.0,1.0
2021_17,VET,Aston Martin,18.0,10.0,True,+1 Lap,1.0,8.0
2021_17,GIO,Alfa Romeo Racing,12.0,11.0,True,+1 Lap,0.0,1.0
2021_17,STR,Aston Martin,13.0,12.0,True,+1 Lap,0.0,1.0
2021_17,RAI,Alfa Romeo Racing,15.0,13.0,True,+1 Lap,0.0,2.0
2021_17,RUS,Williams,20.0,14.0,True,+1 Lap,0.0,6.0
2021_17,LAT,Williams,14.0,15.0,True,+1 Lap,0.0,-1.0
2021_17,MSC,Haas F1 Team,16.0,16.0,True,+2 Laps,0.0,0.0
2021_17,MAZ,Haas F1 Team,17.0,17.0,True,+2 Laps,0.0,0.0
2021_17,ALO,Alpine,19.0,18.0,False,Rear wing,0.0,
2021_17,OCO,Alpine,11.0,19.0,False,Mechanical,0.0,
2021_17,GAS,AlphaTauri,8.0,20.0,False,Suspension,0.0,
2021_18,VER,Red Bull Racing,3.0,1.0,True,Finished,25.0,2.0
2021_18,HAM,Mercedes,2.0,2.0,True,Finished,18.0,0.0
2021_18,PER,Red Bull Racing,4.0,3.0,True,Finished,15.0,1.0
2021_18,GAS,AlphaTauri,5.0,4.0,True,Finished,12.0,1.0
2021_18,LEC,Ferrari,8.0,5.0,True,Finished,10.0,3.0
2021_18,SAI,Ferrari,6.0,6.0,True,+1 Lap,8.0,0.0
2021_18,VET,Aston Martin,9.0,7.0,True,+1 Lap,6.0,2.0
2021_18,RAI,Alfa Romeo Racing,10.0,8.0,True,+1 Lap,4.0,2.0
2021_18,ALO,Alpine,12.0,9.0,True,+1 Lap,2.0,3.0
2021_18,NOR,McLaren,18.0,10.0,True,+1 Lap,1.0,8.0
2021_18,GIO,Alfa Romeo Racing,11.0,11.0,True,+1 Lap,0.0,0.0
2021_18,RIC,McLaren,7.0,12.0,True,+1 Lap,0.0,-5.0
2021_18,OCO,Alpine,19.0,13.0,True,+1 Lap,0.0,6.0
2021_18,STR,Aston Martin,20.0,14.0,True,+2 Laps,0.0,6.0
2021_18,BOT,Mercedes,1.0,15.0,True,+2 Laps,0.0,-14.0
2021_18,RUS,Williams,16.0,16.0,True,+2 Laps,0.0,0.0
2021_18,LAT,Williams,13.0,17.0,True,+2 Laps,0.0,-4.0
2021_18,MAZ,Haas F1 Team,15.0,18.0,True,+3 Laps,0.0,-3.0
2021_18,MSC,Haas F1 Team,14.0,19.0,False,Collision,0.0,
2021_18,TSU,AlphaTauri,17.0,20.0,False,Collision,0.0,
2021_19,HAM,Mercedes,10.0,1.0,True,Finished,25.0,9.0
2021_19,VER,Red Bull Racing,2.0,2.0,True,Finished,18.0,0.0
2021_19,BOT,Mercedes,1.0,3.0,True,Finished,15.0,-2.0
2021_19,PER,Red Bull Racing,4.0,4.0,True,Finished,13.0,0.0
2021_19,LEC,Ferrari,6.0,5.0,True,Finished,10.0,1.0
2021_19,SAI,Ferrari,3.0,6.0,True,Finished,8.0,-3.0
2021_19,GAS,AlphaTauri,7.0,7.0,True,+1 Lap,6.0,0.0
2021_19,OCO,Alpine,8.0,8.0,True,+1 Lap,4.0,0.0
2021_19,ALO,Alpine,12.0,9.0,True,+1 Lap,2.0,3.0
2021_19,NOR,McLaren,5.0,10.0,True,+1 Lap,1.0,-5.0
2021_19,VET,Aston Martin,9.0,11.0,True,+1 Lap,0.0,-2.0
2021_19,RAI,Alfa Romeo Racing,,12.0,True,+1 Lap,0.0,
2021_19,RUS,Williams,17.0,13.0,True,+1 Lap,0.0,4.0
2021_19,GIO,Alfa Romeo Racing,13.0,14.0,True,+1 Lap,0.0,-1.0
2021_19,TSU,AlphaTauri,15.0,15.0,True,+1 Lap,0.0,0.0
2021_19,LAT,Williams,16.0,16.0,True,+1 Lap,0.0,0.0
2021_19,MAZ,Haas F1 Team,19.0,17.0,True,+2 Laps,0.0,2.0
2021_19,MSC,Haas F1 Team,18.0,18.0,True,+2 Laps,0.0,0.0
2021_19,RIC,McLaren,11.0,19.0,False,Power loss,0.0,
2021_19,STR,Aston Martin,14.0,20.0,False,Collision damage,0.0,
2021_20,HAM,Mercedes,1.0,1.0,True,Finished,25.0,0.0
2021_20,VER,Red Bull Racing,7.0,2.0,True,Finished,19.0,5.0
2021_20,ALO,Alpine,3.0,3.0,True,Finished,15.0,0.0
2021_20,PER,Red Bull Racing,11.0,4.0,True,Finished,12.0,7.0
2021_20,OCO,Alpine,9.0,5.0,True,Finished,10.0,4.0
2021_20,STR,Aston Martin,12.0,6.0,True,Finished,8.0,6.0
2021_20,SAI,Ferrari,5.0,7.0,True,Finished,6.0,-2.0
2021_20,LEC,Ferrari,13.0,8.0,True,Finished,4.0,5.0
2021_20,NOR,McLaren,4.0,9.0,True,+1 Lap,2.0,-5.0
2021_20,VET,Aston Martin,10.0,10.0,True,+1 Lap,1.0,0.0
2021_20,GAS,AlphaTauri,2.0,11.0,True,+1 Lap,0.0,-9.0
2021_20,RIC,McLaren,14.0,12.0,True,+1 Lap,0.0,2.0
2021_20,TSU,AlphaTauri,8.0,13.0,True,+1 Lap,0.0,-5.0
2021_20,RAI,Alfa Romeo Racing,16.0,14.0,True,+1 Lap,0.0,2.0
2021_20,GIO,Alfa Romeo Racing,18.0,15.0,True,+1 Lap,0.0,3.0
2021_20,MSC,Haas F1 Team,19.0,16.0,True,+1 Lap,0.0,3.0
2021_20,RUS,Williams,15.0,17.0,True,+2 Laps,0.0,-2.0
2021_20,MAZ,Haas F1 Team,20.0,18.0,True,+2 Laps,0.0,2.0
2021_20,LAT,Williams,17.0,19.0,False,Puncture,0.0,
2021_20,BOT,Mercedes,6.0,20.0,False,Damage,0.0,
2021_21,HAM,Mercedes,1.0,1.0,True,Finished,26.0,0.0
2021_21,VER,Red Bull Racing,3.0,2.0,True,Finished,18.0,1.0
2021_21,BOT,Mercedes,2.0,3.0,True,Finished,15.0,-1.0
2021_21,OCO,Alpine,9.0,4.0,True,Finished,12.0,5.0
2021_21,RIC,McLaren,11.0,5.0,True,Finished,10.0,6.0
2021_21,GAS,AlphaTauri,6.0,6.0,True,Finished,8.0,0.0
2021_21,LEC,Ferrari,4.0,7.0,True,Finished,6.0,-3.0
2021_21,SAI,Ferrari,15.0,8.0,True,Finished,4.0,7.0
2021_21,GIO,Alfa Romeo Racing,10.0,9.0,True,Finished,2.0,1.0
2021_21,NOR,McLaren,7.0,10.0,True,Finished,1.0,-3.0
2021_21,STR,Aston Martin,18.0,11.0,True,Finished,0.0,7.0
2021_21,LAT,Williams,16.0,12.0,True,Finished,0.0,4.0
2021_21,ALO,Alpine,13.0,13.0,True,+1 Lap,0.0,0.0
2021_21,TSU,AlphaTauri,8.0,14.0,True,+1 Lap,0.0,-6.0
2021_21,RAI,Alfa Romeo Racing,12.0,15.0,True,+1 Lap,0.0,-3.0
2021_21,VET,Aston Martin,17.0,16.0,False,Collision damage,0.0,
2021_21,PER,Red Bull Racing,5.0,17.0,False,Collision,0.0,
2021_21,MAZ,Haas F1 Team,20.0,18.0,False,Collision,0.0,
2021_21,RUS,Williams,14.0,19.0,False,Collision,0.0,
2021_21,MSC,Haas F1 Team,19.0,20.0,False,Accident,0.0,
2021_22,VER,Red Bull Racing,1.0,1.0,True,Finished,26.0,0.0
2021_22,HAM,Mercedes,2.0,2.0,True,Finished,18.0,0.0
2021_22,SAI,Ferrari,5.0,3.0,True,Finished,15.0,2.0
2021_22,TSU,AlphaTauri,8.0,4.0,True,Finished,12.0,4.0
2021_22,GAS,AlphaTauri,12.0,5.0,True,Finished,10.0,7.0
2021_22,BOT,Mercedes,6.0,6.0,True,Finished,8.0,0.0
2021_22,NOR,McLaren,3.0,7.0,True,Finished,6.0,-4.0
2021_22,ALO,Alpine,11.0,8.0,True,Finished,4.0,3.0
2021_22,OCO,Alpine,9.0,9.0,True,Finished,2.0,0.0
2021_22,LEC,Ferrari,7.0,10.0,True,Finished,1.0,-3.0
2021_22,VET,Aston Martin,15.0,11.0,True,Finished,0.0,4.0
2021_22,RIC,McLaren,10.0,12.0,True,+1 Lap,0.0,-2.0
2021_22,STR,Aston Martin,13.0,13.0,True,+1 Lap,0.0,0.0
2021_22,MSC,Haas F1 Team,19.0,14.0,True,+1 Lap,0.0,5.0
2021_22,PER,Red Bull Racing,4.0,15.0,True,Engine,0.0,-11.0
2021_22,LAT,Williams,16.0,16.0,False,Accident,0.0,
2021_22,GIO,Alfa Romeo Racing,14.0,17.0,False,Gearbox,0.0,
2021_22,RUS,Williams,17.0,18.0,False,Gearbox,0.0,
2021_22,RAI,Alfa Romeo Racing,18.0,19.0,False,Brakes,0.0,
2021_22,MAZ,Haas F1 Team,,,False,Illness,0.0,
2022_01,LEC,Ferrari,1.0,1.0,True,Finished,26.0,0.0
2022_01,SAI,Ferrari,3.0,2.0,True,Finished,18.0,1.0
2022_01,HAM,Mercedes,5.0,3.0,True,Finished,15.0,2.0
2022_01,RUS,Mercedes,9.0,4.0,True,Finished,12.0,5.0
2022_01,MAG,Haas F1 Team,7.0,5.0,True,Finished,10.0,2.0
2022_01,BOT,Alfa Romeo,6.0,6.0,True,Finished,8.0,0.0
2022_01,OCO,Alpine,11.0,7.0,True,Finished,6.0,4.0
2022_01,TSU,AlphaTauri,16.0,8.0,True,Finished,4.0,8.0
2022_01,ALO,Alpine,8.0,9.0,True,Finished,2.0,-1.0
2022_01,ZHO,Alfa Romeo,15.0,10.0,True,Finished,1.0,5.0
2022_01,MSC,Haas F1 Team,12.0,11.0,True,Finished,0.0,1.0
2022_01,STR,Aston Martin,19.0,12.0,True,Finished,0.0,7.0
2022_01,ALB,Williams,14.0,13.0,True,Finished,0.0,1.0
2022_01,RIC,McLaren,18.0,14.0,True,Finished,0.0,4.0
2022_01,NOR,McLaren,13.0,15.0,True,Finished,0.0,-2.0
2022_01,LAT,Williams,20.0,16.0,True,Finished,0.0,4.0
2022_01,HUL,Aston Martin,17.0,17.0,True,Finished,0.0,0.0
2022_01,PER,Red Bull Racing,4.0,18.0,True,Fuel pressure,0.0,-14.0
2022_01,VER,Red Bull Racing,2.0,19.0,True,Fuel pressure,0.0,-17.0
2022_01,GAS,AlphaTauri,10.0,20.0,False,Power Unit,0.0,
2022_02,VER,Red Bull Racing,4.0,1.0,True,Finished,25.0,3.0
2022_02,LEC,Ferrari,2.0,2.0,True,Finished,19.0,0.0
2022_02,SAI,Ferrari,3.0,3.0,True,Finished,15.0,0.0
2022_02,PER,Red Bull Racing,1.0,4.0,True,Finished,12.0,-3.0
2022_02,RUS,Mercedes,6.0,5.0,True,Finished,10.0,1.0
2022_02,OCO,Alpine,5.0,6.0,True,Finished,8.0,-1.0
2022_02,NOR,McLaren,11.0,7.0,True,Finished,6.0,4.0
2022_02,GAS,AlphaTauri,9.0,8.0,True,Finished,4.0,1.0
2022_02,MAG,Haas F1 Team,10.0,9.0,True,Finished,2.0,1.0
2022_02,HAM,Mercedes,15.0,10.0,True,Finished,1.0,5.0
2022_02,ZHO,Alfa Romeo,12.0,11.0,True,Finished,0.0,1.0
2022_02,HUL,Aston Martin,17.0,12.0,True,Finished,0.0,5.0
2022_02,STR,Aston Martin,13.0,13.0,True,+1 Lap,0.0,0.0
2022_02,ALB,Williams,16.0,14.0,True,Collision damage,0.0,2.0
2022_02,BOT,Alfa Romeo,8.0,15.0,False,Cooling system,0.0,
2022_02,ALO,Alpine,7.0,16.0,False,Water pump,0.0,
2022_02,RIC,McLaren,14.0,17.0,False,Gearbox,0.0,
2022_02,LAT,Williams,18.0,18.0,False,Accident,0.0,
2022_02,TSU,AlphaTauri,19.0,19.0,False,Power Unit,0.0,
2022_02,MSC,Haas F1 Team,,,False,Withdrew,0.0,
2022_03,LEC,Ferrari,1.0,1.0,True,Finished,26.0,0.0
2022_03,PER,Red Bull Racing,3.0,2.0,True,Finished,18.0,1.0
2022_03,RUS,Mercedes,6.0,3.0,True,Finished,15.0,3.0
2022_03,HAM,Mercedes,5.0,4.0,True,Finished,12.0,1.0
2022_03,NOR,McLaren,4.0,5.0,True,Finished,10.0,-1.0
2022_03,RIC,McLaren,7.0,6.0,True,Finished,8.0,1.0
2022_03,OCO,Alpine,8.0,7.0,True,Finished,6.0,1.0
2022_03,BOT,Alfa Romeo,12.0,8.0,True,Finished,4.0,4.0
2022_03,GAS,AlphaTauri,11.0,9.0,True,Finished,2.0,2.0
2022_03,ALB,Williams,20.0,10.0,True,Finished,1.0,10.0
2022_03,ZHO,Alfa Romeo,14.0,11.0,True,Finished,0.0,3.0
2022_03,STR,Aston Martin,19.0,12.0,True,Finished,0.0,7.0
2022_03,MSC,Haas F1 Team,15.0,13.0,True,+1 Lap,0.0,2.0
2022_03,MAG,Haas F1 Team,16.0,14.0,True,+1 Lap,0.0,2.0
2022_03,TSU,AlphaTauri,13.0,15.0,True,+1 Lap,0.0,-2.0
2022_03,LAT,Williams,18.0,16.0,True,+1 Lap,0.0,2.0
2022_03,ALO,Alpine,10.0,17.0,True,+1 Lap,0.0,-7.0
2022_03,VER,Red Bull Racing,2.0,18.0,False,Fuel leak,0.0,
2022_03,VET,Aston Martin,17.0,19.0,False,Accident,0.0,
2022_03,SAI,Ferrari,9.0,20.0,False,Spun off,0.0,
2022_04,VER,Red Bull Racing,1.0,1.0,True,Finished,26.0,0.0
2022_04,PER,Red Bull Racing,3.0,2.0,True,Finished,18.0,1.0
2022_04,NOR,McLaren,5.0,3.0,True,Finished,15.0,2.0
2022_04,RUS,Mercedes,11.0,4.0,True,Finished,12.0,7.0
2022_04,BOT,Alfa Romeo,7.0,5.0,True,Finished,10.0,2.0
2022_04,LEC,Ferrari,2.0,6.0,True,Finished,8.0,-4.0
2022_04,TSU,AlphaTauri,12.0,7.0,True,Finished,6.0,5.0
2022_04,VET,Aston Martin,13.0,8.0,True,Finished,4.0,5.0
2022_04,MAG,Haas F1 Team,8.0,9.0,True,Finished,2.0,-1.0
2022_04,STR,Aston Martin,15.0,10.0,True,+1 Lap,1.0,5.0
2022_04,ALB,Williams,18.0,11.0,True,+1 Lap,0.0,7.0
2022_04,GAS,AlphaTauri,17.0,12.0,True,+1 Lap,0.0,5.0
2022_04,HAM,Mercedes,14.0,13.0,True,+1 Lap,0.0,1.0
2022_04,OCO,Alpine,16.0,14.0,True,+1 Lap,0.0,2.0
2022_04,ZHO,Alfa Romeo,,15.0,True,+1 Lap,0.0,
2022_04,LAT,Williams,19.0,16.0,True,+1 Lap,0.0,3.0
2022_04,MSC,Haas F1 Team,10.0,17.0,True,+1 Lap,0.0,-7.0
2022_04,RIC,McLaren,6.0,18.0,True,+1 Lap,0.0,-12.0
2022_04,ALO,Alpine,9.0,19.0,False,Collision damage,0.0,
2022_04,SAI,Ferrari,4.0,20.0,False,Collision,0.0,
2022_05,VER,Red Bull Racing,3.0,1.0,True,Finished,26.0,2.0
2022_05,LEC,Ferrari,1.0,2.0,True,Finished,18.0,-1.0
2022_05,SAI,Ferrari,2.0,3.0,True,Finished,15.0,-1.0
2022_05,PER,Red Bull Racing,4.0,4.0,True,Finished,12.0,0.0
2022_05,RUS,Mercedes,12.0,5.0,True,Finished,10.0,7.0
2022_05,HAM,Mercedes,6.0,6.0,True,Finished,8.0,0.0
2022_05,BOT,Alfa Romeo,5.0,7.0,True,Finished,6.0,-2.0
2022_05,OCO,Alpine,20.0,8.0,True,Finished,4.0,12.0
2022_05,ALB,Williams,18.0,9.0,True,Finished,2.0,9.0
2022_05,STR,Aston Martin,,10.0,True,Finished,1.0,
2022_05,ALO,Alpine,11.0,11.0,True,Finished,0.0,0.0
2022_05,TSU,AlphaTauri,9.0,12.0,True,Finished,0.0,-3.0
2022_05,RIC,McLaren,14.0,13.0,True,Finished,0.0,1.0
2022_05,LAT,Williams,19.0,14.0,True,Finished,0.0,5.0
2022_05,MSC,Haas F1 Team,15.0,15.0,True,Finished,0.0,0.0
2022_05,MAG,Haas F1 Team,16.0,16.0,True,Front wing,0.0,0.0
2022_05,VET,Aston Martin,,17.0,True,Collision,0.0,
2022_05,GAS,AlphaTauri,7.0,18.0,False,Suspension,0.0,
2022_05,NOR,McLaren,8.0,19.0,False,Collision,0.0,
2022_05,ZHO,Alfa Romeo,17.0,20.0,False,Water leak,0.0,
2022_06,VER,Red Bull Racing,2.0,1.0,True,Finished,25.0,1.0
2022_06,PER,Red Bull Racing,5.0,2.0,True,Finished,19.0,3.0
2022_06,RUS,Mercedes,4.0,3.0,True,Finished,15.0,1.0
2022_06,SAI,Ferrari,3.0,4.0,True,Finished,12.0,-1.0
2022_06,HAM,Mercedes,6.0,5.0,True,Finished,10.0,1.0
2022_06,BOT,Alfa Romeo,7.0,6.0,True,Finished,8.0,1.0
2022_06,OCO,Alpine,12.0,7.0,True,Finished,6.0,5.0
2022_06,NOR,McLaren,11.0,8.0,True,Finished,4.0,3.0
2022_06,ALO,Alpine,20.0,9.0,True,+1 Lap,2.0,11.0
2022_06,TSU,AlphaTauri,13.0,10.0,True,+1 Lap,1.0,3.0
2022_06,VET,Aston Martin,16.0,11.0,True,+1 Lap,0.0,5.0
2022_06,RIC,McLaren,9.0,12.0,True,+1 Lap,0.0,-3.0
2022_06,GAS,AlphaTauri,14.0,13.0,True,+1 Lap,0.0,1.0
2022_06,MSC,Haas F1 Team,10.0,14.0,True,+1 Lap,0.0,-4.0
2022_06,STR,Aston Martin,17.0,15.0,True,+1 Lap,0.0,2.0
2022_06,LAT,Williams,19.0,16.0,True,+2 Laps,0.0,3.0
2022_06,MAG,Haas F1 Team,8.0,17.0,True,+2 Laps,0.0,-9.0
2022_06,ALB,Williams,18.0,18.0,True,+2 Laps,0.0,0.0
2022_06,ZHO,Alfa Romeo,15.0,19.0,False,Power loss,0.0,
2022_06,LEC,Ferrari,1.0,20.0,False,Turbo,0.0,
2022_07,PER,Red Bull Racing,3.0,1.0,True,Finished,25.0,2.0
2022_07,SAI,Ferrari,2.0,2.0,True,Finished,18.0,0.0
2022_07,VER,Red Bull Racing,4.0,3.0,True,Finished,15.0,1.0
2022_07,LEC,Ferrari,1.0,4.0,True,Finished,12.0,-3.0
2022_07,RUS,Mercedes,6.0,5.0,True,Finished,10.0,1.0
2022_07,NOR,McLaren,5.0,6.0,True,Finished,9.0,-1.0
2022_07,ALO,Alpine,7.0,7.0,True,Finished,6.0,0.0
2022_07,HAM,Mercedes,8.0,8.0,True,Finished,4.0,0.0
2022_07,OCO,Alpine,10.0,9.0,True,Finished,0.0,1.0
2022_07,BOT,Alfa Romeo,12.0,10.0,True,Finished,2.0,2.0
2022_07,VET,Aston Martin,9.0,11.0,True,Finished,1.0,-2.0
2022_07,GAS,AlphaTauri,17.0,12.0,True,Finished,0.0,5.0
2022_07,RIC,McLaren,14.0,13.0,True,Finished,0.0,1.0
2022_07,STR,Aston Martin,18.0,14.0,True,Finished,0.0,4.0
2022_07,LAT,Williams,19.0,15.0,True,+1 Lap,0.0,4.0
2022_07,ZHO,Alfa Romeo,20.0,16.0,True,+1 Lap,0.0,4.0
2022_07,TSU,AlphaTauri,11.0,17.0,True,+1 Lap,0.0,-6.0
2022_07,ALB,Williams,16.0,18.0,False,Mechanical,0.0,
2022_07,MSC,Haas F1 Team,15.0,19.0,False,Accident,0.0,
2022_07,MAG,Haas F1 Team,13.0,20.0,False,Water pressure,0.0,
2022_08,VER,Red Bull Racing,3.0,1.0,True,Finished,25.0,2.0
2022_08,PER,Red Bull Racing,2.0,2.0,True,Finished,19.0,0.0
2022_08,RUS,Mercedes,5.0,3.0,True,Finished,15.0,2.0
2022_08,HAM,Mercedes,7.0,4.0,True,Finished,12.0,3.0
2022_08,GAS,AlphaTauri,6.0,5.0,True,Finished,10.0,1.0
2022_08,VET,Aston Martin,9.0,6.0,True,Finished,8.0,3.0
2022_08,ALO,Alpine,10.0,7.0,True,Finished,6.0,3.0
2022_08,RIC,McLaren,12.0,8.0,True,Finished,4.0,4.0
2022_08,NOR,McLaren,11.0,9.0,True,Finished,2.0,2.0
2022_08,OCO,Alpine,13.0,10.0,True,Finished,1.0,3.0
2022_08,BOT,Alfa Romeo,15.0,11.0,True,+1 Lap,0.0,4.0
2022_08,ALB,Williams,17.0,12.0,True,+1 Lap,0.0,5.0
2022_08,TSU,AlphaTauri,8.0,13.0,True,+1 Lap,0.0,-5.0
2022_08,MSC,Haas F1 Team,20.0,14.0,True,+1 Lap,0.0,6.0
2022_08,LAT,Williams,18.0,15.0,True,+1 Lap,0.0,3.0
2022_08,STR,Aston Martin,19.0,16.0,True,Vibrations,0.0,3.0
2022_08,MAG,Haas F1 Team,16.0,17.0,False,Power Unit,0.0,
2022_08,ZHO,Alfa Romeo,14.0,18.0,False,Hydraulics,0.0,
2022_08,LEC,Ferrari,1.0,19.0,False,Power Unit,0.0,
2022_08,SAI,Ferrari,4.0,20.0,False,Hydraulics,0.0,
2022_09,VER,Red Bull Racing,1.0,1.0,True,Finished,25.0,0.0
2022_09,SAI,Ferrari,3.0,2.0,True,Finished,19.0,1.0
2022_09,HAM,Mercedes,4.0,3.0,True,Finished,15.0,1.0
2022_09,RUS,Mercedes,8.0,4.0,True,Finished,12.0,4.0
2022_09,LEC,Ferrari,19.0,5.0,True,Finished,10.0,14.0
2022_09,OCO,Alpine,7.0,6.0,True,Finished,8.0,1.0
2022_09,ALO,Alpine,2.0,7.0,True,Finished,2.0,-5.0
2022_09,BOT,Alfa Romeo,11.0,8.0,True,Finished,6.0,3.0
2022_09,ZHO,Alfa Romeo,10.0,9.0,True,Finished,4.0,1.0
2022_09,STR,Aston Martin,17.0,10.0,True,Finished,1.0,7.0
2022_09,RIC,McLaren,9.0,11.0,True,Finished,0.0,-2.0
2022_09,VET,Aston Martin,16.0,12.0,True,Finished,0.0,4.0
2022_09,ALB,Williams,12.0,13.0,True,Finished,0.0,-1.0
2022_09,GAS,AlphaTauri,15.0,14.0,True,Finished,0.0,1.0
2022_09,NOR,McLaren,14.0,15.0,True,Finished,0.0,-1.0
2022_09,LAT,Williams,18.0,16.0,True,Finished,0.0,2.0
2022_09,MAG,Haas F1 Team,5.0,17.0,True,Finished,0.0,-12.0
2022_09,TSU,AlphaTauri,20.0,18.0,False,Accident,0.0,
2022_09,MSC,Haas F1 Team,6.0,19.0,False,Engine,0.0,
2022_09,PER,Red Bull Racing,13.0,20.0,False,Gearbox,0.0,
2022_10,SAI,Ferrari,1.0,1.0,True,Finished,25.0,0.0
2022_10,PER,Red Bull Racing,4.0,2.0,True,Finished,18.0,2.0
2022_10,HAM,Mercedes,5.0,3.0,True,Finished,16.0,2.0
2022_10,LEC,Ferrari,3.0,4.0,True,Finished,12.0,-1.0
2022_10,ALO,Alpine,7.0,5.0,True,Finished,10.0,2.0
2022_10,NOR,McLaren,6.0,6.0,True,Finished,8.0,0.0
2022_10,VER,Red Bull Racing,2.0,7.0,True,Finished,6.0,-5.0
2022_10,MSC,Haas F1 Team,19.0,8.0,True,Finished,4.0,11.0
2022_10,VET,Aston Martin,18.0,9.0,True,Finished,2.0,9.0
2022_10,MAG,Haas F1 Team,17.0,10.0,True,Finished,1.0,7.0
2022_10,STR,Aston Martin,20.0,11.0,True,Finished,0.0,9.0
2022_10,LAT,Williams,10.0,12.0,True,Finished,0.0,-2.0
2022_10,RIC,McLaren,14.0,13.0,True,Finished,0.0,1.0
2022_10,TSU,AlphaTauri,13.0,14.0,True,Finished,0.0,-1.0
2022_10,OCO,Alpine,15.0,15.0,False,Fuel pump,0.0,
2022_10,GAS,AlphaTauri,11.0,16.0,False,Collision damage,0.0,
2022_10,BOT,Alfa Romeo,12.0,17.0,False,Gearbox,0.0,
2022_10,ALB,Williams,16.0,18.0,False,Collision,0.0,
2022_10,ZHO,Alfa Romeo,9.0,19.0,False,Collision,0.0,
2022_10,RUS,Mercedes,8.0,20.0,False,Collision,0.0,
2022_11,LEC,Ferrari,2.0,1.0,True,Finished,25.0,1.0
2022_11,VER,Red Bull Racing,1.0,2.0,True,Finished,19.0,-1.0
2022_11,HAM,Mercedes,8.0,3.0,True,Finished,15.0,5.0
2022_11,RUS,Mercedes,4.0,4.0,True,Finished,12.0,0.0
2022_11,OCO,Alpine,6.0,5.0,True,Finished,10.0,1.0
2022_11,MSC,Haas F1 Team,9.0,6.0,True,+1 Lap,8.0,3.0
2022_11,NOR,McLaren,10.0,7.0,True,+1 Lap,6.0,3.0
2022_11,MAG,Haas F1 Team,7.0,8.0,True,+1 Lap,4.0,-1.0
2022_11,RIC,McLaren,11.0,9.0,True,+1 Lap,2.0,2.0
2022_11,ALO,Alpine,19.0,10.0,True,+1 Lap,1.0,9.0
2022_11,BOT,Alfa Romeo,,11.0,True,+1 Lap,0.0,
2022_11,ALB,Williams,15.0,12.0,True,+1 Lap,0.0,3.0
2022_11,STR,Aston Martin,12.0,13.0,True,+1 Lap,0.0,-1.0
2022_11,ZHO,Alfa Romeo,13.0,14.0,True,+1 Lap,0.0,-1.0
2022_11,GAS,AlphaTauri,14.0,15.0,True,+1 Lap,0.0,-1.0
2022_11,VET,Aston Martin,18.0,16.0,True,+1 Lap,0.0,2.0
2022_11,TSU,AlphaTauri,16.0,17.0,True,+1 Lap,0.0,-1.0
2022_11,SAI,Ferrari,3.0,18.0,False,Power Unit,0.0,
2022_11,LAT,Williams,17.0,19.0,False,Undertray,0.0,
2022_11,PER,Red Bull Racing,5.0,20.0,False,Collision damage,0.0,
2022_12,VER,Red Bull Racing,2.0,1.0,True,Finished,25.0,1.0
2022_12,HAM,Mercedes,4.0,2.0,True,Finished,18.0,2.0
2022_12,RUS,Mercedes,6.0,3.0,True,Finished,15.0,3.0
2022_12,PER,Red Bull Racing,3.0,4.0,True,Finished,12.0,-1.0
2022_12,SAI,Ferrari,19.0,5.0,True,Finished,11.0,14.0
2022_12,ALO,Alpine,7.0,6.0,True,Finished,8.0,1.0
2022_12,NOR,McLaren,5.0,7.0,True,Finished,6.0,-2.0
2022_12,OCO,Alpine,10.0,8.0,True,Finished,4.0,2.0
2022_12,RIC,McLaren,9.0,9.0,True,Finished,2.0,0.0
2022_12,STR,Aston Martin,15.0,10.0,True,Finished,1.0,5.0
2022_12,VET,Aston Martin,12.0,11.0,True,Finished,0.0,1.0
2022_12,GAS,AlphaTauri,14.0,12.0,True,Finished,0.0,2.0
2022_12,ALB,Williams,13.0,13.0,True,Finished,0.0,0.0
2022_12,BOT,Alfa Romeo,11.0,14.0,True,Finished,0.0,-3.0
2022_12,MSC,Haas F1 Team,17.0,15.0,True,Finished,0.0,2.0
2022_12,ZHO,Alfa Romeo,16.0,16.0,True,+6 Laps,0.0,0.0
2022_12,LAT,Williams,18.0,17.0,False,Collision damage,0.0,
2022_12,MAG,Haas F1 Team,20.0,18.0,False,Collision damage,0.0,
2022_12,LEC,Ferrari,1.0,19.0,False,Accident,0.0,
2022_12,TSU,AlphaTauri,8.0,20.0,False,Undertray,0.0,
2022_13,VER,Red Bull Racing,10.0,1.0,True,Finished,25.0,9.0
2022_13,HAM,Mercedes,7.0,2.0,True,Finished,19.0,5.0
2022_13,RUS,Mercedes,1.0,3.0,True,Finished,15.0,-2.0
2022_13,SAI,Ferrari,2.0,4.0,True,Finished,12.0,-2.0
2022_13,PER,Red Bull Racing,11.0,5.0,True,Finished,10.0,6.0
2022_13,LEC,Ferrari,3.0,6.0,True,Finished,8.0,-3.0
2022_13,NOR,McLaren,4.0,7.0,True,Finished,6.0,-3.0
2022_13,ALO,Alpine,6.0,8.0,True,+1 Lap,4.0,-2.0
2022_13,OCO,Alpine,5.0,9.0,True,+1 Lap,2.0,-4.0
2022_13,VET,Aston Martin,18.0,10.0,True,+1 Lap,1.0,8.0
2022_13,STR,Aston Martin,14.0,11.0,True,+1 Lap,0.0,3.0
2022_13,GAS,AlphaTauri,,12.0,True,+1 Lap,0.0,
2022_13,RIC,McLaren,9.0,13.0,True,+1 Lap,0.0,-4.0
2022_13,ZHO,Alfa Romeo,12.0,14.0,True,+1 Lap,0.0,-2.0
2022_13,MSC,Haas F1 Team,15.0,15.0,True,+1 Lap,0.0,0.0
2022_13,MAG,Haas F1 Team,13.0,16.0,True,+1 Lap,0.0,-3.0
2022_13,ALB,Williams,17.0,17.0,True,+1 Lap,0.0,0.0
2022_13,LAT,Williams,19.0,18.0,True,+1 Lap,0.0,1.0
2022_13,TSU,AlphaTauri,16.0,19.0,True,+2 Laps,0.0,-3.0
2022_13,BOT,Alfa Romeo,8.0,20.0,True,Power Unit,0.0,-12.0
2022_14,VER,Red Bull Racing,14.0,1.0,True,Finished,26.0,13.0
2022_14,PER,Red Bull Racing,2.0,2.0,True,Finished,18.0,0.0
2022_14,SAI,Ferrari,1.0,3.0,True,Finished,15.0,-2.0
2022_14,RUS,Mercedes,5.0,4.0,True,Finished,12.0,1.0
2022_14,LEC,Ferrari,15.0,5.0,True,Finished,8.0,10.0
2022_14,ALO,Alpine,3.0,6.0,True,Finished,10.0,-3.0
2022_14,OCO,Alpine,16.0,7.0,True,Finished,6.0,9.0
2022_14,VET,Aston Martin,10.0,8.0,True,Finished,4.0,2.0
2022_14,GAS,AlphaTauri,,9.0,True,Finished,2.0,
2022_14,ALB,Williams,6.0,10.0,True,Finished,1.0,-4.0
2022_14,STR,Aston Martin,9.0,11.0,True,Finished,0.0,-2.0
2022_14,NOR,McLaren,17.0,12.0,True,Finished,0.0,5.0
2022_14,TSU,AlphaTauri,,13.0,True,Finished,0.0,
2022_14,ZHO,Alfa Romeo,18.0,14.0,True,Finished,0.0,4.0
2022_14,RIC,McLaren,7.0,15.0,True,Finished,0.0,-8.0
2022_14,MAG,Haas F1 Team,12.0,16.0,True,+1 Lap,0.0,-4.0
2022_14,MSC,Haas F1 Team,19.0,17.0,True,+1 Lap,0.0,2.0
2022_14,LAT,Williams,11.0,18.0,True,+1 Lap,0.0,-7.0
2022_14,BOT,Alfa Romeo,13.0,19.0,False,Accident,0.0,
2022_14,HAM,Mercedes,4.0,20.0,False,Collision damage,0.0,
2022_15,VER,Red Bull Racing,1.0,1.0,True,Finished,26.0,0.0
2022_15,RUS,Mercedes,6.0,2.0,True,Finished,18.0,4.0
2022_15,LEC,Ferrari,2.0,3.0,True,Finished,15.0,-1.0
2022_15,HAM,Mercedes,4.0,4.0,True,Finished,12.0,0.0
2022_15,SAI,Ferrari,3.0,5.0,True,Finished,4.0,-2.0
2022_15,PER,Red Bull Racing,5.0,6.0,True,Finished,10.0,-1.0
2022_15,ALO,Alpine,13.0,7.0,True,Finished,8.0,6.0
2022_15,NOR,McLaren,7.0,8.0,True,Finished,6.0,-1.0
2022_15,OCO,Alpine,12.0,9.0,True,Finished,2.0,3.0
2022_15,STR,Aston Martin,10.0,10.0,True,Finished,1.0,0.0
2022_15,GAS,AlphaTauri,11.0,11.0,True,Finished,0.0,0.0
2022_15,ALB,Williams,15.0,12.0,True,Finished,0.0,3.0
2022_15,VET,Aston Martin,19.0,13.0,True,Finished,0.0,6.0
2022_15,MSC,Haas F1 Team,8.0,14.0,True,Finished,0.0,-6.0
2022_15,MAG,Haas F1 Team,18.0,15.0,True,Finished,0.0,3.0
2022_15,ZHO,Alfa Romeo,14.0,16.0,True,Finished,0.0,-2.0
2022_15,RIC,McLaren,17.0,17.0,True,Finished,0.0,0.0
2022_15,LAT,Williams,20.0,18.0,True,+1 Lap,0.0,2.0
2022_15,BOT,Alfa Romeo,16.0,19.0,False,Engine,0.0,
2022_15,TSU,AlphaTauri,9.0,20.0,False,Differential,0.0,
2022_16,VER,Red Bull Racing,7.0,1.0,True,Finished,25.0,6.0
2022_16,LEC,Ferrari,1.0,2.0,True,Finished,18.0,-1.0
2022_16,RUS,Mercedes,2.0,3.0,True,Finished,15.0,-1.0
2022_16,SAI,Ferrari,18.0,4.0,True,Finished,12.0,14.0
2022_16,HAM,Mercedes,19.0,5.0,True,Finished,10.0,14.0
2022_16,PER,Red Bull Racing,13.0,6.0,True,Finished,9.0,7.0
2022_16,NOR,McLaren,3.0,7.0,True,Finished,6.0,-4.0
2022_16,GAS,AlphaTauri,5.0,8.0,True,Finished,4.0,-3.0
2022_16,DEV,Williams,8.0,9.0,True,Finished,2.0,-1.0
2022_16,ZHO,Alfa Romeo,9.0,10.0,True,Finished,1.0,-1.0
2022_16,OCO,Alpine,14.0,11.0,True,Finished,0.0,3.0
2022_16,MSC,Haas F1 Team,17.0,12.0,True,Finished,0.0,5.0
2022_16,BOT,Alfa Romeo,15.0,13.0,True,+1 Lap,0.0,2.0
2022_16,TSU,AlphaTauri,20.0,14.0,True,+1 Lap,0.0,6.0
2022_16,LAT,Williams,10.0,15.0,True,+1 Lap,0.0,-5.0
2022_16,MAG,Haas F1 Team,16.0,16.0,True,+1 Lap,0.0,0.0
2022_16,RIC,McLaren,4.0,17.0,False,Oil leak,0.0,
2022_16,STR,Aston Martin,12.0,18.0,False,Engine,0.0,
2022_16,ALO,Alpine,6.0,19.0,False,Water pressure,0.0,
2022_16,VET,Aston Martin,11.0,20.0,False,Engine,0.0,
2022_17,PER,Red Bull Racing,2.0,1.0,True,Finished,25.0,1.0
2022_17,LEC,Ferrari,1.0,2.0,True,Finished,18.0,-1.0
2022_17,SAI,Ferrari,4.0,3.0,True,Finished,15.0,1.0
2022_17,NOR,McLaren,6.0,4.0,True,Finished,12.0,2.0
2022_17,RIC,McLaren,16.0,5.0,True,Finished,10.0,11.0
2022_17,STR,Aston Martin,11.0,6.0,True,Finished,8.0,5.0
2022_17,VER,Red Bull Racing,8.0,7.0,True,Finished,6.0,1.0
2022_17,VET,Aston Martin,13.0,8.0,True,Finished,4.0,5.0
2022_17,HAM,Mercedes,3.0,9.0,True,Finished,2.0,-6.0
2022_17,GAS,AlphaTauri,7.0,10.0,True,Finished,1.0,-3.0
2022_17,BOT,Alfa Romeo,15.0,11.0,True,Finished,0.0,4.0
2022_17,MAG,Haas F1 Team,9.0,12.0,True,Finished,0.0,-3.0
2022_17,MSC,Haas F1 Team,12.0,13.0,True,+1 Lap,0.0,-1.0
2022_17,RUS,Mercedes,,14.0,True,+2 Laps,0.0,
2022_17,TSU,AlphaTauri,10.0,15.0,False,Accident,0.0,
2022_17,OCO,Alpine,17.0,16.0,False,Engine,0.0,
2022_17,ALB,Williams,18.0,17.0,False,Collision damage,0.0,
2022_17,ALO,Alpine,5.0,18.0,False,Engine,0.0,
2022_17,ZHO,Alfa Romeo,14.0,19.0,False,Collision,0.0,
2022_17,LAT,Williams,19.0,20.0,False,Collision damage,0.0,
2022_18,VER,Red Bull Racing,1.0,1.0,True,Finished,25.0,0.0
2022_18,LEC,Ferrari,2.0,2.0,True,Finished,15.0,0.0
2022_18,PER,Red Bull Racing,4.0,3.0,True,Finished,18.0,1.0
2022_18,OCO,Alpine,5.0,4.0,True,Finished,12.0,1.0
2022_18,HAM,Mercedes,6.0,5.0,True,Finished,10.0,1.0
2022_18,ALO,Alpine,7.0,6.0,True,Finished,6.0,1.0
2022_18,VET,Aston Martin,9.0,7.0,True,Finished,8.0,2.0
2022_18,RUS,Mercedes,8.0,8.0,True,Finished,4.0,0.0
2022_18,LAT,Williams,20.0,9.0,True,Finished,2.0,11.0
2022_18,NOR,McLaren,10.0,10.0,True,Finished,1.0,0.0
2022_18,RIC,McLaren,11.0,11.0,True,Finished,0.0,0.0
2022_18,STR,Aston Martin,19.0,12.0,True,Finished,0.0,7.0
2022_18,TSU,AlphaTauri,13.0,13.0,True,Finished,0.0,0.0
2022_18,MAG,Haas F1 Team,18.0,14.0,True,Finished,0.0,4.0
2022_18,BOT,Alfa Romeo,12.0,15.0,True,Finished,0.0,-3.0
2022_18,ZHO,Alfa Romeo,14.0,16.0,True,Finished,0.0,-2.0
2022_18,GAS,AlphaTauri,17.0,17.0,True,Finished,0.0,0.0
2022_18,MSC,Haas F1 Team,15.0,18.0,True,Finished,0.0,-3.0
2022_18,ALB,Williams,16.0,19.0,False,Hydraulics,0.0,
2022_18,SAI,Ferrari,3.0,20.0,False,Accident,0.0,
2022_19,VER,Red Bull Racing,2.0,1.0,True,Finished,25.0,1.0
2022_19,HAM,Mercedes,3.0,2.0,True,Finished,18.0,1.0
2022_19,LEC,Ferrari,12.0,3.0,True,Finished,15.0,9.0
2022_19,PER,Red Bull Racing,9.0,4.0,True,Finished,12.0,5.0
2022_19,RUS,Mercedes,4.0,5.0,True,Finished,11.0,-1.0
2022_19,NOR,McLaren,6.0,6.0,True,Finished,8.0,0.0
2022_19,ALO,Alpine,14.0,7.0,True,Finished,6.0,7.0
2022_19,VET,Aston Martin,10.0,8.0,True,Finished,4.0,2.0
2022_19,MAG,Haas F1 Team,13.0,9.0,True,Finished,2.0,4.0
2022_19,TSU,AlphaTauri,19.0,10.0,True,Finished,1.0,9.0
2022_19,GAS,AlphaTauri,11.0,11.0,True,Finished,0.0,0.0
2022_19,OCO,Alpine,,12.0,True,Finished,0.0,
2022_19,ALB,Williams,8.0,13.0,True,Finished,0.0,-5.0
2022_19,ZHO,Alfa Romeo,18.0,14.0,True,Finished,0.0,4.0
2022_19,MSC,Haas F1 Team,16.0,15.0,True,Finished,0.0,1.0
2022_19,RIC,McLaren,15.0,16.0,True,Finished,0.0,-1.0
2022_19,LAT,Williams,17.0,17.0,True,Finished,0.0,0.0
2022_19,STR,Aston Martin,5.0,18.0,False,Collision,0.0,
2022_19,BOT,Alfa Romeo,7.0,19.0,False,Spun off,0.0,
2022_19,SAI,Ferrari,1.0,20.0,False,Collision damage,0.0,
2022_20,VER,Red Bull Racing,1.0,1.0,True,Finished,25.0,0.0
2022_20,HAM,Mercedes,3.0,2.0,True,Finished,18.0,1.0
2022_20,PER,Red Bull Racing,4.0,3.0,True,Finished,15.0,1.0
2022_20,RUS,Mercedes,2.0,4.0,True,Finished,13.0,-2.0
2022_20,SAI,Ferrari,5.0,5.0,True,Finished,10.0,0.0
2022_20,LEC,Ferrari,7.0,6.0,True,Finished,8.0,1.0
2022_20,RIC,McLaren,11.0,7.0,True,+1 Lap,6.0,4.0
2022_20,OCO,Alpine,10.0,8.0,True,+1 Lap,4.0,2.0
2022_20,NOR,McLaren,8.0,9.0,True,+1 Lap,2.0,-1.0
2022_20,BOT,Alfa Romeo,6.0,10.0,True,+1 Lap,1.0,-4.0
2022_20,GAS,AlphaTauri,14.0,11.0,True,+1 Lap,0.0,3.0
2022_20,ALB,Williams,17.0,12.0,True,+1 Lap,0.0,5.0
2022_20,ZHO,Alfa Romeo,12.0,13.0,True,+1 Lap,0.0,-1.0
2022_20,VET,Aston Martin,16.0,14.0,True,+1 Lap,0.0,2.0
2022_20,STR,Aston Martin,20.0,15.0,True,+1 Lap,0.0,5.0
2022_20,MSC,Haas F1 Team,15.0,16.0,True,+1 Lap,0.0,-1.0
2022_20,MAG,Haas F1 Team,19.0,17.0,True,+1 Lap,0.0,2.0
2022_20,LAT,Williams,18.0,18.0,True,+2 Laps,0.0,0.0
2022_20,ALO,Alpine,9.0,19.0,True,Engine,0.0,-10.0
2022_20,TSU,AlphaTauri,13.0,20.0,False,Collision damage,0.0,
2022_21,RUS,Mercedes,1.0,1.0,True,Finished,26.0,0.0
2022_21,HAM,Mercedes,2.0,2.0,True,Finished,18.0,0.0
2022_21,SAI,Ferrari,7.0,3.0,True,Finished,15.0,4.0
2022_21,LEC,Ferrari,5.0,4.0,True,Finished,12.0,1.0
2022_21,ALO,Alpine,17.0,5.0,True,Finished,10.0,12.0
2022_21,VER,Red Bull Racing,3.0,6.0,True,Finished,8.0,-3.0
2022_21,PER,Red Bull Racing,4.0,7.0,True,Finished,6.0,-3.0
2022_21,OCO,Alpine,16.0,8.0,True,Finished,4.0,8.0
2022_21,BOT,Alfa Romeo,14.0,9.0,True,Finished,2.0,5.0
2022_21,STR,Aston Martin,15.0,10.0,True,Finished,1.0,5.0
2022_21,VET,Aston Martin,9.0,11.0,True,Finished,0.0,-2.0
2022_21,GAS,AlphaTauri,10.0,12.0,True,Finished,0.0,-2.0
2022_21,ZHO,Alfa Romeo,13.0,13.0,True,Finished,0.0,0.0
2022_21,MSC,Haas F1 Team,12.0,14.0,True,Finished,0.0,-2.0
2022_21,ALB,Williams,19.0,15.0,True,Finished,0.0,4.0
2022_21,LAT,Williams,18.0,16.0,True,Finished,0.0,2.0
2022_21,TSU,AlphaTauri,,17.0,True,+1 Lap,0.0,
2022_21,NOR,McLaren,6.0,18.0,False,Gearbox,0.0,
2022_21,MAG,Haas F1 Team,8.0,19.0,False,Collision,0.0,
2022_21,RIC,McLaren,11.0,20.0,False,Collision,0.0,
2022_22,VER,Red Bull Racing,1.0,1.0,True,Finished,25.0,0.0
2022_22,LEC,Ferrari,3.0,2.0,True,Finished,18.0,1.0
2022_22,PER,Red Bull Racing,2.0,3.0,True,Finished,15.0,-1.0
2022_22,SAI,Ferrari,4.0,4.0,True,Finished,12.0,0.0
2022_22,RUS,Mercedes,6.0,5.0,True,Finished,10.0,1.0
2022_22,NOR,McLaren,7.0,6.0,True,Finished,9.0,1.0
2022_22,OCO,Alpine,8.0,7.0,True,Finished,6.0,1.0
2022_22,STR,Aston Martin,14.0,8.0,True,Finished,4.0,6.0
2022_22,RIC,McLaren,13.0,9.0,True,Finished,2.0,4.0
2022_22,VET,Aston Martin,9.0,10.0,True,Finished,1.0,-1.0
2022_22,TSU,AlphaTauri,11.0,11.0,True,Finished,0.0,0.0
2022_22,ZHO,Alfa Romeo,15.0,12.0,True,+1 Lap,0.0,3.0
2022_22,ALB,Williams,19.0,13.0,True,+1 Lap,0.0,6.0
2022_22,GAS,AlphaTauri,17.0,14.0,True,+1 Lap,0.0,3.0
2022_22,BOT,Alfa Romeo,18.0,15.0,True,+1 Lap,0.0,3.0
2022_22,MSC,Haas F1 Team,12.0,16.0,True,+1 Lap,0.0,-4.0
2022_22,MAG,Haas F1 Team,16.0,17.0,True,+1 Lap,0.0,-1.0
2022_22,HAM,Mercedes,5.0,18.0,True,Hydraulics,0.0,-13.0
2022_22,LAT,Williams,20.0,19.0,True,Collision damage,0.0,1.0
2022_22,ALO,Alpine,10.0,20.0,False,Water leak,0.0,
2023_01,VER,Red Bull Racing,1.0,1.0,True,Finished,25.0,0.0
2023_01,PER,Red Bull Racing,2.0,2.0,True,Finished,18.0,0.0
2023_01,ALO,Aston Martin,5.0,3.0,True,Finished,15.0,2.0
2023_01,SAI,Ferrari,4.0,4.0,True,Finished,12.0,0.0
2023_01,HAM,Mercedes,7.0,5.0,True,Finished,10.0,2.0
2023_01,STR,Aston Martin,8.0,6.0,True,Finished,8.0,2.0
2023_01,RUS,Mercedes,6.0,7.0,True,Finished,6.0,-1.0
2023_01,BOT,Alfa Romeo,12.0,8.0,True,Finished,4.0,4.0
2023_01,GAS,Alpine,20.0,9.0,True,Finished,2.0,11.0
2023_01,ALB,Williams,15.0,10.0,True,Finished,1.0,5.0
2023_01,TSU,AlphaTauri,14.0,11.0,True,Finished,0.0,3.0
2023_01,SAR,Williams,16.0,12.0,True,Lapped,0.0,4.0
2023_01,MAG,Haas F1 Team,17.0,13.0,True,Lapped,0.0,4.0
2023_01,DEV,AlphaTauri,19.0,14.0,True,Lapped,0.0,5.0
2023_01,HUL,Haas F1 Team,10.0,15.0,True,Lapped,0.0,-5.0
2023_01,ZHO,Alfa Romeo,13.0,16.0,True,Lapped,0.0,-3.0
2023_01,NOR,McLaren,11.0,17.0,True,Lapped,0.0,-6.0
2023_01,OCO,Alpine,9.0,18.0,False,Retired,0.0,
2023_01,LEC,Ferrari,3.0,19.0,False,Retired,0.0,
2023_01,PIA,McLaren,18.0,20.0,False,Retired,0.0,
2023_02,PER,Red Bull Racing,1.0,1.0,True,Finished,25.0,0.0
2023_02,VER,Red Bull Racing,15.0,2.0,True,Finished,19.0,13.0
2023_02,ALO,Aston Martin,2.0,3.0,True,Finished,15.0,-1.0
2023_02,RUS,Mercedes,3.0,4.0,True,Finished,12.0,-1.0
2023_02,HAM,Mercedes,7.0,5.0,True,Finished,10.0,2.0
2023_02,SAI,Ferrari,4.0,6.0,True,Finished,8.0,-2.0
2023_02,LEC,Ferrari,12.0,7.0,True,Finished,6.0,5.0
2023_02,OCO,Alpine,6.0,8.0,True,Finished,4.0,-2.0
2023_02,GAS,Alpine,9.0,9.0,True,Finished,2.0,0.0
2023_02,MAG,Haas F1 Team,13.0,10.0,True,Finished,1.0,3.0
2023_02,TSU,AlphaTauri,16.0,11.0,True,Finished,0.0,5.0
2023_02,HUL,Haas F1 Team,10.0,12.0,True,Finished,0.0,-2.0
2023_02,ZHO,Alfa Romeo,11.0,13.0,True,Finished,0.0,-2.0
2023_02,DEV,AlphaTauri,18.0,14.0,True,Finished,0.0,4.0
2023_02,PIA,McLaren,8.0,15.0,True,Finished,0.0,-7.0
2023_02,SAR,Williams,20.0,16.0,True,Finished,0.0,4.0
2023_02,NOR,McLaren,19.0,17.0,True,Finished,0.0,2.0
2023_02,BOT,Alfa Romeo,14.0,18.0,True,Lapped,0.0,-4.0
2023_02,ALB,Williams,17.0,19.0,False,Retired,0.0,
2023_02,STR,Aston Martin,5.0,20.0,False,Retired,0.0,
2023_03,VER,Red Bull Racing,1.0,1.0,True,Finished,25.0,0.0
2023_03,HAM,Mercedes,3.0,2.0,True,Finished,18.0,1.0
2023_03,ALO,Aston Martin,4.0,3.0,True,Finished,15.0,1.0
2023_03,SAI,Ferrari,5.0,4.0,True,Finished,0.0,1.0
2023_03,STR,Aston Martin,6.0,5.0,True,Finished,12.0,1.0
2023_03,PER,Red Bull Racing,20.0,6.0,True,Finished,11.0,14.0
2023_03,NOR,McLaren,13.0,7.0,True,Finished,8.0,6.0
2023_03,HUL,Haas F1 Team,10.0,8.0,True,Finished,6.0,2.0
2023_03,PIA,McLaren,16.0,9.0,True,Finished,4.0,7.0
2023_03,ZHO,Alfa Romeo,17.0,10.0,True,Finished,2.0,7.0
2023_03,TSU,AlphaTauri,12.0,11.0,True,Finished,1.0,1.0
2023_03,BOT,Alfa Romeo,19.0,12.0,True,Finished,0.0,7.0
2023_03,GAS,Alpine,9.0,13.0,True,Retired,0.0,-4.0
2023_03,SAR,Williams,18.0,14.0,True,Retired,0.0,4.0
2023_03,DEV,AlphaTauri,15.0,15.0,True,Retired,0.0,0.0
2023_03,OCO,Alpine,11.0,16.0,True,Retired,0.0,-5.0
2023_03,MAG,Haas F1 Team,14.0,17.0,True,Retired,0.0,-3.0
2023_03,RUS,Mercedes,2.0,18.0,False,Retired,0.0,
2023_03,ALB,Williams,8.0,19.0,False,Retired,0.0,
2023_03,LEC,Ferrari,7.0,20.0,False,Retired,0.0,
2023_04,PER,Red Bull Racing,3.0,1.0,True,Finished,25.0,2.0
2023_04,VER,Red Bull Racing,2.0,2.0,True,Finished,18.0,0.0
2023_04,LEC,Ferrari,1.0,3.0,True,Finished,15.0,-2.0
2023_04,ALO,Aston Martin,6.0,4.0,True,Finished,12.0,2.0
2023_04,SAI,Ferrari,4.0,5.0,True,Finished,10.0,-1.0
2023_04,HAM,Mercedes,5.0,6.0,True,Finished,8.0,-1.0
2023_04,STR,Aston Martin,9.0,7.0,True,Finished,6.0,2.0
2023_04,RUS,Mercedes,11.0,8.0,True,Finished,5.0,3.0
2023_04,NOR,McLaren,7.0,9.0,True,Finished,2.0,-2.0
2023_04,TSU,AlphaTauri,8.0,10.0,True,Finished,1.0,-2.0
2023_04,PIA,McLaren,10.0,11.0,True,Finished,0.0,-1.0
2023_04,ALB,Williams,12.0,12.0,True,Finished,0.0,0.0
2023_04,MAG,Haas F1 Team,16.0,13.0,True,Finished,0.0,3.0
2023_04,GAS,Alpine,17.0,14.0,True,Finished,0.0,3.0
2023_04,OCO,Alpine,19.0,15.0,True,Finished,0.0,4.0
2023_04,SAR,Williams,14.0,16.0,True,Finished,0.0,-2.0
2023_04,HUL,Haas F1 Team,20.0,17.0,True,Lapped,0.0,3.0
2023_04,BOT,Alfa Romeo,13.0,18.0,True,Lapped,0.0,-5.0
2023_04,ZHO,Alfa Romeo,15.0,19.0,False,Retired,0.0,
2023_04,DEV,AlphaTauri,18.0,20.0,False,Retired,0.0,
2023_05,VER,Red Bull Racing,9.0,1.0,True,Finished,26.0,8.0
2023_05,PER,Red Bull Racing,1.0,2.0,True,Finished,18.0,-1.0
2023_05,ALO,Aston Martin,2.0,3.0,True,Finished,15.0,-1.0
2023_05,RUS,Mercedes,6.0,4.0,True,Finished,12.0,2.0
2023_05,SAI,Ferrari,3.0,5.0,True,Finished,10.0,-2.0
2023_05,HAM,Mercedes,13.0,6.0,True,Finished,8.0,7.0
2023_05,LEC,Ferrari,7.0,7.0,True,Finished,6.0,0.0
2023_05,GAS,Alpine,5.0,8.0,True,Finished,4.0,-3.0
2023_05,OCO,Alpine,8.0,9.0,True,Finished,2.0,-1.0
2023_05,MAG,Haas F1 Team,4.0,10.0,True,Finished,1.0,-6.0
2023_05,TSU,AlphaTauri,17.0,11.0,True,Finished,0.0,6.0
2023_05,STR,Aston Martin,18.0,12.0,True,Finished,0.0,6.0
2023_05,BOT,Alfa Romeo,10.0,13.0,True,Finished,0.0,-3.0
2023_05,ALB,Williams,11.0,14.0,True,Finished,0.0,-3.0
2023_05,HUL,Haas F1 Team,12.0,15.0,True,Finished,0.0,-3.0
2023_05,ZHO,Alfa Romeo,14.0,16.0,True,Finished,0.0,-2.0
2023_05,NOR,McLaren,16.0,17.0,True,Finished,0.0,-1.0
2023_05,DEV,AlphaTauri,15.0,18.0,True,Finished,0.0,-3.0
2023_05,PIA,McLaren,19.0,19.0,True,Lapped,0.0,0.0
2023_05,SAR,Williams,20.0,20.0,True,Lapped,0.0,0.0
2023_06,VER,Red Bull Racing,1.0,1.0,True,Finished,25.0,0.0
2023_06,ALO,Aston Martin,2.0,2.0,True,Finished,18.0,0.0
2023_06,OCO,Alpine,3.0,3.0,True,Finished,15.0,0.0
2023_06,HAM,Mercedes,5.0,4.0,True,Finished,13.0,1.0
2023_06,RUS,Mercedes,8.0,5.0,True,Finished,10.0,3.0
2023_06,LEC,Ferrari,6.0,6.0,True,Finished,8.0,0.0
2023_06,GAS,Alpine,7.0,7.0,True,Finished,6.0,0.0
2023_06,SAI,Ferrari,4.0,8.0,True,Finished,4.0,-4.0
2023_06,NOR,McLaren,10.0,9.0,True,Lapped,2.0,1.0
2023_06,PIA,McLaren,11.0,10.0,True,Lapped,1.0,1.0
2023_06,BOT,Alfa Romeo,15.0,11.0,True,Lapped,0.0,4.0
2023_06,DEV,AlphaTauri,12.0,12.0,True,Lapped,0.0,0.0
2023_06,ZHO,Alfa Romeo,19.0,13.0,True,Lapped,0.0,6.0
2023_06,ALB,Williams,13.0,14.0,True,Lapped,0.0,-1.0
2023_06,TSU,AlphaTauri,9.0,15.0,True,Lapped,0.0,-6.0
2023_06,HUL,Haas F1 Team,18.0,16.0,True,Lapped,0.0,2.0
2023_06,PER,Red Bull Racing,20.0,17.0,True,Lapped,0.0,3.0
2023_06,SAR,Williams,16.0,18.0,True,Lapped,0.0,-2.0
2023_06,MAG,Haas F1 Team,17.0,19.0,True,Retired,0.0,-2.0
2023_06,STR,Aston Martin,14.0,20.0,False,Retired,0.0,
2023_07,VER,Red Bull Racing,1.0,1.0,True,Finished,26.0,0.0
2023_07,HAM,Mercedes,4.0,2.0,True,Finished,18.0,2.0
2023_07,RUS,Mercedes,12.0,3.0,True,Finished,15.0,9.0
2023_07,PER,Red Bull Racing,11.0,4.0,True,Finished,12.0,7.0
2023_07,SAI,Ferrari,2.0,5.0,True,Finished,10.0,-3.0
2023_07,STR,Aston Martin,5.0,6.0,True,Finished,8.0,-1.0
2023_07,ALO,Aston Martin,8.0,7.0,True,Finished,6.0,1.0
2023_07,OCO,Alpine,6.0,8.0,True,Finished,4.0,-2.0
2023_07,TSU,AlphaTauri,15.0,9.0,True,Finished,0.0,6.0
2023_07,ZHO,Alfa Romeo,13.0,10.0,True,Finished,2.0,3.0
2023_07,GAS,Alpine,10.0,11.0,True,Finished,1.0,-1.0
2023_07,LEC,Ferrari,19.0,12.0,True,Finished,0.0,7.0
2023_07,PIA,McLaren,9.0,13.0,True,Lapped,0.0,-4.0
2023_07,DEV,AlphaTauri,14.0,14.0,True,Lapped,0.0,0.0
2023_07,HUL,Haas F1 Team,7.0,15.0,True,Lapped,0.0,-8.0
2023_07,ALB,Williams,18.0,16.0,True,Lapped,0.0,2.0
2023_07,NOR,McLaren,3.0,17.0,True,Lapped,0.0,-14.0
2023_07,MAG,Haas F1 Team,17.0,18.0,True,Lapped,0.0,-1.0
2023_07,BOT,Alfa Romeo,16.0,19.0,True,Lapped,0.0,-3.0
2023_07,SAR,Williams,20.0,20.0,True,Lapped,0.0,0.0
2023_08,VER,Red Bull Racing,1.0,1.0,True,Finished,25.0,0.0
2023_08,ALO,Aston Martin,2.0,2.0,True,Finished,18.0,0.0
2023_08,HAM,Mercedes,3.0,3.0,True,Finished,15.0,0.0
2023_08,LEC,Ferrari,10.0,4.0,True,Finished,12.0,6.0
2023_08,SAI,Ferrari,11.0,5.0,True,Finished,10.0,6.0
2023_08,PER,Red Bull Racing,12.0,6.0,True,Finished,9.0,6.0
2023_08,ALB,Williams,9.0,7.0,True,Finished,6.0,2.0
2023_08,OCO,Alpine,6.0,8.0,True,Finished,4.0,-2.0
2023_08,NOR,McLaren,7.0,9.0,True,Finished,0.0,-2.0
2023_08,STR,Aston Martin,16.0,10.0,True,Finished,2.0,6.0
2023_08,BOT,Alfa Romeo,14.0,11.0,True,Finished,1.0,3.0
2023_08,PIA,McLaren,8.0,12.0,True,Finished,0.0,-4.0
2023_08,GAS,Alpine,15.0,13.0,True,Finished,0.0,2.0
2023_08,TSU,AlphaTauri,19.0,14.0,True,Finished,0.0,5.0
2023_08,HUL,Haas F1 Team,5.0,15.0,True,Lapped,0.0,-10.0
2023_08,ZHO,Alfa Romeo,20.0,16.0,True,Lapped,0.0,4.0
2023_08,MAG,Haas F1 Team,13.0,17.0,True,Lapped,0.0,-4.0
2023_08,DEV,AlphaTauri,17.0,18.0,True,Lapped,0.0,-1.0
2023_08,RUS,Mercedes,4.0,19.0,False,Retired,0.0,
2023_08,SAR,Williams,18.0,20.0,False,Retired,0.0,
2023_09,VER,Red Bull Racing,1.0,1.0,True,Finished,26.0,0.0
2023_09,LEC,Ferrari,2.0,2.0,True,Finished,18.0,0.0
2023_09,PER,Red Bull Racing,15.0,3.0,True,Finished,15.0,12.0
2023_09,SAI,Ferrari,3.0,4.0,True,Finished,8.0,-1.0
2023_09,NOR,McLaren,4.0,5.0,True,Finished,12.0,-1.0
2023_09,ALO,Aston Martin,7.0,6.0,True,Finished,10.0,1.0
2023_09,HAM,Mercedes,5.0,7.0,True,Finished,4.0,-2.0
2023_09,RUS,Mercedes,11.0,8.0,True,Finished,6.0,3.0
2023_09,GAS,Alpine,9.0,9.0,True,Finished,1.0,0.0
2023_09,STR,Aston Martin,6.0,10.0,True,Finished,2.0,-4.0
2023_09,ALB,Williams,10.0,11.0,True,Finished,0.0,-1.0
2023_09,OCO,Alpine,12.0,12.0,True,Lapped,0.0,0.0
2023_09,SAR,Williams,18.0,13.0,True,Lapped,0.0,5.0
2023_09,ZHO,Alfa Romeo,17.0,14.0,True,Lapped,0.0,3.0
2023_09,DEV,AlphaTauri,20.0,15.0,True,Lapped,0.0,5.0
2023_09,BOT,Alfa Romeo,14.0,16.0,True,Lapped,0.0,-2.0
2023_09,TSU,AlphaTauri,16.0,17.0,True,Lapped,0.0,-1.0
2023_09,PIA,McLaren,13.0,18.0,True,Lapped,0.0,-5.0
2023_09,MAG,Haas F1 Team,19.0,19.0,True,Lapped,0.0,0.0
2023_09,HUL,Haas F1 Team,8.0,20.0,False,Retired,0.0,
2023_10,VER,Red Bull Racing,1.0,1.0,True,Finished,26.0,0.0
2023_10,NOR,McLaren,2.0,2.0,True,Finished,18.0,0.0
2023_10,HAM,Mercedes,7.0,3.0,True,Finished,15.0,4.0
2023_10,PIA,McLaren,3.0,4.0,True,Finished,12.0,-1.0
2023_10,RUS,Mercedes,6.0,5.0,True,Finished,10.0,1.0
2023_10,PER,Red Bull Racing,15.0,6.0,True,Finished,8.0,9.0
2023_10,ALO,Aston Martin,9.0,7.0,True,Finished,6.0,2.0
2023_10,ALB,Williams,8.0,8.0,True,Finished,4.0,0.0
2023_10,LEC,Ferrari,4.0,9.0,True,Finished,2.0,-5.0
2023_10,SAI,Ferrari,5.0,10.0,True,Finished,1.0,-5.0
2023_10,STR,Aston Martin,12.0,11.0,True,Finished,0.0,1.0
2023_10,SAR,Williams,14.0,12.0,True,Finished,0.0,2.0
2023_10,BOT,Alfa Romeo,20.0,13.0,True,Finished,0.0,7.0
2023_10,HUL,Haas F1 Team,11.0,14.0,True,Finished,0.0,-3.0
2023_10,ZHO,Alfa Romeo,17.0,15.0,True,Finished,0.0,2.0
2023_10,TSU,AlphaTauri,16.0,16.0,True,Finished,0.0,0.0
2023_10,DEV,AlphaTauri,18.0,17.0,True,Finished,0.0,1.0
2023_10,GAS,Alpine,10.0,18.0,True,Retired,0.0,-8.0
2023_10,MAG,Haas F1 Team,19.0,19.0,False,Retired,0.0,
2023_10,OCO,Alpine,13.0,20.0,False,Retired,0.0,
2023_11,VER,Red Bull Racing,2.0,1.0,True,Finished,26.0,1.0
2023_11,NOR,McLaren,3.0,2.0,True,Finished,18.0,1.0
2023_11,PER,Red Bull Racing,9.0,3.0,True,Finished,15.0,6.0
2023_11,HAM,Mercedes,1.0,4.0,True,Finished,12.0,-3.0
2023_11,PIA,McLaren,4.0,5.0,True,Finished,10.0,-1.0
2023_11,LEC,Ferrari,6.0,6.0,True,Finished,6.0,0.0
2023_11,RUS,Mercedes,18.0,7.0,True,Finished,8.0,11.0
2023_11,SAI,Ferrari,11.0,8.0,True,Finished,4.0,3.0
2023_11,ALO,Aston Martin,8.0,9.0,True,Finished,2.0,-1.0
2023_11,STR,Aston Martin,14.0,10.0,True,Lapped,1.0,4.0
2023_11,ALB,Williams,16.0,11.0,True,Lapped,0.0,5.0
2023_11,BOT,Alfa Romeo,7.0,12.0,True,Lapped,0.0,-5.0
2023_11,RIC,AlphaTauri,13.0,13.0,True,Lapped,0.0,0.0
2023_11,HUL,Haas F1 Team,10.0,14.0,True,Lapped,0.0,-4.0
2023_11,TSU,AlphaTauri,17.0,15.0,True,Lapped,0.0,2.0
2023_11,ZHO,Alfa Romeo,5.0,16.0,True,Lapped,0.0,-11.0
2023_11,MAG,Haas F1 Team,19.0,17.0,True,Lapped,0.0,2.0
2023_11,SAR,Williams,20.0,18.0,True,Retired,0.0,2.0
2023_11,OCO,Alpine,12.0,19.0,False,Retired,0.0,
2023_11,GAS,Alpine,15.0,20.0,False,Retired,0.0,
2023_12,VER,Red Bull Racing,6.0,1.0,True,Finished,25.0,5.0
2023_12,PER,Red Bull Racing,2.0,2.0,True,Finished,18.0,0.0
2023_12,LEC,Ferrari,1.0,3.0,True,Finished,15.0,-2.0
2023_12,HAM,Mercedes,3.0,4.0,True,Finished,13.0,-1.0
2023_12,ALO,Aston Martin,9.0,5.0,True,Finished,10.0,4.0
2023_12,RUS,Mercedes,8.0,6.0,True,Finished,8.0,2.0
2023_12,NOR,McLaren,7.0,7.0,True,Finished,6.0,0.0
2023_12,OCO,Alpine,14.0,8.0,True,Finished,4.0,6.0
2023_12,STR,Aston Martin,10.0,9.0,True,Finished,2.0,1.0
2023_12,TSU,AlphaTauri,11.0,10.0,True,Finished,1.0,1.0
2023_12,GAS,Alpine,12.0,11.0,True,Finished,0.0,1.0
2023_12,BOT,Alfa Romeo,13.0,12.0,True,Finished,0.0,1.0
2023_12,ZHO,Alfa Romeo,17.0,13.0,True,Finished,0.0,4.0
2023_12,ALB,Williams,15.0,14.0,True,Finished,0.0,1.0
2023_12,MAG,Haas F1 Team,16.0,15.0,True,Finished,0.0,1.0
2023_12,RIC,AlphaTauri,19.0,16.0,True,Finished,0.0,3.0
2023_12,SAR,Williams,18.0,17.0,True,Finished,0.0,1.0
2023_12,HUL,Haas F1 Team,20.0,18.0,True,Finished,0.0,2.0
2023_12,SAI,Ferrari,4.0,19.0,False,Retired,0.0,
2023_12,PIA,McLaren,5.0,20.0,False,Retired,0.0,
2023_13,VER,Red Bull Racing,1.0,1.0,True,Finished,25.0,0.0
2023_13,ALO,Aston Martin,5.0,2.0,True,Finished,19.0,3.0
2023_13,PER,Red Bull Racing,7.0,3.0,True,Finished,12.0,4.0
2023_13,GAS,Alpine,12.0,4.0,True,Finished,15.0,8.0
2023_13,SAI,Ferrari,6.0,5.0,True,Finished,10.0,1.0
2023_13,HAM,Mercedes,13.0,6.0,True,Finished,8.0,7.0
2023_13,NOR,McLaren,2.0,7.0,True,Finished,6.0,-5.0
2023_13,ALB,Williams,4.0,8.0,True,Finished,4.0,-4.0
2023_13,PIA,McLaren,8.0,9.0,True,Finished,2.0,-1.0
2023_13,OCO,Alpine,16.0,10.0,True,Finished,1.0,6.0
2023_13,STR,Aston Martin,11.0,11.0,True,Finished,0.0,0.0
2023_13,HUL,Haas F1 Team,14.0,12.0,True,Finished,0.0,2.0
2023_13,TSU,AlphaTauri,17.0,13.0,True,Finished,0.0,4.0
2023_13,LAW,AlphaTauri,19.0,14.0,True,Finished,0.0,5.0
2023_13,MAG,Haas F1 Team,,15.0,True,Finished,0.0,
2023_13,BOT,Alfa Romeo,18.0,16.0,True,Finished,0.0,2.0
2023_13,RUS,Mercedes,3.0,17.0,True,Finished,0.0,-14.0
2023_13,ZHO,Alfa Romeo,15.0,18.0,False,Accident,0.0,
2023_13,LEC,Ferrari,9.0,19.0,False,Undertray,0.0,
2023_13,SAR,Williams,10.0,20.0,False,Accident,0.0,
2023_14,VER,Red Bull Racing,2.0,1.0,True,Finished,25.0,1.0
2023_14,PER,Red Bull Racing,5.0,2.0,True,Finished,18.0,3.0
2023_14,SAI,Ferrari,1.0,3.0,True,Finished,15.0,-2.0
2023_14,LEC,Ferrari,3.0,4.0,True,Finished,12.0,-1.0
2023_14,RUS,Mercedes,4.0,5.0,True,Finished,10.0,-1.0
2023_14,HAM,Mercedes,8.0,6.0,True,Finished,8.0,2.0
2023_14,ALB,Williams,6.0,7.0,True,Finished,6.0,-1.0
2023_14,NOR,McLaren,9.0,8.0,True,Finished,4.0,1.0
2023_14,ALO,Aston Martin,10.0,9.0,True,Finished,2.0,1.0
2023_14,BOT,Alfa Romeo,14.0,10.0,True,Finished,1.0,4.0
2023_14,PIA,McLaren,7.0,11.0,True,Finished,0.0,-4.0
2023_14,LAW,AlphaTauri,12.0,12.0,True,Finished,0.0,0.0
2023_14,SAR,Williams,15.0,13.0,True,Finished,0.0,2.0
2023_14,ZHO,Alfa Romeo,16.0,14.0,True,Finished,0.0,2.0
2023_14,GAS,Alpine,17.0,15.0,True,Finished,0.0,2.0
2023_14,STR,Aston Martin,20.0,16.0,True,Finished,0.0,4.0
2023_14,HUL,Haas F1 Team,13.0,17.0,True,Lapped,0.0,-4.0
2023_14,MAG,Haas F1 Team,19.0,18.0,True,Lapped,0.0,1.0
2023_14,OCO,Alpine,18.0,19.0,False,Retired,0.0,
2023_14,TSU,AlphaTauri,11.0,20.0,False,Did not start,0.0,
2023_15,SAI,Ferrari,1.0,1.0,True,Finished,25.0,0.0
2023_15,NOR,McLaren,4.0,2.0,True,Finished,18.0,2.0
2023_15,HAM,Mercedes,5.0,3.0,True,Finished,16.0,2.0
2023_15,LEC,Ferrari,3.0,4.0,True,Finished,12.0,-1.0
2023_15,VER,Red Bull Racing,11.0,5.0,True,Finished,10.0,6.0
2023_15,GAS,Alpine,12.0,6.0,True,Finished,8.0,6.0
2023_15,PIA,McLaren,17.0,7.0,True,Finished,6.0,10.0
2023_15,RUS,Mercedes,2.0,8.0,True,Retired,0.0,-6.0
2023_15,PER,Red Bull Racing,13.0,9.0,True,Finished,4.0,4.0
2023_15,LAW,AlphaTauri,10.0,10.0,True,Finished,2.0,0.0
2023_15,MAG,Haas F1 Team,6.0,11.0,True,Finished,1.0,-5.0
2023_15,ALB,Williams,14.0,12.0,True,Finished,0.0,2.0
2023_15,ZHO,Alfa Romeo,19.0,13.0,True,Finished,0.0,6.0
2023_15,HUL,Haas F1 Team,9.0,14.0,True,Finished,0.0,-5.0
2023_15,SAR,Williams,18.0,15.0,True,Finished,0.0,3.0
2023_15,ALO,Aston Martin,7.0,16.0,True,Finished,0.0,-9.0
2023_15,BOT,Alfa Romeo,16.0,17.0,False,Retired,0.0,
2023_15,OCO,Alpine,8.0,18.0,False,Retired,0.0,
2023_15,TSU,AlphaTauri,15.0,19.0,False,Retired,0.0,
2023_16,VER,Red Bull Racing,1.0,1.0,True,Finished,26.0,0.0
2023_16,NOR,McLaren,3.0,2.0,True,Finished,18.0,1.0
2023_16,PIA,McLaren,2.0,3.0,True,Finished,15.0,-1.0
2023_16,LEC,Ferrari,4.0,4.0,True,Finished,12.0,0.0
2023_16,HAM,Mercedes,7.0,5.0,True,Finished,10.0,2.0
2023_16,SAI,Ferrari,6.0,6.0,True,Finished,8.0,0.0
2023_16,RUS,Mercedes,8.0,7.0,True,Finished,6.0,1.0
2023_16,ALO,Aston Martin,10.0,8.0,True,Finished,4.0,2.0
2023_16,OCO,Alpine,14.0,9.0,True,Finished,2.0,5.0
2023_16,GAS,Alpine,12.0,10.0,True,Finished,1.0,2.0
2023_16,LAW,AlphaTauri,11.0,11.0,True,Lapped,0.0,0.0
2023_16,TSU,AlphaTauri,9.0,12.0,True,Lapped,0.0,-3.0
2023_16,ZHO,Alfa Romeo,19.0,13.0,True,Lapped,0.0,6.0
2023_16,HUL,Haas F1 Team,18.0,14.0,True,Lapped,0.0,4.0
2023_16,MAG,Haas F1 Team,15.0,15.0,True,Lapped,0.0,0.0
2023_16,ALB,Williams,13.0,16.0,False,Retired,0.0,
2023_16,SAR,Williams,20.0,17.0,False,Retired,0.0,
2023_16,STR,Aston Martin,17.0,18.0,False,Retired,0.0,
2023_16,PER,Red Bull Racing,5.0,19.0,False,Retired,0.0,
2023_16,BOT,Alfa Romeo,16.0,20.0,False,Retired,0.0,
2023_17,VER,Red Bull Racing,1.0,1.0,True,Finished,26.0,0.0
2023_17,PIA,McLaren,6.0,2.0,True,Finished,18.0,4.0
2023_17,NOR,McLaren,10.0,3.0,True,Finished,15.0,7.0
2023_17,RUS,Mercedes,2.0,4.0,True,Finished,12.0,-2.0
2023_17,LEC,Ferrari,5.0,5.0,True,Finished,10.0,0.0
2023_17,ALO,Aston Martin,4.0,6.0,True,Finished,8.0,-2.0
2023_17,OCO,Alpine,8.0,7.0,True,Finished,6.0,1.0
2023_17,BOT,Alfa Romeo,9.0,8.0,True,Finished,4.0,1.0
2023_17,STR,Aston Martin,16.0,9.0,True,Finished,0.0,7.0
2023_17,GAS,Alpine,7.0,10.0,True,Finished,0.0,-3.0
2023_17,PER,Red Bull Racing,20.0,11.0,True,Finished,1.0,9.0
2023_17,ZHO,Alfa Romeo,19.0,12.0,True,Finished,2.0,7.0
2023_17,ALB,Williams,13.0,13.0,True,Finished,0.0,0.0
2023_17,MAG,Haas F1 Team,18.0,14.0,True,Lapped,0.0,4.0
2023_17,TSU,AlphaTauri,11.0,15.0,True,Lapped,0.0,-4.0
2023_17,HUL,Haas F1 Team,14.0,16.0,True,Lapped,0.0,-2.0
2023_17,LAW,AlphaTauri,17.0,17.0,True,Lapped,0.0,0.0
2023_17,SAR,Williams,15.0,18.0,False,Retired,0.0,
2023_17,HAM,Mercedes,3.0,19.0,False,Retired,0.0,
2023_17,SAI,Ferrari,12.0,,False,Did not start,0.0,
2023_18,VER,Red Bull Racing,6.0,1.0,True,Finished,25.0,5.0
2023_18,HAM,Mercedes,3.0,2.0,True,Disqualified,0.0,1.0
2023_18,NOR,McLaren,2.0,3.0,True,Finished,18.0,-1.0
2023_18,SAI,Ferrari,4.0,4.0,True,Finished,15.0,0.0
2023_18,PER,Red Bull Racing,9.0,5.0,True,Finished,12.0,4.0
2023_18,LEC,Ferrari,1.0,6.0,True,Disqualified,0.0,-5.0
2023_18,RUS,Mercedes,5.0,7.0,True,Finished,10.0,-2.0
2023_18,GAS,Alpine,7.0,8.0,True,Finished,8.0,-1.0
2023_18,STR,Aston Martin,20.0,9.0,True,Finished,6.0,11.0
2023_18,TSU,AlphaTauri,11.0,10.0,True,Finished,5.0,1.0
2023_18,ALB,Williams,15.0,11.0,True,Finished,2.0,4.0
2023_18,SAR,Williams,16.0,12.0,True,Finished,1.0,4.0
2023_18,HUL,Haas F1 Team,18.0,13.0,True,Finished,0.0,5.0
2023_18,BOT,Alfa Romeo,13.0,14.0,True,Finished,0.0,-1.0
2023_18,ZHO,Alfa Romeo,12.0,15.0,True,Lapped,0.0,-3.0
2023_18,MAG,Haas F1 Team,17.0,16.0,True,Lapped,0.0,1.0
2023_18,RIC,AlphaTauri,14.0,17.0,True,Lapped,0.0,-3.0
2023_18,ALO,Aston Martin,19.0,18.0,False,Retired,0.0,
2023_18,PIA,McLaren,10.0,19.0,False,Retired,0.0,
2023_18,OCO,Alpine,8.0,20.0,False,Retired,0.0,
2023_19,VER,Red Bull Racing,3.0,1.0,True,Finished,25.0,2.0
2023_19,HAM,Mercedes,6.0,2.0,True,Finished,19.0,4.0
2023_19,LEC,Ferrari,1.0,3.0,True,Finished,15.0,-2.0
2023_19,SAI,Ferrari,2.0,4.0,True,Finished,12.0,-2.0
2023_19,NOR,McLaren,17.0,5.0,True,Finished,10.0,12.0
2023_19,RUS,Mercedes,8.0,6.0,True,Finished,8.0,2.0
2023_19,RIC,AlphaTauri,4.0,7.0,True,Finished,6.0,-3.0
2023_19,PIA,McLaren,7.0,8.0,True,Finished,4.0,-1.0
2023_19,ALB,Williams,14.0,9.0,True,Finished,2.0,5.0
2023_19,OCO,Alpine,15.0,10.0,True,Finished,1.0,5.0
2023_19,GAS,Alpine,11.0,11.0,True,Finished,0.0,0.0
2023_19,SAR,Williams,19.0,12.0,True,Retired,0.0,7.0
2023_19,TSU,AlphaTauri,18.0,13.0,True,Finished,0.0,5.0
2023_19,HUL,Haas F1 Team,12.0,14.0,True,Finished,0.0,-2.0
2023_19,BOT,Alfa Romeo,9.0,15.0,True,Finished,0.0,-6.0
2023_19,ZHO,Alfa Romeo,10.0,16.0,True,Finished,0.0,-6.0
2023_19,STR,Aston Martin,,17.0,True,Collision damage,0.0,
2023_19,ALO,Aston Martin,13.0,18.0,False,Withdrew,0.0,
2023_19,MAG,Haas F1 Team,16.0,19.0,False,Accident,0.0,
2023_19,PER,Red Bull Racing,5.0,20.0,False,Collision damage,0.0,
2023_20,VER,Red Bull Racing,1.0,1.0,True,Finished,25.0,0.0
2023_20,NOR,McLaren,6.0,2.0,True,Finished,19.0,4.0
2023_20,ALO,Aston Martin,4.0,3.0,True,Finished,15.0,1.0
2023_20,PER,Red Bull Racing,9.0,4.0,True,Finished,12.0,5.0
2023_20,STR,Aston Martin,3.0,5.0,True,Finished,10.0,-2.0
2023_20,SAI,Ferrari,7.0,6.0,True,Finished,8.0,1.0
2023_20,GAS,Alpine,15.0,7.0,True,Finished,6.0,8.0
2023_20,HAM,Mercedes,5.0,8.0,True,Finished,4.0,-3.0
2023_20,TSU,AlphaTauri,16.0,9.0,True,Finished,2.0,7.0
2023_20,OCO,Alpine,14.0,10.0,True,Lapped,1.0,4.0
2023_20,SAR,Williams,19.0,11.0,True,Lapped,0.0,8.0
2023_20,HUL,Haas F1 Team,11.0,12.0,True,Lapped,0.0,-1.0
2023_20,RIC,AlphaTauri,17.0,13.0,True,Lapped,0.0,4.0
2023_20,PIA,McLaren,10.0,14.0,True,Lapped,0.0,-4.0
2023_20,RUS,Mercedes,8.0,15.0,False,Retired,0.0,
2023_20,BOT,Alfa Romeo,18.0,16.0,False,Retired,0.0,
2023_20,ZHO,Alfa Romeo,20.0,17.0,False,Retired,0.0,
2023_20,LEC,Ferrari,2.0,18.0,False,Did not start,0.0,
2023_20,MAG,Haas F1 Team,12.0,19.0,False,Retired,0.0,
2023_20,ALB,Williams,13.0,20.0,False,Retired,0.0,
2023_21,VER,Red Bull Racing,2.0,1.0,True,Finished,25.0,1.0
2023_21,LEC,Ferrari,1.0,2.0,True,Finished,18.0,-1.0
2023_21,PER,Red Bull Racing,11.0,3.0,True,Finished,15.0,8.0
2023_21,RUS,Mercedes,3.0,4.0,True,Finished,4.0,-1.0
2023_21,OCO,Alpine,16.0,5.0,True,Finished,12.0,11.0
2023_21,STR,Aston Martin,19.0,6.0,True,Finished,10.0,13.0
2023_21,SAI,Ferrari,12.0,7.0,True,Finished,8.0,5.0
2023_21,HAM,Mercedes,10.0,8.0,True,Finished,6.0,2.0
2023_21,ALO,Aston Martin,9.0,9.0,True,Finished,2.0,0.0
2023_21,PIA,McLaren,18.0,10.0,True,Finished,2.0,8.0
2023_21,GAS,Alpine,4.0,11.0,True,Finished,0.0,-7.0
2023_21,ALB,Williams,5.0,12.0,True,Finished,0.0,-7.0
2023_21,MAG,Haas F1 Team,8.0,13.0,True,Finished,0.0,-5.0
2023_21,RIC,AlphaTauri,14.0,14.0,True,Finished,0.0,0.0
2023_21,ZHO,Alfa Romeo,17.0,15.0,True,Finished,0.0,2.0
2023_21,SAR,Williams,6.0,16.0,True,Finished,0.0,-10.0
2023_21,BOT,Alfa Romeo,7.0,17.0,True,Finished,0.0,-10.0
2023_21,TSU,AlphaTauri,20.0,18.0,True,Retired,0.0,2.0
2023_21,HUL,Haas F1 Team,13.0,19.0,True,Retired,0.0,-6.0
2023_21,NOR,McLaren,15.0,20.0,False,Retired,0.0,
2023_22,VER,Red Bull Racing,1.0,1.0,True,Finished,26.0,0.0
2023_22,PER,Red Bull Racing,9.0,2.0,True,Finished,12.0,7.0
2023_22,LEC,Ferrari,2.0,3.0,True,Finished,18.0,-1.0
2023_22,RUS,Mercedes,4.0,4.0,True,Finished,15.0,0.0
2023_22,NOR,McLaren,5.0,5.0,True,Finished,10.0,0.0
2023_22,PIA,McLaren,3.0,6.0,True,Finished,8.0,-3.0
2023_22,ALO,Aston Martin,7.0,7.0,True,Finished,6.0,0.0
2023_22,TSU,AlphaTauri,6.0,8.0,True,Finished,4.0,-2.0
2023_22,HAM,Mercedes,11.0,9.0,True,Finished,2.0,2.0
2023_22,STR,Aston Martin,13.0,10.0,True,Finished,1.0,3.0
2023_22,RIC,AlphaTauri,15.0,11.0,True,Finished,0.0,4.0
2023_22,OCO,Alpine,12.0,12.0,True,Finished,0.0,0.0
2023_22,GAS,Alpine,10.0,13.0,True,Finished,0.0,-3.0
2023_22,ALB,Williams,14.0,14.0,True,Finished,0.0,0.0
2023_22,HUL,Haas F1 Team,8.0,15.0,True,Finished,0.0,-7.0
2023_22,SAR,Williams,20.0,16.0,True,Finished,0.0,4.0
2023_22,ZHO,Alfa Romeo,19.0,17.0,True,Finished,0.0,2.0
2023_22,SAI,Ferrari,16.0,18.0,True,Retired,0.0,-2.0
2023_22,BOT,Alfa Romeo,18.0,19.0,True,Lapped,0.0,-1.0
2023_22,MAG,Haas F1 Team,17.0,20.0,True,Lapped,0.0,-3.0
2024_01,VER,Red Bull Racing,1.0,1.0,True,Finished,26.0,0.0
2024_01,PER,Red Bull Racing,5.0,2.0,True,Finished,18.0,3.0
2024_01,SAI,Ferrari,4.0,3.0,True,Finished,15.0,1.0
2024_01,LEC,Ferrari,2.0,4.0,True,Finished,12.0,-2.0
2024_01,RUS,Mercedes,3.0,5.0,True,Finished,10.0,-2.0
2024_01,NOR,McLaren,7.0,6.0,True,Finished,8.0,1.0
2024_01,HAM,Mercedes,9.0,7.0,True,Finished,6.0,2.0
2024_01,PIA,McLaren,8.0,8.0,True,Finished,4.0,0.0
2024_01,ALO,Aston Martin,6.0,9.0,True,Finished,2.0,-3.0
2024_01,STR,Aston Martin,12.0,10.0,True,Finished,1.0,2.0
2024_01,ZHO,Kick Sauber,17.0,11.0,True,Lapped,0.0,6.0
2024_01,MAG,Haas F1 Team,15.0,12.0,True,Lapped,0.0,3.0
2024_01,RIC,RB,14.0,13.0,True,Lapped,0.0,1.0
2024_01,TSU,RB,11.0,14.0,True,Lapped,0.0,-3.0
2024_01,ALB,Williams,13.0,15.0,True,Lapped,0.0,-2.0
2024_01,HUL,Haas F1 Team,10.0,16.0,True,Lapped,0.0,-6.0
2024_01,OCO,Alpine,19.0,17.0,True,Lapped,0.0,2.0
2024_01,GAS,Alpine,20.0,18.0,True,Lapped,0.0,2.0
2024_01,BOT,Kick Sauber,16.0,19.0,True,Lapped,0.0,-3.0
2024_01,SAR,Williams,18.0,20.0,True,Lapped,0.0,-2.0
2024_02,VER,Red Bull Racing,1.0,1.0,True,Finished,25.0,0.0
2024_02,PER,Red Bull Racing,3.0,2.0,True,Finished,18.0,1.0
2024_02,LEC,Ferrari,2.0,3.0,True,Finished,16.0,-1.0
2024_02,PIA,McLaren,5.0,4.0,True,Finished,12.0,1.0
2024_02,ALO,Aston Martin,4.0,5.0,True,Finished,10.0,-1.0
2024_02,RUS,Mercedes,7.0,6.0,True,Finished,8.0,1.0
2024_02,BEA,Ferrari,11.0,7.0,True,Finished,6.0,4.0
2024_02,NOR,McLaren,6.0,8.0,True,Finished,4.0,-2.0
2024_02,HAM,Mercedes,8.0,9.0,True,Finished,2.0,-1.0
2024_02,HUL,Haas F1 Team,15.0,10.0,True,Finished,1.0,5.0
2024_02,MAG,Haas F1 Team,13.0,11.0,True,Finished,0.0,2.0
2024_02,ALB,Williams,12.0,12.0,True,Finished,0.0,0.0
2024_02,OCO,Alpine,17.0,13.0,True,Lapped,0.0,4.0
2024_02,TSU,RB,9.0,14.0,True,Lapped,0.0,-5.0
2024_02,SAR,Williams,19.0,15.0,True,Lapped,0.0,4.0
2024_02,RIC,RB,14.0,16.0,True,Lapped,0.0,-2.0
2024_02,BOT,Kick Sauber,16.0,17.0,True,Lapped,0.0,-1.0
2024_02,ZHO,Kick Sauber,20.0,18.0,True,Lapped,0.0,2.0
2024_02,STR,Aston Martin,10.0,19.0,False,Retired,0.0,
2024_02,GAS,Alpine,18.0,20.0,False,Retired,0.0,
2024_03,SAI,Ferrari,2.0,1.0,True,Finished,25.0,1.0
2024_03,LEC,Ferrari,4.0,2.0,True,Finished,19.0,2.0
2024_03,NOR,McLaren,3.0,3.0,True,Finished,15.0,0.0
2024_03,PIA,McLaren,5.0,4.0,True,Finished,12.0,1.0
2024_03,PER,Red Bull Racing,6.0,5.0,True,Finished,10.0,1.0
2024_03,ALO,Aston Martin,10.0,6.0,True,Finished,4.0,4.0
2024_03,STR,Aston Martin,9.0,7.0,True,Finished,8.0,2.0
2024_03,TSU,RB,8.0,8.0,True,Finished,6.0,0.0
2024_03,HUL,Haas F1 Team,16.0,9.0,True,Finished,2.0,7.0
2024_03,MAG,Haas F1 Team,14.0,10.0,True,Lapped,1.0,4.0
2024_03,ALB,Williams,12.0,11.0,True,Lapped,0.0,1.0
2024_03,RUS,Mercedes,7.0,12.0,True,Retired,0.0,-5.0
2024_03,RIC,RB,18.0,13.0,True,Lapped,0.0,5.0
2024_03,GAS,Alpine,17.0,14.0,True,Lapped,0.0,3.0
2024_03,BOT,Kick Sauber,13.0,15.0,True,Lapped,0.0,-2.0
2024_03,ZHO,Kick Sauber,19.0,16.0,True,Lapped,0.0,3.0
2024_03,OCO,Alpine,15.0,17.0,True,Lapped,0.0,-2.0
2024_03,HAM,Mercedes,11.0,18.0,False,Retired,0.0,
2024_03,VER,Red Bull Racing,1.0,19.0,False,Retired,0.0,
2024_04,VER,Red Bull Racing,1.0,1.0,True,Finished,26.0,0.0
2024_04,PER,Red Bull Racing,2.0,2.0,True,Finished,18.0,0.0
2024_04,SAI,Ferrari,4.0,3.0,True,Finished,15.0,1.0
2024_04,LEC,Ferrari,8.0,4.0,True,Finished,12.0,4.0
2024_04,NOR,McLaren,3.0,5.0,True,Finished,10.0,-2.0
2024_04,ALO,Aston Martin,5.0,6.0,True,Finished,8.0,-1.0
2024_04,RUS,Mercedes,9.0,7.0,True,Finished,6.0,2.0
2024_04,PIA,McLaren,6.0,8.0,True,Finished,4.0,-2.0
2024_04,HAM,Mercedes,7.0,9.0,True,Finished,2.0,-2.0
2024_04,TSU,RB,10.0,10.0,True,Lapped,1.0,0.0
2024_04,HUL,Haas F1 Team,12.0,11.0,True,Lapped,0.0,1.0
2024_04,STR,Aston Martin,16.0,12.0,True,Lapped,0.0,4.0
2024_04,MAG,Haas F1 Team,18.0,13.0,True,Lapped,0.0,5.0
2024_04,BOT,Kick Sauber,13.0,14.0,True,Lapped,0.0,-1.0
2024_04,OCO,Alpine,15.0,15.0,True,Lapped,0.0,0.0
2024_04,GAS,Alpine,17.0,16.0,True,Lapped,0.0,1.0
2024_04,SAR,Williams,19.0,17.0,True,Lapped,0.0,2.0
2024_04,ZHO,Kick Sauber,20.0,18.0,False,Retired,0.0,
2024_04,ALB,Williams,14.0,19.0,False,Retired,0.0,
2024_04,RIC,RB,11.0,20.0,False,Retired,0.0,
2024_05,VER,Red Bull Racing,1.0,1.0,True,Finished,25.0,0.0
2024_05,NOR,McLaren,4.0,2.0,True,Finished,18.0,2.0
2024_05,PER,Red Bull Racing,2.0,3.0,True,Finished,15.0,-1.0
2024_05,LEC,Ferrari,6.0,4.0,True,Finished,12.0,2.0
2024_05,SAI,Ferrari,7.0,5.0,True,Finished,10.0,2.0
2024_05,RUS,Mercedes,8.0,6.0,True,Finished,8.0,2.0
2024_05,ALO,Aston Martin,3.0,7.0,True,Finished,7.0,-4.0
2024_05,PIA,McLaren,5.0,8.0,True,Finished,4.0,-3.0
2024_05,HAM,Mercedes,18.0,9.0,True,Finished,2.0,9.0
2024_05,HUL,Haas F1 Team,9.0,10.0,True,Finished,1.0,-1.0
2024_05,OCO,Alpine,13.0,11.0,True,Finished,0.0,2.0
2024_05,ALB,Williams,14.0,12.0,True,Finished,0.0,2.0
2024_05,GAS,Alpine,15.0,13.0,True,Finished,0.0,2.0
2024_05,ZHO,Kick Sauber,16.0,14.0,True,Finished,0.0,2.0
2024_05,MAG,Haas F1 Team,17.0,15.0,True,Finished,0.0,2.0
2024_05,STR,Aston Martin,11.0,16.0,True,Finished,0.0,-5.0
2024_05,SAR,Williams,20.0,17.0,True,Finished,0.0,3.0
2024_05,RIC,RB,12.0,18.0,False,Retired,0.0,
2024_05,TSU,RB,19.0,19.0,False,Retired,0.0,
2024_05,BOT,Kick Sauber,10.0,20.0,False,Retired,0.0,
2024_06,NOR,McLaren,5.0,1.0,True,Finished,25.0,4.0
2024_06,VER,Red Bull Racing,1.0,2.0,True,Finished,18.0,-1.0
2024_06,LEC,Ferrari,2.0,3.0,True,Finished,15.0,-1.0
2024_06,SAI,Ferrari,3.0,4.0,True,Finished,10.0,-1.0
2024_06,PER,Red Bull Racing,4.0,5.0,True,Finished,12.0,-1.0
2024_06,HAM,Mercedes,8.0,6.0,True,Finished,8.0,2.0
2024_06,TSU,RB,10.0,7.0,True,Finished,6.0,3.0
2024_06,RUS,Mercedes,7.0,8.0,True,Finished,4.0,-1.0
2024_06,ALO,Aston Martin,15.0,9.0,True,Finished,2.0,6.0
2024_06,OCO,Alpine,13.0,10.0,True,Finished,1.0,3.0
2024_06,HUL,Haas F1 Team,9.0,11.0,True,Finished,0.0,-2.0
2024_06,GAS,Alpine,12.0,12.0,True,Finished,0.0,0.0
2024_06,STR,Aston Martin,11.0,13.0,True,Finished,0.0,-2.0
2024_06,PIA,McLaren,6.0,14.0,True,Finished,0.0,-8.0
2024_06,ZHO,Kick Sauber,19.0,15.0,True,Finished,0.0,4.0
2024_06,RIC,RB,20.0,16.0,True,Finished,0.0,4.0
2024_06,BOT,Kick Sauber,16.0,17.0,True,Finished,0.0,-1.0
2024_06,MAG,Haas F1 Team,18.0,18.0,True,Finished,0.0,0.0
2024_06,ALB,Williams,14.0,19.0,True,Finished,0.0,-5.0
2024_06,SAR,Williams,17.0,20.0,False,Retired,0.0,
2024_07,VER,Red Bull Racing,1.0,1.0,True,Finished,25.0,0.0
2024_07,NOR,McLaren,2.0,2.0,True,Finished,18.0,0.0
2024_07,LEC,Ferrari,3.0,3.0,True,Finished,15.0,0.0
2024_07,PIA,McLaren,5.0,4.0,True,Finished,12.0,1.0
2024_07,SAI,Ferrari,4.0,5.0,True,Finished,10.0,-1.0
2024_07,HAM,Mercedes,8.0,6.0,True,Finished,8.0,2.0
2024_07,RUS,Mercedes,6.0,7.0,True,Finished,7.0,-1.0
2024_07,PER,Red Bull Racing,11.0,8.0,True,Finished,4.0,3.0
2024_07,STR,Aston Martin,13.0,9.0,True,Finished,2.0,4.0
2024_07,TSU,RB,7.0,10.0,True,Lapped,1.0,-3.0
2024_07,HUL,Haas F1 Team,10.0,11.0,True,Lapped,0.0,-1.0
2024_07,MAG,Haas F1 Team,18.0,12.0,True,Lapped,0.0,6.0
2024_07,RIC,RB,9.0,13.0,True,Lapped,0.0,-4.0
2024_07,OCO,Alpine,12.0,14.0,True,Lapped,0.0,-2.0
2024_07,ZHO,Kick Sauber,17.0,15.0,True,Lapped,0.0,2.0
2024_07,GAS,Alpine,15.0,16.0,True,Lapped,0.0,-1.0
2024_07,SAR,Williams,19.0,17.0,True,Lapped,0.0,2.0
2024_07,BOT,Kick Sauber,16.0,18.0,True,Lapped,0.0,-2.0
2024_07,ALO,Aston Martin,20.0,19.0,True,Lapped,0.0,1.0
2024_07,ALB,Williams,14.0,20.0,False,Retired,0.0,
2024_08,LEC,Ferrari,1.0,1.0,True,Finished,25.0,0.0
2024_08,PIA,McLaren,2.0,2.0,True,Finished,18.0,0.0
2024_08,SAI,Ferrari,3.0,3.0,True,Finished,15.0,0.0
2024_08,NOR,McLaren,4.0,4.0,True,Finished,12.0,0.0
2024_08,RUS,Mercedes,5.0,5.0,True,Finished,10.0,0.0
2024_08,VER,Red Bull Racing,6.0,6.0,True,Finished,8.0,0.0
2024_08,HAM,Mercedes,7.0,7.0,True,Finished,7.0,0.0
2024_08,TSU,RB,8.0,8.0,True,Lapped,4.0,0.0
2024_08,ALB,Williams,9.0,9.0,True,Lapped,2.0,0.0
2024_08,GAS,Alpine,10.0,10.0,True,Lapped,1.0,0.0
2024_08,ALO,Aston Martin,14.0,11.0,True,Lapped,0.0,3.0
2024_08,RIC,RB,12.0,12.0,True,Lapped,0.0,0.0
2024_08,BOT,Kick Sauber,17.0,13.0,True,Lapped,0.0,4.0
2024_08,STR,Aston Martin,13.0,14.0,True,Lapped,0.0,-1.0
2024_08,SAR,Williams,15.0,15.0,True,Lapped,0.0,0.0
2024_08,ZHO,Kick Sauber,18.0,16.0,True,Lapped,0.0,2.0
2024_08,PER,Red Bull Racing,16.0,17.0,False,Retired,0.0,
2024_08,MAG,Haas F1 Team,20.0,18.0,False,Retired,0.0,
2024_08,HUL,Haas F1 Team,19.0,19.0,False,Retired,0.0,
2024_08,OCO,Alpine,11.0,20.0,False,Retired,0.0,
2024_09,VER,Red Bull Racing,2.0,1.0,True,Finished,25.0,1.0
2024_09,NOR,McLaren,3.0,2.0,True,Finished,18.0,1.0
2024_09,RUS,Mercedes,1.0,3.0,True,Finished,15.0,-2.0
2024_09,HAM,Mercedes,7.0,4.0,True,Finished,13.0,3.0
2024_09,PIA,McLaren,4.0,5.0,True,Finished,10.0,-1.0
2024_09,ALO,Aston Martin,6.0,6.0,True,Finished,8.0,0.0
2024_09,STR,Aston Martin,9.0,7.0,True,Finished,6.0,2.0
2024_09,RIC,RB,5.0,8.0,True,Finished,4.0,-3.0
2024_09,GAS,Alpine,15.0,9.0,True,Finished,2.0,6.0
2024_09,OCO,Alpine,18.0,10.0,True,Finished,1.0,8.0
2024_09,HUL,Haas F1 Team,17.0,11.0,True,Finished,0.0,6.0
2024_09,MAG,Haas F1 Team,14.0,12.0,True,Finished,0.0,2.0
2024_09,BOT,Kick Sauber,19.0,13.0,True,Finished,0.0,6.0
2024_09,TSU,RB,8.0,14.0,True,Finished,0.0,-6.0
2024_09,ZHO,Kick Sauber,20.0,15.0,True,Lapped,0.0,5.0
2024_09,SAI,Ferrari,12.0,16.0,False,Retired,0.0,
2024_09,ALB,Williams,10.0,17.0,False,Retired,0.0,
2024_09,PER,Red Bull Racing,16.0,18.0,False,Retired,0.0,
2024_09,LEC,Ferrari,11.0,19.0,False,Retired,0.0,
2024_09,SAR,Williams,13.0,20.0,False,Retired,0.0,
2024_10,VER,Red Bull Racing,2.0,1.0,True,Finished,25.0,1.0
2024_10,NOR,McLaren,1.0,2.0,True,Finished,19.0,-1.0
2024_10,HAM,Mercedes,3.0,3.0,True,Finished,15.0,0.0
2024_10,RUS,Mercedes,4.0,4.0,True,Finished,12.0,0.0
2024_10,LEC,Ferrari,5.0,5.0,True,Finished,10.0,0.0
2024_10,SAI,Ferrari,6.0,6.0,True,Finished,8.0,0.0
2024_10,PIA,McLaren,9.0,7.0,True,Finished,6.0,2.0
2024_10,PER,Red Bull Racing,11.0,8.0,True,Finished,4.0,3.0
2024_10,GAS,Alpine,7.0,9.0,True,Finished,2.0,-2.0
2024_10,OCO,Alpine,8.0,10.0,True,Finished,1.0,-2.0
2024_10,HUL,Haas F1 Team,13.0,11.0,True,Finished,0.0,2.0
2024_10,ALO,Aston Martin,10.0,12.0,True,Lapped,0.0,-2.0
2024_10,ZHO,Kick Sauber,15.0,13.0,True,Lapped,0.0,2.0
2024_10,STR,Aston Martin,14.0,14.0,True,Lapped,0.0,0.0
2024_10,RIC,RB,18.0,15.0,True,Lapped,0.0,3.0
2024_10,BOT,Kick Sauber,12.0,16.0,True,Lapped,0.0,-4.0
2024_10,MAG,Haas F1 Team,16.0,17.0,True,Lapped,0.0,-1.0
2024_10,ALB,Williams,20.0,18.0,True,Lapped,0.0,2.0
2024_10,TSU,RB,17.0,19.0,True,Lapped,0.0,-2.0
2024_10,SAR,Williams,19.0,20.0,True,Lapped,0.0,-1.0
2024_11,RUS,Mercedes,3.0,1.0,True,Finished,25.0,2.0
2024_11,PIA,McLaren,7.0,2.0,True,Finished,18.0,5.0
2024_11,SAI,Ferrari,4.0,3.0,True,Finished,15.0,1.0
2024_11,HAM,Mercedes,5.0,4.0,True,Finished,12.0,1.0
2024_11,VER,Red Bull Racing,1.0,5.0,True,Finished,10.0,-4.0
2024_11,HUL,Haas F1 Team,9.0,6.0,True,Finished,8.0,3.0
2024_11,PER,Red Bull Racing,8.0,7.0,True,Finished,6.0,1.0
2024_11,MAG,Haas F1 Team,12.0,8.0,True,Finished,4.0,4.0
2024_11,RIC,RB,11.0,9.0,True,Finished,2.0,2.0
2024_11,GAS,Alpine,13.0,10.0,True,Finished,1.0,3.0
2024_11,LEC,Ferrari,6.0,11.0,True,Finished,0.0,-5.0
2024_11,OCO,Alpine,10.0,12.0,True,Finished,0.0,-2.0
2024_11,STR,Aston Martin,17.0,13.0,True,Lapped,0.0,4.0
2024_11,ALB,Williams,16.0,14.0,True,Lapped,0.0,2.0
2024_11,TSU,RB,14.0,15.0,True,Lapped,0.0,-1.0
2024_11,BOT,Kick Sauber,18.0,16.0,True,Lapped,0.0,2.0
2024_11,ZHO,Kick Sauber,20.0,17.0,True,Lapped,0.0,3.0
2024_11,ALO,Aston Martin,15.0,18.0,True,Lapped,0.0,-3.0
2024_11,SAR,Williams,19.0,19.0,True,Lapped,0.0,0.0
2024_11,NOR,McLaren,2.0,20.0,True,Lapped,0.0,-18.0
2024_12,HAM,Mercedes,2.0,1.0,True,Finished,25.0,1.0
2024_12,VER,Red Bull Racing,4.0,2.0,True,Finished,18.0,2.0
2024_12,NOR,McLaren,3.0,3.0,True,Finished,15.0,0.0
2024_12,PIA,McLaren,5.0,4.0,True,Finished,12.0,1.0
2024_12,SAI,Ferrari,7.0,5.0,True,Finished,11.0,2.0
2024_12,HUL,Haas F1 Team,6.0,6.0,True,Finished,8.0,0.0
2024_12,STR,Aston Martin,8.0,7.0,True,Finished,6.0,1.0
2024_12,ALO,Aston Martin,10.0,8.0,True,Finished,4.0,2.0
2024_12,ALB,Williams,9.0,9.0,True,Finished,2.0,0.0
2024_12,TSU,RB,13.0,10.0,True,Finished,1.0,3.0
2024_12,SAR,Williams,12.0,11.0,True,Finished,0.0,1.0
2024_12,MAG,Haas F1 Team,17.0,12.0,True,Finished,0.0,5.0
2024_12,RIC,RB,15.0,13.0,True,Lapped,0.0,2.0
2024_12,LEC,Ferrari,11.0,14.0,True,Lapped,0.0,-3.0
2024_12,BOT,Kick Sauber,16.0,15.0,True,Lapped,0.0,1.0
2024_12,OCO,Alpine,18.0,16.0,True,Lapped,0.0,2.0
2024_12,PER,Red Bull Racing,20.0,17.0,True,Lapped,0.0,3.0
2024_12,ZHO,Kick Sauber,14.0,18.0,True,Lapped,0.0,-4.0
2024_12,RUS,Mercedes,1.0,19.0,False,Retired,0.0,
2024_12,GAS,Alpine,19.0,20.0,False,Did not start,0.0,
2024_13,PIA,McLaren,2.0,1.0,True,Finished,25.0,1.0
2024_13,NOR,McLaren,1.0,2.0,True,Finished,18.0,-1.0
2024_13,HAM,Mercedes,5.0,3.0,True,Finished,15.0,2.0
2024_13,LEC,Ferrari,6.0,4.0,True,Finished,12.0,2.0
2024_13,VER,Red Bull Racing,3.0,5.0,True,Finished,10.0,-2.0
2024_13,SAI,Ferrari,4.0,6.0,True,Finished,8.0,-2.0
2024_13,PER,Red Bull Racing,16.0,7.0,True,Finished,6.0,9.0
2024_13,RUS,Mercedes,17.0,8.0,True,Finished,5.0,9.0
2024_13,TSU,RB,10.0,9.0,True,Finished,2.0,1.0
2024_13,STR,Aston Martin,8.0,10.0,True,Finished,1.0,-2.0
2024_13,ALO,Aston Martin,7.0,11.0,True,Finished,0.0,-4.0
2024_13,RIC,RB,9.0,12.0,True,Lapped,0.0,-3.0
2024_13,HUL,Haas F1 Team,11.0,13.0,True,Lapped,0.0,-2.0
2024_13,ALB,Williams,13.0,14.0,True,Lapped,0.0,-1.0
2024_13,MAG,Haas F1 Team,15.0,15.0,True,Lapped,0.0,0.0
2024_13,BOT,Kick Sauber,12.0,16.0,True,Lapped,0.0,-4.0
2024_13,SAR,Williams,14.0,17.0,True,Lapped,0.0,-3.0
2024_13,OCO,Alpine,19.0,18.0,True,Lapped,0.0,1.0
2024_13,ZHO,Kick Sauber,18.0,19.0,True,Lapped,0.0,-1.0
2024_13,GAS,Alpine,20.0,20.0,False,Retired,0.0,
2024_14,RUS,Mercedes,6.0,1.0,True,Disqualified,0.0,5.0
2024_14,HAM,Mercedes,3.0,2.0,True,Finished,25.0,1.0
2024_14,PIA,McLaren,5.0,3.0,True,Finished,18.0,2.0
2024_14,LEC,Ferrari,1.0,4.0,True,Finished,15.0,-3.0
2024_14,VER,Red Bull Racing,11.0,5.0,True,Finished,12.0,6.0
2024_14,NOR,McLaren,4.0,6.0,True,Finished,10.0,-2.0
2024_14,SAI,Ferrari,7.0,7.0,True,Finished,8.0,0.0
2024_14,PER,Red Bull Racing,2.0,8.0,True,Finished,7.0,-6.0
2024_14,ALO,Aston Martin,8.0,9.0,True,Finished,4.0,-1.0
2024_14,OCO,Alpine,9.0,10.0,True,Finished,2.0,-1.0
2024_14,RIC,RB,13.0,11.0,True,Finished,1.0,2.0
2024_14,STR,Aston Martin,15.0,12.0,True,Finished,0.0,3.0
2024_14,ALB,Williams,10.0,13.0,True,Finished,0.0,-3.0
2024_14,GAS,Alpine,12.0,14.0,True,Finished,0.0,-2.0
2024_14,MAG,Haas F1 Team,17.0,15.0,True,Finished,0.0,2.0
2024_14,BOT,Kick Sauber,14.0,16.0,True,Finished,0.0,-2.0
2024_14,TSU,RB,20.0,17.0,True,Finished,0.0,3.0
2024_14,SAR,Williams,18.0,18.0,True,Finished,0.0,0.0
2024_14,HUL,Haas F1 Team,16.0,19.0,True,Finished,0.0,-3.0
2024_14,ZHO,Kick Sauber,19.0,20.0,False,Retired,0.0,
2024_15,NOR,McLaren,1.0,1.0,True,Finished,26.0,0.0
2024_15,VER,Red Bull Racing,2.0,2.0,True,Finished,18.0,0.0
2024_15,LEC,Ferrari,6.0,3.0,True,Finished,15.0,3.0
2024_15,PIA,McLaren,3.0,4.0,True,Finished,12.0,-1.0
2024_15,SAI,Ferrari,10.0,5.0,True,Finished,10.0,5.0
2024_15,PER,Red Bull Racing,5.0,6.0,True,Finished,8.0,-1.0
2024_15,RUS,Mercedes,4.0,7.0,True,Finished,6.0,-3.0
2024_15,HAM,Mercedes,14.0,8.0,True,Finished,4.0,6.0
2024_15,GAS,Alpine,9.0,9.0,True,Lapped,2.0,0.0
2024_15,ALO,Aston Martin,7.0,10.0,True,Lapped,1.0,-3.0
2024_15,HUL,Haas F1 Team,12.0,11.0,True,Lapped,0.0,1.0
2024_15,STR,Aston Martin,8.0,12.0,True,Lapped,0.0,-4.0
2024_15,RIC,RB,13.0,13.0,True,Lapped,0.0,0.0
2024_15,ALB,Williams,19.0,14.0,True,Lapped,0.0,5.0
2024_15,OCO,Alpine,15.0,15.0,True,Lapped,0.0,0.0
2024_15,SAR,Williams,18.0,16.0,True,Lapped,0.0,2.0
2024_15,TSU,RB,11.0,17.0,True,Lapped,0.0,-6.0
2024_15,MAG,Haas F1 Team,20.0,18.0,True,Lapped,0.0,2.0
2024_15,BOT,Kick Sauber,16.0,19.0,True,Lapped,0.0,-3.0
2024_15,ZHO,Kick Sauber,17.0,20.0,True,Lapped,0.0,-3.0
2024_16,LEC,Ferrari,4.0,1.0,True,Finished,25.0,3.0
2024_16,PIA,McLaren,2.0,2.0,True,Finished,18.0,0.0
2024_16,NOR,McLaren,1.0,3.0,True,Finished,16.0,-2.0
2024_16,SAI,Ferrari,5.0,4.0,True,Finished,12.0,1.0
2024_16,HAM,Mercedes,6.0,5.0,True,Finished,10.0,1.0
2024_16,VER,Red Bull Racing,7.0,6.0,True,Finished,8.0,1.0
2024_16,RUS,Mercedes,3.0,7.0,True,Finished,6.0,-4.0
2024_16,PER,Red Bull Racing,8.0,8.0,True,Finished,4.0,0.0
2024_16,MAG,Haas F1 Team,13.0,9.0,True,Finished,1.0,4.0
2024_16,ALB,Williams,9.0,10.0,True,Finished,2.0,-1.0
2024_16,ALO,Aston Martin,11.0,11.0,True,Finished,0.0,0.0
2024_16,RIC,RB,12.0,12.0,True,Finished,0.0,0.0
2024_16,COL,Williams,18.0,13.0,True,Finished,0.0,5.0
2024_16,OCO,Alpine,15.0,14.0,True,Lapped,0.0,1.0
2024_16,GAS,Alpine,14.0,15.0,True,Lapped,0.0,-1.0
2024_16,BOT,Kick Sauber,19.0,16.0,True,Lapped,0.0,3.0
2024_16,HUL,Haas F1 Team,10.0,17.0,True,Lapped,0.0,-7.0
2024_16,ZHO,Kick Sauber,20.0,18.0,True,Lapped,0.0,2.0
2024_16,STR,Aston Martin,17.0,19.0,True,Lapped,0.0,-2.0
2024_16,TSU,RB,16.0,20.0,False,Retired,0.0,
2024_17,PIA,McLaren,2.0,1.0,True,Finished,25.0,1.0
2024_17,LEC,Ferrari,1.0,2.0,True,Finished,18.0,-1.0
2024_17,RUS,Mercedes,5.0,3.0,True,Finished,15.0,2.0
2024_17,NOR,McLaren,15.0,4.0,True,Finished,13.0,11.0
2024_17,VER,Red Bull Racing,6.0,5.0,True,Finished,10.0,1.0
2024_17,ALO,Aston Martin,7.0,6.0,True,Finished,8.0,1.0
2024_17,ALB,Williams,9.0,7.0,True,Finished,6.0,2.0
2024_17,COL,Williams,8.0,8.0,True,Finished,4.0,0.0
2024_17,HAM,Mercedes,19.0,9.0,True,Finished,2.0,10.0
2024_17,BEA,Haas F1 Team,10.0,10.0,True,Finished,1.0,0.0
2024_17,HUL,Haas F1 Team,12.0,11.0,True,Finished,0.0,1.0
2024_17,GAS,Alpine,18.0,12.0,True,Finished,0.0,6.0
2024_17,RIC,RB,14.0,13.0,True,Finished,0.0,1.0
2024_17,ZHO,Kick Sauber,17.0,14.0,True,Finished,0.0,3.0
2024_17,PER,Red Bull Racing,4.0,15.0,True,Retired,0.0,-11.0
2024_17,SAI,Ferrari,3.0,16.0,True,Retired,0.0,-13.0
2024_17,OCO,Alpine,20.0,17.0,True,Lapped,0.0,3.0
2024_17,BOT,Kick Sauber,16.0,18.0,True,Lapped,0.0,-2.0
2024_17,STR,Aston Martin,13.0,19.0,True,Retired,0.0,-6.0
2024_17,TSU,RB,11.0,20.0,False,Retired,0.0,
2024_18,NOR,McLaren,1.0,1.0,True,Finished,25.0,0.0
2024_18,VER,Red Bull Racing,2.0,2.0,True,Finished,18.0,0.0
2024_18,PIA,McLaren,5.0,3.0,True,Finished,15.0,2.0
2024_18,RUS,Mercedes,4.0,4.0,True,Finished,12.0,0.0
2024_18,LEC,Ferrari,9.0,5.0,True,Finished,10.0,4.0
2024_18,HAM,Mercedes,3.0,6.0,True,Finished,8.0,-3.0
2024_18,SAI,Ferrari,10.0,7.0,True,Finished,6.0,3.0
2024_18,ALO,Aston Martin,7.0,8.0,True,Lapped,4.0,-1.0
2024_18,HUL,Haas F1 Team,6.0,9.0,True,Lapped,2.0,-3.0
2024_18,PER,Red Bull Racing,13.0,10.0,True,Lapped,1.0,3.0
2024_18,COL,Williams,12.0,11.0,True,Lapped,0.0,1.0
2024_18,TSU,RB,8.0,12.0,True,Lapped,0.0,-4.0
2024_18,OCO,Alpine,15.0,13.0,True,Lapped,0.0,2.0
2024_18,STR,Aston Martin,17.0,14.0,True,Lapped,0.0,3.0
2024_18,ZHO,Kick Sauber,20.0,15.0,True,Lapped,0.0,5.0
2024_18,BOT,Kick Sauber,19.0,16.0,True,Lapped,0.0,3.0
2024_18,GAS,Alpine,18.0,17.0,True,Lapped,0.0,1.0
2024_18,RIC,RB,16.0,18.0,True,Lapped,0.0,-2.0
2024_18,MAG,Haas F1 Team,14.0,19.0,True,Retired,0.0,-5.0
2024_18,ALB,Williams,11.0,20.0,False,Retired,0.0,
2024_19,LEC,Ferrari,4.0,1.0,True,Finished,25.0,3.0
2024_19,SAI,Ferrari,3.0,2.0,True,Finished,18.0,1.0
2024_19,NOR,McLaren,1.0,3.0,True,Finished,12.0,-2.0
2024_19,VER,Red Bull Racing,2.0,4.0,True,Finished,15.0,-2.0
2024_19,PIA,McLaren,5.0,5.0,True,Finished,10.0,0.0
2024_19,RUS,Mercedes,20.0,6.0,True,Finished,8.0,14.0
2024_19,PER,Red Bull Racing,9.0,7.0,True,Finished,6.0,2.0
2024_19,HUL,Haas F1 Team,11.0,8.0,True,Finished,4.0,3.0
2024_19,LAW,RB,19.0,9.0,True,Finished,2.0,10.0
2024_19,COL,Williams,15.0,10.0,True,Finished,1.0,5.0
2024_19,MAG,Haas F1 Team,8.0,11.0,True,Finished,0.0,-3.0
2024_19,GAS,Alpine,6.0,12.0,True,Finished,0.0,-6.0
2024_19,ALO,Aston Martin,7.0,13.0,True,Lapped,0.0,-6.0
2024_19,TSU,RB,10.0,14.0,True,Lapped,0.0,-4.0
2024_19,STR,Aston Martin,13.0,15.0,True,Lapped,0.0,-2.0
2024_19,ALB,Williams,14.0,16.0,True,Lapped,0.0,-2.0
2024_19,BOT,Kick Sauber,16.0,17.0,True,Lapped,0.0,-1.0
2024_19,OCO,Alpine,12.0,18.0,True,Lapped,0.0,-6.0
2024_19,ZHO,Kick Sauber,18.0,19.0,True,Lapped,0.0,-1.0
2024_19,HAM,Mercedes,17.0,20.0,False,Retired,0.0,
2024_20,SAI,Ferrari,1.0,1.0,True,Finished,25.0,0.0
2024_20,NOR,McLaren,3.0,2.0,True,Finished,18.0,1.0
2024_20,LEC,Ferrari,4.0,3.0,True,Finished,16.0,1.0
2024_20,HAM,Mercedes,6.0,4.0,True,Finished,12.0,2.0
2024_20,RUS,Mercedes,5.0,5.0,True,Finished,10.0,0.0
2024_20,VER,Red Bull Racing,2.0,6.0,True,Finished,8.0,-4.0
2024_20,MAG,Haas F1 Team,7.0,7.0,True,Finished,6.0,0.0
2024_20,PIA,McLaren,17.0,8.0,True,Finished,4.0,9.0
2024_20,HUL,Haas F1 Team,10.0,9.0,True,Lapped,2.0,1.0
2024_20,GAS,Alpine,8.0,10.0,True,Lapped,1.0,-2.0
2024_20,STR,Aston Martin,14.0,11.0,True,Lapped,0.0,3.0
2024_20,COL,Williams,16.0,12.0,True,Lapped,0.0,4.0
2024_20,OCO,Alpine,,13.0,True,Lapped,0.0,
2024_20,BOT,Kick Sauber,15.0,14.0,True,Lapped,0.0,1.0
2024_20,ZHO,Kick Sauber,19.0,15.0,True,Lapped,0.0,4.0
2024_20,LAW,RB,12.0,16.0,True,Lapped,0.0,-4.0
2024_20,PER,Red Bull Racing,18.0,17.0,True,Lapped,0.0,1.0
2024_20,ALO,Aston Martin,13.0,18.0,False,Retired,0.0,
2024_20,TSU,RB,11.0,19.0,False,Retired,0.0,
2024_20,ALB,Williams,9.0,20.0,False,Retired,0.0,
2024_21,VER,Red Bull Racing,17.0,1.0,True,Finished,26.0,16.0
2024_21,OCO,Alpine,4.0,2.0,True,Finished,18.0,2.0
2024_21,GAS,Alpine,13.0,3.0,True,Finished,15.0,10.0
2024_21,RUS,Mercedes,2.0,4.0,True,Finished,12.0,-2.0
2024_21,LEC,Ferrari,6.0,5.0,True,Finished,10.0,1.0
2024_21,NOR,McLaren,1.0,6.0,True,Finished,8.0,-5.0
2024_21,PIA,McLaren,8.0,7.0,True,Finished,4.0,1.0
2024_21,TSU,RB,3.0,8.0,True,Finished,6.0,-5.0
2024_21,LAW,RB,5.0,9.0,True,Finished,2.0,-4.0
2024_21,HAM,Mercedes,14.0,10.0,True,Finished,1.0,4.0
2024_21,PER,Red Bull Racing,12.0,11.0,True,Finished,0.0,1.0
2024_21,BEA,Haas F1 Team,15.0,12.0,True,Finished,0.0,3.0
2024_21,BOT,Kick Sauber,11.0,13.0,True,Finished,0.0,-2.0
2024_21,ALO,Aston Martin,9.0,14.0,True,Finished,0.0,-5.0
2024_21,ZHO,Kick Sauber,19.0,15.0,True,Finished,0.0,4.0
2024_21,SAI,Ferrari,20.0,16.0,False,Retired,0.0,
2024_21,COL,Williams,16.0,17.0,False,Retired,0.0,
2024_21,HUL,Haas F1 Team,18.0,18.0,False,Disqualified,0.0,
2024_21,STR,Aston Martin,10.0,19.0,False,Did not start,0.0,
2024_21,ALB,Williams,7.0,,False,Did not start,0.0,
2024_22,RUS,Mercedes,1.0,1.0,True,Finished,25.0,0.0
2024_22,HAM,Mercedes,10.0,2.0,True,Finished,18.0,8.0
2024_22,SAI,Ferrari,2.0,3.0,True,Finished,15.0,-1.0
2024_22,LEC,Ferrari,4.0,4.0,True,Finished,12.0,0.0
2024_22,VER,Red Bull Racing,5.0,5.0,True,Finished,10.0,0.0
2024_22,NOR,McLaren,6.0,6.0,True,Finished,9.0,0.0
2024_22,PIA,McLaren,8.0,7.0,True,Finished,6.0,1.0
2024_22,HUL,Haas F1 Team,9.0,8.0,True,Finished,4.0,1.0
2024_22,TSU,RB,7.0,9.0,True,Finished,2.0,-2.0
2024_22,PER,Red Bull Racing,15.0,10.0,True,Finished,1.0,5.0
2024_22,ALO,Aston Martin,16.0,11.0,True,Finished,0.0,5.0
2024_22,MAG,Haas F1 Team,12.0,12.0,True,Finished,0.0,0.0
2024_22,ZHO,Kick Sauber,13.0,13.0,True,Finished,0.0,0.0
2024_22,COL,Williams,20.0,14.0,True,Finished,0.0,6.0
2024_22,STR,Aston Martin,18.0,15.0,True,Finished,0.0,3.0
2024_22,LAW,RB,14.0,16.0,True,Finished,0.0,-2.0
2024_22,OCO,Alpine,11.0,17.0,True,Lapped,0.0,-6.0
2024_22,BOT,Kick Sauber,19.0,18.0,True,Lapped,0.0,1.0
2024_22,ALB,Williams,17.0,19.0,False,Retired,0.0,
2024_22,GAS,Alpine,3.0,20.0,False,Retired,0.0,
2024_23,VER,Red Bull Racing,2.0,1.0,True,Finished,25.0,1.0
2024_23,LEC,Ferrari,5.0,2.0,True,Finished,18.0,3.0
2024_23,PIA,McLaren,4.0,3.0,True,Finished,15.0,1.0
2024_23,RUS,Mercedes,1.0,4.0,True,Finished,12.0,-3.0
2024_23,GAS,Alpine,11.0,5.0,True,Finished,10.0,6.0
2024_23,SAI,Ferrari,7.0,6.0,True,Finished,8.0,1.0
2024_23,ALO,Aston Martin,8.0,7.0,True,Finished,6.0,1.0
2024_23,ZHO,Kick Sauber,12.0,8.0,True,Finished,4.0,4.0
2024_23,MAG,Haas F1 Team,10.0,9.0,True,Finished,2.0,1.0
2024_23,NOR,McLaren,3.0,10.0,True,Finished,2.0,-7.0
2024_23,BOT,Kick Sauber,13.0,11.0,True,Finished,0.0,2.0
2024_23,HAM,Mercedes,6.0,12.0,True,Finished,0.0,-6.0
2024_23,TSU,RB,14.0,13.0,True,Finished,0.0,1.0
2024_23,LAW,RB,17.0,14.0,True,Finished,0.0,3.0
2024_23,ALB,Williams,16.0,15.0,True,Lapped,0.0,1.0
2024_23,HUL,Haas F1 Team,18.0,16.0,False,Retired,0.0,
2024_23,PER,Red Bull Racing,9.0,17.0,False,Retired,0.0,
2024_23,STR,Aston Martin,15.0,18.0,False,Retired,0.0,
2024_23,OCO,Alpine,20.0,19.0,False,Retired,0.0,
2024_23,COL,Williams,19.0,20.0,False,Retired,0.0,
2024_24,NOR,McLaren,1.0,1.0,True,Finished,25.0,0.0
2024_24,SAI,Ferrari,3.0,2.0,True,Finished,18.0,1.0
2024_24,LEC,Ferrari,19.0,3.0,True,Finished,15.0,16.0
2024_24,HAM,Mercedes,16.0,4.0,True,Finished,12.0,12.0
2024_24,RUS,Mercedes,6.0,5.0,True,Finished,10.0,1.0
2024_24,VER,Red Bull Racing,4.0,6.0,True,Finished,8.0,-2.0
2024_24,GAS,Alpine,5.0,7.0,True,Finished,6.0,-2.0
2024_24,HUL,Haas F1 Team,7.0,8.0,True,Finished,4.0,-1.0
2024_24,ALO,Aston Martin,8.0,9.0,True,Finished,2.0,-1.0
2024_24,PIA,McLaren,2.0,10.0,True,Finished,1.0,-8.0
2024_24,ALB,Williams,18.0,11.0,True,Lapped,0.0,7.0
2024_24,STR,Aston Martin,13.0,12.0,True,Lapped,0.0,1.0
2024_24,TSU,RB,11.0,13.0,True,Lapped,0.0,-2.0
2024_24,ZHO,Kick Sauber,15.0,14.0,True,Lapped,0.0,1.0
2024_24,DOO,Alpine,17.0,15.0,True,Lapped,0.0,2.0
2024_24,MAG,Haas F1 Team,14.0,16.0,True,Lapped,0.0,-2.0
2024_24,LAW,RB,12.0,17.0,True,Retired,0.0,-5.0
2024_24,BOT,Kick Sauber,9.0,18.0,False,Retired,0.0,
2024_24,COL,Williams,20.0,19.0,False,Retired,0.0,
2024_24,PER,Red Bull Racing,10.0,20.0,False,Retired,0.0,
2025_01,NOR,McLaren,1.0,1.0,True,Finished,25.0,0.0
2025_01,VER,Red Bull Racing,3.0,2.0,True,Finished,18.0,1.0
2025_01,RUS,Mercedes,4.0,3.0,True,Finished,15.0,1.0
2025_01,ANT,Mercedes,16.0,4.0,True,Finished,12.0,12.0
2025_01,ALB,Williams,6.0,5.0,True,Finished,10.0,1.0
2025_01,STR,Aston Martin,13.0,6.0,True,Finished,8.0,7.0
2025_01,HUL,Kick Sauber,17.0,7.0,True,Finished,6.0,10.0
2025_01,LEC,Ferrari,7.0,8.0,True,Finished,4.0,-1.0
2025_01,PIA,McLaren,2.0,9.0,True,Finished,2.0,-7.0
2025_01,HAM,Ferrari,8.0,10.0,True,Finished,1.0,-2.0
2025_01,GAS,Alpine,9.0,11.0,True,Finished,0.0,-2.0
2025_01,TSU,Racing Bulls,5.0,12.0,True,Finished,0.0,-7.0
2025_01,OCO,Haas F1 Team,19.0,13.0,True,Finished,0.0,6.0
2025_01,BEA,Haas F1 Team,20.0,14.0,True,Finished,0.0,6.0
2025_01,LAW,Red Bull Racing,18.0,15.0,False,Retired,0.0,
2025_01,BOR,Kick Sauber,15.0,16.0,False,Retired,0.0,
2025_01,ALO,Aston Martin,12.0,17.0,False,Retired,0.0,
2025_01,SAI,Williams,10.0,18.0,False,Retired,0.0,
2025_01,HAD,Racing Bulls,11.0,19.0,False,Retired,0.0,
2025_01,DOO,Alpine,14.0,20.0,False,Retired,0.0,
2025_02,PIA,McLaren,1.0,1.0,True,Finished,25.0,0.0
2025_02,NOR,McLaren,3.0,2.0,True,Finished,18.0,1.0
2025_02,RUS,Mercedes,2.0,3.0,True,Finished,15.0,-1.0
2025_02,VER,Red Bull Racing,4.0,4.0,True,Finished,12.0,0.0
2025_02,LEC,Ferrari,6.0,5.0,False,Disqualified,0.0,
2025_02,HAM,Ferrari,5.0,6.0,False,Disqualified,0.0,
2025_02,OCO,Haas F1 Team,11.0,7.0,True,Finished,10.0,4.0
2025_02,ANT,Mercedes,8.0,8.0,True,Finished,8.0,0.0
2025_02,ALB,Williams,10.0,9.0,True,Finished,6.0,1.0
2025_02,BEA,Haas F1 Team,17.0,10.0,True,Finished,4.0,7.0
2025_02,GAS,Alpine,16.0,11.0,False,Disqualified,0.0,
2025_02,STR,Aston Martin,14.0,12.0,True,Finished,2.0,2.0
2025_02,SAI,Williams,15.0,13.0,True,Finished,1.0,2.0
2025_02,DOO,Alpine,18.0,14.0,True,Finished,0.0,4.0
2025_02,HAD,Racing Bulls,7.0,15.0,True,Finished,0.0,-8.0
2025_02,LAW,Red Bull Racing,20.0,16.0,True,Finished,0.0,4.0
2025_02,BOR,Kick Sauber,19.0,17.0,True,Lapped,0.0,2.0
2025_02,HUL,Kick Sauber,12.0,18.0,True,Lapped,0.0,-6.0
2025_02,TSU,Racing Bulls,9.0,19.0,True,Lapped,0.0,-10.0
2025_02,ALO,Aston Martin,13.0,20.0,False,Retired,0.0,
2025_03,VER,Red Bull Racing,1.0,1.0,True,Finished,25.0,0.0
2025_03,NOR,McLaren,2.0,2.0,True,Finished,18.0,0.0
2025_03,PIA,McLaren,3.0,3.0,True,Finished,15.0,0.0
2025_03,LEC,Ferrari,4.0,4.0,True,Finished,12.0,0.0
2025_03,RUS,Mercedes,5.0,5.0,True,Finished,10.0,0.0
2025_03,ANT,Mercedes,6.0,6.0,True,Finished,8.0,0.0
2025_03,HAM,Ferrari,8.0,7.0,True,Finished,6.0,1.0
2025_03,HAD,Racing Bulls,7.0,8.0,True,Finished,4.0,-1.0
2025_03,ALB,Williams,9.0,9.0,True,Finished,2.0,0.0
2025_03,BEA,Haas F1 Team,10.0,10.0,True,Finished,1.0,0.0
2025_03,ALO,Aston Martin,12.0,11.0,True,Finished,0.0,1.0
2025_03,TSU,Red Bull Racing,14.0,12.0,True,Finished,0.0,2.0
2025_03,GAS,Alpine,11.0,13.0,True,Finished,0.0,-2.0
2025_03,SAI,Williams,15.0,14.0,True,Finished,0.0,1.0
2025_03,DOO,Alpine,19.0,15.0,True,Finished,0.0,4.0
2025_03,HUL,Kick Sauber,16.0,16.0,True,Finished,0.0,0.0
2025_03,LAW,Racing Bulls,13.0,17.0,True,Finished,0.0,-4.0
2025_03,OCO,Haas F1 Team,18.0,18.0,True,Finished,0.0,0.0
2025_03,BOR,Kick Sauber,17.0,19.0,True,Finished,0.0,-2.0
2025_03,STR,Aston Martin,20.0,20.0,True,Lapped,0.0,0.0
2025_04,PIA,McLaren,1.0,1.0,True,Finished,25.0,0.0
2025_04,RUS,Mercedes,3.0,2.0,True,Finished,18.0,1.0
2025_04,NOR,McLaren,6.0,3.0,True,Finished,15.0,3.0
2025_04,LEC,Ferrari,2.0,4.0,True,Finished,12.0,-2.0
2025_04,HAM,Ferrari,9.0,5.0,True,Finished,10.0,4.0
2025_04,VER,Red Bull Racing,7.0,6.0,True,Finished,8.0,1.0
2025_04,GAS,Alpine,4.0,7.0,True,Finished,6.0,-3.0
2025_04,OCO,Haas F1 Team,14.0,8.0,True,Finished,4.0,6.0
2025_04,TSU,Red Bull Racing,10.0,9.0,True,Finished,2.0,1.0
2025_04,BEA,Haas F1 Team,20.0,10.0,True,Finished,1.0,10.0
2025_04,ANT,Mercedes,5.0,11.0,True,Finished,0.0,-6.0
2025_04,ALB,Williams,15.0,12.0,True,Finished,0.0,3.0
2025_04,LAW,Racing Bulls,17.0,13.0,True,Finished,0.0,4.0
2025_04,DOO,Alpine,11.0,14.0,True,Finished,0.0,-3.0
2025_04,HUL,Kick Sauber,16.0,15.0,False,Disqualified,0.0,
2025_04,HAD,Racing Bulls,12.0,16.0,True,Finished,0.0,-4.0
2025_04,ALO,Aston Martin,13.0,17.0,True,Finished,0.0,-4.0
2025_04,STR,Aston Martin,19.0,18.0,True,Finished,0.0,1.0
2025_04,BOR,Kick Sauber,18.0,19.0,True,Finished,0.0,-1.0
2025_04,SAI,Williams,8.0,20.0,False,Retired,0.0,
2025_05,PIA,McLaren,2.0,1.0,True,Finished,25.0,1.0
2025_05,VER,Red Bull Racing,1.0,2.0,True,Finished,18.0,-1.0
2025_05,LEC,Ferrari,4.0,3.0,True,Finished,15.0,1.0
2025_05,NOR,McLaren,10.0,4.0,True,Finished,12.0,6.0
2025_05,RUS,Mercedes,3.0,5.0,True,Finished,10.0,-2.0
2025_05,ANT,Mercedes,5.0,6.0,True,Finished,8.0,-1.0
2025_05,HAM,Ferrari,7.0,7.0,True,Finished,6.0,0.0
2025_05,SAI,Williams,6.0,8.0,True,Finished,4.0,-2.0
2025_05,ALB,Williams,11.0,9.0,True,Finished,2.0,2.0
2025_05,HAD,Racing Bulls,14.0,10.0,True,Finished,1.0,4.0
2025_05,LAW,Racing Bulls,12.0,11.0,True,Finished,0.0,1.0
2025_05,ALO,Aston Martin,13.0,12.0,True,Finished,0.0,1.0
2025_05,BEA,Haas F1 Team,15.0,13.0,True,Finished,0.0,2.0
2025_05,OCO,Haas F1 Team,19.0,14.0,True,Finished,0.0,5.0
2025_05,HUL,Kick Sauber,18.0,15.0,True,Lapped,0.0,3.0
2025_05,STR,Aston Martin,16.0,16.0,True,Lapped,0.0,0.0
2025_05,DOO,Alpine,17.0,17.0,True,Lapped,0.0,0.0
2025_05,BOR,Kick Sauber,20.0,18.0,True,Lapped,0.0,2.0
2025_05,GAS,Alpine,9.0,19.0,False,Retired,0.0,
2025_05,TSU,Red Bull Racing,8.0,20.0,False,Retired,0.0,
2025_06,PIA,McLaren,4.0,1.0,True,Finished,25.0,3.0
2025_06,NOR,McLaren,2.0,2.0,True,Finished,18.0,0.0
2025_06,RUS,Mercedes,5.0,3.0,True,Finished,15.0,2.0
2025_06,VER,Red Bull Racing,1.0,4.0,True,Finished,12.0,-3.0
2025_06,ALB,Williams,7.0,5.0,True,Finished,10.0,2.0
2025_06,ANT,Mercedes,3.0,6.0,True,Finished,8.0,-3.0
2025_06,LEC,Ferrari,8.0,7.0,True,Finished,6.0,1.0
2025_06,HAM,Ferrari,12.0,8.0,True,Finished,4.0,4.0
2025_06,SAI,Williams,6.0,9.0,True,Finished,2.0,-3.0
2025_06,TSU,Red Bull Racing,10.0,10.0,True,Finished,1.0,0.0
2025_06,HAD,Racing Bulls,11.0,11.0,True,Finished,0.0,0.0
2025_06,OCO,Haas F1 Team,9.0,12.0,True,Finished,0.0,-3.0
2025_06,GAS,Alpine,20.0,13.0,True,Finished,0.0,7.0
2025_06,HUL,Kick Sauber,16.0,14.0,True,Lapped,0.0,2.0
2025_06,ALO,Aston Martin,17.0,15.0,True,Lapped,0.0,2.0
2025_06,STR,Aston Martin,18.0,16.0,True,Lapped,0.0,2.0
2025_06,LAW,Racing Bulls,15.0,17.0,False,Retired,0.0,
2025_06,BOR,Kick Sauber,13.0,18.0,False,Retired,0.0,
2025_06,BEA,Haas F1 Team,19.0,19.0,False,Retired,0.0,
2025_06,DOO,Alpine,14.0,20.0,False,Retired,0.0,
2025_07,VER,Red Bull Racing,2.0,1.0,True,Finished,25.0,1.0
2025_07,NOR,McLaren,4.0,2.0,True,Finished,18.0,2.0
2025_07,PIA,McLaren,1.0,3.0,True,Finished,15.0,-2.0
2025_07,HAM,Ferrari,12.0,4.0,True,Finished,12.0,8.0
2025_07,ALB,Williams,7.0,5.0,True,Finished,10.0,2.0
2025_07,LEC,Ferrari,11.0,6.0,True,Finished,8.0,5.0
2025_07,RUS,Mercedes,3.0,7.0,True,Finished,6.0,-4.0
2025_07,SAI,Williams,6.0,8.0,True,Finished,4.0,-2.0
2025_07,HAD,Racing Bulls,9.0,9.0,True,Finished,2.0,0.0
2025_07,TSU,Red Bull Racing,20.0,10.0,True,Finished,1.0,10.0
2025_07,ALO,Aston Martin,5.0,11.0,True,Finished,0.0,-6.0
2025_07,HUL,Kick Sauber,17.0,12.0,True,Finished,0.0,5.0
2025_07,GAS,Alpine,10.0,13.0,True,Finished,0.0,-3.0
2025_07,LAW,Racing Bulls,15.0,14.0,True,Finished,0.0,1.0
2025_07,STR,Aston Martin,8.0,15.0,True,Finished,0.0,-7.0
2025_07,COL,Alpine,16.0,16.0,True,Finished,0.0,0.0
2025_07,BEA,Haas F1 Team,19.0,17.0,True,Finished,0.0,2.0
2025_07,BOR,Kick Sauber,14.0,18.0,True,Finished,0.0,-4.0
2025_07,ANT,Mercedes,13.0,19.0,False,Retired,0.0,
2025_07,OCO,Haas F1 Team,18.0,20.0,False,Retired,0.0,
2025_08,NOR,McLaren,1.0,1.0,True,Finished,25.0,0.0
2025_08,LEC,Ferrari,2.0,2.0,True,Finished,18.0,0.0
2025_08,PIA,McLaren,3.0,3.0,True,Finished,15.0,0.0
2025_08,VER,Red Bull Racing,4.0,4.0,True,Finished,12.0,0.0
2025_08,HAM,Ferrari,7.0,5.0,True,Finished,10.0,2.0
2025_08,HAD,Racing Bulls,5.0,6.0,True,Lapped,8.0,-1.0
2025_08,OCO,Haas F1 Team,8.0,7.0,True,Lapped,6.0,1.0
2025_08,LAW,Racing Bulls,9.0,8.0,True,Lapped,4.0,1.0
2025_08,ALB,Williams,10.0,9.0,True,Lapped,2.0,1.0
2025_08,SAI,Williams,11.0,10.0,True,Lapped,1.0,1.0
2025_08,RUS,Mercedes,14.0,11.0,True,Lapped,0.0,3.0
2025_08,BEA,Haas F1 Team,20.0,12.0,True,Lapped,0.0,8.0
2025_08,COL,Alpine,18.0,13.0,True,Lapped,0.0,5.0
2025_08,BOR,Kick Sauber,16.0,14.0,True,Lapped,0.0,2.0
2025_08,STR,Aston Martin,19.0,15.0,True,Lapped,0.0,4.0
2025_08,HUL,Kick Sauber,13.0,16.0,True,Lapped,0.0,-3.0
2025_08,TSU,Red Bull Racing,12.0,17.0,True,Lapped,0.0,-5.0
2025_08,ANT,Mercedes,15.0,18.0,True,Lapped,0.0,-3.0
2025_08,ALO,Aston Martin,6.0,19.0,False,Retired,0.0,
2025_08,GAS,Alpine,17.0,20.0,False,Retired,0.0,
2025_09,PIA,McLaren,1.0,1.0,True,Finished,25.0,0.0
2025_09,NOR,McLaren,2.0,2.0,True,Finished,18.0,0.0
2025_09,LEC,Ferrari,7.0,3.0,True,Finished,15.0,4.0
2025_09,RUS,Mercedes,4.0,4.0,True,Finished,12.0,0.0
2025_09,VER,Red Bull Racing,3.0,5.0,True,Finished,1.0,-2.0
2025_09,HUL,Kick Sauber,15.0,6.0,True,Finished,10.0,9.0
2025_09,HAM,Ferrari,5.0,7.0,True,Finished,8.0,-2.0
2025_09,HAD,Racing Bulls,9.0,8.0,True,Finished,6.0,1.0
2025_09,GAS,Alpine,8.0,9.0,True,Finished,4.0,-1.0
2025_09,ALO,Aston Martin,10.0,10.0,True,Finished,2.0,0.0
2025_09,LAW,Racing Bulls,13.0,11.0,True,Finished,0.0,2.0
2025_09,BOR,Kick Sauber,12.0,12.0,True,Finished,0.0,0.0
2025_09,BEA,Haas F1 Team,14.0,13.0,True,Finished,0.0,1.0
2025_09,TSU,Red Bull Racing,19.0,14.0,True,Finished,0.0,5.0
2025_09,SAI,Williams,17.0,15.0,True,Finished,0.0,2.0
2025_09,COL,Alpine,18.0,16.0,True,Finished,0.0,2.0
2025_09,OCO,Haas F1 Team,16.0,17.0,True,Finished,0.0,-1.0
2025_09,ANT,Mercedes,6.0,18.0,False,Retired,0.0,
2025_09,ALB,Williams,11.0,19.0,False,Retired,0.0,
2025_10,RUS,Mercedes,1.0,1.0,True,Finished,25.0,0.0
2025_10,VER,Red Bull Racing,2.0,2.0,True,Finished,18.0,0.0
2025_10,ANT,Mercedes,4.0,3.0,True,Finished,15.0,1.0
2025_10,PIA,McLaren,3.0,4.0,True,Finished,12.0,-1.0
2025_10,LEC,Ferrari,8.0,5.0,True,Finished,10.0,3.0
2025_10,HAM,Ferrari,5.0,6.0,True,Finished,8.0,-1.0
2025_10,ALO,Aston Martin,6.0,7.0,True,Finished,6.0,-1.0
2025_10,HUL,Kick Sauber,11.0,8.0,True,Finished,4.0,3.0
2025_10,OCO,Haas F1 Team,14.0,9.0,True,Lapped,2.0,5.0
2025_10,SAI,Williams,16.0,10.0,True,Lapped,1.0,6.0
2025_10,BEA,Haas F1 Team,13.0,11.0,True,Lapped,0.0,2.0
2025_10,TSU,Red Bull Racing,18.0,12.0,True,Lapped,0.0,6.0
2025_10,COL,Alpine,10.0,13.0,True,Lapped,0.0,-3.0
2025_10,BOR,Kick Sauber,15.0,14.0,True,Lapped,0.0,1.0
2025_10,GAS,Alpine,20.0,15.0,True,Lapped,0.0,5.0
2025_10,HAD,Racing Bulls,12.0,16.0,True,Lapped,0.0,-4.0
2025_10,STR,Aston Martin,17.0,17.0,True,Lapped,0.0,0.0
2025_10,NOR,McLaren,7.0,18.0,True,Retired,0.0,-11.0
2025_10,LAW,Racing Bulls,19.0,19.0,False,Retired,0.0,
2025_10,ALB,Williams,9.0,20.0,False,Retired,0.0,
2025_11,NOR,McLaren,1.0,1.0,True,Finished,25.0,0.0
2025_11,PIA,McLaren,3.0,2.0,True,Finished,18.0,1.0
2025_11,LEC,Ferrari,2.0,3.0,True,Finished,15.0,-1.0
2025_11,HAM,Ferrari,4.0,4.0,True,Finished,12.0,0.0
2025_11,RUS,Mercedes,5.0,5.0,True,Finished,10.0,0.0
2025_11,LAW,Racing Bulls,6.0,6.0,True,Finished,8.0,0.0
2025_11,ALO,Aston Martin,11.0,7.0,True,Lapped,6.0,4.0
2025_11,BOR,Kick Sauber,8.0,8.0,True,Lapped,4.0,0.0
2025_11,HUL,Kick Sauber,20.0,9.0,True,Lapped,2.0,11.0
2025_11,OCO,Haas F1 Team,17.0,10.0,True,Lapped,1.0,7.0
2025_11,BEA,Haas F1 Team,15.0,11.0,True,Lapped,0.0,4.0
2025_11,HAD,Racing Bulls,13.0,12.0,True,Lapped,0.0,1.0
2025_11,GAS,Alpine,10.0,13.0,True,Lapped,0.0,-3.0
2025_11,STR,Aston Martin,16.0,14.0,True,Lapped,0.0,2.0
2025_11,COL,Alpine,14.0,15.0,True,Lapped,0.0,-1.0
2025_11,TSU,Red Bull Racing,18.0,16.0,True,Lapped,0.0,2.0
2025_11,ALB,Williams,12.0,17.0,False,Retired,0.0,
2025_11,VER,Red Bull Racing,7.0,18.0,False,Retired,0.0,
2025_11,ANT,Mercedes,9.0,19.0,False,Retired,0.0,
2025_11,SAI,Williams,19.0,20.0,False,Did not start,0.0,
2025_12,NOR,McLaren,3.0,1.0,True,Finished,25.0,2.0
2025_12,PIA,McLaren,2.0,2.0,True,Finished,18.0,0.0
2025_12,HUL,Kick Sauber,19.0,3.0,True,Finished,15.0,16.0
2025_12,HAM,Ferrari,5.0,4.0,True,Finished,12.0,1.0
2025_12,VER,Red Bull Racing,1.0,5.0,True,Finished,10.0,-4.0
2025_12,GAS,Alpine,8.0,6.0,True,Finished,8.0,2.0
2025_12,STR,Aston Martin,17.0,7.0,True,Finished,6.0,10.0
2025_12,ALB,Williams,13.0,8.0,True,Finished,4.0,5.0
2025_12,ALO,Aston Martin,7.0,9.0,True,Finished,2.0,-2.0
2025_12,RUS,Mercedes,4.0,10.0,True,Finished,1.0,-6.0
2025_12,BEA,Haas F1 Team,18.0,11.0,True,Finished,0.0,7.0
2025_12,SAI,Williams,9.0,12.0,True,Finished,0.0,-3.0
2025_12,OCO,Haas F1 Team,14.0,13.0,True,Finished,0.0,1.0
2025_12,LEC,Ferrari,6.0,14.0,True,Finished,0.0,-8.0
2025_12,TSU,Red Bull Racing,11.0,15.0,True,Lapped,0.0,-4.0
2025_12,ANT,Mercedes,10.0,16.0,False,Retired,0.0,
2025_12,HAD,Racing Bulls,12.0,17.0,False,Retired,0.0,
2025_12,BOR,Kick Sauber,16.0,18.0,False,Retired,0.0,
2025_12,LAW,Racing Bulls,15.0,19.0,False,Retired,0.0,
2025_12,COL,Alpine,20.0,20.0,False,Did not start,0.0,
2025_13,PIA,McLaren,2.0,1.0,True,Finished,25.0,1.0
2025_13,NOR,McLaren,1.0,2.0,True,Finished,18.0,-1.0
2025_13,LEC,Ferrari,3.0,3.0,True,Finished,15.0,0.0
2025_13,VER,Red Bull Racing,4.0,4.0,True,Finished,12.0,0.0
2025_13,RUS,Mercedes,6.0,5.0,True,Finished,10.0,1.0
2025_13,ALB,Williams,5.0,6.0,True,Finished,8.0,-1.0
2025_13,HAM,Ferrari,18.0,7.0,True,Finished,6.0,11.0
2025_13,LAW,Racing Bulls,9.0,8.0,True,Finished,4.0,1.0
2025_13,BOR,Kick Sauber,10.0,9.0,True,Finished,2.0,1.0
2025_13,GAS,Alpine,13.0,10.0,True,Finished,1.0,3.0
2025_13,BEA,Haas F1 Team,12.0,11.0,True,Finished,0.0,1.0
2025_13,HUL,Kick Sauber,14.0,12.0,True,Finished,0.0,2.0
2025_13,TSU,Red Bull Racing,7.0,13.0,True,Finished,0.0,-6.0
2025_13,STR,Aston Martin,16.0,14.0,True,Finished,0.0,2.0
2025_13,OCO,Haas F1 Team,11.0,15.0,True,Finished,0.0,-4.0
2025_13,ANT,Mercedes,19.0,16.0,True,Finished,0.0,3.0
2025_13,ALO,Aston Martin,20.0,17.0,True,Finished,0.0,3.0
2025_13,SAI,Williams,17.0,18.0,True,Finished,0.0,-1.0
2025_13,COL,Alpine,15.0,19.0,True,Finished,0.0,-4.0
2025_13,HAD,Racing Bulls,8.0,20.0,True,Lapped,0.0,-12.0
2025_14,NOR,McLaren,3.0,1.0,True,Finished,25.0,2.0
2025_14,PIA,McLaren,2.0,2.0,True,Finished,18.0,0.0
2025_14,RUS,Mercedes,4.0,3.0,True,Finished,15.0,1.0
2025_14,LEC,Ferrari,1.0,4.0,True,Finished,12.0,-3.0
2025_14,ALO,Aston Martin,5.0,5.0,True,Finished,10.0,0.0
2025_14,BOR,Kick Sauber,7.0,6.0,True,Finished,8.0,1.0
2025_14,STR,Aston Martin,6.0,7.0,True,Finished,6.0,-1.0
2025_14,LAW,Racing Bulls,9.0,8.0,True,Finished,4.0,1.0
2025_14,VER,Red Bull Racing,8.0,9.0,True,Finished,2.0,-1.0
2025_14,ANT,Mercedes,15.0,10.0,True,Lapped,1.0,5.0
2025_14,HAD,Racing Bulls,10.0,11.0,True,Lapped,0.0,-1.0
2025_14,HAM,Ferrari,12.0,12.0,True,Lapped,0.0,0.0
2025_14,HUL,Kick Sauber,18.0,13.0,True,Lapped,0.0,5.0
2025_14,SAI,Williams,13.0,14.0,True,Lapped,0.0,-1.0
2025_14,ALB,Williams,19.0,15.0,True,Lapped,0.0,4.0
2025_14,OCO,Haas F1 Team,17.0,16.0,True,Lapped,0.0,1.0
2025_14,GAS,Alpine,16.0,17.0,True,Lapped,0.0,-1.0
2025_14,TSU,Red Bull Racing,20.0,18.0,True,Lapped,0.0,2.0
2025_14,COL,Alpine,14.0,19.0,True,Lapped,0.0,-5.0
2025_14,BEA,Haas F1 Team,11.0,20.0,False,Retired,0.0,
2025_15,PIA,McLaren,1.0,1.0,True,Finished,25.0,0.0
2025_15,VER,Red Bull Racing,3.0,2.0,True,Finished,18.0,1.0
2025_15,HAD,Racing Bulls,4.0,3.0,True,Finished,15.0,1.0
2025_15,RUS,Mercedes,5.0,4.0,True,Finished,12.0,1.0
2025_15,ALB,Williams,15.0,5.0,True,Finished,10.0,10.0
2025_15,ANT,Mercedes,11.0,6.0,True,Finished,0.0,5.0
2025_15,BEA,Haas F1 Team,20.0,7.0,True,Finished,8.0,13.0
2025_15,STR,Aston Martin,19.0,8.0,True,Finished,6.0,11.0
2025_15,ALO,Aston Martin,10.0,9.0,True,Finished,4.0,1.0
2025_15,TSU,Red Bull Racing,12.0,10.0,True,Finished,2.0,2.0
2025_15,OCO,Haas F1 Team,18.0,11.0,True,Finished,1.0,7.0
2025_15,COL,Alpine,16.0,12.0,True,Finished,0.0,4.0
2025_15,LAW,Racing Bulls,8.0,13.0,True,Finished,0.0,-5.0
2025_15,SAI,Williams,9.0,14.0,True,Finished,0.0,-5.0
2025_15,HUL,Kick Sauber,17.0,15.0,True,Finished,0.0,2.0
2025_15,BOR,Kick Sauber,13.0,16.0,True,Finished,0.0,-3.0
2025_15,GAS,Alpine,14.0,17.0,True,Finished,0.0,-3.0
2025_15,NOR,McLaren,2.0,18.0,True,Retired,0.0,-16.0
2025_15,LEC,Ferrari,6.0,19.0,False,Retired,0.0,
2025_15,HAM,Ferrari,7.0,20.0,False,Retired,0.0,
2025_16,VER,Red Bull Racing,1.0,1.0,True,Finished,25.0,0.0
2025_16,NOR,McLaren,2.0,2.0,True,Finished,18.0,0.0
2025_16,PIA,McLaren,3.0,3.0,True,Finished,15.0,0.0
2025_16,LEC,Ferrari,4.0,4.0,True,Finished,12.0,0.0
2025_16,RUS,Mercedes,5.0,5.0,True,Finished,10.0,0.0
2025_16,HAM,Ferrari,10.0,6.0,True,Finished,8.0,4.0
2025_16,ALB,Williams,14.0,7.0,True,Finished,6.0,7.0
2025_16,ANT,Mercedes,6.0,8.0,True,Finished,2.0,-2.0
2025_16,BOR,Kick Sauber,7.0,9.0,True,Finished,4.0,-2.0
2025_16,HAD,Racing Bulls,19.0,10.0,True,Finished,1.0,9.0
2025_16,SAI,Williams,13.0,11.0,True,Finished,0.0,2.0
2025_16,BEA,Haas F1 Team,11.0,12.0,True,Finished,0.0,-1.0
2025_16,TSU,Red Bull Racing,9.0,13.0,True,Finished,0.0,-4.0
2025_16,LAW,Racing Bulls,18.0,14.0,True,Finished,0.0,4.0
2025_16,OCO,Haas F1 Team,15.0,15.0,True,Lapped,0.0,0.0
2025_16,GAS,Alpine,20.0,16.0,True,Lapped,0.0,4.0
2025_16,COL,Alpine,17.0,17.0,True,Lapped,0.0,0.0
2025_16,STR,Aston Martin,16.0,18.0,True,Lapped,0.0,-2.0
2025_16,ALO,Aston Martin,8.0,19.0,False,Retired,0.0,
2025_16,HUL,Kick Sauber,12.0,20.0,False,Did not start,0.0,
2025_17,VER,Red Bull Racing,1.0,1.0,True,Finished,25.0,0.0
2025_17,RUS,Mercedes,5.0,2.0,True,Finished,18.0,3.0
2025_17,SAI,Williams,2.0,3.0,True,Finished,15.0,-1.0
2025_17,ANT,Mercedes,4.0,4.0,True,Finished,12.0,0.0
2025_17,LAW,Racing Bulls,3.0,5.0,True,Finished,10.0,-2.0
2025_17,TSU,Red Bull Racing,6.0,6.0,True,Finished,8.0,0.0
2025_17,NOR,McLaren,7.0,7.0,True,Finished,6.0,0.0
2025_17,HAM,Ferrari,12.0,8.0,True,Finished,4.0,4.0
2025_17,LEC,Ferrari,10.0,9.0,True,Finished,2.0,1.0
2025_17,HAD,Racing Bulls,8.0,10.0,True,Finished,1.0,-2.0
2025_17,ALB,Williams,19.0,11.0,True,Finished,0.0,8.0
2025_17,BOR,Kick Sauber,13.0,12.0,True,Finished,0.0,1.0
2025_17,BEA,Haas F1 Team,15.0,13.0,True,Finished,0.0,2.0
2025_17,OCO,Haas F1 Team,20.0,14.0,True,Finished,0.0,6.0
2025_17,ALO,Aston Martin,11.0,15.0,True,Finished,0.0,-4.0
2025_17,HUL,Kick Sauber,17.0,16.0,True,Finished,0.0,1.0
2025_17,STR,Aston Martin,14.0,17.0,True,Finished,0.0,-3.0
2025_17,GAS,Alpine,18.0,18.0,True,Lapped,0.0,0.0
2025_17,COL,Alpine,16.0,19.0,True,Lapped,0.0,-3.0
2025_17,PIA,McLaren,9.0,20.0,False,Retired,0.0,
2025_18,RUS,Mercedes,1.0,1.0,True,Finished,25.0,0.0
2025_18,VER,Red Bull Racing,2.0,2.0,True,Finished,18.0,0.0
2025_18,NOR,McLaren,5.0,3.0,True,Finished,15.0,2.0
2025_18,PIA,McLaren,3.0,4.0,True,Finished,12.0,-1.0
2025_18,ANT,Mercedes,4.0,5.0,True,Finished,10.0,-1.0
2025_18,LEC,Ferrari,7.0,6.0,True,Finished,8.0,1.0
2025_18,HAM,Ferrari,6.0,7.0,True,Finished,4.0,-1.0
2025_18,ALO,Aston Martin,10.0,8.0,True,Finished,6.0,2.0
2025_18,BEA,Haas F1 Team,9.0,9.0,True,Finished,2.0,0.0
2025_18,SAI,Williams,18.0,10.0,True,Lapped,1.0,8.0
2025_18,HAD,Racing Bulls,8.0,11.0,True,Lapped,0.0,-3.0
2025_18,TSU,Red Bull Racing,13.0,12.0,True,Lapped,0.0,1.0
2025_18,STR,Aston Martin,15.0,13.0,True,Lapped,0.0,2.0
2025_18,ALB,Williams,20.0,14.0,True,Lapped,0.0,6.0
2025_18,LAW,Racing Bulls,12.0,15.0,True,Lapped,0.0,-3.0
2025_18,COL,Alpine,16.0,16.0,True,Lapped,0.0,0.0
2025_18,BOR,Kick Sauber,14.0,17.0,True,Lapped,0.0,-3.0
2025_18,OCO,Haas F1 Team,17.0,18.0,True,Lapped,0.0,-1.0
2025_18,GAS,Alpine,19.0,19.0,True,Lapped,0.0,0.0
2025_18,HUL,Kick Sauber,11.0,20.0,True,Lapped,0.0,-9.0
2025_19,VER,Red Bull Racing,1.0,1.0,True,Finished,25.0,0.0
2025_19,NOR,McLaren,2.0,2.0,True,Finished,18.0,0.0
2025_19,LEC,Ferrari,3.0,3.0,True,Finished,15.0,0.0
2025_19,HAM,Ferrari,5.0,4.0,True,Finished,12.0,1.0
2025_19,PIA,McLaren,6.0,5.0,True,Finished,10.0,1.0
2025_19,RUS,Mercedes,4.0,6.0,True,Finished,8.0,-2.0
2025_19,TSU,Red Bull Racing,13.0,7.0,True,Finished,6.0,6.0
2025_19,HUL,Kick Sauber,11.0,8.0,True,Finished,4.0,3.0
2025_19,BEA,Haas F1 Team,8.0,9.0,True,Finished,2.0,-1.0
2025_19,ALO,Aston Martin,10.0,10.0,True,Finished,1.0,0.0
2025_19,LAW,Racing Bulls,12.0,11.0,True,Finished,0.0,1.0
2025_19,STR,Aston Martin,19.0,12.0,True,Finished,0.0,7.0
2025_19,ANT,Mercedes,7.0,13.0,True,Finished,0.0,-6.0
2025_19,ALB,Williams,18.0,14.0,True,Finished,0.0,4.0
2025_19,OCO,Haas F1 Team,17.0,15.0,True,Finished,0.0,2.0
2025_19,HAD,Racing Bulls,20.0,16.0,True,Finished,0.0,4.0
2025_19,COL,Alpine,15.0,17.0,True,Lapped,0.0,-2.0
2025_19,BOR,Kick Sauber,16.0,18.0,True,Lapped,0.0,-2.0
2025_19,GAS,Alpine,14.0,19.0,True,Lapped,0.0,-5.0
2025_19,SAI,Williams,9.0,20.0,False,Retired,0.0,
2025_20,NOR,McLaren,1.0,1.0,True,Finished,25.0,0.0
2025_20,LEC,Ferrari,2.0,2.0,True,Finished,18.0,0.0
2025_20,VER,Red Bull Racing,5.0,3.0,True,Finished,15.0,2.0
2025_20,BEA,Haas F1 Team,9.0,4.0,True,Finished,12.0,5.0
2025_20,PIA,McLaren,7.0,5.0,True,Finished,10.0,2.0
2025_20,ANT,Mercedes,6.0,6.0,True,Finished,8.0,0.0
2025_20,RUS,Mercedes,4.0,7.0,True,Finished,6.0,-3.0
2025_20,HAM,Ferrari,3.0,8.0,True,Finished,4.0,-5.0
2025_20,OCO,Haas F1 Team,11.0,9.0,True,Finished,2.0,2.0
2025_20,BOR,Kick Sauber,16.0,10.0,True,Finished,1.0,6.0
2025_20,TSU,Red Bull Racing,10.0,11.0,True,Finished,0.0,-1.0
2025_20,ALB,Williams,17.0,12.0,True,Lapped,0.0,5.0
2025_20,HAD,Racing Bulls,8.0,13.0,True,Lapped,0.0,-5.0
2025_20,STR,Aston Martin,19.0,14.0,True,Lapped,0.0,5.0
2025_20,GAS,Alpine,18.0,15.0,True,Lapped,0.0,3.0
2025_20,COL,Alpine,20.0,16.0,True,Lapped,0.0,4.0
2025_20,SAI,Williams,12.0,17.0,True,Retired,0.0,-5.0
2025_20,ALO,Aston Martin,14.0,18.0,False,Retired,0.0,
2025_20,HUL,Kick Sauber,13.0,19.0,False,Retired,0.0,
2025_20,LAW,Racing Bulls,15.0,20.0,False,Retired,0.0,
2025_21,NOR,McLaren,1.0,1.0,True,Finished,25.0,0.0
2025_21,ANT,Mercedes,2.0,2.0,True,Finished,18.0,0.0
2025_21,VER,Red Bull Racing,19.0,3.0,True,Finished,15.0,16.0
2025_21,RUS,Mercedes,6.0,4.0,True,Finished,12.0,2.0
2025_21,PIA,McLaren,4.0,5.0,True,Finished,10.0,-1.0
2025_21,BEA,Haas F1 Team,8.0,6.0,True,Finished,8.0,2.0
2025_21,LAW,Racing Bulls,7.0,7.0,True,Finished,6.0,0.0
2025_21,HAD,Racing Bulls,5.0,8.0,True,Finished,4.0,-3.0
2025_21,HUL,Kick Sauber,10.0,9.0,True,Finished,2.0,1.0
2025_21,GAS,Alpine,9.0,10.0,True,Finished,1.0,-1.0
2025_21,ALB,Williams,12.0,11.0,True,Finished,0.0,1.0
2025_21,OCO,Haas F1 Team,20.0,12.0,True,Finished,0.0,8.0
2025_21,SAI,Williams,15.0,13.0,True,Finished,0.0,2.0
2025_21,ALO,Aston Martin,11.0,14.0,True,Finished,0.0,-3.0
2025_21,COL,Alpine,16.0,15.0,True,Finished,0.0,1.0
2025_21,STR,Aston Martin,14.0,16.0,True,Finished,0.0,-2.0
2025_21,TSU,Red Bull Racing,17.0,17.0,True,Finished,0.0,0.0
2025_21,HAM,Ferrari,13.0,18.0,False,Retired,0.0,
2025_21,LEC,Ferrari,3.0,19.0,False,Retired,0.0,
2025_21,BOR,Kick Sauber,18.0,20.0,False,Retired,0.0,
2025_22,VER,Red Bull Racing,2.0,1.0,True,Finished,25.0,1.0
2025_22,NOR,McLaren,1.0,2.0,False,Disqualified,0.0,
2025_22,RUS,Mercedes,4.0,3.0,True,Finished,18.0,1.0
2025_22,ANT,Mercedes,17.0,4.0,True,Finished,15.0,13.0
2025_22,PIA,McLaren,5.0,5.0,False,Disqualified,0.0,
2025_22,LEC,Ferrari,9.0,6.0,True,Finished,12.0,3.0
2025_22,SAI,Williams,3.0,7.0,True,Finished,10.0,-4.0
2025_22,HAD,Racing Bulls,8.0,8.0,True,Finished,8.0,0.0
2025_22,HUL,Kick Sauber,11.0,9.0,True,Finished,6.0,2.0
2025_22,HAM,Ferrari,19.0,10.0,True,Finished,4.0,9.0
2025_22,OCO,Haas F1 Team,13.0,11.0,True,Finished,2.0,2.0
2025_22,BEA,Haas F1 Team,14.0,12.0,True,Finished,1.0,2.0
2025_22,ALO,Aston Martin,7.0,13.0,True,Finished,0.0,-6.0
2025_22,TSU,Red Bull Racing,20.0,14.0,True,Finished,0.0,6.0
2025_22,GAS,Alpine,10.0,15.0,True,Finished,0.0,-5.0
2025_22,LAW,Racing Bulls,6.0,16.0,True,Lapped,0.0,-10.0
2025_22,COL,Alpine,15.0,17.0,True,Lapped,0.0,-2.0
2025_22,ALB,Williams,16.0,18.0,False,Retired,0.0,
2025_22,BOR,Kick Sauber,18.0,19.0,False,Retired,0.0,
2025_22,STR,Aston Martin,12.0,20.0,False,Retired,0.0,
2025_23,VER,Red Bull Racing,3.0,1.0,True,Finished,25.0,2.0
2025_23,PIA,McLaren,1.0,2.0,True,Finished,18.0,-1.0
2025_23,SAI,Williams,7.0,3.0,True,Finished,15.0,4.0
2025_23,NOR,McLaren,2.0,4.0,True,Finished,12.0,-2.0
2025_23,ANT,Mercedes,5.0,5.0,True,Finished,10.0,0.0
2025_23,RUS,Mercedes,4.0,6.0,True,Finished,8.0,-2.0
2025_23,ALO,Aston Martin,8.0,7.0,True,Finished,6.0,1.0
2025_23,LEC,Ferrari,10.0,8.0,True,Finished,4.0,2.0
2025_23,LAW,Racing Bulls,12.0,9.0,True,Finished,2.0,3.0
2025_23,TSU,Red Bull Racing,15.0,10.0,True,Finished,1.0,5.0
2025_23,ALB,Williams,14.0,11.0,True,Finished,0.0,3.0
2025_23,HAM,Ferrari,17.0,12.0,True,Finished,0.0,5.0
2025_23,BOR,Kick Sauber,19.0,13.0,True,Finished,0.0,6.0
2025_23,COL,Alpine,20.0,14.0,True,Lapped,0.0,6.0
2025_23,OCO,Haas F1 Team,16.0,15.0,True,Lapped,0.0,1.0
2025_23,GAS,Alpine,9.0,16.0,True,Lapped,0.0,-7.0
2025_23,STR,Aston Martin,18.0,17.0,True,Retired,0.0,1.0
2025_23,HAD,Racing Bulls,6.0,18.0,True,Retired,0.0,-12.0
2025_23,BEA,Haas F1 Team,13.0,19.0,False,Retired,0.0,
2025_23,HUL,Kick Sauber,11.0,20.0,False,Retired,0.0,
2025_24,VER,Red Bull Racing,1.0,1.0,True,Finished,25.0,0.0
2025_24,PIA,McLaren,3.0,2.0,True,Finished,18.0,1.0
2025_24,NOR,McLaren,2.0,3.0,True,Finished,15.0,-1.0
2025_24,LEC,Ferrari,5.0,4.0,True,Finished,12.0,1.0
2025_24,RUS,Mercedes,4.0,5.0,True,Finished,10.0,-1.0
2025_24,ALO,Aston Martin,6.0,6.0,True,Finished,8.0,0.0
2025_24,OCO,Haas F1 Team,8.0,7.0,True,Finished,6.0,1.0
2025_24,HAM,Ferrari,16.0,8.0,True,Finished,4.0,8.0
2025_24,STR,Aston Martin,15.0,9.0,True,Finished,1.0,6.0
2025_24,BEA,Haas F1 Team,11.0,10.0,True,Finished,0.0,1.0
2025_24,HUL,Kick Sauber,18.0,11.0,True,Finished,2.0,7.0
2025_24,BOR,Kick Sauber,7.0,12.0,True,Finished,0.0,-5.0
2025_24,SAI,Williams,12.0,13.0,True,Finished,0.0,-1.0
2025_24,TSU,Red Bull Racing,10.0,14.0,True,Finished,0.0,-4.0
2025_24,ANT,Mercedes,14.0,15.0,True,Finished,0.0,-1.0
2025_24,ALB,Williams,17.0,16.0,True,Finished,0.0,1.0
2025_24,HAD,Racing Bulls,9.0,17.0,True,Lapped,0.0,-8.0
2025_24,LAW,Racing Bulls,13.0,18.0,True,Lapped,0.0,-5.0
2025_24,GAS,Alpine,19.0,19.0,True,Lapped,0.0,0.0
2025_24,COL,Alpine,20.0,20.0,True,Lapped,0.0,0.0
2026_01,RUS,Mercedes,1.0,1.0,True,Finished,25.0,0.0
2026_01,ANT,Mercedes,2.0,2.0,True,Finished,18.0,0.0
2026_01,LEC,Ferrari,4.0,3.0,True,Finished,15.0,1.0
2026_01,HAM,Ferrari,7.0,4.0,True,Finished,12.0,3.0
2026_01,NOR,McLaren,6.0,5.0,True,Finished,10.0,1.0
2026_01,VER,Red Bull Racing,20.0,6.0,True,Finished,8.0,14.0
2026_01,BEA,Haas F1 Team,12.0,7.0,True,Lapped,6.0,5.0
2026_01,LIN,Racing Bulls,9.0,8.0,True,Lapped,4.0,1.0
2026_01,BOR,Audi,10.0,9.0,True,Lapped,2.0,1.0
2026_01,GAS,Alpine,14.0,10.0,True,Lapped,1.0,4.0
2026_01,OCO,Haas F1 Team,13.0,11.0,True,Lapped,0.0,2.0
2026_01,ALB,Williams,15.0,12.0,True,Lapped,0.0,3.0
2026_01,LAW,Racing Bulls,8.0,13.0,True,Lapped,0.0,-5.0
2026_01,COL,Alpine,16.0,14.0,True,Lapped,0.0,2.0
2026_01,SAI,Williams,21.0,15.0,True,Lapped,0.0,6.0
2026_01,PER,Cadillac,18.0,16.0,True,Lapped,0.0,2.0
2026_01,STR,Aston Martin,22.0,17.0,False,Lapped,0.0,
2026_01,ALO,Aston Martin,17.0,18.0,False,Retired,0.0,
2026_01,BOT,Cadillac,19.0,19.0,False,Retired,0.0,
2026_01,HAD,Red Bull Racing,3.0,20.0,False,Retired,0.0,
2026_01,HUL,Audi,11.0,21.0,False,Did not start,0.0,
2026_01,PIA,McLaren,5.0,,False,Did not start,0.0,
2026_02,ANT,Mercedes,1.0,1.0,True,Finished,25.0,0.0
2026_02,RUS,Mercedes,2.0,2.0,True,Finished,18.0,0.0
2026_02,HAM,Ferrari,3.0,3.0,True,Finished,15.0,0.0
2026_02,LEC,Ferrari,4.0,4.0,True,Finished,12.0,0.0
2026_02,BEA,Haas F1 Team,10.0,5.0,True,Finished,10.0,5.0
2026_02,GAS,Alpine,7.0,6.0,True,Finished,8.0,1.0
2026_02,LAW,Racing Bulls,14.0,7.0,True,Finished,6.0,7.0
2026_02,HAD,Red Bull Racing,9.0,8.0,True,Finished,4.0,1.0
2026_02,SAI,Williams,17.0,9.0,True,Lapped,2.0,8.0
2026_02,COL,Alpine,12.0,10.0,True,Lapped,1.0,2.0
2026_02,HUL,Audi,11.0,11.0,True,Lapped,0.0,0.0
2026_02,LIN,Racing Bulls,15.0,12.0,True,Lapped,0.0,3.0
2026_02,BOT,Cadillac,19.0,13.0,True,Lapped,0.0,6.0
2026_02,OCO,Haas F1 Team,13.0,14.0,True,Lapped,0.0,-1.0
2026_02,PER,Cadillac,21.0,15.0,True,Lapped,0.0,6.0
2026_02,VER,Red Bull Racing,8.0,16.0,False,Retired,0.0,
2026_02,ALO,Aston Martin,18.0,17.0,False,Retired,0.0,
2026_02,STR,Aston Martin,20.0,18.0,False,Retired,0.0,
2026_02,NOR,McLaren,6.0,19.0,False,Did not start,0.0,
2026_02,ALB,Williams,22.0,20.0,False,Did not start,0.0,
2026_02,BOR,Audi,16.0,21.0,False,Did not start,0.0,
2026_02,PIA,McLaren,5.0,22.0,False,Did not start,0.0,
2026_03,ANT,Mercedes,1.0,1.0,True,Finished,25.0,0.0
2026_03,PIA,McLaren,3.0,2.0,True,Finished,18.0,1.0
2026_03,LEC,Ferrari,4.0,3.0,True,Finished,15.0,1.0
2026_03,RUS,Mercedes,2.0,4.0,True,Finished,12.0,-2.0
2026_03,NOR,McLaren,5.0,5.0,True,Finished,10.0,0.0
2026_03,HAM,Ferrari,6.0,6.0,True,Finished,8.0,0.0
2026_03,GAS,Alpine,7.0,7.0,True,Finished,6.0,0.0
2026_03,VER,Red Bull Racing,11.0,8.0,True,Finished,4.0,3.0
2026_03,LAW,Racing Bulls,14.0,9.0,True,Finished,2.0,5.0
2026_03,OCO,Haas F1 Team,12.0,10.0,True,Finished,1.0,2.0
2026_03,HUL,Audi,13.0,11.0,True,Finished,0.0,2.0
2026_03,HAD,Red Bull Racing,8.0,12.0,True,Finished,0.0,-4.0
2026_03,BOR,Audi,9.0,13.0,True,Finished,0.0,-4.0
2026_03,LIN,Racing Bulls,10.0,14.0,True,Finished,0.0,-4.0
2026_03,SAI,Williams,16.0,15.0,True,Finished,0.0,1.0
2026_03,COL,Alpine,15.0,16.0,True,Finished,0.0,-1.0
2026_03,PER,Cadillac,19.0,17.0,True,Finished,0.0,2.0
2026_03,ALO,Aston Martin,21.0,18.0,True,Lapped,0.0,3.0
2026_03,BOT,Cadillac,20.0,19.0,True,Lapped,0.0,1.0
2026_03,ALB,Williams,17.0,20.0,True,Lapped,0.0,-3.0
2026_03,STR,Aston Martin,22.0,21.0,False,Retired,0.0,
2026_03,BEA,Haas F1 Team,18.0,22.0,False,Retired,0.0,
2026_04,ANT,Mercedes,1.0,1.0,True,Finished,25.0,0.0
2026_04,NOR,McLaren,4.0,2.0,True,Finished,18.0,2.0
2026_04,PIA,McLaren,7.0,3.0,True,Finished,15.0,4.0
2026_04,RUS,Mercedes,5.0,4.0,True,Finished,12.0,1.0
2026_04,VER,Red Bull Racing,2.0,5.0,True,Finished,10.0,-3.0
2026_04,LEC,Ferrari,3.0,6.0,True,Finished,4.0,-3.0
2026_04,HAM,Ferrari,6.0,7.0,True,Finished,8.0,-1.0
2026_04,COL,Alpine,8.0,8.0,True,Finished,6.0,0.0
2026_04,SAI,Williams,13.0,9.0,True,Finished,2.0,4.0
2026_04,ALB,Williams,15.0,10.0,True,Finished,1.0,5.0
2026_04,BEA,Haas F1 Team,12.0,11.0,True,Lapped,0.0,1.0
2026_04,BOR,Audi,21.0,12.0,True,Lapped,0.0,9.0
2026_04,OCO,Haas F1 Team,14.0,13.0,True,Lapped,0.0,1.0
2026_04,LIN,Racing Bulls,16.0,14.0,True,Lapped,0.0,2.0
2026_04,ALO,Aston Martin,17.0,15.0,True,Lapped,0.0,2.0
2026_04,PER,Cadillac,20.0,16.0,True,Lapped,0.0,4.0
2026_04,STR,Aston Martin,18.0,17.0,True,Lapped,0.0,1.0
2026_04,BOT,Cadillac,19.0,18.0,True,Lapped,0.0,1.0
2026_04,HUL,Audi,10.0,19.0,False,Retired,0.0,
2026_04,LAW,Racing Bulls,11.0,20.0,False,Retired,0.0,
2026_04,GAS,Alpine,9.0,21.0,False,Retired,0.0,
2026_04,HAD,Red Bull Racing,22.0,22.0,False,Retired,0.0,
2026_05,ANT,Mercedes,2.0,1.0,True,Finished,25.0,1.0
2026_05,HAM,Ferrari,5.0,2.0,True,Finished,18.0,3.0
2026_05,VER,Red Bull Racing,6.0,3.0,True,Finished,15.0,3.0
2026_05,LEC,Ferrari,8.0,4.0,True,Finished,12.0,4.0
2026_05,HAD,Red Bull Racing,7.0,5.0,True,Lapped,10.0,2.0
2026_05,COL,Alpine,10.0,6.0,True,Lapped,8.0,4.0
2026_05,LAW,Racing Bulls,12.0,7.0,True,Lapped,6.0,5.0
2026_05,GAS,Alpine,14.0,8.0,True,Lapped,4.0,6.0
2026_05,SAI,Williams,15.0,9.0,True,Lapped,2.0,6.0
2026_05,BEA,Haas F1 Team,16.0,10.0,True,Lapped,1.0,6.0
2026_05,PIA,McLaren,4.0,11.0,True,Lapped,0.0,-7.0
2026_05,HUL,Audi,11.0,12.0,True,Lapped,0.0,-1.0
2026_05,BOR,Audi,13.0,13.0,True,Lapped,0.0,0.0
2026_05,OCO,Haas F1 Team,17.0,14.0,True,Lapped,0.0,3.0
2026_05,STR,Aston Martin,22.0,15.0,True,Lapped,0.0,7.0
2026_05,BOT,Cadillac,21.0,16.0,True,Lapped,0.0,5.0
2026_05,PER,Cadillac,20.0,17.0,False,Retired,0.0,
2026_05,NOR,McLaren,3.0,18.0,False,Retired,0.0,
2026_05,RUS,Mercedes,1.0,19.0,False,Retired,0.0,
2026_05,ALO,Aston Martin,19.0,20.0,False,Retired,0.0,
2026_05,ALB,Williams,18.0,21.0,False,Retired,0.0,
2026_05,LIN,Racing Bulls,9.0,22.0,False,Did not start,0.0,
2026_06,ANT,Mercedes,1.0,1.0,True,Finished,25.0,0.0
2026_06,HAM,Ferrari,3.0,2.0,True,Finished,18.0,1.0
2026_06,GAS,Alpine,9.0,3.0,True,Finished,6.0,6.0
2026_06,HAD,Red Bull Racing,5.0,4.0,True,Finished,15.0,1.0
2026_06,PIA,McLaren,7.0,5.0,True,Finished,12.0,2.0
2026_06,LAW,Racing Bulls,10.0,6.0,True,Finished,10.0,4.0
2026_06,LIN,Racing Bulls,15.0,7.0,True,Finished,8.0,8.0
2026_06,ALB,Williams,11.0,8.0,True,Finished,4.0,3.0
2026_06,HUL,Audi,13.0,9.0,True,Finished,0.0,4.0
2026_06,OCO,Haas F1 Team,17.0,10.0,True,Finished,2.0,7.0
2026_06,PER,Cadillac,18.0,11.0,True,Finished,0.0,7.0
2026_06,ALO,Aston Martin,21.0,12.0,True,Finished,1.0,9.0
2026_06,BOR,Audi,16.0,13.0,True,Finished,0.0,3.0
2026_06,RUS,Mercedes,6.0,14.0,True,Finished,0.0,-8.0
2026_06,COL,Alpine,14.0,15.0,True,Finished,0.0,-1.0
2026_06,SAI,Williams,12.0,16.0,True,Retired,0.0,-4.0
2026_06,LEC,Ferrari,4.0,17.0,False,Retired,0.0,
2026_06,STR,Aston Martin,22.0,18.0,False,Retired,0.0,
2026_06,NOR,McLaren,8.0,19.0,False,Retired,0.0,
2026_06,BEA,Haas F1 Team,19.0,20.0,False,Retired,0.0,
2026_06,BOT,Cadillac,20.0,21.0,False,Retired,0.0,
2026_06,VER,Red Bull Racing,2.0,22.0,False,Retired,0.0,
2026_07,HAM,Ferrari,2.0,1.0,True,Finished,25.0,1.0
2026_07,RUS,Mercedes,1.0,2.0,True,Finished,18.0,-1.0
2026_07,NOR,McLaren,4.0,3.0,True,Finished,15.0,1.0
2026_07,VER,Red Bull Racing,5.0,4.0,True,Finished,12.0,1.0
2026_07,PIA,McLaren,7.0,5.0,True,Finished,10.0,2.0
2026_07,HAD,Red Bull Racing,6.0,6.0,True,Lapped,8.0,0.0
2026_07,GAS,Alpine,14.0,7.0,True,Lapped,6.0,7.0
2026_07,COL,Alpine,13.0,8.0,True,Lapped,1.0,5.0
2026_07,LAW,Racing Bulls,8.0,9.0,True,Lapped,4.0,-1.0
2026_07,LIN,Racing Bulls,11.0,10.0,True,Lapped,2.0,1.0
2026_07,BOR,Audi,12.0,11.0,True,Lapped,0.0,1.0
2026_07,SAI,Williams,16.0,12.0,True,Lapped,0.0,4.0
2026_07,OCO,Haas F1 Team,17.0,13.0,True,Lapped,0.0,4.0
2026_07,PER,Cadillac,19.0,14.0,True,Lapped,0.0,5.0
2026_07,ANT,Mercedes,3.0,15.0,True,Retired,0.0,-12.0
2026_07,LEC,Ferrari,10.0,16.0,True,Retired,0.0,-6.0
2026_07,BEA,Haas F1 Team,15.0,17.0,True,Retired,0.0,-2.0
2026_07,ALB,Williams,18.0,18.0,False,Lapped,0.0,
2026_07,ALO,Aston Martin,22.0,19.0,False,Retired,0.0,
2026_07,HUL,Audi,9.0,20.0,False,Retired,0.0,
2026_07,BOT,Cadillac,20.0,21.0,False,Retired,0.0,
2026_07,STR,Aston Martin,21.0,22.0,False,Retired,0.0,
2026_08,RUS,Mercedes,1.0,1.0,True,Finished,25.0,0.0
2026_08,VER,Red Bull Racing,5.0,2.0,True,Finished,18.0,3.0
2026_08,ANT,Mercedes,4.0,3.0,True,Finished,15.0,1.0
2026_08,PIA,McLaren,7.0,4.0,True,Finished,12.0,3.0
2026_08,HAM,Ferrari,3.0,5.0,True,Finished,10.0,-2.0
2026_08,HAD,Red Bull Racing,8.0,6.0,True,Finished,8.0,2.0
2026_08,NOR,McLaren,6.0,7.0,True,Finished,6.0,-1.0
2026_08,LEC,Ferrari,2.0,8.0,True,Finished,4.0,-6.0
2026_08,LAW,Racing Bulls,9.0,9.0,True,Lapped,2.0,0.0
2026_08,LIN,Racing Bulls,10.0,10.0,True,Lapped,1.0,0.0
2026_08,BOR,Audi,12.0,11.0,True,Lapped,0.0,1.0
2026_08,HUL,Audi,14.0,12.0,True,Lapped,0.0,2.0
2026_08,GAS,Alpine,11.0,13.0,True,Lapped,0.0,-2.0
2026_08,BEA,Haas F1 Team,13.0,14.0,True,Lapped,0.0,-1.0
2026_08,COL,Alpine,16.0,15.0,True,Lapped,0.0,1.0
2026_08,OCO,Haas F1 Team,15.0,16.0,True,Lapped,0.0,-1.0
2026_08,ALB,Williams,18.0,17.0,True,Lapped,0.0,1.0
2026_08,ALO,Aston Martin,21.0,18.0,True,Lapped,0.0,3.0
2026_08,STR,Aston Martin,22.0,19.0,False,Retired,0.0,
2026_08,SAI,Williams,17.0,20.0,False,Retired,0.0,
2026_08,PER,Cadillac,19.0,21.0,False,Retired,0.0,
2026_08,BOT,Cadillac,20.0,22.0,False,Retired,0.0,
2026_09,LEC,Ferrari,2.0,1.0,True,Finished,25.0,1.0
2026_09,RUS,Mercedes,4.0,2.0,True,Finished,18.0,2.0
2026_09,HAM,Ferrari,3.0,3.0,True,Finished,15.0,0.0
2026_09,NOR,McLaren,6.0,4.0,True,Finished,12.0,2.0
2026_09,HAD,Red Bull Racing,5.0,5.0,True,Finished,10.0,0.0
2026_09,LAW,Racing Bulls,10.0,6.0,True,Finished,8.0,4.0
2026_09,LIN,Racing Bulls,9.0,7.0,True,Finished,6.0,2.0
2026_09,BOR,Audi,11.0,8.0,True,Finished,4.0,3.0
2026_09,ANT,Mercedes,1.0,9.0,True,Finished,0.0,-8.0
2026_09,COL,Alpine,19.0,10.0,True,Finished,2.0,9.0
2026_09,GAS,Alpine,15.0,11.0,True,Finished,1.0,4.0
2026_09,PIA,McLaren,8.0,12.0,True,Finished,0.0,-4.0
2026_09,SAI,Williams,14.0,13.0,True,Lapped,0.0,1.0
2026_09,BEA,Haas F1 Team,13.0,14.0,True,Finished,0.0,-1.0
2026_09,OCO,Haas F1 Team,17.0,15.0,True,Finished,0.0,2.0
2026_09,PER,Cadillac,20.0,16.0,True,Finished,0.0,4.0
2026_09,BOT,Cadillac,18.0,17.0,True,Finished,0.0,1.0
2026_09,ALO,Aston Martin,21.0,18.0,True,Lapped,0.0,3.0
2026_09,STR,Aston Martin,22.0,19.0,True,Lapped,0.0,3.0
2026_09,VER,Red Bull Racing,7.0,20.0,True,Retired,0.0,-13.0
2026_09,ALB,Williams,16.0,21.0,False,Retired,0.0,
2026_09,HUL,Audi,12.0,22.0,False,Retired,0.0,
2026_10,ANT,Mercedes,1.0,1.0,True,Finished,25.0,0.0
2026_10,LEC,Ferrari,4.0,2.0,True,Finished,18.0,2.0
2026_10,VER,Red Bull Racing,2.0,3.0,True,Finished,15.0,-1.0
2026_10,HAM,Ferrari,5.0,4.0,True,Finished,12.0,1.0
2026_10,PIA,McLaren,6.0,5.0,True,Finished,10.0,1.0
2026_10,HAD,Red Bull Racing,21.0,6.0,True,Finished,8.0,15.0
2026_10,NOR,McLaren,13.0,7.0,True,Finished,6.0,6.0
2026_10,BOR,Audi,8.0,8.0,True,Finished,4.0,0.0
2026_10,LIN,Racing Bulls,7.0,9.0,True,Finished,2.0,-2.0
2026_10,COL,Alpine,11.0,10.0,True,Finished,1.0,1.0
2026_10,GAS,Alpine,10.0,11.0,True,Finished,0.0,-1.0
2026_10,LAW,Racing Bulls,9.0,12.0,True,Finished,0.0,-3.0
2026_10,HUL,Audi,12.0,13.0,True,Finished,0.0,-1.0
2026_10,BEA,Haas F1 Team,14.0,14.0,True,Finished,0.0,0.0
2026_10,ALB,Williams,15.0,15.0,True,Finished,0.0,0.0
2026_10,SAI,Williams,19.0,16.0,True,Finished,0.0,3.0
2026_10,OCO,Haas F1 Team,16.0,17.0,True,Finished,0.0,-1.0
2026_10,BOT,Cadillac,17.0,18.0,True,Lapped,0.0,-1.0
2026_10,ALO,Aston Martin,22.0,19.0,True,Lapped,0.0,3.0
2026_10,STR,Aston Martin,20.0,20.0,False,Retired,0.0,
2026_10,PER,Cadillac,18.0,21.0,False,Retired,0.0,
2026_10,RUS,Mercedes,3.0,22.0,False,Retired,0.0,
2026_11,NOR,McLaren,1.0,1.0,True,Finished,25.0,0.0
2026_11,VER,Red Bull Racing,4.0,2.0,True,Finished,18.0,2.0
2026_11,ANT,Mercedes,7.0,3.0,True,Finished,15.0,4.0
2026_11,HAM,Ferrari,5.0,4.0,True,Finished,10.0,1.0
2026_11,LEC,Ferrari,2.0,5.0,True,Finished,12.0,-3.0
2026_11,HAD,Red Bull Racing,8.0,6.0,True,Finished,8.0,2.0
2026_11,RUS,Mercedes,6.0,7.0,True,Finished,6.0,-1.0
2026_11,LAW,Racing Bulls,11.0,8.0,True,Lapped,4.0,3.0
2026_11,HUL,Audi,10.0,9.0,True,Lapped,2.0,1.0
2026_11,LIN,Racing Bulls,9.0,10.0,True,Lapped,1.0,-1.0
2026_11,BOR,Audi,14.0,11.0,True,Lapped,0.0,3.0
2026_11,GAS,Alpine,12.0,12.0,True,Lapped,0.0,0.0
2026_11,STR,Aston Martin,20.0,13.0,True,Lapped,0.0,7.0
2026_11,ALO,Aston Martin,16.0,14.0,True,Lapped,0.0,2.0
2026_11,COL,Alpine,13.0,15.0,True,Lapped,0.0,-2.0
2026_11,OCO,Haas F1 Team,15.0,16.0,True,Lapped,0.0,-1.0
2026_11,BEA,Haas F1 Team,17.0,17.0,True,Lapped,0.0,0.0
2026_11,ALB,Williams,19.0,18.0,True,Lapped,0.0,1.0
2026_11,SAI,Williams,18.0,19.0,True,Lapped,0.0,-1.0
2026_11,PIA,McLaren,3.0,20.0,False,Retired,0.0,
2026_11,PER,Cadillac,22.0,21.0,False,Retired,0.0,
2026_11,BOT,Cadillac,21.0,22.0,False,Retired,0.0,
2026_12,NOR,McLaren,1.0,1.0,True,Finished,25.0,0.0
2026_12,ANT,Mercedes,3.0,2.0,True,Finished,18.0,1.0
2026_12,RUS,Mercedes,2.0,3.0,True,Finished,15.0,-1.0
2026_12,HAM,Ferrari,5.0,4.0,True,Finished,12.0,1.0
2026_12,LEC,Ferrari,6.0,5.0,True,Finished,10.0,1.0
2026_12,PIA,McLaren,4.0,6.0,True,Finished,8.0,-2.0
2026_12,LAW,Red Bull Racing,8.0,7.0,True,Finished,6.0,1.0
2026_12,HUL,Audi,13.0,8.0,True,Lapped,4.0,5.0
2026_12,ALO,Aston Martin,18.0,9.0,True,Lapped,2.0,9.0
2026_12,GAS,Alpine,11.0,10.0,True,Lapped,1.0,1.0
2026_12,TSU,Racing Bulls,12.0,11.0,True,Lapped,0.0,1.0
2026_12,LIN,Racing Bulls,10.0,12.0,True,Lapped,0.0,-2.0
2026_12,BOR,Audi,9.0,13.0,True,Lapped,0.0,-4.0
2026_12,COL,Alpine,14.0,14.0,True,Lapped,0.0,0.0
2026_12,PER,Cadillac,22.0,15.0,True,Lapped,0.0,7.0
2026_12,SAI,Williams,17.0,16.0,True,Lapped,0.0,1.0
2026_12,ALB,Williams,16.0,17.0,True,Retired,0.0,-1.0
2026_12,BOT,Cadillac,21.0,18.0,False,Retired,0.0,
2026_12,OCO,Haas F1 Team,15.0,19.0,False,Retired,0.0,
2026_12,STR,Aston Martin,19.0,20.0,False,Retired,0.0,
2026_12,BEA,Haas F1 Team,20.0,21.0,False,Retired,0.0,
2026_12,VER,Red Bull Racing,7.0,22.0,False,Retired,0.0,
2026_13,ANT,Mercedes,19.0,1.0,True,Finished,25.0,18.0
2026_13,RUS,Mercedes,2.0,2.0,True,Finished,18.0,0.0
2026_13,VER,Red Bull Racing,5.0,3.0,True,Finished,15.0,2.0
2026_13,NOR,McLaren,8.0,4.0,True,Finished,12.0,4.0
2026_13,PIA,McLaren,6.0,5.0,True,Finished,10.0,1.0
2026_13,HAM,Ferrari,4.0,6.0,True,Finished,8.0,-2.0
2026_13,GAS,Alpine,1.0,7.0,True,Finished,6.0,-6.0
2026_13,LIN,Racing Bulls,9.0,8.0,True,Finished,4.0,1.0
2026_13,COL,Alpine,7.0,9.0,True,Finished,2.0,-2.0
2026_13,TSU,Racing Bulls,15.0,10.0,True,Finished,1.0,5.0
2026_13,BOR,Audi,10.0,11.0,True,Finished,0.0,-1.0
2026_13,HUL,Audi,12.0,12.0,True,Finished,0.0,0.0
2026_13,SAI,Williams,13.0,13.0,True,Finished,0.0,0.0
2026_13,LAW,Red Bull Racing,22.0,14.0,True,Finished,0.0,8.0
2026_13,BEA,Haas F1 Team,11.0,15.0,True,Finished,0.0,-4.0
2026_13,OCO,Haas F1 Team,14.0,16.0,True,Lapped,0.0,-2.0
2026_13,ALB,Williams,20.0,17.0,True,Lapped,0.0,3.0
2026_13,PER,Cadillac,17.0,18.0,True,Lapped,0.0,-1.0
2026_13,BOT,Cadillac,16.0,19.0,True,Lapped,0.0,-3.0
2026_13,STR,Aston Martin,18.0,20.0,False,Retired,0.0,
2026_13,ALO,Aston Martin,21.0,21.0,False,Retired,0.0,
2026_13,LEC,Ferrari,3.0,22.0,False,Retired,0.0,
