stint_id,race_id,driver_code,team,stint,compound,compound_rank,fresh_tyre,start_lap,end_lap,stint_laps,ended_in_pit,ran_to_flag,tyre_life_observed,caution_during_stint
2018_01_ALO_s1,2018_01,ALO,McLaren,1,ULTRASOFT,SOFTEST,True,2.0,26.0,25.0,True,False,True,True
2018_01_ALO_s2,2018_01,ALO,McLaren,2,SOFT,HARDEST,True,27.0,58.0,32.0,False,True,False,True
2018_01_ALO_s<NA>,2018_01,ALO,McLaren,,UNKNOWN,UNKNOWN,True,1.0,1.0,,False,False,False,True
2018_01_BOT_s1,2018_01,BOT,Mercedes,1,ULTRASOFT,SOFTEST,False,2.0,25.0,24.0,True,False,True,True
2018_01_BOT_s2,2018_01,BOT,Mercedes,2,SUPERSOFT,MIDDLE,True,26.0,58.0,33.0,False,True,False,True
2018_01_BOT_s<NA>,2018_01,BOT,Mercedes,,UNKNOWN,UNKNOWN,True,1.0,1.0,,False,False,False,True
2018_01_ERI_s1,2018_01,ERI,Sauber,1,SUPERSOFT,MIDDLE,True,2.0,6.0,5.0,True,False,True,True
2018_01_ERI_s<NA>,2018_01,ERI,Sauber,,UNKNOWN,UNKNOWN,True,1.0,1.0,,False,False,False,True
2018_01_GAS_s1,2018_01,GAS,Toro Rosso,1,ULTRASOFT,SOFTEST,True,2.0,14.0,13.0,True,False,True,True
2018_01_GAS_s<NA>,2018_01,GAS,Toro Rosso,,UNKNOWN,UNKNOWN,True,1.0,1.0,,False,False,False,True
2018_01_GRO_s1,2018_01,GRO,Haas F1 Team,1,ULTRASOFT,SOFTEST,False,2.0,24.0,23.0,True,False,True,True
2018_01_GRO_s<NA>,2018_01,GRO,Haas F1 Team,,UNKNOWN,UNKNOWN,True,1.0,1.0,,False,False,False,True
2018_01_HAM_s1,2018_01,HAM,Mercedes,1,ULTRASOFT,SOFTEST,False,3.0,19.0,17.0,True,False,True,True
2018_01_HAM_s2,2018_01,HAM,Mercedes,2,SOFT,HARDEST,True,20.0,58.0,39.0,False,True,False,True
2018_01_HAM_s<NA>,2018_01,HAM,Mercedes,,UNKNOWN,UNKNOWN,True,1.0,2.0,,False,False,False,True
2018_01_HAR_s1,2018_01,HAR,Toro Rosso,1,SUPERSOFT,MIDDLE,True,1.0,1.0,1.0,True,False,True,True
2018_01_HAR_s2,2018_01,HAR,Toro Rosso,2,SOFT,HARDEST,True,2.0,24.0,23.0,True,False,True,True
2018_01_HAR_s3,2018_01,HAR,Toro Rosso,3,ULTRASOFT,SOFTEST,True,25.0,57.0,33.0,False,True,False,True
2018_01_HUL_s1,2018_01,HUL,Renault,1,ULTRASOFT,SOFTEST,False,2.0,24.0,23.0,True,False,True,True
2018_01_HUL_s2,2018_01,HUL,Renault,2,SOFT,HARDEST,True,25.0,58.0,34.0,False,True,False,True
2018_01_HUL_s<NA>,2018_01,HUL,Renault,,UNKNOWN,UNKNOWN,True,1.0,1.0,,False,False,False,True
2018_01_LEC_s1,2018_01,LEC,Sauber,1,SUPERSOFT,MIDDLE,True,2.0,20.0,19.0,True,False,True,True
2018_01_LEC_s2,2018_01,LEC,Sauber,2,SOFT,HARDEST,True,21.0,27.0,7.0,True,False,True,True
2018_01_LEC_s3,2018_01,LEC,Sauber,3,ULTRASOFT,SOFTEST,True,28.0,58.0,31.0,False,True,False,True
2018_01_LEC_s<NA>,2018_01,LEC,Sauber,,UNKNOWN,UNKNOWN,True,1.0,1.0,,False,False,False,True
2018_01_MAG_s1,2018_01,MAG,Haas F1 Team,1,ULTRASOFT,SOFTEST,False,2.0,22.0,21.0,True,False,True,True
2018_01_MAG_s<NA>,2018_01,MAG,Haas F1 Team,,UNKNOWN,UNKNOWN,True,1.0,1.0,,False,False,False,True
2018_01_OCO_s1,2018_01,OCO,Force India,1,ULTRASOFT,SOFTEST,True,2.0,23.0,22.0,True,False,True,True
2018_01_OCO_s2,2018_01,OCO,Force India,2,SOFT,HARDEST,True,24.0,58.0,35.0,False,True,False,True
2018_01_OCO_s<NA>,2018_01,OCO,Force India,,UNKNOWN,UNKNOWN,True,1.0,1.0,,False,False,False,True
2018_01_PER_s1,2018_01,PER,Force India,1,ULTRASOFT,SOFTEST,True,2.0,24.0,23.0,True,False,True,True
2018_01_PER_s2,2018_01,PER,Force India,2,SOFT,HARDEST,True,25.0,58.0,34.0,False,True,False,True
2018_01_PER_s<NA>,2018_01,PER,Force India,,UNKNOWN,UNKNOWN,True,1.0,1.0,,False,False,False,True
2018_01_RAI_s1,2018_01,RAI,Ferrari,1,ULTRASOFT,SOFTEST,False,2.0,18.0,17.0,True,False,True,True
2018_01_RAI_s2,2018_01,RAI,Ferrari,2,SOFT,HARDEST,True,19.0,58.0,40.0,False,True,False,True
2018_01_RAI_s<NA>,2018_01,RAI,Ferrari,,UNKNOWN,UNKNOWN,True,1.0,1.0,,False,False,False,True
2018_01_RIC_s1,2018_01,RIC,Red Bull Racing,1,SUPERSOFT,MIDDLE,False,2.0,26.0,25.0,True,False,True,True
2018_01_RIC_s2,2018_01,RIC,Red Bull Racing,2,SOFT,HARDEST,True,27.0,58.0,32.0,False,True,False,True
2018_01_RIC_s<NA>,2018_01,RIC,Red Bull Racing,,UNKNOWN,UNKNOWN,True,1.0,1.0,,False,False,False,True
2018_01_SAI_s1,2018_01,SAI,Renault,1,ULTRASOFT,SOFTEST,False,2.0,22.0,21.0,True,False,True,True
2018_01_SAI_s2,2018_01,SAI,Renault,2,SOFT,HARDEST,True,23.0,58.0,36.0,False,True,False,True
2018_01_SAI_s<NA>,2018_01,SAI,Renault,,UNKNOWN,UNKNOWN,True,1.0,1.0,,False,False,False,True
2018_01_SIR_s1,2018_01,SIR,Williams,1,SUPERSOFT,MIDDLE,True,2.0,5.0,4.0,False,False,False,True
2018_01_SIR_s<NA>,2018_01,SIR,Williams,,UNKNOWN,UNKNOWN,True,1.0,1.0,,False,False,False,True
2018_01_STR_s1,2018_01,STR,Williams,1,SUPERSOFT,MIDDLE,True,2.0,25.0,24.0,True,False,True,True
2018_01_STR_s2,2018_01,STR,Williams,2,SOFT,HARDEST,True,26.0,29.0,4.0,True,False,True,True
2018_01_STR_s3,2018_01,STR,Williams,3,ULTRASOFT,SOFTEST,True,30.0,58.0,29.0,False,True,False,True
2018_01_STR_s<NA>,2018_01,STR,Williams,,UNKNOWN,UNKNOWN,True,1.0,1.0,,False,False,False,True
2018_01_VAN_s1,2018_01,VAN,McLaren,1,ULTRASOFT,SOFTEST,True,2.0,25.0,24.0,True,False,True,True
2018_01_VAN_s2,2018_01,VAN,McLaren,2,SUPERSOFT,MIDDLE,True,26.0,58.0,33.0,False,True,False,True
2018_01_VAN_s<NA>,2018_01,VAN,McLaren,,UNKNOWN,UNKNOWN,True,1.0,1.0,,False,False,False,True
2018_01_VER_s1,2018_01,VER,Red Bull Racing,1,SUPERSOFT,MIDDLE,False,2.0,21.0,20.0,True,False,True,True
2018_01_VER_s2,2018_01,VER,Red Bull Racing,2,SOFT,HARDEST,True,22.0,58.0,37.0,False,True,False,True
2018_01_VER_s<NA>,2018_01,VER,Red Bull Racing,,UNKNOWN,UNKNOWN,True,1.0,1.0,,False,False,False,True
2018_01_VET_s1,2018_01,VET,Ferrari,1,ULTRASOFT,SOFTEST,False,2.0,26.0,25.0,True,False,True,True
2018_01_VET_s2,2018_01,VET,Ferrari,2,SOFT,HARDEST,True,27.0,58.0,32.0,False,True,False,True
2018_01_VET_s<NA>,2018_01,VET,Ferrari,,UNKNOWN,UNKNOWN,True,1.0,1.0,,False,False,False,True
2018_02_ALO_s1,2018_02,ALO,McLaren,1,SOFT,MIDDLE,True,2.0,14.0,13.0,True,False,True,True
2018_02_ALO_s2,2018_02,ALO,McLaren,2,MEDIUM,HARDEST,True,15.0,39.0,25.0,True,False,True,True
2018_02_ALO_s3,2018_02,ALO,McLaren,3,SUPERSOFT,SOFTEST,True,40.0,56.0,17.0,False,True,False,True
2018_02_ALO_s<NA>,2018_02,ALO,McLaren,,UNKNOWN,UNKNOWN,True,1.0,1.0,,False,False,False,True
2018_02_BOT_s1,2018_02,BOT,Mercedes,1,SUPERSOFT,SOFTEST,False,2.0,20.0,19.0,True,False,True,True
2018_02_BOT_s2,2018_02,BOT,Mercedes,2,MEDIUM,HARDEST,True,21.0,57.0,37.0,False,True,False,True
2018_02_BOT_s<NA>,2018_02,BOT,Mercedes,,UNKNOWN,UNKNOWN,True,1.0,1.0,,False,False,False,True
2018_02_ERI_s1,2018_02,ERI,Sauber,1,SOFT,MIDDLE,True,2.0,23.0,22.0,True,False,True,True
2018_02_ERI_s2,2018_02,ERI,Sauber,2,MEDIUM,HARDEST,True,24.0,56.0,33.0,False,True,False,True
2018_02_ERI_s<NA>,2018_02,ERI,Sauber,,UNKNOWN,UNKNOWN,True,1.0,1.0,,False,False,False,True
2018_02_GAS_s1,2018_02,GAS,Toro Rosso,1,SUPERSOFT,SOFTEST,False,2.0,15.0,14.0,True,False,True,True
2018_02_GAS_s2,2018_02,GAS,Toro Rosso,2,SOFT,MIDDLE,True,16.0,34.0,19.0,True,False,True,True
2018_02_GAS_s3,2018_02,GAS,Toro Rosso,3,SUPERSOFT,SOFTEST,False,35.0,57.0,23.0,False,True,False,True
2018_02_GAS_s<NA>,2018_02,GAS,Toro Rosso,,UNKNOWN,UNKNOWN,True,1.0,1.0,,False,False,False,True
2018_02_GRO_s1,2018_02,GRO,Haas F1 Team,1,SUPERSOFT,SOFTEST,True,2.0,18.0,17.0,True,False,True,True
2018_02_GRO_s2,2018_02,GRO,Haas F1 Team,2,SOFT,MIDDLE,True,19.0,30.0,12.0,True,False,True,True
2018_02_GRO_s3,2018_02,GRO,Haas F1 Team,3,SUPERSOFT,SOFTEST,True,31.0,45.0,15.0,True,False,True,True
2018_02_GRO_s4,2018_02,GRO,Haas F1 Team,4,SUPERSOFT,SOFTEST,True,46.0,56.0,11.0,False,True,False,False
2018_02_GRO_s<NA>,2018_02,GRO,Haas F1 Team,,UNKNOWN,UNKNOWN,True,1.0,1.0,,False,False,False,True
2018_02_HAM_s1,2018_02,HAM,Mercedes,1,SOFT,MIDDLE,False,2.0,26.0,25.0,True,False,True,True
2018_02_HAM_s2,2018_02,HAM,Mercedes,2,MEDIUM,HARDEST,True,27.0,57.0,31.0,False,True,False,True
2018_02_HAM_s<NA>,2018_02,HAM,Mercedes,,UNKNOWN,UNKNOWN,True,1.0,1.0,,False,False,False,True
2018_02_HAR_s1,2018_02,HAR,Toro Rosso,1,SUPERSOFT,SOFTEST,True,2.0,20.0,19.0,True,False,True,True
2018_02_HAR_s2,2018_02,HAR,Toro Rosso,2,SOFT,MIDDLE,True,21.0,42.0,22.0,True,False,True,True
2018_02_HAR_s3,2018_02,HAR,Toro Rosso,3,SUPERSOFT,SOFTEST,False,43.0,56.0,14.0,False,True,False,False
2018_02_HAR_s<NA>,2018_02,HAR,Toro Rosso,,UNKNOWN,UNKNOWN,True,1.0,1.0,,False,False,False,True
2018_02_HUL_s1,2018_02,HUL,Renault,1,SUPERSOFT,SOFTEST,False,2.0,15.0,14.0,True,False,True,True
2018_02_HUL_s2,2018_02,HUL,Renault,2,SOFT,MIDDLE,True,16.0,39.0,24.0,True,False,True,True
2018_02_HUL_s3,2018_02,HUL,Renault,3,SUPERSOFT,SOFTEST,False,40.0,57.0,18.0,False,True,False,True
2018_02_HUL_s<NA>,2018_02,HUL,Renault,,UNKNOWN,UNKNOWN,True,1.0,1.0,,False,False,False,True
2018_02_LEC_s1,2018_02,LEC,Sauber,1,SOFT,MIDDLE,True,2.0,3.0,2.0,True,False,True,True
2018_02_LEC_s2,2018_02,LEC,Sauber,2,MEDIUM,HARDEST,True,4.0,34.0,31.0,True,False,True,True
2018_02_LEC_s3,2018_02,LEC,Sauber,3,SUPERSOFT,SOFTEST,True,35.0,56.0,22.0,False,True,False,True
2018_02_LEC_s<NA>,2018_02,LEC,Sauber,,UNKNOWN,UNKNOWN,True,1.0,1.0,,False,False,False,True
2018_02_MAG_s1,2018_02,MAG,Haas F1 Team,1,SUPERSOFT,SOFTEST,False,2.0,13.0,12.0,True,False,True,True
2018_02_MAG_s2,2018_02,MAG,Haas F1 Team,2,SUPERSOFT,SOFTEST,False,14.0,27.0,14.0,True,False,True,True
2018_02_MAG_s3,2018_02,MAG,Haas F1 Team,3,SOFT,MIDDLE,True,28.0,57.0,30.0,False,True,False,True
2018_02_MAG_s<NA>,2018_02,MAG,Haas F1 Team,,UNKNOWN,UNKNOWN,True,1.0,1.0,,False,False,False,True
2018_02_OCO_s1,2018_02,OCO,Force India,1,SUPERSOFT,SOFTEST,False,2.0,15.0,14.0,True,False,True,True
2018_02_OCO_s2,2018_02,OCO,Force India,2,MEDIUM,HARDEST,True,16.0,35.0,20.0,True,False,True,True
2018_02_OCO_s3,2018_02,OCO,Force India,3,SOFT,MIDDLE,True,36.0,56.0,21.0,False,True,False,True
2018_02_OCO_s<NA>,2018_02,OCO,Force India,,UNKNOWN,UNKNOWN,True,1.0,1.0,,False,False,False,True
2018_02_PER_s1,2018_02,PER,Force India,1,SOFT,MIDDLE,True,2.0,9.0,8.0,True,False,True,True
2018_02_PER_s2,2018_02,PER,Force India,2,MEDIUM,HARDEST,True,10.0,32.0,23.0,True,False,True,True
2018_02_PER_s3,2018_02,PER,Force India,3,SUPERSOFT,SOFTEST,True,33.0,56.0,24.0,False,True,False,True
2018_02_PER_s<NA>,2018_02,PER,Force India,,UNKNOWN,UNKNOWN,True,1.0,1.0,,False,False,False,True
2018_02_RAI_s1,2018_02,RAI,Ferrari,1,SUPERSOFT,SOFTEST,False,2.0,19.0,18.0,True,False,True,True
2018_02_RAI_s2,2018_02,RAI,Ferrari,2,SOFT,MIDDLE,True,20.0,34.0,15.0,True,False,True,True
2018_02_RAI_s<NA>,2018_02,RAI,Ferrari,,UNKNOWN,UNKNOWN,True,1.0,1.0,,False,False,False,True
2018_02_RIC_s<NA>,2018_02,RIC,Red Bull Racing,,UNKNOWN,UNKNOWN,True,1.0,2.0,,False,False,False,True
2018_02_SAI_s1,2018_02,SAI,Renault,1,SUPERSOFT,SOFTEST,False,2.0,16.0,15.0,True,False,True,True
2018_02_SAI_s2,2018_02,SAI,Renault,2,SUPERSOFT,SOFTEST,False,17.0,26.0,10.0,True,False,True,True
2018_02_SAI_s3,2018_02,SAI,Renault,3,SOFT,MIDDLE,False,27.0,56.0,30.0,False,True,False,True
2018_02_SAI_s<NA>,2018_02,SAI,Renault,,UNKNOWN,UNKNOWN,True,1.0,1.0,,False,False,False,True
2018_02_SIR_s1,2018_02,SIR,Williams,1,SOFT,MIDDLE,True,2.0,22.0,21.0,True,False,True,True
2018_02_SIR_s2,2018_02,SIR,Williams,2,MEDIUM,HARDEST,True,23.0,40.0,18.0,True,False,True,True
2018_02_SIR_s3,2018_02,SIR,Williams,3,SUPERSOFT,SOFTEST,True,41.0,56.0,16.0,False,True,False,False
2018_02_SIR_s<NA>,2018_02,SIR,Williams,,UNKNOWN,UNKNOWN,True,1.0,1.0,,False,False,False,True
2018_02_STR_s1,2018_02,STR,Williams,1,SOFT,MIDDLE,True,2.0,10.0,9.0,True,False,True,True
2018_02_STR_s2,2018_02,STR,Williams,2,SUPERSOFT,SOFTEST,True,11.0,30.0,20.0,True,False,True,True
2018_02_STR_s3,2018_02,STR,Williams,3,MEDIUM,HARDEST,True,31.0,56.0,26.0,False,True,False,True
2018_02_STR_s<NA>,2018_02,STR,Williams,,UNKNOWN,UNKNOWN,True,1.0,1.0,,False,False,False,True
2018_02_VAN_s1,2018_02,VAN,McLaren,1,SUPERSOFT,SOFTEST,True,2.0,10.0,9.0,True,False,True,True
2018_02_VAN_s2,2018_02,VAN,McLaren,2,SOFT,MIDDLE,True,11.0,28.0,18.0,True,False,True,True
2018_02_VAN_s3,2018_02,VAN,McLaren,3,MEDIUM,HARDEST,True,29.0,56.0,28.0,False,True,False,True
2018_02_VAN_s<NA>,2018_02,VAN,McLaren,,UNKNOWN,UNKNOWN,True,1.0,1.0,,False,False,False,True
2018_02_VER_s1,2018_02,VER,Red Bull Racing,1,SOFT,MIDDLE,True,2.0,2.0,1.0,True,False,True,True
2018_02_VER_s2,2018_02,VER,Red Bull Racing,2,SUPERSOFT,SOFTEST,True,3.0,4.0,2.0,False,False,False,True
2018_02_VER_s<NA>,2018_02,VER,Red Bull Racing,,UNKNOWN,UNKNOWN,True,1.0,1.0,,False,False,False,True
2018_02_VET_s1,2018_02,VET,Ferrari,1,SUPERSOFT,SOFTEST,False,3.0,18.0,16.0,True,False,True,True
2018_02_VET_s2,2018_02,VET,Ferrari,2,SOFT,MIDDLE,True,19.0,57.0,39.0,False,True,False,True
2018_02_VET_s<NA>,2018_02,VET,Ferrari,,UNKNOWN,UNKNOWN,True,1.0,2.0,,False,False,False,True
2018_03_ALO_s1,2018_03,ALO,McLaren,1,SOFT,MIDDLE,True,2.0,47.0,46.0,True,False,True,True
2018_03_ALO_s2,2018_03,ALO,McLaren,2,MEDIUM,HARDEST,True,48.0,56.0,9.0,False,True,False,False
2018_03_ALO_s<NA>,2018_03,ALO,McLaren,,UNKNOWN,UNKNOWN,True,1.0,1.0,,False,False,False,True
2018_03_BOT_s1,2018_03,BOT,Mercedes,1,SOFT,MIDDLE,False,2.0,47.0,46.0,True,False,True,True
2018_03_BOT_s2,2018_03,BOT,Mercedes,2,MEDIUM,HARDEST,True,48.0,56.0,9.0,False,True,False,False
2018_03_BOT_s<NA>,2018_03,BOT,Mercedes,,UNKNOWN,UNKNOWN,True,1.0,1.0,,False,False,False,True
2018_03_ERI_s1,2018_03,ERI,Sauber,1,SOFT,MIDDLE,True,2.0,46.0,45.0,True,False,True,True
2018_03_ERI_s2,2018_03,ERI,Sauber,2,MEDIUM,HARDEST,True,47.0,56.0,10.0,False,True,False,False
2018_03_ERI_s<NA>,2018_03,ERI,Sauber,,UNKNOWN,UNKNOWN,True,1.0,1.0,,False,False,False,True
2018_03_GAS_s1,2018_03,GAS,Toro Rosso,1,MEDIUM,HARDEST,True,2.0,46.0,45.0,True,False,True,True
2018_03_GAS_s2,2018_03,GAS,Toro Rosso,2,ULTRASOFT,SOFTEST,True,47.0,56.0,10.0,False,True,False,False
2018_03_GAS_s<NA>,2018_03,GAS,Toro Rosso,,UNKNOWN,UNKNOWN,True,1.0,1.0,,False,False,False,True
2018_03_GRO_s1,2018_03,GRO,Haas F1 Team,1,ULTRASOFT,SOFTEST,False,2.0,46.0,45.0,True,False,True,True
2018_03_GRO_s2,2018_03,GRO,Haas F1 Team,2,ULTRASOFT,SOFTEST,True,47.0,56.0,10.0,False,True,False,False
2018_03_GRO_s<NA>,2018_03,GRO,Haas F1 Team,,UNKNOWN,UNKNOWN,True,1.0,1.0,,False,False,False,True
2018_03_HAM_s1,2018_03,HAM,Mercedes,1,SOFT,MIDDLE,False,2.0,46.0,45.0,True,False,True,True
2018_03_HAM_s2,2018_03,HAM,Mercedes,2,MEDIUM,HARDEST,True,47.0,56.0,10.0,False,True,False,False
2018_03_HAM_s<NA>,2018_03,HAM,Mercedes,,UNKNOWN,UNKNOWN,True,1.0,1.0,,False,False,False,True
2018_03_HAR_s1,2018_03,HAR,Toro Rosso,1,ULTRASOFT,SOFTEST,True,2.0,46.0,45.0,True,False,True,True
2018_03_HAR_s2,2018_03,HAR,Toro Rosso,2,SOFT,MIDDLE,True,47.0,51.0,5.0,True,False,True,False
2018_03_HAR_s<NA>,2018_03,HAR,Toro Rosso,,UNKNOWN,UNKNOWN,True,1.0,1.0,,False,False,False,True
2018_03_HUL_s1,2018_03,HUL,Renault,1,ULTRASOFT,SOFTEST,False,2.0,46.0,45.0,True,False,True,True
2018_03_HUL_s2,2018_03,HUL,Renault,2,SOFT,MIDDLE,True,47.0,56.0,10.0,False,True,False,False
2018_03_HUL_s<NA>,2018_03,HUL,Renault,,UNKNOWN,UNKNOWN,True,1.0,1.0,,False,False,False,True
2018_03_LEC_s1,2018_03,LEC,Sauber,1,SOFT,MIDDLE,True,2.0,46.0,45.0,True,False,True,True
2018_03_LEC_s2,2018_03,LEC,Sauber,2,MEDIUM,HARDEST,True,47.0,56.0,10.0,False,True,False,False
2018_03_LEC_s<NA>,2018_03,LEC,Sauber,,UNKNOWN,UNKNOWN,True,1.0,1.0,,False,False,False,True
2018_03_MAG_s1,2018_03,MAG,Haas F1 Team,1,SOFT,MIDDLE,False,2.0,46.0,45.0,True,False,True,True
2018_03_MAG_s2,2018_03,MAG,Haas F1 Team,2,MEDIUM,HARDEST,True,47.0,56.0,10.0,False,True,False,False
2018_03_MAG_s<NA>,2018_03,MAG,Haas F1 Team,,UNKNOWN,UNKNOWN,True,1.0,1.0,,False,False,False,True
2018_03_OCO_s1,2018_03,OCO,Force India,1,SOFT,MIDDLE,True,2.0,46.0,45.0,True,False,True,True
2018_03_OCO_s2,2018_03,OCO,Force India,2,ULTRASOFT,SOFTEST,True,47.0,56.0,10.0,False,True,False,False
2018_03_OCO_s<NA>,2018_03,OCO,Force India,,UNKNOWN,UNKNOWN,True,1.0,1.0,,False,False,False,True
2018_03_PER_s1,2018_03,PER,Force India,1,ULTRASOFT,SOFTEST,False,2.0,46.0,45.0,True,False,True,True
2018_03_PER_s2,2018_03,PER,Force India,2,SOFT,MIDDLE,True,47.0,56.0,10.0,False,True,False,False
2018_03_PER_s<NA>,2018_03,PER,Force India,,UNKNOWN,UNKNOWN,True,1.0,1.0,,False,False,False,True
2018_03_RAI_s1,2018_03,RAI,Ferrari,1,SOFT,MIDDLE,False,2.0,47.0,46.0,True,False,True,True
2018_03_RAI_s2,2018_03,RAI,Ferrari,2,MEDIUM,HARDEST,True,48.0,56.0,9.0,False,True,False,False
2018_03_RAI_s<NA>,2018_03,RAI,Ferrari,,UNKNOWN,UNKNOWN,True,1.0,1.0,,False,False,False,True
2018_03_RIC_s1,2018_03,RIC,Red Bull Racing,1,ULTRASOFT,SOFTEST,False,2.0,47.0,46.0,True,False,True,True
2018_03_RIC_s2,2018_03,RIC,Red Bull Racing,2,SOFT,MIDDLE,True,48.0,56.0,9.0,False,True,False,False
2018_03_RIC_s<NA>,2018_03,RIC,Red Bull Racing,,UNKNOWN,UNKNOWN,True,1.0,1.0,,False,False,False,True
2018_03_SAI_s1,2018_03,SAI,Renault,1,ULTRASOFT,SOFTEST,False,2.0,46.0,45.0,True,False,True,True
2018_03_SAI_s2,2018_03,SAI,Renault,2,SOFT,MIDDLE,True,47.0,56.0,10.0,False,True,False,False
2018_03_SAI_s<NA>,2018_03,SAI,Renault,,UNKNOWN,UNKNOWN,True,1.0,1.0,,False,False,False,True
2018_03_SIR_s1,2018_03,SIR,Williams,1,SOFT,MIDDLE,True,2.0,46.0,45.0,True,False,True,True
2018_03_SIR_s2,2018_03,SIR,Williams,2,SOFT,MIDDLE,False,47.0,56.0,10.0,False,True,False,False
2018_03_SIR_s<NA>,2018_03,SIR,Williams,,UNKNOWN,UNKNOWN,True,1.0,1.0,,False,False,False,True
2018_03_STR_s1,2018_03,STR,Williams,1,SOFT,MIDDLE,True,2.0,46.0,45.0,True,False,True,True
2018_03_STR_s2,2018_03,STR,Williams,2,MEDIUM,HARDEST,True,47.0,56.0,10.0,False,True,False,False
2018_03_STR_s<NA>,2018_03,STR,Williams,,UNKNOWN,UNKNOWN,True,1.0,1.0,,False,False,False,True
2018_03_VAN_s1,2018_03,VAN,McLaren,1,SOFT,MIDDLE,True,2.0,46.0,45.0,True,False,True,True
2018_03_VAN_s2,2018_03,VAN,McLaren,2,MEDIUM,HARDEST,True,47.0,56.0,10.0,False,True,False,False
2018_03_VAN_s<NA>,2018_03,VAN,McLaren,,UNKNOWN,UNKNOWN,True,1.0,1.0,,False,False,False,True
2018_03_VER_s1,2018_03,VER,Red Bull Racing,1,ULTRASOFT,SOFTEST,False,2.0,46.0,45.0,True,False,True,True
2018_03_VER_s2,2018_03,VER,Red Bull Racing,2,SOFT,MIDDLE,True,47.0,56.0,10.0,False,True,False,False
2018_03_VER_s<NA>,2018_03,VER,Red Bull Racing,,UNKNOWN,UNKNOWN,True,1.0,1.0,,False,False,False,True
2018_03_VET_s1,2018_03,VET,Ferrari,1,SOFT,MIDDLE,False,3.0,46.0,44.0,True,False,True,True
2018_03_VET_s2,2018_03,VET,Ferrari,2,MEDIUM,HARDEST,True,47.0,56.0,10.0,False,True,False,False
2018_03_VET_s<NA>,2018_03,VET,Ferrari,,UNKNOWN,UNKNOWN,True,1.0,2.0,,False,False,False,True
2018_04_ALO_s1,2018_04,ALO,McLaren,1,SUPERSOFT,MIDDLE,True,1.0,1.0,1.0,True,False,True,True
2018_04_ALO_s2,2018_04,ALO,McLaren,2,SOFT,HARDEST,True,2.0,40.0,39.0,True,False,True,True
2018_04_ALO_s3,2018_04,ALO,McLaren,3,ULTRASOFT,SOFTEST,False,41.0,51.0,11.0,False,True,False,True
2018_04_BOT_s1,2018_04,BOT,Mercedes,1,SUPERSOFT,MIDDLE,False,2.0,40.0,39.0,True,False,True,True
2018_04_BOT_s2,2018_04,BOT,Mercedes,2,ULTRASOFT,SOFTEST,False,41.0,49.0,9.0,False,False,False,True
2018_04_BOT_s<NA>,2018_04,BOT,Mercedes,,UNKNOWN,UNKNOWN,True,1.0,1.0,,False,False,False,True
2018_04_ERI_s1,2018_04,ERI,Sauber,1,SUPERSOFT,MIDDLE,True,1.0,1.0,1.0,True,False,True,True
2018_04_ERI_s2,2018_04,ERI,Sauber,2,SOFT,HARDEST,True,2.0,18.0,17.0,True,False,True,True
2018_04_ERI_s3,2018_04,ERI,Sauber,3,ULTRASOFT,SOFTEST,True,19.0,36.0,18.0,True,False,True,True
2018_04_ERI_s4,2018_04,ERI,Sauber,4,ULTRASOFT,SOFTEST,True,37.0,39.0,3.0,True,False,True,True
2018_04_ERI_s5,2018_04,ERI,Sauber,5,ULTRASOFT,SOFTEST,False,40.0,51.0,12.0,False,True,False,True
2018_04_GAS_s1,2018_04,GAS,Toro Rosso,1,ULTRASOFT,SOFTEST,True,2.0,12.0,11.0,True,False,True,True
2018_04_GAS_s2,2018_04,GAS,Toro Rosso,2,SOFT,HARDEST,True,13.0,39.0,27.0,True,False,True,True
2018_04_GAS_s3,2018_04,GAS,Toro Rosso,3,ULTRASOFT,SOFTEST,True,40.0,51.0,12.0,False,True,False,True
2018_04_GAS_s<NA>,2018_04,GAS,Toro Rosso,,UNKNOWN,UNKNOWN,True,1.0,1.0,,False,False,False,True
2018_04_GRO_s1,2018_04,GRO,Haas F1 Team,1,SOFT,HARDEST,True,2.0,2.0,1.0,True,False,True,True
2018_04_GRO_s2,2018_04,GRO,Haas F1 Team,2,SUPERSOFT,MIDDLE,True,3.0,40.0,38.0,True,False,True,True
2018_04_GRO_s3,2018_04,GRO,Haas F1 Team,3,ULTRASOFT,SOFTEST,True,41.0,43.0,3.0,False,False,False,True
2018_04_GRO_s<NA>,2018_04,GRO,Haas F1 Team,,UNKNOWN,UNKNOWN,True,1.0,1.0,,False,False,False,True
2018_04_HAM_s1,2018_04,HAM,Mercedes,1,SUPERSOFT,MIDDLE,False,2.0,22.0,21.0,True,False,True,True
2018_04_HAM_s2,2018_04,HAM,Mercedes,2,SOFT,HARDEST,True,23.0,40.0,18.0,True,False,True,True
2018_04_HAM_s3,2018_04,HAM,Mercedes,3,ULTRASOFT,SOFTEST,True,41.0,51.0,11.0,False,True,False,True
2018_04_HAM_s<NA>,2018_04,HAM,Mercedes,,UNKNOWN,UNKNOWN,True,1.0,1.0,,False,False,False,True
2018_04_HAR_s1,2018_04,HAR,Toro Rosso,1,SOFT,HARDEST,True,1.0,1.0,1.0,True,False,True,True
2018_04_HAR_s2,2018_04,HAR,Toro Rosso,2,ULTRASOFT,SOFTEST,True,2.0,22.0,21.0,True,False,True,True
2018_04_HAR_s3,2018_04,HAR,Toro Rosso,3,SUPERSOFT,MIDDLE,True,23.0,39.0,17.0,True,False,True,True
2018_04_HAR_s4,2018_04,HAR,Toro Rosso,4,ULTRASOFT,SOFTEST,True,40.0,51.0,12.0,False,True,False,True
2018_04_HUL_s1,2018_04,HUL,Renault,1,ULTRASOFT,SOFTEST,False,2.0,11.0,10.0,False,False,False,True
2018_04_HUL_s<NA>,2018_04,HUL,Renault,,UNKNOWN,UNKNOWN,True,1.0,1.0,,False,False,False,True
2018_04_LEC_s1,2018_04,LEC,Sauber,1,SUPERSOFT,MIDDLE,True,2.0,24.0,23.0,True,False,True,True
2018_04_LEC_s2,2018_04,LEC,Sauber,2,SOFT,HARDEST,True,25.0,40.0,16.0,True,False,True,True
2018_04_LEC_s3,2018_04,LEC,Sauber,3,ULTRASOFT,SOFTEST,True,41.0,51.0,11.0,False,True,False,True
2018_04_LEC_s<NA>,2018_04,LEC,Sauber,,UNKNOWN,UNKNOWN,True,1.0,1.0,,False,False,False,True
2018_04_MAG_s1,2018_04,MAG,Haas F1 Team,1,SUPERSOFT,MIDDLE,True,1.0,1.0,1.0,True,False,True,True
2018_04_MAG_s2,2018_04,MAG,Haas F1 Team,2,SOFT,HARDEST,True,2.0,39.0,38.0,True,False,True,True
2018_04_MAG_s3,2018_04,MAG,Haas F1 Team,3,ULTRASOFT,SOFTEST,True,40.0,51.0,12.0,False,True,False,True
2018_04_OCO_s1,2018_04,OCO,Force India,1,ULTRASOFT,SOFTEST,False,1.0,1.0,1.0,False,False,False,True
2018_04_PER_s1,2018_04,PER,Force India,1,ULTRASOFT,SOFTEST,False,2.0,2.0,1.0,True,False,True,True
2018_04_PER_s2,2018_04,PER,Force India,2,SOFT,HARDEST,True,3.0,40.0,38.0,True,False,True,True
2018_04_PER_s3,2018_04,PER,Force India,3,SUPERSOFT,MIDDLE,True,41.0,51.0,11.0,False,True,False,True
2018_04_PER_s<NA>,2018_04,PER,Force India,,UNKNOWN,UNKNOWN,True,1.0,1.0,,False,False,False,True
2018_04_RAI_s1,2018_04,RAI,Ferrari,1,ULTRASOFT,SOFTEST,False,1.0,1.0,1.0,True,False,True,True
2018_04_RAI_s2,2018_04,RAI,Ferrari,2,SOFT,HARDEST,True,2.0,40.0,39.0,True,False,True,True
2018_04_RAI_s3,2018_04,RAI,Ferrari,3,ULTRASOFT,SOFTEST,False,41.0,51.0,,False,True,False,True
2018_04_RIC_s1,2018_04,RIC,Red Bull Racing,1,SUPERSOFT,MIDDLE,False,2.0,37.0,36.0,True,False,True,True
2018_04_RIC_s2,2018_04,RIC,Red Bull Racing,2,ULTRASOFT,SOFTEST,True,38.0,40.0,3.0,False,False,False,True
2018_04_RIC_s<NA>,2018_04,RIC,Red Bull Racing,,UNKNOWN,UNKNOWN,True,1.0,1.0,,False,False,False,True
2018_04_SAI_s1,2018_04,SAI,Renault,1,ULTRASOFT,SOFTEST,False,2.0,15.0,14.0,True,False,True,True
2018_04_SAI_s2,2018_04,SAI,Renault,2,SOFT,HARDEST,True,16.0,40.0,25.0,True,False,True,True
2018_04_SAI_s3,2018_04,SAI,Renault,3,ULTRASOFT,SOFTEST,False,41.0,51.0,11.0,False,True,False,True
2018_04_SAI_s<NA>,2018_04,SAI,Renault,,UNKNOWN,UNKNOWN,True,1.0,1.0,,False,False,False,True
2018_04_SIR_s1,2018_04,SIR,Williams,1,SUPERSOFT,MIDDLE,True,1.0,1.0,1.0,False,False,False,True
2018_04_STR_s1,2018_04,STR,Williams,1,SUPERSOFT,MIDDLE,True,2.0,23.0,22.0,True,False,True,True
2018_04_STR_s2,2018_04,STR,Williams,2,SOFT,HARDEST,True,24.0,40.0,17.0,True,False,True,True
2018_04_STR_s3,2018_04,STR,Williams,3,ULTRASOFT,SOFTEST,True,41.0,51.0,11.0,False,True,False,True
2018_04_STR_s<NA>,2018_04,STR,Williams,,UNKNOWN,UNKNOWN,True,1.0,1.0,,False,False,False,True
2018_04_VAN_s1,2018_04,VAN,McLaren,1,SUPERSOFT,MIDDLE,True,2.0,17.0,16.0,True,False,True,True
2018_04_VAN_s2,2018_04,VAN,McLaren,2,SOFT,HARDEST,True,18.0,25.0,8.0,True,False,True,True
2018_04_VAN_s3,2018_04,VAN,McLaren,3,ULTRASOFT,SOFTEST,True,26.0,39.0,14.0,True,False,True,True
2018_04_VAN_s4,2018_04,VAN,McLaren,4,ULTRASOFT,SOFTEST,True,40.0,46.0,7.0,True,False,True,True
2018_04_VAN_s5,2018_04,VAN,McLaren,5,ULTRASOFT,SOFTEST,False,47.0,51.0,5.0,False,True,False,True
2018_04_VAN_s<NA>,2018_04,VAN,McLaren,,UNKNOWN,UNKNOWN,True,1.0,1.0,,False,False,False,True
2018_04_VER_s1,2018_04,VER,Red Bull Racing,1,SUPERSOFT,MIDDLE,False,2.0,38.0,37.0,True,False,True,True
2018_04_VER_s2,2018_04,VER,Red Bull Racing,2,ULTRASOFT,SOFTEST,True,39.0,40.0,2.0,False,False,False,True
2018_04_VER_s<NA>,2018_04,VER,Red Bull Racing,,UNKNOWN,UNKNOWN,True,1.0,1.0,,False,False,False,True
2018_04_VET_s1,2018_04,VET,Ferrari,1,SUPERSOFT,MIDDLE,False,3.0,30.0,28.0,True,False,True,True
2018_04_VET_s2,2018_04,VET,Ferrari,2,SOFT,HARDEST,True,31.0,40.0,10.0,True,False,True,True
2018_04_VET_s3,2018_04,VET,Ferrari,3,ULTRASOFT,SOFTEST,True,41.0,51.0,11.0,False,True,False,True
2018_04_VET_s<NA>,2018_04,VET,Ferrari,,UNKNOWN,UNKNOWN,True,1.0,2.0,,False,False,False,True
2018_05_ALO_s1,2018_05,ALO,McLaren,1,SUPERSOFT,SOFTEST,False,2.0,21.0,20.0,True,False,True,True
2018_05_ALO_s2,2018_05,ALO,McLaren,2,MEDIUM,HARDEST,True,22.0,65.0,44.0,False,True,False,True
2018_05_ALO_s<NA>,2018_05,ALO,McLaren,,UNKNOWN,UNKNOWN,True,1.0,1.0,,False,False,False,True
2018_05_BOT_s1,2018_05,BOT,Mercedes,1,SOFT,MIDDLE,False,2.0,19.0,18.0,True,False,True,True
2018_05_BOT_s2,2018_05,BOT,Mercedes,2,MEDIUM,HARDEST,True,20.0,66.0,47.0,False,True,False,True
2018_05_BOT_s<NA>,2018_05,BOT,Mercedes,,UNKNOWN,UNKNOWN,True,1.0,1.0,,False,False,False,True
2018_05_ERI_s1,2018_05,ERI,Sauber,1,MEDIUM,HARDEST,True,2.0,35.0,34.0,True,False,True,True
2018_05_ERI_s2,2018_05,ERI,Sauber,2,SOFT,MIDDLE,True,36.0,64.0,29.0,False,False,False,True
2018_05_ERI_s<NA>,2018_05,ERI,Sauber,,UNKNOWN,UNKNOWN,True,1.0,1.0,,False,False,False,True
2018_05_GAS_s1,2018_05,GAS,Toro Rosso,1,SOFT,MIDDLE,True,1.0,1.0,1.0,False,False,False,True
2018_05_GRO_s1,2018_05,GRO,Haas F1 Team,1,SOFT,MIDDLE,False,1.0,1.0,1.0,False,False,False,True
2018_05_HAM_s1,2018_05,HAM,Mercedes,1,SOFT,MIDDLE,False,3.0,25.0,23.0,True,False,True,True
2018_05_HAM_s2,2018_05,HAM,Mercedes,2,MEDIUM,HARDEST,True,26.0,66.0,41.0,False,True,False,True
2018_05_HAM_s<NA>,2018_05,HAM,Mercedes,,UNKNOWN,UNKNOWN,True,1.0,2.0,,False,False,False,True
2018_05_HAR_s1,2018_05,HAR,Toro Rosso,1,MEDIUM,HARDEST,True,2.0,33.0,32.0,True,False,True,True
2018_05_HAR_s2,2018_05,HAR,Toro Rosso,2,MEDIUM,HARDEST,True,34.0,64.0,31.0,False,False,False,True
2018_05_HAR_s<NA>,2018_05,HAR,Toro Rosso,,UNKNOWN,UNKNOWN,True,1.0,1.0,,True,False,True,True
2018_05_HUL_s1,2018_05,HUL,Renault,1,SOFT,MIDDLE,True,1.0,1.0,1.0,False,False,False,True
2018_05_LEC_s1,2018_05,LEC,Sauber,1,SOFT,MIDDLE,True,2.0,20.0,19.0,True,False,True,True
2018_05_LEC_s2,2018_05,LEC,Sauber,2,MEDIUM,HARDEST,True,21.0,64.0,44.0,False,False,False,True
2018_05_LEC_s<NA>,2018_05,LEC,Sauber,,UNKNOWN,UNKNOWN,True,1.0,1.0,,False,False,False,True
2018_05_MAG_s1,2018_05,MAG,Haas F1 Team,1,SOFT,MIDDLE,False,2.0,32.0,31.0,True,False,True,True
2018_05_MAG_s2,2018_05,MAG,Haas F1 Team,2,MEDIUM,HARDEST,True,33.0,65.0,33.0,False,True,False,True
2018_05_MAG_s<NA>,2018_05,MAG,Haas F1 Team,,UNKNOWN,UNKNOWN,True,1.0,1.0,,False,False,False,True
2018_05_OCO_s1,2018_05,OCO,Force India,1,SOFT,MIDDLE,True,2.0,29.0,28.0,True,False,True,True
2018_05_OCO_s2,2018_05,OCO,Force India,2,MEDIUM,HARDEST,True,30.0,39.0,10.0,False,False,False,True
2018_05_OCO_s<NA>,2018_05,OCO,Force India,,UNKNOWN,UNKNOWN,True,1.0,1.0,,False,False,False,True
2018_05_PER_s1,2018_05,PER,Force India,1,SOFT,MIDDLE,True,2.0,26.0,25.0,True,False,True,True
2018_05_PER_s2,2018_05,PER,Force India,2,MEDIUM,HARDEST,True,27.0,40.0,14.0,True,False,True,True
2018_05_PER_s3,2018_05,PER,Force India,3,SOFT,MIDDLE,False,41.0,64.0,24.0,False,False,False,True
2018_05_PER_s<NA>,2018_05,PER,Force India,,UNKNOWN,UNKNOWN,True,1.0,1.0,,False,False,False,True
2018_05_RAI_s1,2018_05,RAI,Ferrari,1,SOFT,MIDDLE,False,2.0,25.0,24.0,True,False,True,True
2018_05_RAI_s<NA>,2018_05,RAI,Ferrari,,UNKNOWN,UNKNOWN,True,1.0,1.0,,False,False,False,True
2018_05_RIC_s1,2018_05,RIC,Red Bull Racing,1,SOFT,MIDDLE,False,2.0,33.0,32.0,True,False,True,True
2018_05_RIC_s2,2018_05,RIC,Red Bull Racing,2,MEDIUM,HARDEST,True,34.0,66.0,33.0,False,True,False,True
2018_05_RIC_s<NA>,2018_05,RIC,Red Bull Racing,,UNKNOWN,UNKNOWN,True,1.0,1.0,,False,False,False,True
2018_05_SAI_s1,2018_05,SAI,Renault,1,SOFT,MIDDLE,False,2.0,25.0,24.0,True,False,True,True
2018_05_SAI_s2,2018_05,SAI,Renault,2,MEDIUM,HARDEST,True,26.0,65.0,40.0,False,True,False,True
2018_05_SAI_s<NA>,2018_05,SAI,Renault,,UNKNOWN,UNKNOWN,True,1.0,1.0,,False,False,False,True
2018_05_SIR_s1,2018_05,SIR,Williams,1,MEDIUM,HARDEST,True,2.0,24.0,23.0,True,False,True,True
2018_05_SIR_s2,2018_05,SIR,Williams,2,MEDIUM,HARDEST,False,25.0,41.0,17.0,True,False,True,True
2018_05_SIR_s3,2018_05,SIR,Williams,3,SUPERSOFT,SOFTEST,True,42.0,63.0,22.0,False,False,False,False
2018_05_SIR_s<NA>,2018_05,SIR,Williams,,UNKNOWN,UNKNOWN,True,1.0,1.0,,True,False,True,True
2018_05_STR_s1,2018_05,STR,Williams,1,SOFT,MIDDLE,True,2.0,20.0,19.0,True,False,True,True
2018_05_STR_s2,2018_05,STR,Williams,2,MEDIUM,HARDEST,True,21.0,64.0,44.0,False,False,False,True
2018_05_STR_s<NA>,2018_05,STR,Williams,,UNKNOWN,UNKNOWN,True,1.0,1.0,,False,False,False,True
2018_05_VAN_s1,2018_05,VAN,McLaren,1,SOFT,MIDDLE,False,2.0,34.0,33.0,True,False,True,True
2018_05_VAN_s2,2018_05,VAN,McLaren,2,MEDIUM,HARDEST,True,35.0,46.0,12.0,True,False,True,True
2018_05_VAN_s<NA>,2018_05,VAN,McLaren,,UNKNOWN,UNKNOWN,True,1.0,1.0,,False,False,False,True
2018_05_VER_s1,2018_05,VER,Red Bull Racing,1,SOFT,MIDDLE,False,2.0,34.0,33.0,True,False,True,True
2018_05_VER_s2,2018_05,VER,Red Bull Racing,2,MEDIUM,HARDEST,True,35.0,66.0,32.0,False,True,False,True
2018_05_VER_s<NA>,2018_05,VER,Red Bull Racing,,UNKNOWN,UNKNOWN,True,1.0,1.0,,False,False,False,True
2018_05_VET_s1,2018_05,VET,Ferrari,1,SOFT,MIDDLE,False,2.0,17.0,16.0,True,False,True,True
2018_05_VET_s2,2018_05,VET,Ferrari,2,MEDIUM,HARDEST,True,18.0,41.0,24.0,True,False,True,True
2018_05_VET_s3,2018_05,VET,Ferrari,3,MEDIUM,HARDEST,True,42.0,66.0,25.0,False,True,False,True
2018_05_VET_s<NA>,2018_05,VET,Ferrari,,UNKNOWN,UNKNOWN,True,1.0,1.0,,False,False,False,True
2018_06_ALO_s1,2018_06,ALO,McLaren,1,HYPERSOFT,SOFTEST,False,2.0,19.0,18.0,True,False,True,True
2018_06_ALO_s2,2018_06,ALO,McLaren,2,SUPERSOFT,HARDEST,True,20.0,53.0,34.0,False,False,False,True
2018_06_ALO_s<NA>,2018_06,ALO,McLaren,,UNKNOWN,UNKNOWN,True,1.0,1.0,,False,False,False,True
2018_06_BOT_s1,2018_06,BOT,Mercedes,1,HYPERSOFT,SOFTEST,False,2.0,17.0,16.0,True,False,True,True
2018_06_BOT_s2,2018_06,BOT,Mercedes,2,SUPERSOFT,HARDEST,True,18.0,78.0,61.0,False,True,False,True
2018_06_BOT_s<NA>,2018_06,BOT,Mercedes,,UNKNOWN,UNKNOWN,True,1.0,1.0,,False,False,False,True
2018_06_ERI_s1,2018_06,ERI,Sauber,1,ULTRASOFT,MIDDLE,True,2.0,17.0,16.0,True,False,True,True
2018_06_ERI_s2,2018_06,ERI,Sauber,2,SUPERSOFT,HARDEST,True,18.0,78.0,61.0,False,True,False,True
2018_06_ERI_s<NA>,2018_06,ERI,Sauber,,UNKNOWN,UNKNOWN,True,1.0,1.0,,False,False,False,True
2018_06_GAS_s1,2018_06,GAS,Toro Rosso,1,HYPERSOFT,SOFTEST,False,2.0,37.0,36.0,True,False,True,True
2018_06_GAS_s2,2018_06,GAS,Toro Rosso,2,SUPERSOFT,HARDEST,True,38.0,78.0,41.0,False,True,False,True
2018_06_GAS_s<NA>,2018_06,GAS,Toro Rosso,,UNKNOWN,UNKNOWN,True,1.0,1.0,,False,False,False,True
2018_06_GRO_s1,2018_06,GRO,Haas F1 Team,1,ULTRASOFT,MIDDLE,True,2.0,15.0,14.0,True,False,True,True
2018_06_GRO_s2,2018_06,GRO,Haas F1 Team,2,SUPERSOFT,HARDEST,False,16.0,68.0,53.0,True,False,True,True
2018_06_GRO_s3,2018_06,GRO,Haas F1 Team,3,HYPERSOFT,SOFTEST,True,69.0,77.0,9.0,False,True,False,True
2018_06_GRO_s<NA>,2018_06,GRO,Haas F1 Team,,UNKNOWN,UNKNOWN,True,1.0,1.0,,False,False,False,True
2018_06_HAM_s1,2018_06,HAM,Mercedes,1,HYPERSOFT,SOFTEST,False,2.0,12.0,11.0,True,False,True,True
2018_06_HAM_s2,2018_06,HAM,Mercedes,2,ULTRASOFT,MIDDLE,False,13.0,78.0,66.0,False,True,False,True
2018_06_HAM_s<NA>,2018_06,HAM,Mercedes,,UNKNOWN,UNKNOWN,True,1.0,1.0,,False,False,False,True
2018_06_HAR_s1,2018_06,HAR,Toro Rosso,1,HYPERSOFT,SOFTEST,True,2.0,13.0,12.0,True,False,True,True
2018_06_HAR_s2,2018_06,HAR,Toro Rosso,2,ULTRASOFT,MIDDLE,True,14.0,71.0,58.0,True,False,True,True
2018_06_HAR_s<NA>,2018_06,HAR,Toro Rosso,,UNKNOWN,UNKNOWN,True,1.0,1.0,,False,False,False,True
2018_06_HUL_s1,2018_06,HUL,Renault,1,ULTRASOFT,MIDDLE,True,2.0,50.0,49.0,True,False,True,True
2018_06_HUL_s2,2018_06,HUL,Renault,2,HYPERSOFT,SOFTEST,False,51.0,78.0,28.0,False,True,False,True
2018_06_HUL_s<NA>,2018_06,HUL,Renault,,UNKNOWN,UNKNOWN,True,1.0,1.0,,False,False,False,True
2018_06_LEC_s1,2018_06,LEC,Sauber,1,ULTRASOFT,MIDDLE,True,2.0,14.0,13.0,True,False,True,True
2018_06_LEC_s2,2018_06,LEC,Sauber,2,SUPERSOFT,HARDEST,True,15.0,71.0,57.0,False,False,False,True
2018_06_LEC_s<NA>,2018_06,LEC,Sauber,,UNKNOWN,UNKNOWN,True,1.0,1.0,,False,False,False,True
2018_06_MAG_s1,2018_06,MAG,Haas F1 Team,1,ULTRASOFT,MIDDLE,True,2.0,17.0,16.0,True,False,True,True
2018_06_MAG_s2,2018_06,MAG,Haas F1 Team,2,SUPERSOFT,HARDEST,False,18.0,78.0,61.0,False,True,False,True
2018_06_MAG_s<NA>,2018_06,MAG,Haas F1 Team,,UNKNOWN,UNKNOWN,True,1.0,1.0,,False,False,False,True
2018_06_OCO_s1,2018_06,OCO,Force India,1,HYPERSOFT,SOFTEST,False,2.0,23.0,22.0,True,False,True,True
2018_06_OCO_s2,2018_06,OCO,Force India,2,SUPERSOFT,HARDEST,True,24.0,78.0,55.0,False,True,False,True
2018_06_OCO_s<NA>,2018_06,OCO,Force India,,UNKNOWN,UNKNOWN,True,1.0,1.0,,False,False,False,True
2018_06_PER_s1,2018_06,PER,Force India,1,HYPERSOFT,SOFTEST,False,2.0,21.0,20.0,True,False,True,True
2018_06_PER_s2,2018_06,PER,Force India,2,SUPERSOFT,HARDEST,True,22.0,78.0,57.0,False,True,False,True
2018_06_PER_s<NA>,2018_06,PER,Force India,,UNKNOWN,UNKNOWN,True,1.0,1.0,,False,False,False,True
2018_06_RAI_s1,2018_06,RAI,Ferrari,1,HYPERSOFT,SOFTEST,False,2.0,17.0,16.0,True,False,True,True
2018_06_RAI_s2,2018_06,RAI,Ferrari,2,ULTRASOFT,MIDDLE,True,18.0,78.0,61.0,False,True,False,True
2018_06_RAI_s<NA>,2018_06,RAI,Ferrari,,UNKNOWN,UNKNOWN,True,1.0,1.0,,False,False,False,True
2018_06_RIC_s1,2018_06,RIC,Red Bull Racing,1,HYPERSOFT,SOFTEST,False,3.0,17.0,15.0,True,False,True,True
2018_06_RIC_s2,2018_06,RIC,Red Bull Racing,2,ULTRASOFT,MIDDLE,True,18.0,78.0,61.0,False,True,False,True
2018_06_RIC_s<NA>,2018_06,RIC,Red Bull Racing,,UNKNOWN,UNKNOWN,True,1.0,2.0,,False,False,False,True
2018_06_SAI_s1,2018_06,SAI,Renault,1,HYPERSOFT,SOFTEST,False,2.0,16.0,15.0,True,False,True,True
2018_06_SAI_s2,2018_06,SAI,Renault,2,ULTRASOFT,MIDDLE,True,17.0,78.0,62.0,False,True,False,True
2018_06_SAI_s<NA>,2018_06,SAI,Renault,,UNKNOWN,UNKNOWN,True,1.0,1.0,,False,False,False,True
2018_06_SIR_s1,2018_06,SIR,Williams,1,HYPERSOFT,SOFTEST,True,2.0,7.0,6.0,True,False,True,True
2018_06_SIR_s2,2018_06,SIR,Williams,2,HYPERSOFT,SOFTEST,False,8.0,19.0,12.0,True,False,True,True
2018_06_SIR_s3,2018_06,SIR,Williams,3,ULTRASOFT,MIDDLE,True,20.0,49.0,30.0,True,False,True,False
2018_06_SIR_s4,2018_06,SIR,Williams,4,SUPERSOFT,HARDEST,False,50.0,77.0,28.0,False,True,False,True
2018_06_SIR_s<NA>,2018_06,SIR,Williams,,UNKNOWN,UNKNOWN,True,1.0,1.0,,False,False,False,True
2018_06_STR_s1,2018_06,STR,Williams,1,ULTRASOFT,MIDDLE,True,2.0,9.0,8.0,True,False,True,True
2018_06_STR_s2,2018_06,STR,Williams,2,SUPERSOFT,HARDEST,False,10.0,34.0,25.0,True,False,True,True
2018_06_STR_s3,2018_06,STR,Williams,3,HYPERSOFT,SOFTEST,True,35.0,59.0,25.0,True,False,True,True
2018_06_STR_s4,2018_06,STR,Williams,4,HYPERSOFT,SOFTEST,True,60.0,76.0,17.0,False,False,False,True
2018_06_STR_s<NA>,2018_06,STR,Williams,,UNKNOWN,UNKNOWN,True,1.0,1.0,,False,False,False,True
2018_06_VAN_s1,2018_06,VAN,McLaren,1,ULTRASOFT,MIDDLE,True,2.0,20.0,19.0,True,False,True,True
2018_06_VAN_s2,2018_06,VAN,McLaren,2,SUPERSOFT,HARDEST,True,21.0,72.0,52.0,True,False,True,True
2018_06_VAN_s3,2018_06,VAN,McLaren,3,HYPERSOFT,SOFTEST,True,73.0,77.0,5.0,False,True,False,True
2018_06_VAN_s<NA>,2018_06,VAN,McLaren,,UNKNOWN,UNKNOWN,True,1.0,1.0,,False,False,False,True
2018_06_VER_s1,2018_06,VER,Red Bull Racing,1,ULTRASOFT,MIDDLE,True,2.0,47.0,46.0,True,False,True,True
2018_06_VER_s2,2018_06,VER,Red Bull Racing,2,HYPERSOFT,SOFTEST,True,48.0,78.0,31.0,False,True,False,True
2018_06_VER_s<NA>,2018_06,VER,Red Bull Racing,,UNKNOWN,UNKNOWN,True,1.0,1.0,,False,False,False,True
2018_06_VET_s1,2018_06,VET,Ferrari,1,HYPERSOFT,SOFTEST,False,2.0,16.0,15.0,True,False,True,True
2018_06_VET_s2,2018_06,VET,Ferrari,2,ULTRASOFT,MIDDLE,True,17.0,78.0,62.0,False,True,False,True
2018_06_VET_s<NA>,2018_06,VET,Ferrari,,UNKNOWN,UNKNOWN,True,1.0,1.0,,False,False,False,True
2018_07_ALO_s1,2018_07,ALO,McLaren,1,ULTRASOFT,MIDDLE,True,2.0,18.0,17.0,True,False,True,True
2018_07_ALO_s2,2018_07,ALO,McLaren,2,SUPERSOFT,HARDEST,True,19.0,41.0,23.0,True,False,True,False
2018_07_ALO_s<NA>,2018_07,ALO,McLaren,,UNKNOWN,UNKNOWN,True,1.0,1.0,,False,False,False,True
2018_07_BOT_s1,2018_07,BOT,Mercedes,1,ULTRASOFT,MIDDLE,False,2.0,36.0,35.0,True,False,True,True
2018_07_BOT_s2,2018_07,BOT,Mercedes,2,SUPERSOFT,HARDEST,True,37.0,70.0,34.0,False,True,False,False
2018_07_BOT_s<NA>,2018_07,BOT,Mercedes,,UNKNOWN,UNKNOWN,True,1.0,1.0,,False,False,False,True
2018_07_ERI_s1,2018_07,ERI,Sauber,1,ULTRASOFT,MIDDLE,True,1.0,1.0,1.0,True,False,True,True
2018_07_ERI_s2,2018_07,ERI,Sauber,2,SUPERSOFT,HARDEST,True,2.0,68.0,67.0,False,False,False,True
2018_07_GAS_s1,2018_07,GAS,Toro Rosso,1,HYPERSOFT,SOFTEST,True,2.0,23.0,22.0,True,False,True,True
2018_07_GAS_s2,2018_07,GAS,Toro Rosso,2,SUPERSOFT,HARDEST,True,24.0,69.0,46.0,False,True,False,False
2018_07_GAS_s<NA>,2018_07,GAS,Toro Rosso,,UNKNOWN,UNKNOWN,True,1.0,1.0,,False,False,False,True
2018_07_GRO_s1,2018_07,GRO,Haas F1 Team,1,ULTRASOFT,MIDDLE,True,2.0,48.0,47.0,True,False,True,True
2018_07_GRO_s2,2018_07,GRO,Haas F1 Team,2,SUPERSOFT,HARDEST,True,49.0,69.0,21.0,False,True,False,False
2018_07_GRO_s<NA>,2018_07,GRO,Haas F1 Team,,UNKNOWN,UNKNOWN,True,1.0,1.0,,False,False,False,True
2018_07_HAM_s1,2018_07,HAM,Mercedes,1,ULTRASOFT,MIDDLE,False,2.0,16.0,15.0,True,False,True,True
2018_07_HAM_s2,2018_07,HAM,Mercedes,2,SUPERSOFT,HARDEST,True,17.0,70.0,54.0,False,True,False,False
2018_07_HAM_s<NA>,2018_07,HAM,Mercedes,,UNKNOWN,UNKNOWN,True,1.0,1.0,,False,False,False,True
2018_07_HAR_s1,2018_07,HAR,Toro Rosso,1,HYPERSOFT,SOFTEST,True,1.0,1.0,1.0,False,False,False,True
2018_07_HUL_s1,2018_07,HUL,Renault,1,HYPERSOFT,SOFTEST,False,2.0,13.0,12.0,True,False,True,True
2018_07_HUL_s2,2018_07,HUL,Renault,2,SUPERSOFT,HARDEST,True,14.0,69.0,56.0,False,True,False,False
2018_07_HUL_s<NA>,2018_07,HUL,Renault,,UNKNOWN,UNKNOWN,True,1.0,1.0,,False,False,False,True
2018_07_LEC_s1,2018_07,LEC,Sauber,1,ULTRASOFT,MIDDLE,True,2.0,19.0,18.0,True,False,True,True
2018_07_LEC_s2,2018_07,LEC,Sauber,2,SUPERSOFT,HARDEST,True,20.0,69.0,50.0,False,True,False,False
2018_07_LEC_s<NA>,2018_07,LEC,Sauber,,UNKNOWN,UNKNOWN,True,1.0,1.0,,False,False,False,True
2018_07_MAG_s1,2018_07,MAG,Haas F1 Team,1,ULTRASOFT,MIDDLE,True,2.0,22.0,21.0,True,False,True,True
2018_07_MAG_s2,2018_07,MAG,Haas F1 Team,2,SUPERSOFT,HARDEST,True,23.0,69.0,47.0,False,True,False,False
2018_07_MAG_s<NA>,2018_07,MAG,Haas F1 Team,,UNKNOWN,UNKNOWN,True,1.0,1.0,,False,False,False,True
2018_07_OCO_s1,2018_07,OCO,Force India,1,HYPERSOFT,SOFTEST,False,2.0,11.0,10.0,True,False,True,True
2018_07_OCO_s2,2018_07,OCO,Force India,2,SUPERSOFT,HARDEST,True,12.0,69.0,58.0,False,True,False,False
2018_07_OCO_s<NA>,2018_07,OCO,Force India,,UNKNOWN,UNKNOWN,True,1.0,1.0,,False,False,False,True
2018_07_PER_s1,2018_07,PER,Force India,1,HYPERSOFT,SOFTEST,False,2.0,9.0,8.0,True,False,True,True
2018_07_PER_s2,2018_07,PER,Force India,2,SUPERSOFT,HARDEST,True,10.0,44.0,35.0,True,False,True,False
2018_07_PER_s3,2018_07,PER,Force India,3,SUPERSOFT,HARDEST,True,45.0,69.0,25.0,False,True,False,False
2018_07_PER_s<NA>,2018_07,PER,Force India,,UNKNOWN,UNKNOWN,True,1.0,1.0,,False,False,False,True
2018_07_RAI_s1,2018_07,RAI,Ferrari,1,ULTRASOFT,MIDDLE,False,2.0,32.0,31.0,True,False,True,True
2018_07_RAI_s2,2018_07,RAI,Ferrari,2,SUPERSOFT,HARDEST,True,33.0,70.0,38.0,False,True,False,False
2018_07_RAI_s<NA>,2018_07,RAI,Ferrari,,UNKNOWN,UNKNOWN,True,1.0,1.0,,False,False,False,True
2018_07_RIC_s1,2018_07,RIC,Red Bull Racing,1,HYPERSOFT,SOFTEST,False,2.0,17.0,16.0,True,False,True,True
2018_07_RIC_s2,2018_07,RIC,Red Bull Racing,2,SUPERSOFT,HARDEST,True,18.0,70.0,53.0,False,True,False,False
2018_07_RIC_s<NA>,2018_07,RIC,Red Bull Racing,,UNKNOWN,UNKNOWN,True,1.0,1.0,,False,False,False,True
2018_07_SAI_s1,2018_07,SAI,Renault,1,HYPERSOFT,SOFTEST,False,2.0,14.0,13.0,True,False,True,True
2018_07_SAI_s2,2018_07,SAI,Renault,2,SUPERSOFT,HARDEST,True,15.0,69.0,55.0,False,True,False,False
2018_07_SAI_s<NA>,2018_07,SAI,Renault,,UNKNOWN,UNKNOWN,True,1.0,1.0,,False,False,False,True
2018_07_SIR_s1,2018_07,SIR,Williams,1,SUPERSOFT,HARDEST,True,2.0,26.0,25.0,True,False,True,True
2018_07_SIR_s2,2018_07,SIR,Williams,2,ULTRASOFT,MIDDLE,True,27.0,68.0,42.0,False,False,False,False
2018_07_SIR_s<NA>,2018_07,SIR,Williams,,UNKNOWN,UNKNOWN,True,1.0,1.0,,False,False,False,True
2018_07_STR_s1,2018_07,STR,Williams,1,ULTRASOFT,MIDDLE,True,1.0,1.0,1.0,False,False,False,True
2018_07_VAN_s1,2018_07,VAN,McLaren,1,ULTRASOFT,MIDDLE,True,1.0,1.0,1.0,True,False,True,True
2018_07_VAN_s2,2018_07,VAN,McLaren,2,SUPERSOFT,HARDEST,True,2.0,48.0,47.0,True,False,True,True
2018_07_VAN_s3,2018_07,VAN,McLaren,3,HYPERSOFT,SOFTEST,True,49.0,68.0,20.0,False,False,False,False
2018_07_VER_s1,2018_07,VER,Red Bull Racing,1,HYPERSOFT,SOFTEST,False,2.0,16.0,15.0,True,False,True,True
2018_07_VER_s2,2018_07,VER,Red Bull Racing,2,SUPERSOFT,HARDEST,True,17.0,70.0,54.0,False,True,False,False
2018_07_VER_s<NA>,2018_07,VER,Red Bull Racing,,UNKNOWN,UNKNOWN,True,1.0,1.0,,False,False,False,True
2018_07_VET_s1,2018_07,VET,Ferrari,1,ULTRASOFT,MIDDLE,False,3.0,37.0,35.0,True,False,True,True
2018_07_VET_s2,2018_07,VET,Ferrari,2,SUPERSOFT,HARDEST,True,38.0,70.0,33.0,False,True,False,False
2018_07_VET_s<NA>,2018_07,VET,Ferrari,,UNKNOWN,UNKNOWN,True,1.0,2.0,,False,False,False,True
2018_08_ALO_s1,2018_08,ALO,McLaren,1,SUPERSOFT,MIDDLE,True,1.0,1.0,1.0,True,False,True,True
2018_08_ALO_s2,2018_08,ALO,McLaren,2,SOFT,HARDEST,True,2.0,46.0,45.0,True,False,True,True
2018_08_ALO_s3,2018_08,ALO,McLaren,3,ULTRASOFT,SOFTEST,True,47.0,51.0,5.0,True,False,True,True
2018_08_BOT_s1,2018_08,BOT,Mercedes,1,SUPERSOFT,MIDDLE,False,1.0,1.0,1.0,True,False,True,True
2018_08_BOT_s2,2018_08,BOT,Mercedes,2,SOFT,HARDEST,True,2.0,39.0,38.0,True,False,True,True
2018_08_BOT_s3,2018_08,BOT,Mercedes,3,SUPERSOFT,MIDDLE,True,40.0,53.0,14.0,False,True,False,True
2018_08_ERI_s1,2018_08,ERI,Sauber,1,SUPERSOFT,MIDDLE,True,2.0,35.0,34.0,True,False,True,True
2018_08_ERI_s2,2018_08,ERI,Sauber,2,ULTRASOFT,SOFTEST,True,36.0,52.0,17.0,False,True,False,True
2018_08_ERI_s<NA>,2018_08,ERI,Sauber,,UNKNOWN,UNKNOWN,True,1.0,1.0,,False,False,False,True
2018_08_GAS_s1,2018_08,GAS,Toro Rosso,1,SUPERSOFT,MIDDLE,True,1.0,1.0,1.0,False,False,False,True
2018_08_GRO_s1,2018_08,GRO,Haas F1 Team,1,ULTRASOFT,SOFTEST,False,2.0,34.0,33.0,True,False,True,True
2018_08_GRO_s2,2018_08,GRO,Haas F1 Team,2,SUPERSOFT,MIDDLE,True,35.0,52.0,18.0,False,True,False,True
2018_08_GRO_s<NA>,2018_08,GRO,Haas F1 Team,,UNKNOWN,UNKNOWN,True,1.0,1.0,,False,False,False,True
2018_08_HAM_s1,2018_08,HAM,Mercedes,1,SUPERSOFT,MIDDLE,False,3.0,33.0,31.0,True,False,True,True
2018_08_HAM_s2,2018_08,HAM,Mercedes,2,SOFT,HARDEST,True,34.0,53.0,20.0,False,True,False,True
2018_08_HAM_s<NA>,2018_08,HAM,Mercedes,,UNKNOWN,UNKNOWN,True,1.0,2.0,,False,False,False,True
2018_08_HAR_s1,2018_08,HAR,Toro Rosso,1,ULTRASOFT,SOFTEST,True,2.0,38.0,37.0,True,False,True,True
2018_08_HAR_s2,2018_08,HAR,Toro Rosso,2,SUPERSOFT,MIDDLE,True,39.0,52.0,14.0,False,True,False,True
2018_08_HAR_s<NA>,2018_08,HAR,Toro Rosso,,UNKNOWN,UNKNOWN,True,1.0,1.0,,False,False,False,True
2018_08_HUL_s1,2018_08,HUL,Renault,1,SOFT,HARDEST,True,2.0,37.0,36.0,True,False,True,True
2018_08_HUL_s2,2018_08,HUL,Renault,2,ULTRASOFT,SOFTEST,False,38.0,53.0,16.0,False,True,False,True
2018_08_HUL_s<NA>,2018_08,HUL,Renault,,UNKNOWN,UNKNOWN,True,1.0,1.0,,False,False,False,True
2018_08_LEC_s1,2018_08,LEC,Sauber,1,ULTRASOFT,SOFTEST,False,2.0,31.0,30.0,True,False,True,True
2018_08_LEC_s2,2018_08,LEC,Sauber,2,SUPERSOFT,MIDDLE,True,32.0,53.0,22.0,False,True,False,True
2018_08_LEC_s<NA>,2018_08,LEC,Sauber,,UNKNOWN,UNKNOWN,True,1.0,1.0,,False,False,False,True
2018_08_MAG_s1,2018_08,MAG,Haas F1 Team,1,ULTRASOFT,SOFTEST,False,2.0,28.0,27.0,True,False,True,True
2018_08_MAG_s2,2018_08,MAG,Haas F1 Team,2,SOFT,HARDEST,True,29.0,53.0,25.0,False,True,False,True
2018_08_MAG_s<NA>,2018_08,MAG,Haas F1 Team,,UNKNOWN,UNKNOWN,True,1.0,1.0,,False,False,False,True
2018_08_OCO_s1,2018_08,OCO,Force India,1,ULTRASOFT,SOFTEST,True,1.0,1.0,1.0,False,False,False,True
2018_08_PER_s1,2018_08,PER,Force India,1,SOFT,HARDEST,True,2.0,28.0,27.0,True,False,True,True
2018_08_PER_s<NA>,2018_08,PER,Force India,,UNKNOWN,UNKNOWN,True,1.0,1.0,,False,False,False,True
2018_08_RAI_s1,2018_08,RAI,Ferrari,1,ULTRASOFT,SOFTEST,False,2.0,34.0,33.0,True,False,True,True
2018_08_RAI_s2,2018_08,RAI,Ferrari,2,SUPERSOFT,MIDDLE,True,35.0,53.0,19.0,False,True,False,True
2018_08_RAI_s<NA>,2018_08,RAI,Ferrari,,UNKNOWN,UNKNOWN,True,1.0,1.0,,False,False,False,True
2018_08_RIC_s1,2018_08,RIC,Red Bull Racing,1,SUPERSOFT,MIDDLE,False,2.0,28.0,27.0,True,False,True,True
2018_08_RIC_s2,2018_08,RIC,Red Bull Racing,2,SOFT,HARDEST,True,29.0,53.0,25.0,False,True,False,True
2018_08_RIC_s<NA>,2018_08,RIC,Red Bull Racing,,UNKNOWN,UNKNOWN,True,1.0,1.0,,False,False,False,True
2018_08_SAI_s1,2018_08,SAI,Renault,1,ULTRASOFT,SOFTEST,False,2.0,26.0,25.0,True,False,True,True
2018_08_SAI_s2,2018_08,SAI,Renault,2,SOFT,HARDEST,True,27.0,53.0,27.0,False,True,False,True
2018_08_SAI_s<NA>,2018_08,SAI,Renault,,UNKNOWN,UNKNOWN,True,1.0,1.0,,False,False,False,True
2018_08_SIR_s1,2018_08,SIR,Williams,1,ULTRASOFT,SOFTEST,True,1.0,1.0,1.0,True,False,True,True
2018_08_SIR_s2,2018_08,SIR,Williams,2,ULTRASOFT,SOFTEST,True,2.0,52.0,51.0,False,True,False,True
2018_08_STR_s1,2018_08,STR,Williams,1,ULTRASOFT,SOFTEST,True,1.0,1.0,1.0,True,False,True,True
2018_08_STR_s2,2018_08,STR,Williams,2,SOFT,HARDEST,True,2.0,49.0,48.0,False,False,False,True
2018_08_VAN_s1,2018_08,VAN,McLaren,1,SUPERSOFT,MIDDLE,True,2.0,40.0,39.0,True,False,True,True
2018_08_VAN_s2,2018_08,VAN,McLaren,2,ULTRASOFT,SOFTEST,True,41.0,52.0,12.0,False,True,False,True
2018_08_VAN_s<NA>,2018_08,VAN,McLaren,,UNKNOWN,UNKNOWN,True,1.0,1.0,,False,False,False,True
2018_08_VER_s1,2018_08,VER,Red Bull Racing,1,SUPERSOFT,MIDDLE,False,2.0,25.0,24.0,True,False,True,True
2018_08_VER_s2,2018_08,VER,Red Bull Racing,2,SOFT,HARDEST,True,26.0,53.0,28.0,False,True,False,True
2018_08_VER_s<NA>,2018_08,VER,Red Bull Racing,,UNKNOWN,UNKNOWN,True,1.0,1.0,,False,False,False,True
2018_08_VET_s1,2018_08,VET,Ferrari,1,ULTRASOFT,SOFTEST,False,1.0,1.0,1.0,True,False,True,True
2018_08_VET_s2,2018_08,VET,Ferrari,2,SOFT,HARDEST,True,2.0,40.0,39.0,True,False,True,True
2018_08_VET_s3,2018_08,VET,Ferrari,3,ULTRASOFT,SOFTEST,False,41.0,53.0,13.0,False,True,False,True
2018_09_ALO_s1,2018_09,ALO,McLaren,1,SUPERSOFT,MIDDLE,True,2.0,15.0,14.0,True,False,True,True
2018_09_ALO_s2,2018_09,ALO,McLaren,2,SOFT,HARDEST,True,16.0,70.0,55.0,False,True,False,True
2018_09_ALO_s<NA>,2018_09,ALO,McLaren,,UNKNOWN,UNKNOWN,True,1.0,1.0,,False,False,False,True
2018_09_BOT_s1,2018_09,BOT,Mercedes,1,SUPERSOFT,MIDDLE,False,2.0,14.0,13.0,False,False,False,True
2018_09_BOT_s<NA>,2018_09,BOT,Mercedes,,UNKNOWN,UNKNOWN,True,1.0,1.0,,False,False,False,True
2018_09_ERI_s1,2018_09,ERI,Sauber,1,SOFT,HARDEST,True,2.0,45.0,44.0,True,False,True,True
2018_09_ERI_s2,2018_09,ERI,Sauber,2,SUPERSOFT,MIDDLE,True,46.0,70.0,25.0,False,True,False,True
2018_09_ERI_s<NA>,2018_09,ERI,Sauber,,UNKNOWN,UNKNOWN,True,1.0,1.0,,False,False,False,True
2018_09_GAS_s1,2018_09,GAS,Toro Rosso,1,SUPERSOFT,MIDDLE,True,2.0,15.0,14.0,True,False,True,True
2018_09_GAS_s2,2018_09,GAS,Toro Rosso,2,SOFT,HARDEST,True,16.0,70.0,55.0,False,True,False,True
2018_09_GAS_s<NA>,2018_09,GAS,Toro Rosso,,UNKNOWN,UNKNOWN,True,1.0,1.0,,False,False,False,True
2018_09_GRO_s1,2018_09,GRO,Haas F1 Team,1,ULTRASOFT,SOFTEST,False,2.0,15.0,14.0,True,False,True,True
2018_09_GRO_s2,2018_09,GRO,Haas F1 Team,2,SOFT,HARDEST,True,16.0,70.0,55.0,False,True,False,True
2018_09_GRO_s<NA>,2018_09,GRO,Haas F1 Team,,UNKNOWN,UNKNOWN,True,1.0,1.0,,False,False,False,True
2018_09_HAM_s1,2018_09,HAM,Mercedes,1,SUPERSOFT,MIDDLE,False,3.0,25.0,23.0,True,False,True,True
2018_09_HAM_s2,2018_09,HAM,Mercedes,2,SOFT,HARDEST,True,26.0,52.0,27.0,True,False,True,False
2018_09_HAM_s3,2018_09,HAM,Mercedes,3,SUPERSOFT,MIDDLE,True,53.0,63.0,11.0,False,False,False,True
2018_09_HAM_s<NA>,2018_09,HAM,Mercedes,,UNKNOWN,UNKNOWN,True,1.0,2.0,,False,False,False,True
2018_09_HAR_s1,2018_09,HAR,Toro Rosso,1,SUPERSOFT,MIDDLE,True,2.0,55.0,54.0,False,False,False,True
2018_09_HAR_s<NA>,2018_09,HAR,Toro Rosso,,UNKNOWN,UNKNOWN,True,1.0,1.0,,False,False,False,True
2018_09_HUL_s1,2018_09,HUL,Renault,1,ULTRASOFT,SOFTEST,False,2.0,12.0,11.0,False,False,False,True
2018_09_HUL_s<NA>,2018_09,HUL,Renault,,UNKNOWN,UNKNOWN,True,1.0,1.0,,False,False,False,True
2018_09_LEC_s1,2018_09,LEC,Sauber,1,SUPERSOFT,MIDDLE,True,2.0,15.0,14.0,True,False,True,True
2018_09_LEC_s2,2018_09,LEC,Sauber,2,SOFT,HARDEST,True,16.0,70.0,55.0,False,True,False,True
2018_09_LEC_s<NA>,2018_09,LEC,Sauber,,UNKNOWN,UNKNOWN,True,1.0,1.0,,False,False,False,True
2018_09_MAG_s1,2018_09,MAG,Haas F1 Team,1,ULTRASOFT,SOFTEST,False,2.0,28.0,27.0,True,False,True,True
2018_09_MAG_s2,2018_09,MAG,Haas F1 Team,2,SOFT,HARDEST,True,29.0,70.0,42.0,False,True,False,True
2018_09_MAG_s<NA>,2018_09,MAG,Haas F1 Team,,UNKNOWN,UNKNOWN,True,1.0,1.0,,False,False,False,True
2018_09_OCO_s1,2018_09,OCO,Force India,1,SUPERSOFT,MIDDLE,True,2.0,15.0,14.0,True,False,True,True
2018_09_OCO_s2,2018_09,OCO,Force India,2,SOFT,HARDEST,True,16.0,70.0,55.0,False,True,False,True
2018_09_OCO_s<NA>,2018_09,OCO,Force India,,UNKNOWN,UNKNOWN,True,1.0,1.0,,False,False,False,True
2018_09_PER_s1,2018_09,PER,Force India,1,SUPERSOFT,MIDDLE,True,2.0,27.0,26.0,True,False,True,True
2018_09_PER_s2,2018_09,PER,Force India,2,SOFT,HARDEST,True,28.0,70.0,43.0,False,True,False,True
2018_09_PER_s<NA>,2018_09,PER,Force India,,UNKNOWN,UNKNOWN,True,1.0,1.0,,False,False,False,True
2018_09_RAI_s1,2018_09,RAI,Ferrari,1,ULTRASOFT,SOFTEST,False,2.0,15.0,14.0,True,False,True,True
2018_09_RAI_s2,2018_09,RAI,Ferrari,2,SOFT,HARDEST,True,16.0,71.0,56.0,False,True,False,True
2018_09_RAI_s<NA>,2018_09,RAI,Ferrari,,UNKNOWN,UNKNOWN,True,1.0,1.0,,False,False,False,True
2018_09_RIC_s1,2018_09,RIC,Red Bull Racing,1,SUPERSOFT,MIDDLE,False,2.0,15.0,14.0,True,False,True,True
2018_09_RIC_s2,2018_09,RIC,Red Bull Racing,2,SOFT,HARDEST,True,16.0,38.0,23.0,True,False,True,True
2018_09_RIC_s3,2018_09,RIC,Red Bull Racing,3,SUPERSOFT,MIDDLE,False,39.0,54.0,16.0,False,False,False,True
2018_09_RIC_s<NA>,2018_09,RIC,Red Bull Racing,,UNKNOWN,UNKNOWN,True,1.0,1.0,,False,False,False,True
2018_09_SAI_s1,2018_09,SAI,Renault,1,ULTRASOFT,SOFTEST,False,2.0,15.0,14.0,True,False,True,True
2018_09_SAI_s2,2018_09,SAI,Renault,2,SOFT,HARDEST,True,16.0,34.0,19.0,True,False,True,True
2018_09_SAI_s3,2018_09,SAI,Renault,3,SUPERSOFT,MIDDLE,True,35.0,70.0,36.0,False,True,False,True
2018_09_SAI_s<NA>,2018_09,SAI,Renault,,UNKNOWN,UNKNOWN,True,1.0,1.0,,False,False,False,True
2018_09_SIR_s1,2018_09,SIR,Williams,1,SUPERSOFT,MIDDLE,True,2.0,24.0,23.0,True,False,True,True
2018_09_SIR_s2,2018_09,SIR,Williams,2,SOFT,HARDEST,True,25.0,60.0,36.0,True,False,True,True
2018_09_SIR_s3,2018_09,SIR,Williams,3,ULTRASOFT,SOFTEST,True,61.0,69.0,9.0,False,False,False,True
2018_09_SIR_s<NA>,2018_09,SIR,Williams,,UNKNOWN,UNKNOWN,True,1.0,1.0,,False,False,False,True
2018_09_STR_s1,2018_09,STR,Williams,1,ULTRASOFT,SOFTEST,True,2.0,15.0,14.0,True,False,True,True
2018_09_STR_s2,2018_09,STR,Williams,2,SOFT,HARDEST,True,16.0,65.0,50.0,True,False,True,True
2018_09_STR_s3,2018_09,STR,Williams,3,SUPERSOFT,MIDDLE,True,66.0,69.0,4.0,False,False,False,False
2018_09_STR_s<NA>,2018_09,STR,Williams,,UNKNOWN,UNKNOWN,True,1.0,1.0,,False,False,False,True
2018_09_VAN_s1,2018_09,VAN,McLaren,1,SUPERSOFT,MIDDLE,True,1.0,1.0,1.0,True,False,True,True
2018_09_VAN_s2,2018_09,VAN,McLaren,2,SOFT,HARDEST,True,2.0,40.0,39.0,True,False,True,True
2018_09_VAN_s3,2018_09,VAN,McLaren,3,SOFT,HARDEST,True,41.0,65.0,25.0,True,False,True,True
2018_09_VER_s1,2018_09,VER,Red Bull Racing,1,SUPERSOFT,MIDDLE,False,2.0,15.0,14.0,True,False,True,True
2018_09_VER_s2,2018_09,VER,Red Bull Racing,2,SOFT,HARDEST,True,16.0,71.0,56.0,False,True,False,True
2018_09_VER_s<NA>,2018_09,VER,Red Bull Racing,,UNKNOWN,UNKNOWN,True,1.0,1.0,,False,False,False,True
2018_09_VET_s1,2018_09,VET,Ferrari,1,ULTRASOFT,SOFTEST,False,2.0,15.0,14.0,True,False,True,True
2018_09_VET_s2,2018_09,VET,Ferrari,2,SOFT,HARDEST,True,16.0,71.0,56.0,False,True,False,True
2018_09_VET_s<NA>,2018_09,VET,Ferrari,,UNKNOWN,UNKNOWN,True,1.0,1.0,,False,False,False,True
2018_10_ALO_s1,2018_10,ALO,McLaren,1,SOFT,SOFTEST,True,2.0,13.0,12.0,True,False,True,True
2018_10_ALO_s2,2018_10,ALO,McLaren,2,MEDIUM,MIDDLE,True,14.0,32.0,19.0,True,False,True,True
2018_10_ALO_s3,2018_10,ALO,McLaren,3,SOFT,SOFTEST,False,33.0,52.0,20.0,False,True,False,True
2018_10_ALO_s<NA>,2018_10,ALO,McLaren,,UNKNOWN,UNKNOWN,True,1.0,1.0,,False,False,False,True
2018_10_BOT_s1,2018_10,BOT,Mercedes,1,SOFT,SOFTEST,False,2.0,21.0,20.0,True,False,True,True
2018_10_BOT_s2,2018_10,BOT,Mercedes,2,MEDIUM,MIDDLE,True,22.0,52.0,31.0,False,True,False,True
2018_10_BOT_s<NA>,2018_10,BOT,Mercedes,,UNKNOWN,UNKNOWN,True,1.0,1.0,,False,False,False,True
2018_10_ERI_s1,2018_10,ERI,Sauber,1,SOFT,SOFTEST,True,2.0,24.0,23.0,True,False,True,True
2018_10_ERI_s2,2018_10,ERI,Sauber,2,MEDIUM,MIDDLE,True,25.0,32.0,8.0,False,False,False,True
2018_10_ERI_s<NA>,2018_10,ERI,Sauber,,UNKNOWN,UNKNOWN,True,1.0,1.0,,False,False,False,True
2018_10_GAS_s1,2018_10,GAS,Toro Rosso,1,SOFT,SOFTEST,True,2.0,20.0,19.0,True,False,True,True
2018_10_GAS_s2,2018_10,GAS,Toro Rosso,2,MEDIUM,MIDDLE,True,21.0,32.0,12.0,True,False,True,True
2018_10_GAS_s3,2018_10,GAS,Toro Rosso,3,SOFT,SOFTEST,False,33.0,52.0,20.0,False,True,False,True
2018_10_GAS_s<NA>,2018_10,GAS,Toro Rosso,,UNKNOWN,UNKNOWN,True,1.0,1.0,,False,False,False,True
2018_10_GRO_s1,2018_10,GRO,Haas F1 Team,1,SOFT,SOFTEST,False,2.0,26.0,25.0,True,False,True,True
2018_10_GRO_s2,2018_10,GRO,Haas F1 Team,2,MEDIUM,MIDDLE,True,27.0,38.0,12.0,False,False,False,True
2018_10_GRO_s<NA>,2018_10,GRO,Haas F1 Team,,UNKNOWN,UNKNOWN,True,1.0,1.0,,False,False,False,True
2018_10_HAM_s1,2018_10,HAM,Mercedes,1,SOFT,SOFTEST,False,2.0,25.0,24.0,True,False,True,True
2018_10_HAM_s2,2018_10,HAM,Mercedes,2,MEDIUM,MIDDLE,True,26.0,52.0,27.0,False,True,False,True
2018_10_HAM_s<NA>,2018_10,HAM,Mercedes,,UNKNOWN,UNKNOWN,True,1.0,1.0,,False,False,False,True
2018_10_HAR_s<NA>,2018_10,HAR,Toro Rosso,,UNKNOWN,UNKNOWN,True,1.0,1.0,,True,False,True,True
2018_10_HUL_s1,2018_10,HUL,Renault,1,MEDIUM,MIDDLE,True,2.0,20.0,19.0,True,False,True,True
2018_10_HUL_s2,2018_10,HUL,Renault,2,HARD,HARDEST,True,21.0,52.0,32.0,False,True,False,True
2018_10_HUL_s<NA>,2018_10,HUL,Renault,,UNKNOWN,UNKNOWN,True,1.0,1.0,,False,False,False,True
2018_10_LEC_s1,2018_10,LEC,Sauber,1,SOFT,SOFTEST,False,2.0,18.0,17.0,True,False,True,True
2018_10_LEC_s<NA>,2018_10,LEC,Sauber,,UNKNOWN,UNKNOWN,True,1.0,1.0,,False,False,False,True
2018_10_MAG_s1,2018_10,MAG,Haas F1 Team,1,SOFT,SOFTEST,False,2.0,25.0,24.0,True,False,True,True
2018_10_MAG_s2,2018_10,MAG,Haas F1 Team,2,MEDIUM,MIDDLE,True,26.0,52.0,27.0,False,True,False,True
2018_10_MAG_s<NA>,2018_10,MAG,Haas F1 Team,,UNKNOWN,UNKNOWN,True,1.0,1.0,,False,False,False,True
2018_10_OCO_s1,2018_10,OCO,Force India,1,SOFT,SOFTEST,False,2.0,19.0,18.0,True,False,True,True
2018_10_OCO_s2,2018_10,OCO,Force India,2,MEDIUM,MIDDLE,True,20.0,52.0,33.0,False,True,False,True
2018_10_OCO_s<NA>,2018_10,OCO,Force India,,UNKNOWN,UNKNOWN,True,1.0,1.0,,False,False,False,True
2018_10_PER_s1,2018_10,PER,Force India,1,SOFT,SOFTEST,True,2.0,13.0,12.0,True,False,True,True
2018_10_PER_s2,2018_10,PER,Force India,2,MEDIUM,MIDDLE,True,14.0,32.0,19.0,True,False,True,True
2018_10_PER_s3,2018_10,PER,Force India,3,SOFT,SOFTEST,False,33.0,52.0,20.0,False,True,False,True
2018_10_PER_s<NA>,2018_10,PER,Force India,,UNKNOWN,UNKNOWN,True,1.0,1.0,,False,False,False,True
2018_10_RAI_s1,2018_10,RAI,Ferrari,1,SOFT,SOFTEST,False,2.0,13.0,12.0,True,False,True,True
2018_10_RAI_s2,2018_10,RAI,Ferrari,2,MEDIUM,MIDDLE,True,14.0,33.0,20.0,True,False,True,True
2018_10_RAI_s3,2018_10,RAI,Ferrari,3,SOFT,SOFTEST,True,34.0,52.0,19.0,False,True,False,True
2018_10_RAI_s<NA>,2018_10,RAI,Ferrari,,UNKNOWN,UNKNOWN,True,1.0,1.0,,False,False,False,True
2018_10_RIC_s1,2018_10,RIC,Red Bull Racing,1,SOFT,SOFTEST,False,2.0,18.0,17.0,True,False,True,True
2018_10_RIC_s2,2018_10,RIC,Red Bull Racing,2,MEDIUM,MIDDLE,True,19.0,30.0,12.0,True,False,True,True
2018_10_RIC_s3,2018_10,RIC,Red Bull Racing,3,SOFT,SOFTEST,True,31.0,52.0,22.0,False,True,False,True
2018_10_RIC_s<NA>,2018_10,RIC,Red Bull Racing,,UNKNOWN,UNKNOWN,True,1.0,1.0,,False,False,False,True
2018_10_SAI_s1,2018_10,SAI,Renault,1,MEDIUM,MIDDLE,True,2.0,17.0,16.0,True,False,True,True
2018_10_SAI_s2,2018_10,SAI,Renault,2,HARD,HARDEST,True,18.0,32.0,15.0,True,False,True,True
2018_10_SAI_s3,2018_10,SAI,Renault,3,SOFT,SOFTEST,True,33.0,38.0,6.0,False,False,False,True
2018_10_SAI_s<NA>,2018_10,SAI,Renault,,UNKNOWN,UNKNOWN,True,1.0,1.0,,False,False,False,True
2018_10_SIR_s1,2018_10,SIR,Williams,1,SOFT,SOFTEST,True,2.0,21.0,20.0,True,False,True,True
2018_10_SIR_s2,2018_10,SIR,Williams,2,MEDIUM,MIDDLE,True,22.0,52.0,31.0,False,True,False,True
2018_10_SIR_s<NA>,2018_10,SIR,Williams,,UNKNOWN,UNKNOWN,True,1.0,1.0,,False,False,False,True
2018_10_STR_s1,2018_10,STR,Williams,1,MEDIUM,MIDDLE,True,2.0,30.0,29.0,True,False,True,True
2018_10_STR_s2,2018_10,STR,Williams,2,SOFT,SOFTEST,True,31.0,52.0,22.0,False,True,False,True
2018_10_STR_s<NA>,2018_10,STR,Williams,,UNKNOWN,UNKNOWN,True,1.0,1.0,,False,False,False,True
2018_10_VAN_s1,2018_10,VAN,McLaren,1,SOFT,SOFTEST,True,2.0,21.0,20.0,True,False,True,True
2018_10_VAN_s2,2018_10,VAN,McLaren,2,MEDIUM,MIDDLE,True,22.0,33.0,12.0,True,False,True,True
2018_10_VAN_s3,2018_10,VAN,McLaren,3,SOFT,SOFTEST,True,34.0,52.0,19.0,False,True,False,True
2018_10_VAN_s<NA>,2018_10,VAN,McLaren,,UNKNOWN,UNKNOWN,True,1.0,1.0,,False,False,False,True
2018_10_VER_s1,2018_10,VER,Red Bull Racing,1,SOFT,SOFTEST,False,2.0,17.0,16.0,True,False,True,True
2018_10_VER_s2,2018_10,VER,Red Bull Racing,2,MEDIUM,MIDDLE,True,18.0,33.0,16.0,True,False,True,True
2018_10_VER_s3,2018_10,VER,Red Bull Racing,3,SOFT,SOFTEST,True,34.0,47.0,14.0,False,False,False,True
2018_10_VER_s<NA>,2018_10,VER,Red Bull Racing,,UNKNOWN,UNKNOWN,True,1.0,1.0,,False,False,False,True
2018_10_VET_s1,2018_10,VET,Ferrari,1,SOFT,SOFTEST,False,3.0,20.0,18.0,True,False,True,True
2018_10_VET_s2,2018_10,VET,Ferrari,2,MEDIUM,MIDDLE,True,21.0,33.0,13.0,True,False,True,True
2018_10_VET_s3,2018_10,VET,Ferrari,3,SOFT,SOFTEST,True,34.0,52.0,19.0,False,True,False,True
2018_10_VET_s<NA>,2018_10,VET,Ferrari,,UNKNOWN,UNKNOWN,True,1.0,2.0,,False,False,False,True
2018_11_ALO_s1,2018_11,ALO,McLaren,1,SOFT,MIDDLE,True,2.0,31.0,30.0,True,False,True,True
2018_11_ALO_s2,2018_11,ALO,McLaren,2,MEDIUM,HARDEST,True,32.0,43.0,12.0,True,False,True,False
2018_11_ALO_s3,2018_11,ALO,McLaren,3,WET,WET,True,44.0,47.0,4.0,True,False,True,True
2018_11_ALO_s4,2018_11,ALO,McLaren,4,SOFT,MIDDLE,False,48.0,65.0,18.0,True,False,True,True
2018_11_ALO_s<NA>,2018_11,ALO,McLaren,,UNKNOWN,UNKNOWN,True,1.0,1.0,,False,False,False,True
2018_11_BOT_s1,2018_11,BOT,Mercedes,1,ULTRASOFT,SOFTEST,False,2.0,28.0,27.0,True,False,True,True
2018_11_BOT_s2,2018_11,BOT,Mercedes,2,SOFT,MIDDLE,True,29.0,52.0,24.0,True,False,True,True
2018_11_BOT_s3,2018_11,BOT,Mercedes,3,ULTRASOFT,SOFTEST,True,53.0,67.0,15.0,False,True,False,True
2018_11_BOT_s<NA>,2018_11,BOT,Mercedes,,UNKNOWN,UNKNOWN,True,1.0,1.0,,False,False,False,True
2018_11_ERI_s1,2018_11,ERI,Sauber,1,SOFT,MIDDLE,True,2.0,38.0,37.0,True,False,True,True
2018_11_ERI_s2,2018_11,ERI,Sauber,2,ULTRASOFT,SOFTEST,True,39.0,67.0,29.0,False,True,False,True
2018_11_ERI_s<NA>,2018_11,ERI,Sauber,,UNKNOWN,UNKNOWN,True,1.0,1.0,,False,False,False,True
2018_11_GAS_s1,2018_11,GAS,Toro Rosso,1,SOFT,MIDDLE,True,2.0,43.0,42.0,True,False,True,True
2018_11_GAS_s2,2018_11,GAS,Toro Rosso,2,WET,WET,True,44.0,46.0,3.0,True,False,True,True
2018_11_GAS_s3,2018_11,GAS,Toro Rosso,3,ULTRASOFT,SOFTEST,True,47.0,66.0,20.0,False,True,False,True
2018_11_GAS_s<NA>,2018_11,GAS,Toro Rosso,,UNKNOWN,UNKNOWN,True,1.0,1.0,,False,False,False,True
2018_11_GRO_s1,2018_11,GRO,Haas F1 Team,1,ULTRASOFT,SOFTEST,False,2.0,21.0,20.0,True,False,True,True
2018_11_GRO_s2,2018_11,GRO,Haas F1 Team,2,MEDIUM,HARDEST,True,22.0,51.0,30.0,True,False,True,True
2018_11_GRO_s3,2018_11,GRO,Haas F1 Team,3,WET,WET,True,52.0,55.0,4.0,True,False,True,True
2018_11_GRO_s4,2018_11,GRO,Haas F1 Team,4,ULTRASOFT,SOFTEST,False,56.0,67.0,12.0,False,True,False,True
2018_11_GRO_s<NA>,2018_11,GRO,Haas F1 Team,,UNKNOWN,UNKNOWN,True,1.0,1.0,,False,False,False,True
2018_11_HAM_s1,2018_11,HAM,Mercedes,1,SOFT,MIDDLE,True,2.0,42.0,41.0,True,False,True,True
2018_11_HAM_s2,2018_11,HAM,Mercedes,2,ULTRASOFT,SOFTEST,True,43.0,67.0,25.0,False,True,False,True
2018_11_HAM_s<NA>,2018_11,HAM,Mercedes,,UNKNOWN,UNKNOWN,True,1.0,1.0,,False,False,False,True
2018_11_HAR_s1,2018_11,HAR,Toro Rosso,1,SOFT,MIDDLE,True,2.0,28.0,27.0,True,False,True,True
2018_11_HAR_s2,2018_11,HAR,Toro Rosso,2,MEDIUM,HARDEST,True,29.0,52.0,24.0,True,False,True,True
2018_11_HAR_s3,2018_11,HAR,Toro Rosso,3,ULTRASOFT,SOFTEST,True,53.0,67.0,15.0,False,True,False,True
2018_11_HAR_s<NA>,2018_11,HAR,Toro Rosso,,UNKNOWN,UNKNOWN,True,1.0,1.0,,False,False,False,True
2018_11_HUL_s1,2018_11,HUL,Renault,1,ULTRASOFT,SOFTEST,False,2.0,18.0,17.0,True,False,True,True
2018_11_HUL_s2,2018_11,HUL,Renault,2,MEDIUM,HARDEST,True,19.0,51.0,33.0,True,False,True,True
2018_11_HUL_s3,2018_11,HUL,Renault,3,WET,WET,True,52.0,55.0,4.0,True,False,True,True
2018_11_HUL_s4,2018_11,HUL,Renault,4,ULTRASOFT,SOFTEST,False,56.0,67.0,12.0,False,True,False,True
2018_11_HUL_s<NA>,2018_11,HUL,Renault,,UNKNOWN,UNKNOWN,True,1.0,1.0,,False,False,False,True
2018_11_LEC_s1,2018_11,LEC,Sauber,1,ULTRASOFT,SOFTEST,False,2.0,20.0,19.0,True,False,True,True
2018_11_LEC_s2,2018_11,LEC,Sauber,2,SOFT,MIDDLE,True,21.0,43.0,23.0,True,False,True,True
2018_11_LEC_s3,2018_11,LEC,Sauber,3,WET,WET,True,44.0,46.0,3.0,True,False,True,False
2018_11_LEC_s4,2018_11,LEC,Sauber,4,ULTRASOFT,SOFTEST,False,47.0,66.0,20.0,False,True,False,True
2018_11_LEC_s<NA>,2018_11,LEC,Sauber,,UNKNOWN,UNKNOWN,True,1.0,1.0,,False,False,False,True
2018_11_MAG_s1,2018_11,MAG,Haas F1 Team,1,ULTRASOFT,SOFTEST,False,2.0,20.0,19.0,True,False,True,True
2018_11_MAG_s2,2018_11,MAG,Haas F1 Team,2,MEDIUM,HARDEST,True,21.0,51.0,31.0,True,False,True,True
2018_11_MAG_s3,2018_11,MAG,Haas F1 Team,3,WET,WET,True,52.0,55.0,4.0,True,False,True,True
2018_11_MAG_s4,2018_11,MAG,Haas F1 Team,4,ULTRASOFT,SOFTEST,False,56.0,67.0,12.0,False,True,False,True
2018_11_MAG_s<NA>,2018_11,MAG,Haas F1 Team,,UNKNOWN,UNKNOWN,True,1.0,1.0,,False,False,False,True
2018_11_OCO_s1,2018_11,OCO,Force India,1,ULTRASOFT,SOFTEST,True,2.0,25.0,24.0,True,False,True,True
2018_11_OCO_s2,2018_11,OCO,Force India,2,SOFT,MIDDLE,True,26.0,67.0,42.0,False,True,False,True
2018_11_OCO_s<NA>,2018_11,OCO,Force India,,UNKNOWN,UNKNOWN,True,1.0,1.0,,False,False,False,True
2018_11_PER_s1,2018_11,PER,Force India,1,ULTRASOFT,SOFTEST,False,2.0,22.0,21.0,True,False,True,True
2018_11_PER_s2,2018_11,PER,Force India,2,SOFT,MIDDLE,True,23.0,67.0,45.0,False,True,False,True
2018_11_PER_s<NA>,2018_11,PER,Force India,,UNKNOWN,UNKNOWN,True,1.0,1.0,,False,False,False,True
2018_11_RAI_s1,2018_11,RAI,Ferrari,1,ULTRASOFT,SOFTEST,False,2.0,14.0,13.0,True,False,True,True
2018_11_RAI_s2,2018_11,RAI,Ferrari,2,SOFT,MIDDLE,True,15.0,53.0,39.0,True,False,True,True
2018_11_RAI_s3,2018_11,RAI,Ferrari,3,ULTRASOFT,SOFTEST,True,54.0,67.0,14.0,False,True,False,True
2018_11_RAI_s<NA>,2018_11,RAI,Ferrari,,UNKNOWN,UNKNOWN,True,1.0,1.0,,False,False,False,True
2018_11_RIC_s1,2018_11,RIC,Red Bull Racing,1,MEDIUM,HARDEST,True,2.0,28.0,27.0,False,False,False,True
2018_11_RIC_s<NA>,2018_11,RIC,Red Bull Racing,,UNKNOWN,UNKNOWN,True,1.0,1.0,,False,False,False,True
2018_11_SAI_s1,2018_11,SAI,Renault,1,ULTRASOFT,SOFTEST,False,2.0,20.0,19.0,True,False,True,True
2018_11_SAI_s2,2018_11,SAI,Renault,2,MEDIUM,HARDEST,True,21.0,50.0,30.0,True,False,True,True
2018_11_SAI_s3,2018_11,SAI,Renault,3,WET,WET,True,51.0,56.0,6.0,True,False,True,True
2018_11_SAI_s4,2018_11,SAI,Renault,4,ULTRASOFT,SOFTEST,False,57.0,67.0,11.0,False,True,False,True
2018_11_SAI_s<NA>,2018_11,SAI,Renault,,UNKNOWN,UNKNOWN,True,1.0,1.0,,False,False,False,True
2018_11_SIR_s1,2018_11,SIR,Williams,1,SOFT,MIDDLE,True,2.0,28.0,27.0,True,False,True,True
2018_11_SIR_s2,2018_11,SIR,Williams,2,MEDIUM,HARDEST,True,29.0,51.0,23.0,True,False,True,True
2018_11_SIR_s<NA>,2018_11,SIR,Williams,,UNKNOWN,UNKNOWN,True,1.0,1.0,,False,False,False,True
2018_11_STR_s1,2018_11,STR,Williams,1,SOFT,MIDDLE,True,2.0,27.0,26.0,True,False,True,True
2018_11_STR_s2,2018_11,STR,Williams,2,MEDIUM,HARDEST,True,28.0,50.0,23.0,True,False,True,True
2018_11_STR_s3,2018_11,STR,Williams,3,WET,WET,True,51.0,53.0,3.0,True,False,True,True
2018_11_STR_s<NA>,2018_11,STR,Williams,,UNKNOWN,UNKNOWN,True,1.0,1.0,,False,False,False,True
2018_11_VAN_s1,2018_11,VAN,McLaren,1,SOFT,MIDDLE,True,2.0,29.0,28.0,True,False,True,True
2018_11_VAN_s2,2018_11,VAN,McLaren,2,MEDIUM,HARDEST,True,30.0,52.0,23.0,True,False,True,True
2018_11_VAN_s3,2018_11,VAN,McLaren,3,ULTRASOFT,SOFTEST,True,53.0,67.0,15.0,False,True,False,True
2018_11_VAN_s<NA>,2018_11,VAN,McLaren,,UNKNOWN,UNKNOWN,True,1.0,1.0,,False,False,False,True
2018_11_VER_s1,2018_11,VER,Red Bull Racing,1,ULTRASOFT,SOFTEST,False,2.0,29.0,28.0,True,False,True,True
2018_11_VER_s2,2018_11,VER,Red Bull Racing,2,SOFT,MIDDLE,True,30.0,46.0,17.0,True,False,True,True
2018_11_VER_s3,2018_11,VER,Red Bull Racing,3,WET,WET,True,47.0,50.0,4.0,True,False,True,True
2018_11_VER_s4,2018_11,VER,Red Bull Racing,4,ULTRASOFT,SOFTEST,False,51.0,67.0,17.0,False,True,False,True
2018_11_VER_s<NA>,2018_11,VER,Red Bull Racing,,UNKNOWN,UNKNOWN,True,1.0,1.0,,False,False,False,True
2018_11_VET_s1,2018_11,VET,Ferrari,1,ULTRASOFT,SOFTEST,False,3.0,25.0,23.0,True,False,True,True
2018_11_VET_s2,2018_11,VET,Ferrari,2,SOFT,MIDDLE,True,26.0,52.0,27.0,False,False,False,True
2018_11_VET_s<NA>,2018_11,VET,Ferrari,,UNKNOWN,UNKNOWN,True,1.0,2.0,,False,False,False,True
2018_12_ALO_s1,2018_12,ALO,McLaren,1,SOFT,MIDDLE,True,2.0,39.0,38.0,True,False,True,True
2018_12_ALO_s2,2018_12,ALO,McLaren,2,MEDIUM,HARDEST,True,40.0,69.0,30.0,False,True,False,True
2018_12_ALO_s<NA>,2018_12,ALO,McLaren,,UNKNOWN,UNKNOWN,True,1.0,1.0,,False,False,False,True
2018_12_BOT_s1,2018_12,BOT,Mercedes,1,ULTRASOFT,SOFTEST,True,2.0,15.0,14.0,True,False,True,True
2018_12_BOT_s2,2018_12,BOT,Mercedes,2,SOFT,MIDDLE,True,16.0,70.0,55.0,False,True,False,True
2018_12_BOT_s<NA>,2018_12,BOT,Mercedes,,UNKNOWN,UNKNOWN,True,1.0,1.0,,False,False,False,True
2018_12_ERI_s1,2018_12,ERI,Sauber,1,ULTRASOFT,SOFTEST,True,2.0,6.0,5.0,True,False,True,True
2018_12_ERI_s2,2018_12,ERI,Sauber,2,MEDIUM,HARDEST,True,7.0,68.0,62.0,False,False,False,True
2018_12_ERI_s<NA>,2018_12,ERI,Sauber,,UNKNOWN,UNKNOWN,True,1.0,1.0,,False,False,False,True
2018_12_GAS_s1,2018_12,GAS,Toro Rosso,1,ULTRASOFT,SOFTEST,True,2.0,32.0,31.0,True,False,True,True
2018_12_GAS_s2,2018_12,GAS,Toro Rosso,2,SOFT,MIDDLE,True,33.0,70.0,38.0,False,True,False,True
2018_12_GAS_s<NA>,2018_12,GAS,Toro Rosso,,UNKNOWN,UNKNOWN,True,1.0,1.0,,False,False,False,True
2018_12_GRO_s1,2018_12,GRO,Haas F1 Team,1,ULTRASOFT,SOFTEST,True,2.0,29.0,28.0,True,False,True,True
2018_12_GRO_s2,2018_12,GRO,Haas F1 Team,2,SOFT,MIDDLE,True,30.0,69.0,40.0,False,True,False,True
2018_12_GRO_s<NA>,2018_12,GRO,Haas F1 Team,,UNKNOWN,UNKNOWN,True,1.0,1.0,,False,False,False,True
2018_12_HAM_s1,2018_12,HAM,Mercedes,1,ULTRASOFT,SOFTEST,True,3.0,25.0,23.0,True,False,True,True
2018_12_HAM_s2,2018_12,HAM,Mercedes,2,SOFT,MIDDLE,True,26.0,70.0,45.0,False,True,False,True
2018_12_HAM_s<NA>,2018_12,HAM,Mercedes,,UNKNOWN,UNKNOWN,True,1.0,2.0,,False,False,False,True
2018_12_HAR_s1,2018_12,HAR,Toro Rosso,1,ULTRASOFT,SOFTEST,True,2.0,24.0,23.0,True,False,True,True
2018_12_HAR_s2,2018_12,HAR,Toro Rosso,2,MEDIUM,HARDEST,True,25.0,69.0,45.0,False,True,False,True
2018_12_HAR_s<NA>,2018_12,HAR,Toro Rosso,,UNKNOWN,UNKNOWN,True,1.0,1.0,,False,False,False,True
2018_12_HUL_s1,2018_12,HUL,Renault,1,SOFT,MIDDLE,True,2.0,23.0,22.0,True,False,True,True
2018_12_HUL_s2,2018_12,HUL,Renault,2,MEDIUM,HARDEST,True,24.0,50.0,27.0,True,False,True,True
2018_12_HUL_s3,2018_12,HUL,Renault,3,ULTRASOFT,SOFTEST,True,51.0,69.0,19.0,False,True,False,True
2018_12_HUL_s<NA>,2018_12,HUL,Renault,,UNKNOWN,UNKNOWN,True,1.0,1.0,,False,False,False,True
2018_12_LEC_s1,2018_12,LEC,Sauber,1,SOFT,MIDDLE,True,1.0,1.0,1.0,False,False,False,True
2018_12_MAG_s1,2018_12,MAG,Haas F1 Team,1,ULTRASOFT,SOFTEST,True,2.0,31.0,30.0,True,False,True,True
2018_12_MAG_s2,2018_12,MAG,Haas F1 Team,2,SOFT,MIDDLE,True,32.0,69.0,38.0,False,True,False,True
2018_12_MAG_s<NA>,2018_12,MAG,Haas F1 Team,,UNKNOWN,UNKNOWN,True,1.0,1.0,,False,False,False,True
2018_12_OCO_s1,2018_12,OCO,Force India,1,SOFT,MIDDLE,True,2.0,39.0,38.0,True,False,True,True
2018_12_OCO_s2,2018_12,OCO,Force India,2,ULTRASOFT,SOFTEST,True,40.0,69.0,30.0,False,True,False,True
2018_12_OCO_s<NA>,2018_12,OCO,Force India,,UNKNOWN,UNKNOWN,True,1.0,1.0,,False,False,False,True
2018_12_PER_s1,2018_12,PER,Force India,1,ULTRASOFT,SOFTEST,True,2.0,22.0,21.0,True,False,True,True
2018_12_PER_s2,2018_12,PER,Force India,2,SOFT,MIDDLE,True,23.0,69.0,47.0,False,True,False,True
2018_12_PER_s<NA>,2018_12,PER,Force India,,UNKNOWN,UNKNOWN,True,1.0,1.0,,False,False,False,True
2018_12_RAI_s1,2018_12,RAI,Ferrari,1,ULTRASOFT,SOFTEST,True,2.0,14.0,13.0,True,False,True,True
2018_12_RAI_s2,2018_12,RAI,Ferrari,2,SOFT,MIDDLE,True,15.0,38.0,24.0,True,False,True,False
2018_12_RAI_s3,2018_12,RAI,Ferrari,3,SOFT,MIDDLE,False,39.0,70.0,32.0,False,True,False,True
2018_12_RAI_s<NA>,2018_12,RAI,Ferrari,,UNKNOWN,UNKNOWN,True,1.0,1.0,,False,False,False,True
2018_12_RIC_s1,2018_12,RIC,Red Bull Racing,1,SOFT,MIDDLE,True,2.0,44.0,43.0,True,False,True,True
2018_12_RIC_s2,2018_12,RIC,Red Bull Racing,2,ULTRASOFT,SOFTEST,True,45.0,70.0,26.0,False,True,False,True
2018_12_RIC_s<NA>,2018_12,RIC,Red Bull Racing,,UNKNOWN,UNKNOWN,True,1.0,1.0,,False,False,False,True
2018_12_SAI_s1,2018_12,SAI,Renault,1,SOFT,MIDDLE,True,2.0,25.0,24.0,True,False,True,True
2018_12_SAI_s2,2018_12,SAI,Renault,2,MEDIUM,HARDEST,True,26.0,69.0,44.0,False,True,False,True
2018_12_SAI_s<NA>,2018_12,SAI,Renault,,UNKNOWN,UNKNOWN,True,1.0,1.0,,False,False,False,True
2018_12_SIR_s1,2018_12,SIR,Williams,1,SOFT,MIDDLE,True,2.0,31.0,30.0,True,False,True,True
2018_12_SIR_s2,2018_12,SIR,Williams,2,MEDIUM,HARDEST,True,32.0,68.0,37.0,False,False,False,True
2018_12_SIR_s<NA>,2018_12,SIR,Williams,,UNKNOWN,UNKNOWN,True,1.0,1.0,,False,False,False,True
2018_12_STR_s1,2018_12,STR,Williams,1,MEDIUM,HARDEST,True,2.0,47.0,46.0,True,False,True,True
2018_12_STR_s2,2018_12,STR,Williams,2,ULTRASOFT,SOFTEST,True,48.0,68.0,21.0,False,False,False,True
2018_12_STR_s<NA>,2018_12,STR,Williams,,UNKNOWN,UNKNOWN,True,1.0,1.0,,False,False,False,True
2018_12_VAN_s1,2018_12,VAN,McLaren,1,SOFT,MIDDLE,True,2.0,40.0,39.0,True,False,True,True
2018_12_VAN_s2,2018_12,VAN,McLaren,2,MEDIUM,HARDEST,True,41.0,50.0,10.0,False,False,False,True
2018_12_VAN_s<NA>,2018_12,VAN,McLaren,,UNKNOWN,UNKNOWN,True,1.0,1.0,,False,False,False,True
2018_12_VER_s1,2018_12,VER,Red Bull Racing,1,ULTRASOFT,SOFTEST,True,2.0,6.0,5.0,False,False,False,True
2018_12_VER_s<NA>,2018_12,VER,Red Bull Racing,,UNKNOWN,UNKNOWN,True,1.0,1.0,,False,False,False,True
2018_12_VET_s1,2018_12,VET,Ferrari,1,SOFT,MIDDLE,True,2.0,39.0,38.0,True,False,True,True
2018_12_VET_s2,2018_12,VET,Ferrari,2,ULTRASOFT,SOFTEST,True,40.0,70.0,31.0,False,True,False,True
2018_12_VET_s<NA>,2018_12,VET,Ferrari,,UNKNOWN,UNKNOWN,True,1.0,1.0,,False,False,False,True
2018_13_ALO_s1,2018_13,ALO,McLaren,1,SOFT,MIDDLE,True,1.0,1.0,1.0,False,False,False,True
2018_13_BOT_s1,2018_13,BOT,Mercedes,1,SOFT,MIDDLE,False,1.0,1.0,1.0,True,False,True,True
2018_13_BOT_s2,2018_13,BOT,Mercedes,2,SOFT,MIDDLE,False,2.0,2.0,1.0,True,False,True,True
2018_13_BOT_s3,2018_13,BOT,Mercedes,3,SUPERSOFT,SOFTEST,True,3.0,29.0,27.0,True,False,True,True
2018_13_BOT_s4,2018_13,BOT,Mercedes,4,SOFT,MIDDLE,False,30.0,44.0,15.0,False,True,False,True
2018_13_ERI_s1,2018_13,ERI,Sauber,1,SOFT,MIDDLE,True,1.0,1.0,1.0,True,False,True,True
2018_13_ERI_s2,2018_13,ERI,Sauber,2,SOFT,MIDDLE,False,2.0,26.0,25.0,True,False,True,True
2018_13_ERI_s3,2018_13,ERI,Sauber,3,SUPERSOFT,SOFTEST,True,27.0,43.0,17.0,False,True,False,False
2018_13_GAS_s1,2018_13,GAS,Toro Rosso,1,SUPERSOFT,SOFTEST,True,1.0,1.0,1.0,True,False,True,True
2018_13_GAS_s2,2018_13,GAS,Toro Rosso,2,SUPERSOFT,SOFTEST,False,2.0,25.0,24.0,True,False,True,True
2018_13_GAS_s3,2018_13,GAS,Toro Rosso,3,SOFT,MIDDLE,True,26.0,44.0,19.0,False,True,False,True
2018_13_GRO_s1,2018_13,GRO,Haas F1 Team,1,SUPERSOFT,SOFTEST,False,1.0,1.0,1.0,True,False,True,True
2018_13_GRO_s2,2018_13,GRO,Haas F1 Team,2,SUPERSOFT,SOFTEST,False,2.0,23.0,22.0,True,False,True,True
2018_13_GRO_s3,2018_13,GRO,Haas F1 Team,3,SUPERSOFT,SOFTEST,False,24.0,44.0,21.0,False,True,False,True
2018_13_HAM_s1,2018_13,HAM,Mercedes,1,SUPERSOFT,SOFTEST,False,1.0,1.0,1.0,True,False,True,True
2018_13_HAM_s2,2018_13,HAM,Mercedes,2,SUPERSOFT,SOFTEST,False,2.0,21.0,20.0,True,False,True,True
2018_13_HAM_s3,2018_13,HAM,Mercedes,3,SOFT,MIDDLE,True,22.0,44.0,23.0,False,True,False,True
2018_13_HAR_s1,2018_13,HAR,Toro Rosso,1,SOFT,MIDDLE,True,1.0,1.0,1.0,True,False,True,True
2018_13_HAR_s2,2018_13,HAR,Toro Rosso,2,SOFT,MIDDLE,False,2.0,31.0,30.0,True,False,True,True
2018_13_HAR_s3,2018_13,HAR,Toro Rosso,3,SUPERSOFT,SOFTEST,True,32.0,43.0,12.0,False,True,False,True
2018_13_HUL_s1,2018_13,HUL,Renault,1,SOFT,MIDDLE,True,1.0,1.0,1.0,False,False,False,True
2018_13_LEC_s1,2018_13,LEC,Sauber,1,SOFT,MIDDLE,True,1.0,1.0,1.0,False,False,False,True
2018_13_MAG_s1,2018_13,MAG,Haas F1 Team,1,SUPERSOFT,SOFTEST,False,1.0,1.0,1.0,True,False,True,True
2018_13_MAG_s2,2018_13,MAG,Haas F1 Team,2,SUPERSOFT,SOFTEST,False,2.0,26.0,25.0,True,False,True,True
2018_13_MAG_s3,2018_13,MAG,Haas F1 Team,3,SUPERSOFT,SOFTEST,False,27.0,44.0,18.0,False,True,False,True
2018_13_OCO_s1,2018_13,OCO,Racing Point,1,SUPERSOFT,SOFTEST,False,1.0,1.0,1.0,True,False,True,True
2018_13_OCO_s2,2018_13,OCO,Racing Point,2,SUPERSOFT,SOFTEST,False,2.0,24.0,23.0,True,False,True,True
2018_13_OCO_s3,2018_13,OCO,Racing Point,3,SOFT,MIDDLE,True,25.0,44.0,20.0,False,True,False,True
2018_13_PER_s1,2018_13,PER,Racing Point,1,SUPERSOFT,SOFTEST,False,1.0,1.0,1.0,True,False,True,True
2018_13_PER_s2,2018_13,PER,Racing Point,2,SUPERSOFT,SOFTEST,False,2.0,25.0,24.0,True,False,True,True
2018_13_PER_s3,2018_13,PER,Racing Point,3,SOFT,MIDDLE,True,26.0,44.0,19.0,False,True,False,True
2018_13_RAI_s1,2018_13,RAI,Ferrari,1,SUPERSOFT,SOFTEST,False,1.0,1.0,1.0,True,False,True,True
2018_13_RAI_s2,2018_13,RAI,Ferrari,2,MEDIUM,HARDEST,True,2.0,7.0,6.0,True,False,True,True
2018_13_RAI_s3,2018_13,RAI,Ferrari,3,MEDIUM,HARDEST,False,8.0,8.0,1.0,True,False,True,False
2018_13_RIC_s1,2018_13,RIC,Red Bull Racing,1,SUPERSOFT,SOFTEST,False,1.0,1.0,1.0,True,False,True,True
2018_13_RIC_s2,2018_13,RIC,Red Bull Racing,2,SOFT,MIDDLE,True,2.0,28.0,27.0,True,False,True,True
2018_13_SAI_s1,2018_13,SAI,Renault,1,MEDIUM,HARDEST,True,1.0,1.0,1.0,True,False,True,True
2018_13_SAI_s2,2018_13,SAI,Renault,2,MEDIUM,HARDEST,False,2.0,22.0,21.0,True,False,True,True
2018_13_SAI_s3,2018_13,SAI,Renault,3,SUPERSOFT,SOFTEST,True,23.0,43.0,21.0,False,True,False,True
2018_13_SIR_s1,2018_13,SIR,Williams,1,SOFT,MIDDLE,True,1.0,1.0,1.0,True,False,True,True
2018_13_SIR_s2,2018_13,SIR,Williams,2,SOFT,MIDDLE,False,2.0,24.0,23.0,True,False,True,True
2018_13_SIR_s3,2018_13,SIR,Williams,3,SUPERSOFT,SOFTEST,True,25.0,43.0,19.0,False,True,False,True
2018_13_STR_s1,2018_13,STR,Williams,1,SOFT,MIDDLE,True,1.0,1.0,1.0,True,False,True,True
2018_13_STR_s2,2018_13,STR,Williams,2,SOFT,MIDDLE,False,2.0,23.0,22.0,True,False,True,True
2018_13_STR_s3,2018_13,STR,Williams,3,SUPERSOFT,SOFTEST,True,24.0,43.0,20.0,False,True,False,True
2018_13_VAN_s1,2018_13,VAN,McLaren,1,SOFT,MIDDLE,True,1.0,1.0,1.0,True,False,True,True
2018_13_VAN_s2,2018_13,VAN,McLaren,2,SOFT,MIDDLE,False,2.0,2.0,1.0,True,False,True,True
2018_13_VAN_s3,2018_13,VAN,McLaren,3,MEDIUM,HARDEST,True,3.0,28.0,26.0,True,False,True,True
2018_13_VAN_s4,2018_13,VAN,McLaren,4,SUPERSOFT,SOFTEST,True,29.0,43.0,15.0,False,True,False,True
2018_13_VER_s1,2018_13,VER,Red Bull Racing,1,SUPERSOFT,SOFTEST,False,2.0,26.0,25.0,True,False,True,True
2018_13_VER_s2,2018_13,VER,Red Bull Racing,2,SOFT,MIDDLE,True,27.0,44.0,18.0,False,True,False,True
2018_13_VER_s<NA>,2018_13,VER,Red Bull Racing,,UNKNOWN,UNKNOWN,True,1.0,1.0,,True,False,True,True
2018_13_VET_s1,2018_13,VET,Ferrari,1,SUPERSOFT,SOFTEST,False,1.0,1.0,1.0,True,False,True,True
2018_13_VET_s2,2018_13,VET,Ferrari,2,SUPERSOFT,SOFTEST,False,2.0,22.0,21.0,True,False,True,True
2018_13_VET_s3,2018_13,VET,Ferrari,3,SOFT,MIDDLE,True,23.0,44.0,22.0,False,True,False,False
2018_15_ALO_s1,2018_15,ALO,McLaren,1,ULTRASOFT,MIDDLE,True,2.0,38.0,37.0,True,False,True,True
2018_15_ALO_s2,2018_15,ALO,McLaren,2,SOFT,HARDEST,True,39.0,61.0,23.0,False,True,False,False
2018_15_ALO_s<NA>,2018_15,ALO,McLaren,,UNKNOWN,UNKNOWN,True,1.0,1.0,,False,False,False,True
2018_15_BOT_s1,2018_15,BOT,Mercedes,1,HYPERSOFT,SOFTEST,False,2.0,16.0,15.0,True,False,True,True
2018_15_BOT_s2,2018_15,BOT,Mercedes,2,SOFT,HARDEST,True,17.0,61.0,45.0,False,True,False,False
2018_15_BOT_s<NA>,2018_15,BOT,Mercedes,,UNKNOWN,UNKNOWN,True,1.0,1.0,,False,False,False,True
2018_15_ERI_s1,2018_15,ERI,Sauber,1,ULTRASOFT,MIDDLE,True,2.0,56.0,55.0,True,False,True,True
2018_15_ERI_s2,2018_15,ERI,Sauber,2,HYPERSOFT,SOFTEST,True,57.0,60.0,4.0,False,True,False,False
2018_15_ERI_s<NA>,2018_15,ERI,Sauber,,UNKNOWN,UNKNOWN,True,1.0,1.0,,False,False,False,True
2018_15_GAS_s1,2018_15,GAS,Toro Rosso,1,HYPERSOFT,SOFTEST,True,2.0,26.0,25.0,True,False,True,True
2018_15_GAS_s2,2018_15,GAS,Toro Rosso,2,ULTRASOFT,MIDDLE,True,27.0,60.0,34.0,False,True,False,False
2018_15_GAS_s<NA>,2018_15,GAS,Toro Rosso,,UNKNOWN,UNKNOWN,True,1.0,1.0,,False,False,False,True
2018_15_GRO_s1,2018_15,GRO,Haas F1 Team,1,HYPERSOFT,SOFTEST,False,2.0,16.0,15.0,True,False,True,True
2018_15_GRO_s2,2018_15,GRO,Haas F1 Team,2,SOFT,HARDEST,True,17.0,60.0,44.0,False,True,False,False
2018_15_GRO_s<NA>,2018_15,GRO,Haas F1 Team,,UNKNOWN,UNKNOWN,True,1.0,1.0,,False,False,False,True
2018_15_HAM_s1,2018_15,HAM,Mercedes,1,HYPERSOFT,SOFTEST,False,3.0,15.0,13.0,True,False,True,True
2018_15_HAM_s2,2018_15,HAM,Mercedes,2,SOFT,HARDEST,True,16.0,61.0,46.0,False,True,False,False
2018_15_HAM_s<NA>,2018_15,HAM,Mercedes,,UNKNOWN,UNKNOWN,True,1.0,2.0,,False,False,False,True
2018_15_HAR_s1,2018_15,HAR,Toro Rosso,1,HYPERSOFT,SOFTEST,True,2.0,14.0,13.0,True,False,True,True
2018_15_HAR_s2,2018_15,HAR,Toro Rosso,2,ULTRASOFT,MIDDLE,True,15.0,36.0,22.0,True,False,True,False
2018_15_HAR_s3,2018_15,HAR,Toro Rosso,3,HYPERSOFT,SOFTEST,True,37.0,60.0,24.0,False,True,False,False
2018_15_HAR_s<NA>,2018_15,HAR,Toro Rosso,,UNKNOWN,UNKNOWN,True,1.0,1.0,,False,False,False,True
2018_15_HUL_s1,2018_15,HUL,Renault,1,HYPERSOFT,SOFTEST,False,2.0,15.0,14.0,True,False,True,True
2018_15_HUL_s2,2018_15,HUL,Renault,2,ULTRASOFT,MIDDLE,True,16.0,60.0,45.0,False,True,False,False
2018_15_HUL_s<NA>,2018_15,HUL,Renault,,UNKNOWN,UNKNOWN,True,1.0,1.0,,False,False,False,True
2018_15_LEC_s1,2018_15,LEC,Sauber,1,ULTRASOFT,MIDDLE,True,2.0,38.0,37.0,True,False,True,True
2018_15_LEC_s2,2018_15,LEC,Sauber,2,HYPERSOFT,SOFTEST,True,39.0,60.0,22.0,False,True,False,False
2018_15_LEC_s<NA>,2018_15,LEC,Sauber,,UNKNOWN,UNKNOWN,True,1.0,1.0,,False,False,False,True
2018_15_MAG_s1,2018_15,MAG,Haas F1 Team,1,ULTRASOFT,MIDDLE,True,2.0,26.0,25.0,True,False,True,True
2018_15_MAG_s2,2018_15,MAG,Haas F1 Team,2,SOFT,HARDEST,True,27.0,36.0,10.0,True,False,True,False
2018_15_MAG_s3,2018_15,MAG,Haas F1 Team,3,HYPERSOFT,SOFTEST,True,37.0,59.0,23.0,True,False,True,False
2018_15_MAG_s<NA>,2018_15,MAG,Haas F1 Team,,UNKNOWN,UNKNOWN,True,1.0,1.0,,False,False,False,True
2018_15_OCO_s1,2018_15,OCO,Racing Point,1,HYPERSOFT,SOFTEST,False,1.0,1.0,1.0,False,False,False,True
2018_15_PER_s1,2018_15,PER,Racing Point,1,HYPERSOFT,SOFTEST,False,2.0,17.0,16.0,True,False,True,True
2018_15_PER_s2,2018_15,PER,Racing Point,2,ULTRASOFT,MIDDLE,True,18.0,33.0,16.0,True,False,True,False
2018_15_PER_s3,2018_15,PER,Racing Point,3,SOFT,HARDEST,True,34.0,39.0,6.0,True,False,True,False
2018_15_PER_s4,2018_15,PER,Racing Point,4,SOFT,HARDEST,False,40.0,60.0,21.0,False,True,False,False
2018_15_PER_s<NA>,2018_15,PER,Racing Point,,UNKNOWN,UNKNOWN,True,1.0,1.0,,False,False,False,True
2018_15_RAI_s1,2018_15,RAI,Ferrari,1,HYPERSOFT,SOFTEST,False,2.0,22.0,21.0,True,False,True,True
2018_15_RAI_s2,2018_15,RAI,Ferrari,2,SOFT,HARDEST,True,23.0,61.0,39.0,False,True,False,False
2018_15_RAI_s<NA>,2018_15,RAI,Ferrari,,UNKNOWN,UNKNOWN,True,1.0,1.0,,False,False,False,True
2018_15_RIC_s1,2018_15,RIC,Red Bull Racing,1,HYPERSOFT,SOFTEST,False,2.0,27.0,26.0,True,False,True,True
2018_15_RIC_s2,2018_15,RIC,Red Bull Racing,2,ULTRASOFT,MIDDLE,True,28.0,61.0,34.0,False,True,False,False
2018_15_RIC_s<NA>,2018_15,RIC,Red Bull Racing,,UNKNOWN,UNKNOWN,True,1.0,1.0,,False,False,False,True
2018_15_SAI_s1,2018_15,SAI,Renault,1,ULTRASOFT,MIDDLE,True,2.0,37.0,36.0,True,False,True,True
2018_15_SAI_s2,2018_15,SAI,Renault,2,SOFT,HARDEST,True,38.0,60.0,23.0,False,True,False,False
2018_15_SAI_s<NA>,2018_15,SAI,Renault,,UNKNOWN,UNKNOWN,True,1.0,1.0,,False,False,False,True
2018_15_SIR_s1,2018_15,SIR,Williams,1,ULTRASOFT,MIDDLE,True,2.0,3.0,2.0,True,False,True,True
2018_15_SIR_s2,2018_15,SIR,Williams,2,SOFT,HARDEST,True,4.0,58.0,55.0,True,False,True,True
2018_15_SIR_s3,2018_15,SIR,Williams,3,HYPERSOFT,SOFTEST,True,59.0,59.0,1.0,False,False,False,False
2018_15_SIR_s<NA>,2018_15,SIR,Williams,,UNKNOWN,UNKNOWN,True,1.0,1.0,,False,False,False,True
2018_15_STR_s1,2018_15,STR,Williams,1,SOFT,HARDEST,True,2.0,40.0,39.0,True,False,True,True
2018_15_STR_s2,2018_15,STR,Williams,2,ULTRASOFT,MIDDLE,True,41.0,60.0,20.0,False,True,False,False
2018_15_STR_s<NA>,2018_15,STR,Williams,,UNKNOWN,UNKNOWN,True,1.0,1.0,,False,False,False,True
2018_15_VAN_s1,2018_15,VAN,McLaren,1,ULTRASOFT,MIDDLE,True,2.0,58.0,57.0,True,False,True,True
2018_15_VAN_s2,2018_15,VAN,McLaren,2,SOFT,HARDEST,True,59.0,60.0,2.0,False,True,False,False
2018_15_VAN_s<NA>,2018_15,VAN,McLaren,,UNKNOWN,UNKNOWN,True,1.0,1.0,,False,False,False,True
2018_15_VER_s1,2018_15,VER,Red Bull Racing,1,HYPERSOFT,SOFTEST,False,2.0,17.0,16.0,True,False,True,True
2018_15_VER_s2,2018_15,VER,Red Bull Racing,2,SOFT,HARDEST,True,18.0,61.0,44.0,False,True,False,False
2018_15_VER_s<NA>,2018_15,VER,Red Bull Racing,,UNKNOWN,UNKNOWN,True,1.0,1.0,,False,False,False,True
2018_15_VET_s1,2018_15,VET,Ferrari,1,HYPERSOFT,SOFTEST,False,2.0,14.0,13.0,True,False,True,True
2018_15_VET_s2,2018_15,VET,Ferrari,2,ULTRASOFT,MIDDLE,True,15.0,61.0,47.0,False,True,False,False
2018_15_VET_s<NA>,2018_15,VET,Ferrari,,UNKNOWN,UNKNOWN,True,1.0,1.0,,False,False,False,True
2018_16_ALO_s1,2018_16,ALO,McLaren,1,ULTRASOFT,MIDDLE,True,2.0,5.0,4.0,True,False,True,True
2018_16_ALO_s2,2018_16,ALO,McLaren,2,SOFT,HARDEST,True,6.0,52.0,47.0,False,True,False,False
2018_16_ALO_s<NA>,2018_16,ALO,McLaren,,UNKNOWN,UNKNOWN,True,1.0,1.0,,False,False,False,True
2018_16_BOT_s1,2018_16,BOT,Mercedes,1,ULTRASOFT,MIDDLE,False,3.0,12.0,10.0,True,False,True,True
2018_16_BOT_s2,2018_16,BOT,Mercedes,2,SOFT,HARDEST,True,13.0,53.0,41.0,False,True,False,False
2018_16_BOT_s<NA>,2018_16,BOT,Mercedes,,UNKNOWN,UNKNOWN,True,1.0,2.0,,False,False,False,True
2018_16_ERI_s1,2018_16,ERI,Sauber,1,HYPERSOFT,SOFTEST,False,2.0,11.0,10.0,True,False,True,True
2018_16_ERI_s2,2018_16,ERI,Sauber,2,SOFT,HARDEST,True,12.0,37.0,26.0,True,False,True,False
2018_16_ERI_s3,2018_16,ERI,Sauber,3,ULTRASOFT,MIDDLE,True,38.0,52.0,15.0,False,True,False,False
2018_16_ERI_s<NA>,2018_16,ERI,Sauber,,UNKNOWN,UNKNOWN,True,1.0,1.0,,False,False,False,True
2018_16_GAS_s1,2018_16,GAS,Toro Rosso,1,SOFT,HARDEST,True,2.0,4.0,3.0,True,False,True,True
2018_16_GAS_s<NA>,2018_16,GAS,Toro Rosso,,UNKNOWN,UNKNOWN,True,1.0,1.0,,False,False,False,True
2018_16_GRO_s1,2018_16,GRO,Haas F1 Team,1,HYPERSOFT,SOFTEST,False,2.0,8.0,7.0,True,False,True,True
2018_16_GRO_s2,2018_16,GRO,Haas F1 Team,2,SOFT,HARDEST,True,9.0,52.0,44.0,False,True,False,False
2018_16_GRO_s<NA>,2018_16,GRO,Haas F1 Team,,UNKNOWN,UNKNOWN,True,1.0,1.0,,False,False,False,True
2018_16_HAM_s1,2018_16,HAM,Mercedes,1,ULTRASOFT,MIDDLE,False,2.0,14.0,13.0,True,False,True,True
2018_16_HAM_s2,2018_16,HAM,Mercedes,2,SOFT,HARDEST,True,15.0,53.0,39.0,False,True,False,False
2018_16_HAM_s<NA>,2018_16,HAM,Mercedes,,UNKNOWN,UNKNOWN,True,1.0,1.0,,False,False,False,True
2018_16_HAR_s1,2018_16,HAR,Toro Rosso,1,HYPERSOFT,SOFTEST,True,2.0,3.0,2.0,True,False,True,False
2018_16_HAR_s2,2018_16,HAR,Toro Rosso,2,SOFT,HARDEST,True,4.0,4.0,1.0,True,False,True,True
2018_16_HAR_s<NA>,2018_16,HAR,Toro Rosso,,UNKNOWN,UNKNOWN,True,1.0,1.0,,False,False,False,True
2018_16_HUL_s1,2018_16,HUL,Renault,1,SOFT,HARDEST,True,2.0,35.0,34.0,True,False,True,True
2018_16_HUL_s2,2018_16,HUL,Renault,2,ULTRASOFT,MIDDLE,True,36.0,52.0,17.0,False,True,False,False
2018_16_HUL_s<NA>,2018_16,HUL,Renault,,UNKNOWN,UNKNOWN,True,1.0,1.0,,False,False,False,True
2018_16_LEC_s1,2018_16,LEC,Sauber,1,HYPERSOFT,SOFTEST,False,2.0,10.0,9.0,True,False,True,True
2018_16_LEC_s2,2018_16,LEC,Sauber,2,SOFT,HARDEST,True,11.0,53.0,43.0,False,True,False,False
2018_16_LEC_s<NA>,2018_16,LEC,Sauber,,UNKNOWN,UNKNOWN,True,1.0,1.0,,False,False,False,True
2018_16_MAG_s1,2018_16,MAG,Haas F1 Team,1,HYPERSOFT,SOFTEST,False,2.0,9.0,8.0,True,False,True,True
2018_16_MAG_s2,2018_16,MAG,Haas F1 Team,2,SOFT,HARDEST,True,10.0,52.0,43.0,False,True,False,False
2018_16_MAG_s<NA>,2018_16,MAG,Haas F1 Team,,UNKNOWN,UNKNOWN,True,1.0,1.0,,False,False,False,True
2018_16_OCO_s1,2018_16,OCO,Racing Point,1,HYPERSOFT,SOFTEST,False,2.0,10.0,9.0,True,False,True,True
2018_16_OCO_s2,2018_16,OCO,Racing Point,2,SOFT,HARDEST,True,11.0,52.0,42.0,False,True,False,False
2018_16_OCO_s<NA>,2018_16,OCO,Racing Point,,UNKNOWN,UNKNOWN,True,1.0,1.0,,False,False,False,True
2018_16_PER_s1,2018_16,PER,Racing Point,1,HYPERSOFT,SOFTEST,False,2.0,12.0,11.0,True,False,True,True
2018_16_PER_s2,2018_16,PER,Racing Point,2,SOFT,HARDEST,True,13.0,52.0,40.0,False,True,False,False
2018_16_PER_s<NA>,2018_16,PER,Racing Point,,UNKNOWN,UNKNOWN,True,1.0,1.0,,False,False,False,True
2018_16_RAI_s1,2018_16,RAI,Ferrari,1,ULTRASOFT,MIDDLE,False,2.0,18.0,17.0,True,False,True,True
2018_16_RAI_s2,2018_16,RAI,Ferrari,2,SOFT,HARDEST,True,19.0,53.0,35.0,False,True,False,False
2018_16_RAI_s<NA>,2018_16,RAI,Ferrari,,UNKNOWN,UNKNOWN,True,1.0,1.0,,False,False,False,True
2018_16_RIC_s1,2018_16,RIC,Red Bull Racing,1,SOFT,HARDEST,True,2.0,39.0,38.0,True,False,True,True
2018_16_RIC_s2,2018_16,RIC,Red Bull Racing,2,ULTRASOFT,MIDDLE,True,40.0,53.0,14.0,False,True,False,False
2018_16_RIC_s<NA>,2018_16,RIC,Red Bull Racing,,UNKNOWN,UNKNOWN,True,1.0,1.0,,False,False,False,True
2018_16_SAI_s1,2018_16,SAI,Renault,1,SOFT,HARDEST,True,2.0,32.0,31.0,True,False,True,True
2018_16_SAI_s2,2018_16,SAI,Renault,2,ULTRASOFT,MIDDLE,True,33.0,51.0,19.0,False,False,False,False
2018_16_SAI_s<NA>,2018_16,SAI,Renault,,UNKNOWN,UNKNOWN,True,1.0,1.0,,False,False,False,True
2018_16_SIR_s1,2018_16,SIR,Williams,1,ULTRASOFT,MIDDLE,True,2.0,10.0,9.0,True,False,True,True
2018_16_SIR_s2,2018_16,SIR,Williams,2,SOFT,HARDEST,True,11.0,51.0,41.0,False,False,False,False
2018_16_SIR_s<NA>,2018_16,SIR,Williams,,UNKNOWN,UNKNOWN,True,1.0,1.0,,False,False,False,True
2018_16_STR_s1,2018_16,STR,Williams,1,ULTRASOFT,MIDDLE,True,2.0,7.0,6.0,True,False,True,True
2018_16_STR_s2,2018_16,STR,Williams,2,SOFT,HARDEST,True,8.0,52.0,45.0,False,True,False,False
2018_16_STR_s<NA>,2018_16,STR,Williams,,UNKNOWN,UNKNOWN,True,1.0,1.0,,False,False,False,True
2018_16_VAN_s1,2018_16,VAN,McLaren,1,ULTRASOFT,MIDDLE,True,2.0,11.0,10.0,True,False,True,True
2018_16_VAN_s2,2018_16,VAN,McLaren,2,SOFT,HARDEST,True,12.0,51.0,40.0,False,False,False,False
2018_16_VAN_s<NA>,2018_16,VAN,McLaren,,UNKNOWN,UNKNOWN,True,1.0,1.0,,False,False,False,True
2018_16_VER_s1,2018_16,VER,Red Bull Racing,1,SOFT,HARDEST,True,2.0,43.0,42.0,True,False,True,True
2018_16_VER_s2,2018_16,VER,Red Bull Racing,2,ULTRASOFT,MIDDLE,True,44.0,53.0,10.0,False,True,False,False
2018_16_VER_s<NA>,2018_16,VER,Red Bull Racing,,UNKNOWN,UNKNOWN,True,1.0,1.0,,False,False,False,True
2018_16_VET_s1,2018_16,VET,Ferrari,1,ULTRASOFT,MIDDLE,False,2.0,13.0,12.0,True,False,True,True
2018_16_VET_s2,2018_16,VET,Ferrari,2,SOFT,HARDEST,True,14.0,53.0,40.0,False,True,False,False
2018_16_VET_s<NA>,2018_16,VET,Ferrari,,UNKNOWN,UNKNOWN,True,1.0,1.0,,False,False,False,True
2018_17_ALO_s1,2018_17,ALO,McLaren,1,SOFT,MIDDLE,True,2.0,26.0,25.0,True,False,True,True
2018_17_ALO_s2,2018_17,ALO,McLaren,2,MEDIUM,HARDEST,True,27.0,52.0,26.0,False,True,False,True
2018_17_ALO_s<NA>,2018_17,ALO,McLaren,,UNKNOWN,UNKNOWN,True,1.0,1.0,,False,False,False,False
2018_17_BOT_s1,2018_17,BOT,Mercedes,1,SOFT,MIDDLE,False,2.0,23.0,22.0,True,False,True,True
2018_17_BOT_s2,2018_17,BOT,Mercedes,2,MEDIUM,HARDEST,True,24.0,53.0,30.0,False,True,False,True
2018_17_BOT_s<NA>,2018_17,BOT,Mercedes,,UNKNOWN,UNKNOWN,True,1.0,1.0,,False,False,False,False
2018_17_ERI_s1,2018_17,ERI,Sauber,1,SOFT,MIDDLE,True,2.0,5.0,4.0,True,False,True,True
2018_17_ERI_s2,2018_17,ERI,Sauber,2,MEDIUM,HARDEST,True,6.0,52.0,47.0,False,True,False,True
2018_17_ERI_s<NA>,2018_17,ERI,Sauber,,UNKNOWN,UNKNOWN,True,1.0,1.0,,False,False,False,False
2018_17_GAS_s1,2018_17,GAS,Toro Rosso,1,SUPERSOFT,SOFTEST,False,2.0,29.0,28.0,True,False,True,True
2018_17_GAS_s2,2018_17,GAS,Toro Rosso,2,SOFT,MIDDLE,True,30.0,52.0,23.0,False,True,False,True
2018_17_GAS_s<NA>,2018_17,GAS,Toro Rosso,,UNKNOWN,UNKNOWN,True,1.0,1.0,,False,False,False,False
2018_17_GRO_s1,2018_17,GRO,Haas F1 Team,1,SOFT,MIDDLE,False,2.0,29.0,28.0,True,False,True,True
2018_17_GRO_s2,2018_17,GRO,Haas F1 Team,2,MEDIUM,HARDEST,True,30.0,53.0,24.0,False,True,False,True
2018_17_GRO_s<NA>,2018_17,GRO,Haas F1 Team,,UNKNOWN,UNKNOWN,True,1.0,1.0,,False,False,False,False
2018_17_HAM_s1,2018_17,HAM,Mercedes,1,SOFT,MIDDLE,False,3.0,24.0,22.0,True,False,True,True
2018_17_HAM_s2,2018_17,HAM,Mercedes,2,MEDIUM,HARDEST,True,25.0,53.0,29.0,False,True,False,True
2018_17_HAM_s<NA>,2018_17,HAM,Mercedes,,UNKNOWN,UNKNOWN,True,1.0,2.0,,False,False,False,False
2018_17_HAR_s1,2018_17,HAR,Toro Rosso,1,SUPERSOFT,SOFTEST,False,2.0,28.0,27.0,True,False,True,True
2018_17_HAR_s2,2018_17,HAR,Toro Rosso,2,SOFT,MIDDLE,True,29.0,52.0,24.0,False,True,False,True
2018_17_HAR_s<NA>,2018_17,HAR,Toro Rosso,,UNKNOWN,UNKNOWN,True,1.0,1.0,,False,False,False,False
2018_17_HUL_s1,2018_17,HUL,Renault,1,MEDIUM,HARDEST,True,2.0,30.0,29.0,True,False,True,True
2018_17_HUL_s2,2018_17,HUL,Renault,2,SOFT,MIDDLE,True,31.0,37.0,7.0,True,False,True,False
2018_17_HUL_s<NA>,2018_17,HUL,Renault,,UNKNOWN,UNKNOWN,True,1.0,1.0,,False,False,False,False
2018_17_LEC_s1,2018_17,LEC,Sauber,1,SOFT,MIDDLE,True,2.0,4.0,3.0,True,False,True,True
2018_17_LEC_s2,2018_17,LEC,Sauber,2,MEDIUM,HARDEST,True,5.0,35.0,31.0,True,False,True,True
2018_17_LEC_s3,2018_17,LEC,Sauber,3,SOFT,MIDDLE,False,36.0,39.0,4.0,False,False,False,True
2018_17_LEC_s<NA>,2018_17,LEC,Sauber,,UNKNOWN,UNKNOWN,True,1.0,1.0,,False,False,False,False
2018_17_MAG_s1,2018_17,MAG,Haas F1 Team,1,SOFT,MIDDLE,True,2.0,2.0,1.0,True,False,True,False
2018_17_MAG_s2,2018_17,MAG,Haas F1 Team,2,MEDIUM,HARDEST,True,3.0,8.0,6.0,True,False,True,True
2018_17_MAG_s<NA>,2018_17,MAG,Haas F1 Team,,UNKNOWN,UNKNOWN,True,1.0,1.0,,False,False,False,False
2018_17_OCO_s1,2018_17,OCO,Racing Point,1,SUPERSOFT,SOFTEST,False,2.0,26.0,25.0,True,False,True,True
2018_17_OCO_s2,2018_17,OCO,Racing Point,2,MEDIUM,HARDEST,True,27.0,53.0,27.0,False,True,False,True
2018_17_OCO_s<NA>,2018_17,OCO,Racing Point,,UNKNOWN,UNKNOWN,True,1.0,1.0,,False,False,False,False
2018_17_PER_s1,2018_17,PER,Racing Point,1,SUPERSOFT,SOFTEST,False,2.0,24.0,23.0,True,False,True,True
2018_17_PER_s2,2018_17,PER,Racing Point,2,SOFT,MIDDLE,True,25.0,53.0,29.0,False,True,False,True
2018_17_PER_s<NA>,2018_17,PER,Racing Point,,UNKNOWN,UNKNOWN,True,1.0,1.0,,False,False,False,False
2018_17_RAI_s1,2018_17,RAI,Ferrari,1,SUPERSOFT,SOFTEST,False,2.0,17.0,16.0,True,False,True,True
2018_17_RAI_s2,2018_17,RAI,Ferrari,2,MEDIUM,HARDEST,True,18.0,53.0,36.0,False,True,False,True
2018_17_RAI_s<NA>,2018_17,RAI,Ferrari,,UNKNOWN,UNKNOWN,True,1.0,1.0,,False,False,False,False
2018_17_RIC_s1,2018_17,RIC,Red Bull Racing,1,SOFT,MIDDLE,True,2.0,23.0,22.0,True,False,True,True
2018_17_RIC_s2,2018_17,RIC,Red Bull Racing,2,MEDIUM,HARDEST,True,24.0,53.0,30.0,False,True,False,True
2018_17_RIC_s<NA>,2018_17,RIC,Red Bull Racing,,UNKNOWN,UNKNOWN,True,1.0,1.0,,False,False,False,False
2018_17_SAI_s1,2018_17,SAI,Renault,1,SOFT,MIDDLE,True,2.0,32.0,31.0,True,False,True,True
2018_17_SAI_s2,2018_17,SAI,Renault,2,MEDIUM,HARDEST,True,33.0,52.0,20.0,False,True,False,True
2018_17_SAI_s<NA>,2018_17,SAI,Renault,,UNKNOWN,UNKNOWN,True,1.0,1.0,,False,False,False,False
2018_17_SIR_s1,2018_17,SIR,Williams,1,SOFT,MIDDLE,True,2.0,4.0,3.0,True,False,True,True
2018_17_SIR_s2,2018_17,SIR,Williams,2,MEDIUM,HARDEST,True,5.0,38.0,34.0,True,False,True,True
2018_17_SIR_s3,2018_17,SIR,Williams,3,SUPERSOFT,SOFTEST,True,39.0,52.0,14.0,False,True,False,True
2018_17_SIR_s<NA>,2018_17,SIR,Williams,,UNKNOWN,UNKNOWN,True,1.0,1.0,,False,False,False,False
2018_17_STR_s1,2018_17,STR,Williams,1,SOFT,MIDDLE,True,2.0,14.0,13.0,True,False,True,True
2018_17_STR_s2,2018_17,STR,Williams,2,MEDIUM,HARDEST,True,15.0,39.0,25.0,True,False,True,True
2018_17_STR_s3,2018_17,STR,Williams,3,SUPERSOFT,SOFTEST,True,40.0,52.0,13.0,False,True,False,True
2018_17_STR_s<NA>,2018_17,STR,Williams,,UNKNOWN,UNKNOWN,True,1.0,1.0,,False,False,False,False
2018_17_VAN_s1,2018_17,VAN,McLaren,1,SOFT,MIDDLE,True,2.0,23.0,22.0,True,False,True,True
2018_17_VAN_s2,2018_17,VAN,McLaren,2,MEDIUM,HARDEST,True,24.0,52.0,29.0,False,True,False,True
2018_17_VAN_s<NA>,2018_17,VAN,McLaren,,UNKNOWN,UNKNOWN,True,1.0,1.0,,False,False,False,False
2018_17_VER_s1,2018_17,VER,Red Bull Racing,1,SUPERSOFT,SOFTEST,False,2.0,21.0,20.0,True,False,True,True
2018_17_VER_s2,2018_17,VER,Red Bull Racing,2,SOFT,MIDDLE,True,22.0,53.0,32.0,False,True,False,True
2018_17_VER_s<NA>,2018_17,VER,Red Bull Racing,,UNKNOWN,UNKNOWN,True,1.0,1.0,,False,False,False,False
2018_17_VET_s1,2018_17,VET,Ferrari,1,SUPERSOFT,SOFTEST,False,2.0,26.0,25.0,True,False,True,True
2018_17_VET_s2,2018_17,VET,Ferrari,2,SOFT,MIDDLE,True,27.0,53.0,27.0,False,True,False,True
2018_17_VET_s<NA>,2018_17,VET,Ferrari,,UNKNOWN,UNKNOWN,True,1.0,1.0,,False,False,False,False
2018_18_ALO_s1,2018_18,ALO,McLaren,1,SUPERSOFT,MIDDLE,True,1.0,1.0,1.0,True,False,True,True
2018_18_BOT_s1,2018_18,BOT,Mercedes,1,SUPERSOFT,MIDDLE,False,1.0,23.0,23.0,True,False,True,True
2018_18_BOT_s2,2018_18,BOT,Mercedes,2,SOFT,HARDEST,True,24.0,56.0,33.0,False,True,False,False
2018_18_ERI_s1,2018_18,ERI,Sauber,1,SOFT,HARDEST,True,1.0,30.0,30.0,True,False,True,True
2018_18_ERI_s2,2018_18,ERI,Sauber,2,SUPERSOFT,MIDDLE,True,31.0,55.0,25.0,False,True,False,False
2018_18_GAS_s1,2018_18,GAS,Toro Rosso,1,SUPERSOFT,MIDDLE,True,1.0,10.0,10.0,True,False,True,True
2018_18_GAS_s2,2018_18,GAS,Toro Rosso,2,SOFT,HARDEST,True,11.0,36.0,26.0,True,False,True,True
2018_18_GAS_s3,2018_18,GAS,Toro Rosso,3,ULTRASOFT,SOFTEST,True,37.0,55.0,19.0,False,True,False,False
2018_18_GRO_s1,2018_18,GRO,Haas F1 Team,1,ULTRASOFT,SOFTEST,False,1.0,2.0,2.0,True,False,True,True
2018_18_HAM_s1,2018_18,HAM,Mercedes,1,SUPERSOFT,MIDDLE,False,1.0,11.0,11.0,True,False,True,True
2018_18_HAM_s2,2018_18,HAM,Mercedes,2,SOFT,HARDEST,True,12.0,37.0,26.0,True,False,True,True
2018_18_HAM_s3,2018_18,HAM,Mercedes,3,SOFT,HARDEST,True,38.0,56.0,19.0,False,True,False,False
2018_18_HAR_s1,2018_18,HAR,Toro Rosso,1,SUPERSOFT,MIDDLE,True,1.0,27.0,27.0,True,False,True,True
2018_18_HAR_s2,2018_18,HAR,Toro Rosso,2,SOFT,HARDEST,True,28.0,55.0,28.0,False,True,False,False
2018_18_HUL_s1,2018_18,HUL,Renault,1,ULTRASOFT,SOFTEST,False,1.0,23.0,23.0,True,False,True,True
2018_18_HUL_s2,2018_18,HUL,Renault,2,SOFT,HARDEST,True,24.0,56.0,33.0,False,True,False,False
2018_18_LEC_s1,2018_18,LEC,Sauber,1,ULTRASOFT,SOFTEST,False,1.0,2.0,2.0,True,False,True,True
2018_18_LEC_s2,2018_18,LEC,Sauber,2,SOFT,HARDEST,True,3.0,31.0,29.0,True,False,True,True
2018_18_MAG_s1,2018_18,MAG,Haas F1 Team,1,SUPERSOFT,MIDDLE,True,1.0,30.0,30.0,True,False,True,True
2018_18_MAG_s2,2018_18,MAG,Haas F1 Team,2,SOFT,HARDEST,True,31.0,56.0,26.0,False,True,False,False
2018_18_OCO_s1,2018_18,OCO,Racing Point,1,ULTRASOFT,SOFTEST,False,1.0,22.0,22.0,True,False,True,True
2018_18_OCO_s2,2018_18,OCO,Racing Point,2,SOFT,HARDEST,True,23.0,56.0,34.0,False,True,False,False
2018_18_PER_s1,2018_18,PER,Racing Point,1,ULTRASOFT,SOFTEST,False,1.0,25.0,25.0,True,False,True,True
2018_18_PER_s2,2018_18,PER,Racing Point,2,SOFT,HARDEST,True,26.0,56.0,31.0,False,True,False,False
2018_18_RAI_s1,2018_18,RAI,Ferrari,1,ULTRASOFT,SOFTEST,False,1.0,21.0,21.0,True,False,True,True
2018_18_RAI_s2,2018_18,RAI,Ferrari,2,SOFT,HARDEST,True,22.0,56.0,35.0,False,True,False,False
2018_18_RIC_s1,2018_18,RIC,Red Bull Racing,1,SUPERSOFT,MIDDLE,False,1.0,9.0,9.0,False,False,False,True
2018_18_SAI_s1,2018_18,SAI,Renault,1,SUPERSOFT,MIDDLE,False,1.0,24.0,24.0,True,False,True,True
2018_18_SAI_s2,2018_18,SAI,Renault,2,SOFT,HARDEST,True,25.0,56.0,32.0,False,True,False,False
2018_18_SIR_s1,2018_18,SIR,Williams,1,SUPERSOFT,MIDDLE,True,1.0,10.0,10.0,True,False,True,True
2018_18_SIR_s2,2018_18,SIR,Williams,2,SOFT,HARDEST,True,11.0,29.0,19.0,True,False,True,True
2018_18_SIR_s3,2018_18,SIR,Williams,3,SUPERSOFT,MIDDLE,True,30.0,55.0,26.0,False,True,False,False
2018_18_STR_s1,2018_18,STR,Williams,1,SUPERSOFT,MIDDLE,True,1.0,2.0,2.0,True,False,True,True
2018_18_STR_s2,2018_18,STR,Williams,2,SOFT,HARDEST,True,3.0,5.0,3.0,True,False,True,True
2018_18_STR_s3,2018_18,STR,Williams,3,UNKNOWN,UNKNOWN,False,6.0,38.0,33.0,True,False,True,True
2018_18_STR_s4,2018_18,STR,Williams,4,ULTRASOFT,SOFTEST,True,39.0,54.0,16.0,False,False,False,False
2018_18_VAN_s1,2018_18,VAN,McLaren,1,SUPERSOFT,MIDDLE,True,1.0,10.0,10.0,True,False,True,True
2018_18_VAN_s2,2018_18,VAN,McLaren,2,SOFT,HARDEST,True,11.0,40.0,30.0,True,False,True,True
2018_18_VAN_s3,2018_18,VAN,McLaren,3,SOFT,HARDEST,True,41.0,55.0,15.0,False,True,False,False
2018_18_VER_s1,2018_18,VER,Red Bull Racing,1,SOFT,HARDEST,True,1.0,22.0,22.0,True,False,True,True
2018_18_VER_s2,2018_18,VER,Red Bull Racing,2,SUPERSOFT,MIDDLE,True,23.0,56.0,34.0,False,True,False,False
2018_18_VET_s1,2018_18,VET,Ferrari,1,SUPERSOFT,MIDDLE,False,1.0,26.0,26.0,True,False,True,True
2018_18_VET_s2,2018_18,VET,Ferrari,2,SOFT,HARDEST,True,27.0,56.0,30.0,False,True,False,False
2018_19_ALO_s1,2018_19,ALO,McLaren,1,ULTRASOFT,MIDDLE,True,1.0,4.0,4.0,False,False,False,True
2018_19_BOT_s1,2018_19,BOT,Mercedes,1,ULTRASOFT,MIDDLE,False,1.0,11.0,11.0,True,False,True,True
2018_19_BOT_s2,2018_19,BOT,Mercedes,2,SUPERSOFT,HARDEST,True,12.0,48.0,37.0,True,False,True,True
2018_19_BOT_s3,2018_19,BOT,Mercedes,3,ULTRASOFT,MIDDLE,False,49.0,62.0,14.0,True,False,True,True
2018_19_BOT_s4,2018_19,BOT,Mercedes,4,HYPERSOFT,SOFTEST,False,63.0,70.0,8.0,False,True,False,True
2018_19_ERI_s1,2018_19,ERI,Sauber,1,HYPERSOFT,SOFTEST,False,1.0,16.0,16.0,True,False,True,True
2018_19_ERI_s2,2018_19,ERI,Sauber,2,SUPERSOFT,HARDEST,True,17.0,69.0,53.0,False,False,False,True
2018_19_GAS_s1,2018_19,GAS,Toro Rosso,1,HYPERSOFT,SOFTEST,True,1.0,5.0,5.0,True,False,True,True
2018_19_GAS_s2,2018_19,GAS,Toro Rosso,2,SUPERSOFT,HARDEST,True,6.0,26.0,21.0,True,False,True,False
2018_19_GAS_s3,2018_19,GAS,Toro Rosso,3,SUPERSOFT,HARDEST,True,27.0,69.0,43.0,False,False,False,True
2018_19_GRO_s1,2018_19,GRO,Haas F1 Team,1,SUPERSOFT,HARDEST,True,1.0,44.0,44.0,True,False,True,True
2018_19_GRO_s2,2018_19,GRO,Haas F1 Team,2,ULTRASOFT,MIDDLE,True,45.0,60.0,16.0,True,False,True,True
2018_19_GRO_s3,2018_19,GRO,Haas F1 Team,3,HYPERSOFT,SOFTEST,True,61.0,68.0,8.0,False,False,False,True
2018_19_HAM_s1,2018_19,HAM,Mercedes,1,ULTRASOFT,MIDDLE,False,1.0,11.0,11.0,True,False,True,True
2018_19_HAM_s2,2018_19,HAM,Mercedes,2,SUPERSOFT,HARDEST,True,12.0,47.0,36.0,True,False,True,True
2018_19_HAM_s3,2018_19,HAM,Mercedes,3,ULTRASOFT,MIDDLE,False,48.0,71.0,24.0,False,True,False,True
2018_19_HAR_s1,2018_19,HAR,Toro Rosso,1,SUPERSOFT,HARDEST,True,1.0,1.0,1.0,True,False,True,False
2018_19_HAR_s2,2018_19,HAR,Toro Rosso,2,ULTRASOFT,MIDDLE,True,2.0,24.0,23.0,True,False,True,True
2018_19_HAR_s3,2018_19,HAR,Toro Rosso,3,SUPERSOFT,HARDEST,True,25.0,69.0,45.0,False,False,False,True
2018_19_HUL_s1,2018_19,HUL,Renault,1,HYPERSOFT,SOFTEST,False,1.0,12.0,12.0,True,False,True,True
2018_19_HUL_s2,2018_19,HUL,Renault,2,SUPERSOFT,HARDEST,True,13.0,69.0,57.0,False,False,False,True
2018_19_LEC_s1,2018_19,LEC,Sauber,1,HYPERSOFT,SOFTEST,False,1.0,13.0,13.0,True,False,True,True
2018_19_LEC_s2,2018_19,LEC,Sauber,2,SUPERSOFT,HARDEST,True,14.0,69.0,56.0,False,False,False,True
2018_19_MAG_s1,2018_19,MAG,Haas F1 Team,1,SUPERSOFT,HARDEST,True,1.0,43.0,43.0,True,False,True,True
2018_19_MAG_s2,2018_19,MAG,Haas F1 Team,2,ULTRASOFT,MIDDLE,True,44.0,69.0,26.0,False,False,False,True
2018_19_OCO_s1,2018_19,OCO,Racing Point,1,SUPERSOFT,HARDEST,True,1.0,1.0,1.0,True,False,True,False
2018_19_OCO_s2,2018_19,OCO,Racing Point,2,SUPERSOFT,HARDEST,False,2.0,30.0,29.0,True,False,True,True
2018_19_OCO_s3,2018_19,OCO,Racing Point,3,ULTRASOFT,MIDDLE,False,31.0,69.0,39.0,False,False,False,True
2018_19_PER_s1,2018_19,PER,Racing Point,1,SUPERSOFT,HARDEST,True,1.0,30.0,30.0,True,False,True,True
2018_19_PER_s2,2018_19,PER,Racing Point,2,ULTRASOFT,MIDDLE,False,31.0,38.0,8.0,True,False,True,True
2018_19_RAI_s1,2018_19,RAI,Ferrari,1,ULTRASOFT,MIDDLE,False,1.0,17.0,17.0,True,False,True,True
2018_19_RAI_s2,2018_19,RAI,Ferrari,2,SUPERSOFT,HARDEST,True,18.0,71.0,54.0,False,True,False,True
2018_19_RIC_s1,2018_19,RIC,Red Bull Racing,1,ULTRASOFT,MIDDLE,False,1.0,12.0,12.0,True,False,True,True
2018_19_RIC_s2,2018_19,RIC,Red Bull Racing,2,SUPERSOFT,HARDEST,True,13.0,62.0,50.0,False,False,False,True
2018_19_SAI_s1,2018_19,SAI,Renault,1,HYPERSOFT,SOFTEST,False,1.0,11.0,11.0,True,False,True,True
2018_19_SAI_s2,2018_19,SAI,Renault,2,SUPERSOFT,HARDEST,True,12.0,29.0,18.0,False,False,False,True
2018_19_SIR_s1,2018_19,SIR,Williams,1,ULTRASOFT,MIDDLE,True,1.0,11.0,11.0,True,False,True,True
2018_19_SIR_s2,2018_19,SIR,Williams,2,SUPERSOFT,HARDEST,True,12.0,69.0,58.0,False,False,False,True
2018_19_STR_s1,2018_19,STR,Williams,1,ULTRASOFT,MIDDLE,True,1.0,10.0,10.0,True,False,True,True
2018_19_STR_s2,2018_19,STR,Williams,2,ULTRASOFT,MIDDLE,True,11.0,23.0,13.0,True,False,True,False
2018_19_STR_s3,2018_19,STR,Williams,3,SUPERSOFT,HARDEST,True,24.0,69.0,46.0,False,False,False,True
2018_19_VAN_s1,2018_19,VAN,McLaren,1,ULTRASOFT,MIDDLE,True,1.0,12.0,12.0,True,False,True,True
2018_19_VAN_s2,2018_19,VAN,McLaren,2,SUPERSOFT,HARDEST,True,13.0,69.0,57.0,False,False,False,True
2018_19_VER_s1,2018_19,VER,Red Bull Racing,1,ULTRASOFT,MIDDLE,False,1.0,13.0,13.0,True,False,True,True
2018_19_VER_s2,2018_19,VER,Red Bull Racing,2,SUPERSOFT,HARDEST,True,14.0,48.0,35.0,True,False,True,True
2018_19_VER_s3,2018_19,VER,Red Bull Racing,3,SUPERSOFT,HARDEST,True,49.0,71.0,23.0,False,True,False,True
2018_19_VET_s1,2018_19,VET,Ferrari,1,ULTRASOFT,MIDDLE,False,1.0,17.0,17.0,True,False,True,True
2018_19_VET_s2,2018_19,VET,Ferrari,2,SUPERSOFT,HARDEST,True,18.0,47.0,30.0,True,False,True,True
2018_19_VET_s3,2018_19,VET,Ferrari,3,ULTRASOFT,MIDDLE,True,48.0,71.0,24.0,False,True,False,True
2018_20_ALO_s1,2018_20,ALO,McLaren,1,SOFT,MIDDLE,True,1.0,15.0,15.0,True,False,True,False
2018_20_ALO_s2,2018_20,ALO,McLaren,2,MEDIUM,HARDEST,True,16.0,54.0,39.0,True,False,True,True
2018_20_ALO_s3,2018_20,ALO,McLaren,3,SUPERSOFT,SOFTEST,True,55.0,69.0,15.0,False,False,False,False
2018_20_BOT_s1,2018_20,BOT,Mercedes,1,SUPERSOFT,SOFTEST,False,1.0,18.0,18.0,True,False,True,False
2018_20_BOT_s2,2018_20,BOT,Mercedes,2,MEDIUM,HARDEST,True,19.0,59.0,41.0,True,False,True,True
2018_20_BOT_s3,2018_20,BOT,Mercedes,3,SOFT,MIDDLE,True,60.0,71.0,12.0,False,True,False,False
2018_20_ERI_s1,2018_20,ERI,Sauber,1,SUPERSOFT,SOFTEST,False,1.0,18.0,18.0,True,False,True,False
2018_20_ERI_s2,2018_20,ERI,Sauber,2,MEDIUM,HARDEST,True,19.0,20.0,2.0,True,False,True,True
2018_20_GAS_s1,2018_20,GAS,Toro Rosso,1,SUPERSOFT,SOFTEST,False,1.0,22.0,22.0,True,False,True,True
2018_20_GAS_s2,2018_20,GAS,Toro Rosso,2,MEDIUM,HARDEST,True,23.0,70.0,48.0,False,True,False,True
2018_20_GRO_s1,2018_20,GRO,Haas F1 Team,1,SUPERSOFT,SOFTEST,False,1.0,32.0,32.0,True,False,True,True
2018_20_GRO_s2,2018_20,GRO,Haas F1 Team,2,MEDIUM,HARDEST,True,33.0,71.0,39.0,False,True,False,True
2018_20_HAM_s1,2018_20,HAM,Mercedes,1,SUPERSOFT,SOFTEST,False,1.0,19.0,19.0,True,False,True,False
2018_20_HAM_s2,2018_20,HAM,Mercedes,2,MEDIUM,HARDEST,True,20.0,71.0,52.0,False,True,False,True
2018_20_HAR_s1,2018_20,HAR,Toro Rosso,1,MEDIUM,HARDEST,True,1.0,49.0,49.0,True,False,True,True
2018_20_HAR_s2,2018_20,HAR,Toro Rosso,2,SUPERSOFT,SOFTEST,True,50.0,70.0,21.0,False,True,False,False
2018_20_HUL_s1,2018_20,HUL,Renault,1,SOFT,MIDDLE,True,1.0,32.0,32.0,True,False,True,True
2018_20_LEC_s1,2018_20,LEC,Sauber,1,SUPERSOFT,SOFTEST,False,1.0,35.0,35.0,True,False,True,True
2018_20_LEC_s2,2018_20,LEC,Sauber,2,MEDIUM,HARDEST,True,36.0,71.0,36.0,False,True,False,True
2018_20_MAG_s1,2018_20,MAG,Haas F1 Team,1,SOFT,MIDDLE,True,1.0,41.0,41.0,True,False,True,True
2018_20_MAG_s2,2018_20,MAG,Haas F1 Team,2,SUPERSOFT,SOFTEST,True,42.0,71.0,30.0,False,True,False,True
2018_20_OCO_s1,2018_20,OCO,Racing Point,1,SOFT,MIDDLE,True,1.0,40.0,40.0,True,False,True,True
2018_20_OCO_s2,2018_20,OCO,Racing Point,2,SUPERSOFT,SOFTEST,True,41.0,57.0,17.0,True,False,True,True
2018_20_OCO_s3,2018_20,OCO,Racing Point,3,SUPERSOFT,SOFTEST,False,58.0,70.0,13.0,False,True,False,False
2018_20_PER_s1,2018_20,PER,Racing Point,1,SUPERSOFT,SOFTEST,True,1.0,39.0,39.0,True,False,True,True
2018_20_PER_s2,2018_20,PER,Racing Point,2,SOFT,MIDDLE,True,40.0,70.0,31.0,False,True,False,True
2018_20_RAI_s1,2018_20,RAI,Ferrari,1,SOFT,MIDDLE,False,1.0,31.0,31.0,True,False,True,True
2018_20_RAI_s2,2018_20,RAI,Ferrari,2,MEDIUM,HARDEST,True,32.0,71.0,40.0,False,True,False,True
2018_20_RIC_s1,2018_20,RIC,Red Bull Racing,1,SUPERSOFT,SOFTEST,False,1.0,39.0,39.0,True,False,True,True
2018_20_RIC_s2,2018_20,RIC,Red Bull Racing,2,SOFT,MIDDLE,True,40.0,71.0,32.0,False,True,False,True
2018_20_SAI_s1,2018_20,SAI,Renault,1,SOFT,MIDDLE,True,1.0,25.0,25.0,True,False,True,True
2018_20_SAI_s2,2018_20,SAI,Renault,2,MEDIUM,HARDEST,True,26.0,48.0,23.0,True,False,True,True
2018_20_SAI_s3,2018_20,SAI,Renault,3,SUPERSOFT,SOFTEST,True,49.0,70.0,22.0,False,True,False,False
2018_20_SIR_s1,2018_20,SIR,Williams,1,SOFT,MIDDLE,True,1.0,16.0,16.0,True,False,True,False
2018_20_SIR_s2,2018_20,SIR,Williams,2,MEDIUM,HARDEST,True,17.0,69.0,53.0,False,False,False,True
2018_20_STR_s1,2018_20,STR,Williams,1,SOFT,MIDDLE,True,1.0,17.0,17.0,True,False,True,False
2018_20_STR_s2,2018_20,STR,Williams,2,MEDIUM,HARDEST,True,18.0,65.0,48.0,True,False,True,True
2018_20_STR_s3,2018_20,STR,Williams,3,SUPERSOFT,SOFTEST,True,66.0,69.0,4.0,False,False,False,False
2018_20_VAN_s1,2018_20,VAN,McLaren,1,SOFT,MIDDLE,True,1.0,28.0,28.0,True,False,True,True
2018_20_VAN_s2,2018_20,VAN,McLaren,2,MEDIUM,HARDEST,True,29.0,70.0,42.0,False,True,False,True
2018_20_VER_s1,2018_20,VER,Red Bull Racing,1,SUPERSOFT,SOFTEST,False,1.0,35.0,35.0,True,False,True,True
2018_20_VER_s2,2018_20,VER,Red Bull Racing,2,SOFT,MIDDLE,True,36.0,71.0,36.0,False,True,False,True
2018_20_VET_s1,2018_20,VET,Ferrari,1,SOFT,MIDDLE,False,1.0,27.0,27.0,True,False,True,True
2018_20_VET_s2,2018_20,VET,Ferrari,2,MEDIUM,HARDEST,True,28.0,53.0,26.0,True,False,True,True
2018_20_VET_s3,2018_20,VET,Ferrari,3,SUPERSOFT,SOFTEST,False,54.0,71.0,18.0,False,True,False,False
2018_21_ALO_s1,2018_21,ALO,McLaren,1,ULTRASOFT,MIDDLE,True,1.0,27.0,27.0,True,False,True,True
2018_21_ALO_s2,2018_21,ALO,McLaren,2,SUPERSOFT,HARDEST,True,28.0,54.0,27.0,False,True,False,True
2018_21_BOT_s1,2018_21,BOT,Mercedes,1,ULTRASOFT,MIDDLE,False,1.0,16.0,16.0,True,False,True,True
2018_21_BOT_s2,2018_21,BOT,Mercedes,2,SUPERSOFT,HARDEST,True,17.0,40.0,24.0,True,False,True,False
2018_21_BOT_s3,2018_21,BOT,Mercedes,3,ULTRASOFT,MIDDLE,True,41.0,55.0,15.0,False,True,False,True
2018_21_ERI_s1,2018_21,ERI,Sauber,1,SUPERSOFT,HARDEST,True,1.0,25.0,25.0,False,False,False,True
2018_21_GAS_s1,2018_21,GAS,Toro Rosso,1,SUPERSOFT,HARDEST,True,1.0,29.0,29.0,True,False,True,True
2018_21_GAS_s2,2018_21,GAS,Toro Rosso,2,ULTRASOFT,MIDDLE,True,30.0,47.0,18.0,False,False,False,True
2018_21_GRO_s1,2018_21,GRO,Haas F1 Team,1,HYPERSOFT,SOFTEST,False,1.0,7.0,7.0,True,False,True,True
2018_21_GRO_s2,2018_21,GRO,Haas F1 Team,2,SUPERSOFT,HARDEST,True,8.0,54.0,47.0,False,True,False,True
2018_21_HAM_s1,2018_21,HAM,Mercedes,1,ULTRASOFT,MIDDLE,False,1.0,7.0,7.0,True,False,True,True
2018_21_HAM_s2,2018_21,HAM,Mercedes,2,SUPERSOFT,HARDEST,True,8.0,55.0,48.0,False,True,False,True
2018_21_HAR_s1,2018_21,HAR,Toro Rosso,1,ULTRASOFT,MIDDLE,True,1.0,2.0,2.0,True,False,True,True
2018_21_HAR_s2,2018_21,HAR,Toro Rosso,2,SUPERSOFT,HARDEST,True,3.0,54.0,52.0,False,True,False,True
2018_21_HUL_s1,2018_21,HUL,Renault,1,HYPERSOFT,SOFTEST,False,1.0,1.0,1.0,False,False,False,True
2018_21_LEC_s1,2018_21,LEC,Sauber,1,HYPERSOFT,SOFTEST,False,1.0,7.0,7.0,True,False,True,True
2018_21_LEC_s2,2018_21,LEC,Sauber,2,SUPERSOFT,HARDEST,True,8.0,55.0,48.0,False,True,False,True
2018_21_MAG_s1,2018_21,MAG,Haas F1 Team,1,SUPERSOFT,HARDEST,True,1.0,41.0,41.0,True,False,True,True
2018_21_MAG_s2,2018_21,MAG,Haas F1 Team,2,ULTRASOFT,MIDDLE,True,42.0,54.0,13.0,False,True,False,True
2018_21_OCO_s1,2018_21,OCO,Racing Point,1,HYPERSOFT,SOFTEST,False,1.0,18.0,18.0,True,False,True,True
2018_21_OCO_s2,2018_21,OCO,Racing Point,2,SUPERSOFT,HARDEST,True,19.0,45.0,27.0,True,False,True,False
2018_21_PER_s1,2018_21,PER,Racing Point,1,ULTRASOFT,MIDDLE,True,1.0,26.0,26.0,True,False,True,True
2018_21_PER_s2,2018_21,PER,Racing Point,2,SUPERSOFT,HARDEST,True,27.0,55.0,29.0,False,True,False,True
2018_21_RAI_s1,2018_21,RAI,Ferrari,1,ULTRASOFT,MIDDLE,False,1.0,7.0,7.0,True,False,True,True
2018_21_RIC_s1,2018_21,RIC,Red Bull Racing,1,ULTRASOFT,MIDDLE,False,1.0,33.0,33.0,True,False,True,True
2018_21_RIC_s2,2018_21,RIC,Red Bull Racing,2,SUPERSOFT,HARDEST,True,34.0,55.0,22.0,False,True,False,True
2018_21_SAI_s1,2018_21,SAI,Renault,1,ULTRASOFT,MIDDLE,True,1.0,37.0,37.0,True,False,True,True
2018_21_SAI_s2,2018_21,SAI,Renault,2,SUPERSOFT,HARDEST,True,38.0,55.0,18.0,False,True,False,True
2018_21_SIR_s1,2018_21,SIR,Williams,1,SUPERSOFT,HARDEST,True,1.0,35.0,35.0,True,False,True,True
2018_21_SIR_s2,2018_21,SIR,Williams,2,ULTRASOFT,MIDDLE,True,36.0,54.0,19.0,False,True,False,True
2018_21_STR_s1,2018_21,STR,Williams,1,SUPERSOFT,HARDEST,True,1.0,40.0,40.0,True,False,True,True
2018_21_STR_s2,2018_21,STR,Williams,2,ULTRASOFT,MIDDLE,True,41.0,54.0,14.0,False,True,False,True
2018_21_VAN_s1,2018_21,VAN,McLaren,1,SUPERSOFT,HARDEST,True,1.0,35.0,35.0,True,False,True,True
2018_21_VAN_s2,2018_21,VAN,McLaren,2,ULTRASOFT,MIDDLE,True,36.0,54.0,19.0,False,True,False,True
2018_21_VER_s1,2018_21,VER,Red Bull Racing,1,HYPERSOFT,SOFTEST,False,1.0,17.0,17.0,True,False,True,True
2018_21_VER_s2,2018_21,VER,Red Bull Racing,2,SUPERSOFT,HARDEST,True,18.0,55.0,38.0,False,True,False,True
2018_21_VET_s1,2018_21,VET,Ferrari,1,ULTRASOFT,MIDDLE,False,1.0,15.0,15.0,True,False,True,True
2018_21_VET_s2,2018_21,VET,Ferrari,2,SUPERSOFT,HARDEST,True,16.0,55.0,40.0,False,True,False,True
2019_01_ALB_s1,2019_01,ALB,Toro Rosso,1,SOFT,SOFTEST,True,1.0,14.0,14.0,True,False,True,True
2019_01_ALB_s2,2019_01,ALB,Toro Rosso,2,MEDIUM,MIDDLE,True,15.0,57.0,43.0,False,True,False,True
2019_01_BOT_s1,2019_01,BOT,Mercedes,1,SOFT,SOFTEST,False,1.0,23.0,23.0,True,False,True,True
2019_01_BOT_s2,2019_01,BOT,Mercedes,2,MEDIUM,MIDDLE,True,24.0,58.0,35.0,False,True,False,True
2019_01_GAS_s1,2019_01,GAS,Red Bull Racing,1,MEDIUM,MIDDLE,True,1.0,37.0,37.0,True,False,True,True
2019_01_GAS_s2,2019_01,GAS,Red Bull Racing,2,SOFT,SOFTEST,True,38.0,57.0,20.0,False,True,False,False
2019_01_GIO_s1,2019_01,GIO,Alfa Romeo Racing,1,MEDIUM,MIDDLE,True,1.0,27.0,27.0,True,False,True,True
2019_01_GIO_s2,2019_01,GIO,Alfa Romeo Racing,2,SOFT,SOFTEST,True,28.0,57.0,30.0,False,True,False,True
2019_01_GRO_s1,2019_01,GRO,Haas F1 Team,1,SOFT,SOFTEST,False,1.0,15.0,15.0,True,False,True,True
2019_01_GRO_s2,2019_01,GRO,Haas F1 Team,2,MEDIUM,MIDDLE,True,16.0,30.0,15.0,False,False,False,True
2019_01_HAM_s1,2019_01,HAM,Mercedes,1,SOFT,SOFTEST,False,1.0,15.0,15.0,True,False,True,True
2019_01_HAM_s2,2019_01,HAM,Mercedes,2,MEDIUM,MIDDLE,True,16.0,58.0,43.0,False,True,False,True
2019_01_HUL_s1,2019_01,HUL,Renault,1,SOFT,SOFTEST,True,1.0,13.0,13.0,True,False,True,True
2019_01_HUL_s2,2019_01,HUL,Renault,2,HARD,HARDEST,True,14.0,57.0,44.0,False,True,False,True
2019_01_KUB_s1,2019_01,KUB,Williams,1,HARD,HARDEST,True,1.0,1.0,1.0,True,False,True,True
2019_01_KUB_s2,2019_01,KUB,Williams,2,MEDIUM,MIDDLE,True,2.0,28.0,27.0,True,False,True,False
2019_01_KUB_s3,2019_01,KUB,Williams,3,SOFT,SOFTEST,True,29.0,44.0,16.0,True,False,True,True
2019_01_KUB_s4,2019_01,KUB,Williams,4,SOFT,SOFTEST,False,45.0,55.0,11.0,False,False,False,False
2019_01_KVY_s1,2019_01,KVY,Toro Rosso,1,MEDIUM,MIDDLE,True,1.0,26.0,26.0,True,False,True,True
2019_01_KVY_s2,2019_01,KVY,Toro Rosso,2,HARD,HARDEST,False,27.0,57.0,31.0,False,True,False,True
2019_01_LEC_s1,2019_01,LEC,Ferrari,1,SOFT,SOFTEST,False,1.0,28.0,28.0,True,False,True,True
2019_01_LEC_s2,2019_01,LEC,Ferrari,2,HARD,HARDEST,True,29.0,58.0,30.0,False,True,False,True
2019_01_MAG_s1,2019_01,MAG,Haas F1 Team,1,SOFT,SOFTEST,False,1.0,14.0,14.0,True,False,True,True
2019_01_MAG_s2,2019_01,MAG,Haas F1 Team,2,MEDIUM,MIDDLE,True,15.0,58.0,44.0,False,True,False,True
2019_01_NOR_s1,2019_01,NOR,McLaren,1,SOFT,SOFTEST,False,1.0,15.0,15.0,True,False,True,True
2019_01_NOR_s2,2019_01,NOR,McLaren,2,HARD,HARDEST,True,16.0,57.0,42.0,False,True,False,True
2019_01_PER_s1,2019_01,PER,Racing Point,1,SOFT,SOFTEST,False,1.0,13.0,13.0,True,False,True,True
2019_01_PER_s2,2019_01,PER,Racing Point,2,HARD,HARDEST,True,14.0,57.0,44.0,False,True,False,True
2019_01_RAI_s1,2019_01,RAI,Alfa Romeo Racing,1,SOFT,SOFTEST,False,1.0,12.0,12.0,True,False,True,True
2019_01_RAI_s2,2019_01,RAI,Alfa Romeo Racing,2,MEDIUM,MIDDLE,True,13.0,57.0,45.0,False,True,False,True
2019_01_RIC_s1,2019_01,RIC,Renault,1,SOFT,SOFTEST,True,1.0,1.0,1.0,True,False,True,True
2019_01_RIC_s2,2019_01,RIC,Renault,2,HARD,HARDEST,True,2.0,29.0,28.0,True,False,True,False
2019_01_RUS_s1,2019_01,RUS,Williams,1,MEDIUM,MIDDLE,True,1.0,26.0,26.0,True,False,True,True
2019_01_RUS_s2,2019_01,RUS,Williams,2,SOFT,SOFTEST,True,27.0,42.0,16.0,True,False,True,True
2019_01_RUS_s3,2019_01,RUS,Williams,3,HARD,HARDEST,True,43.0,56.0,14.0,False,False,False,False
2019_01_SAI_s1,2019_01,SAI,McLaren,1,SOFT,SOFTEST,True,1.0,10.0,10.0,False,False,False,True
2019_01_STR_s1,2019_01,STR,Racing Point,1,MEDIUM,MIDDLE,True,1.0,27.0,27.0,True,False,True,True
2019_01_STR_s2,2019_01,STR,Racing Point,2,HARD,HARDEST,True,28.0,57.0,30.0,False,True,False,True
2019_01_VER_s1,2019_01,VER,Red Bull Racing,1,SOFT,SOFTEST,False,1.0,25.0,25.0,True,False,True,True
2019_01_VER_s2,2019_01,VER,Red Bull Racing,2,MEDIUM,MIDDLE,True,26.0,58.0,33.0,False,True,False,True
2019_01_VET_s1,2019_01,VET,Ferrari,1,SOFT,SOFTEST,False,1.0,14.0,14.0,True,False,True,True
2019_01_VET_s2,2019_01,VET,Ferrari,2,MEDIUM,MIDDLE,True,15.0,58.0,44.0,False,True,False,True
2019_02_ALB_s1,2019_02,ALB,Toro Rosso,1,SOFT,SOFTEST,False,1.0,9.0,9.0,True,False,True,True
2019_02_ALB_s2,2019_02,ALB,Toro Rosso,2,SOFT,SOFTEST,True,10.0,25.0,16.0,True,False,True,True
2019_02_ALB_s3,2019_02,ALB,Toro Rosso,3,MEDIUM,MIDDLE,True,26.0,57.0,32.0,False,True,False,True
2019_02_BOT_s1,2019_02,BOT,Mercedes,1,SOFT,SOFTEST,False,1.0,12.0,12.0,True,False,True,True
2019_02_BOT_s2,2019_02,BOT,Mercedes,2,MEDIUM,MIDDLE,True,13.0,39.0,27.0,True,False,True,True
2019_02_BOT_s3,2019_02,BOT,Mercedes,3,SOFT,SOFTEST,False,40.0,57.0,18.0,False,True,False,True
2019_02_GAS_s1,2019_02,GAS,Red Bull Racing,1,SOFT,SOFTEST,False,1.0,9.0,9.0,True,False,True,True
2019_02_GAS_s2,2019_02,GAS,Red Bull Racing,2,SOFT,SOFTEST,True,10.0,39.0,30.0,True,False,True,True
2019_02_GAS_s3,2019_02,GAS,Red Bull Racing,3,MEDIUM,MIDDLE,True,40.0,57.0,18.0,False,True,False,True
2019_02_GIO_s1,2019_02,GIO,Alfa Romeo Racing,1,SOFT,SOFTEST,True,1.0,16.0,16.0,True,False,True,True
2019_02_GIO_s2,2019_02,GIO,Alfa Romeo Racing,2,MEDIUM,MIDDLE,True,17.0,41.0,25.0,True,False,True,True
2019_02_GIO_s3,2019_02,GIO,Alfa Romeo Racing,3,SOFT,SOFTEST,True,42.0,57.0,16.0,False,True,False,True
2019_02_GRO_s1,2019_02,GRO,Haas F1 Team,1,SOFT,SOFTEST,False,1.0,1.0,1.0,True,False,True,True
2019_02_GRO_s2,2019_02,GRO,Haas F1 Team,2,MEDIUM,MIDDLE,True,2.0,16.0,15.0,True,False,True,True
2019_02_HAM_s1,2019_02,HAM,Mercedes,1,SOFT,SOFTEST,False,1.0,13.0,13.0,True,False,True,True
2019_02_HAM_s2,2019_02,HAM,Mercedes,2,SOFT,SOFTEST,True,14.0,34.0,21.0,True,False,True,False
2019_02_HAM_s3,2019_02,HAM,Mercedes,3,MEDIUM,MIDDLE,True,35.0,57.0,23.0,False,True,False,True
2019_02_HUL_s1,2019_02,HUL,Renault,1,SOFT,SOFTEST,True,1.0,12.0,12.0,True,False,True,True
2019_02_HUL_s2,2019_02,HUL,Renault,2,SOFT,SOFTEST,True,13.0,32.0,20.0,True,False,True,False
2019_02_HUL_s3,2019_02,HUL,Renault,3,MEDIUM,MIDDLE,True,33.0,54.0,22.0,False,False,False,True
2019_02_KUB_s1,2019_02,KUB,Williams,1,MEDIUM,MIDDLE,True,1.0,11.0,11.0,True,False,True,True
2019_02_KUB_s2,2019_02,KUB,Williams,2,SOFT,SOFTEST,True,12.0,27.0,16.0,True,False,True,True
2019_02_KUB_s3,2019_02,KUB,Williams,3,MEDIUM,MIDDLE,False,28.0,55.0,28.0,False,False,False,True
2019_02_KVY_s1,2019_02,KVY,Toro Rosso,1,SOFT,SOFTEST,True,1.0,12.0,12.0,True,False,True,True
2019_02_KVY_s2,2019_02,KVY,Toro Rosso,2,MEDIUM,MIDDLE,True,13.0,38.0,26.0,True,False,True,True
2019_02_KVY_s3,2019_02,KVY,Toro Rosso,3,SOFT,SOFTEST,True,39.0,56.0,18.0,False,True,False,True
2019_02_LEC_s1,2019_02,LEC,Ferrari,1,SOFT,SOFTEST,False,1.0,13.0,13.0,True,False,True,True
2019_02_LEC_s2,2019_02,LEC,Ferrari,2,MEDIUM,MIDDLE,True,14.0,36.0,23.0,True,False,True,False
2019_02_LEC_s3,2019_02,LEC,Ferrari,3,MEDIUM,MIDDLE,True,37.0,57.0,21.0,False,True,False,True
2019_02_MAG_s1,2019_02,MAG,Haas F1 Team,1,SOFT,SOFTEST,False,1.0,10.0,10.0,True,False,True,True
2019_02_MAG_s2,2019_02,MAG,Haas F1 Team,2,MEDIUM,MIDDLE,True,11.0,38.0,28.0,True,False,True,True
2019_02_MAG_s3,2019_02,MAG,Haas F1 Team,3,SOFT,SOFTEST,False,39.0,56.0,18.0,False,True,False,True
2019_02_NOR_s1,2019_02,NOR,McLaren,1,SOFT,SOFTEST,False,1.0,10.0,10.0,True,False,True,True
2019_02_NOR_s2,2019_02,NOR,McLaren,2,MEDIUM,MIDDLE,True,11.0,34.0,24.0,True,False,True,True
2019_02_NOR_s3,2019_02,NOR,McLaren,3,SOFT,SOFTEST,False,35.0,57.0,23.0,False,True,False,True
2019_02_PER_s1,2019_02,PER,Racing Point,1,SOFT,SOFTEST,True,1.0,8.0,8.0,True,False,True,True
2019_02_PER_s2,2019_02,PER,Racing Point,2,MEDIUM,MIDDLE,True,9.0,33.0,25.0,True,False,True,True
2019_02_PER_s3,2019_02,PER,Racing Point,3,MEDIUM,MIDDLE,True,34.0,57.0,24.0,False,True,False,True
2019_02_RAI_s1,2019_02,RAI,Alfa Romeo Racing,1,SOFT,SOFTEST,False,1.0,9.0,9.0,True,False,True,True
2019_02_RAI_s2,2019_02,RAI,Alfa Romeo Racing,2,MEDIUM,MIDDLE,True,10.0,33.0,24.0,True,False,True,True
2019_02_RAI_s3,2019_02,RAI,Alfa Romeo Racing,3,SOFT,SOFTEST,False,34.0,57.0,24.0,False,True,False,True
2019_02_RIC_s1,2019_02,RIC,Renault,1,SOFT,SOFTEST,True,1.0,24.0,24.0,True,False,True,True
2019_02_RIC_s2,2019_02,RIC,Renault,2,MEDIUM,MIDDLE,True,25.0,54.0,30.0,False,False,False,True
2019_02_RUS_s1,2019_02,RUS,Williams,1,SOFT,SOFTEST,True,1.0,12.0,12.0,True,False,True,True
2019_02_RUS_s2,2019_02,RUS,Williams,2,MEDIUM,MIDDLE,True,13.0,26.0,14.0,True,False,True,False
2019_02_RUS_s3,2019_02,RUS,Williams,3,MEDIUM,MIDDLE,True,27.0,56.0,30.0,False,True,False,True
2019_02_SAI_s1,2019_02,SAI,McLaren,1,SOFT,SOFTEST,False,1.0,4.0,4.0,True,False,True,True
2019_02_SAI_s2,2019_02,SAI,McLaren,2,MEDIUM,MIDDLE,True,5.0,24.0,20.0,True,False,True,True
2019_02_SAI_s3,2019_02,SAI,McLaren,3,HARD,HARDEST,False,25.0,40.0,16.0,True,False,True,True
2019_02_SAI_s4,2019_02,SAI,McLaren,4,SOFT,SOFTEST,False,41.0,53.0,13.0,True,False,True,True
2019_02_STR_s1,2019_02,STR,Racing Point,1,SOFT,SOFTEST,True,1.0,1.0,1.0,True,False,True,True
2019_02_STR_s2,2019_02,STR,Racing Point,2,MEDIUM,MIDDLE,True,2.0,23.0,22.0,True,False,True,True
2019_02_STR_s3,2019_02,STR,Racing Point,3,MEDIUM,MIDDLE,True,24.0,56.0,33.0,False,True,False,True
2019_02_VER_s1,2019_02,VER,Red Bull Racing,1,SOFT,SOFTEST,False,1.0,11.0,11.0,True,False,True,True
2019_02_VER_s2,2019_02,VER,Red Bull Racing,2,MEDIUM,MIDDLE,True,12.0,32.0,21.0,True,False,True,True
2019_02_VER_s3,2019_02,VER,Red Bull Racing,3,MEDIUM,MIDDLE,True,33.0,57.0,25.0,False,True,False,True
2019_02_VET_s1,2019_02,VET,Ferrari,1,SOFT,SOFTEST,False,1.0,14.0,14.0,True,False,True,True
2019_02_VET_s2,2019_02,VET,Ferrari,2,MEDIUM,MIDDLE,True,15.0,35.0,21.0,True,False,True,False
2019_02_VET_s3,2019_02,VET,Ferrari,3,MEDIUM,MIDDLE,True,36.0,38.0,3.0,True,False,True,True
2019_02_VET_s4,2019_02,VET,Ferrari,4,SOFT,SOFTEST,False,39.0,57.0,19.0,False,True,False,True
2019_03_ALB_s1,2019_03,ALB,Toro Rosso,1,SOFT,SOFTEST,True,1.0,19.0,19.0,True,False,True,True
2019_03_ALB_s2,2019_03,ALB,Toro Rosso,2,HARD,HARDEST,True,20.0,55.0,36.0,False,True,False,False
2019_03_BOT_s1,2019_03,BOT,Mercedes,1,MEDIUM,MIDDLE,False,1.0,21.0,21.0,True,False,True,True
2019_03_BOT_s2,2019_03,BOT,Mercedes,2,HARD,HARDEST,True,22.0,36.0,15.0,True,False,True,False
2019_03_BOT_s3,2019_03,BOT,Mercedes,3,MEDIUM,MIDDLE,True,37.0,56.0,20.0,False,True,False,False
2019_03_GAS_s1,2019_03,GAS,Red Bull Racing,1,SOFT,SOFTEST,False,1.0,19.0,19.0,True,False,True,True
2019_03_GAS_s2,2019_03,GAS,Red Bull Racing,2,HARD,HARDEST,True,20.0,39.0,20.0,True,False,True,False
2019_03_GAS_s3,2019_03,GAS,Red Bull Racing,3,MEDIUM,MIDDLE,True,40.0,53.0,14.0,True,False,True,False
2019_03_GAS_s4,2019_03,GAS,Red Bull Racing,4,SOFT,SOFTEST,False,54.0,56.0,3.0,False,True,False,False
2019_03_GIO_s1,2019_03,GIO,Alfa Romeo Racing,1,SOFT,SOFTEST,True,1.0,7.0,7.0,True,False,True,True
2019_03_GIO_s2,2019_03,GIO,Alfa Romeo Racing,2,MEDIUM,MIDDLE,True,8.0,30.0,23.0,True,False,True,False
2019_03_GIO_s3,2019_03,GIO,Alfa Romeo Racing,3,MEDIUM,MIDDLE,True,31.0,55.0,25.0,False,True,False,False
2019_03_GRO_s1,2019_03,GRO,Haas F1 Team,1,SOFT,SOFTEST,False,1.0,8.0,8.0,True,False,True,True
2019_03_GRO_s2,2019_03,GRO,Haas F1 Team,2,HARD,HARDEST,True,9.0,35.0,27.0,True,False,True,False
2019_03_GRO_s3,2019_03,GRO,Haas F1 Team,3,MEDIUM,MIDDLE,True,36.0,55.0,20.0,False,True,False,False
2019_03_HAM_s1,2019_03,HAM,Mercedes,1,MEDIUM,MIDDLE,False,1.0,22.0,22.0,True,False,True,True
2019_03_HAM_s2,2019_03,HAM,Mercedes,2,HARD,HARDEST,True,23.0,36.0,14.0,True,False,True,False
2019_03_HAM_s3,2019_03,HAM,Mercedes,3,MEDIUM,MIDDLE,False,37.0,56.0,20.0,False,True,False,False
2019_03_HUL_s1,2019_03,HUL,Renault,1,SOFT,SOFTEST,False,1.0,11.0,11.0,True,False,True,True
2019_03_HUL_s2,2019_03,HUL,Renault,2,HARD,HARDEST,True,12.0,16.0,5.0,True,False,True,False
2019_03_KUB_s1,2019_03,KUB,Williams,1,MEDIUM,MIDDLE,True,1.0,26.0,26.0,True,False,True,True
2019_03_KUB_s2,2019_03,KUB,Williams,2,HARD,HARDEST,True,27.0,54.0,28.0,False,False,False,False
2019_03_KVY_s1,2019_03,KVY,Toro Rosso,1,MEDIUM,MIDDLE,True,1.0,7.0,7.0,True,False,True,True
2019_03_KVY_s2,2019_03,KVY,Toro Rosso,2,MEDIUM,MIDDLE,False,8.0,25.0,18.0,True,False,True,False
2019_03_KVY_s3,2019_03,KVY,Toro Rosso,3,HARD,HARDEST,True,26.0,30.0,5.0,True,False,True,False
2019_03_KVY_s4,2019_03,KVY,Toro Rosso,4,SOFT,SOFTEST,True,31.0,41.0,11.0,True,False,True,False
2019_03_LEC_s1,2019_03,LEC,Ferrari,1,MEDIUM,MIDDLE,False,1.0,22.0,22.0,True,False,True,True
2019_03_LEC_s2,2019_03,LEC,Ferrari,2,HARD,HARDEST,True,23.0,42.0,20.0,True,False,True,False
2019_03_LEC_s3,2019_03,LEC,Ferrari,3,MEDIUM,MIDDLE,True,43.0,56.0,14.0,False,True,False,False
2019_03_MAG_s1,2019_03,MAG,Haas F1 Team,1,SOFT,SOFTEST,False,1.0,9.0,9.0,True,False,True,True
2019_03_MAG_s2,2019_03,MAG,Haas F1 Team,2,HARD,HARDEST,True,10.0,33.0,24.0,True,False,True,False
2019_03_MAG_s3,2019_03,MAG,Haas F1 Team,3,MEDIUM,MIDDLE,True,34.0,55.0,22.0,False,True,False,False
2019_03_NOR_s1,2019_03,NOR,McLaren,1,MEDIUM,MIDDLE,True,1.0,1.0,1.0,True,False,True,True
2019_03_NOR_s2,2019_03,NOR,McLaren,2,HARD,HARDEST,True,2.0,17.0,16.0,True,False,True,True
2019_03_NOR_s3,2019_03,NOR,McLaren,3,MEDIUM,MIDDLE,False,18.0,34.0,17.0,True,False,True,False
2019_03_NOR_s4,2019_03,NOR,McLaren,4,SOFT,SOFTEST,True,35.0,50.0,16.0,True,False,True,False
2019_03_PER_s1,2019_03,PER,Racing Point,1,MEDIUM,MIDDLE,True,1.0,20.0,20.0,True,False,True,True
2019_03_PER_s2,2019_03,PER,Racing Point,2,HARD,HARDEST,True,21.0,55.0,35.0,False,True,False,False
2019_03_RAI_s1,2019_03,RAI,Alfa Romeo Racing,1,MEDIUM,MIDDLE,True,1.0,25.0,25.0,True,False,True,True
2019_03_RAI_s2,2019_03,RAI,Alfa Romeo Racing,2,HARD,HARDEST,True,26.0,55.0,30.0,False,True,False,False
2019_03_RIC_s1,2019_03,RIC,Renault,1,SOFT,SOFTEST,False,1.0,18.0,18.0,True,False,True,True
2019_03_RIC_s2,2019_03,RIC,Renault,2,HARD,HARDEST,True,19.0,55.0,37.0,False,True,False,False
2019_03_RUS_s1,2019_03,RUS,Williams,1,MEDIUM,MIDDLE,True,1.0,22.0,22.0,True,False,True,True
2019_03_RUS_s2,2019_03,RUS,Williams,2,HARD,HARDEST,True,23.0,49.0,27.0,True,False,True,False
2019_03_RUS_s3,2019_03,RUS,Williams,3,SOFT,SOFTEST,True,50.0,54.0,5.0,False,False,False,False
2019_03_SAI_s1,2019_03,SAI,McLaren,1,MEDIUM,MIDDLE,True,1.0,1.0,1.0,True,False,True,True
2019_03_SAI_s2,2019_03,SAI,McLaren,2,HARD,HARDEST,True,2.0,36.0,35.0,True,False,True,True
2019_03_SAI_s3,2019_03,SAI,McLaren,3,SOFT,SOFTEST,True,37.0,55.0,19.0,False,True,False,False
2019_03_STR_s1,2019_03,STR,Racing Point,1,MEDIUM,MIDDLE,True,1.0,20.0,20.0,True,False,True,True
2019_03_STR_s2,2019_03,STR,Racing Point,2,HARD,HARDEST,True,21.0,44.0,24.0,True,False,True,False
2019_03_STR_s3,2019_03,STR,Racing Point,3,SOFT,SOFTEST,True,45.0,55.0,11.0,False,True,False,False
2019_03_VER_s1,2019_03,VER,Red Bull Racing,1,MEDIUM,MIDDLE,False,1.0,17.0,17.0,True,False,True,True
2019_03_VER_s2,2019_03,VER,Red Bull Racing,2,HARD,HARDEST,True,18.0,34.0,17.0,True,False,True,False
2019_03_VER_s3,2019_03,VER,Red Bull Racing,3,MEDIUM,MIDDLE,True,35.0,56.0,22.0,False,True,False,False
2019_03_VET_s1,2019_03,VET,Ferrari,1,MEDIUM,MIDDLE,False,1.0,18.0,18.0,True,False,True,True
2019_03_VET_s2,2019_03,VET,Ferrari,2,HARD,HARDEST,False,19.0,35.0,17.0,True,False,True,False
2019_03_VET_s3,2019_03,VET,Ferrari,3,MEDIUM,MIDDLE,True,36.0,56.0,21.0,False,True,False,False
2019_04_ALB_s1,2019_04,ALB,Toro Rosso,1,SOFT,SOFTEST,True,1.0,12.0,12.0,True,False,True,False
2019_04_ALB_s2,2019_04,ALB,Toro Rosso,2,MEDIUM,MIDDLE,True,13.0,50.0,38.0,False,True,False,True
2019_04_BOT_s1,2019_04,BOT,Mercedes,1,SOFT,SOFTEST,False,1.0,12.0,12.0,True,False,True,False
2019_04_BOT_s2,2019_04,BOT,Mercedes,2,MEDIUM,MIDDLE,True,13.0,51.0,39.0,False,True,False,True
2019_04_GAS_s1,2019_04,GAS,Red Bull Racing,1,MEDIUM,MIDDLE,True,1.0,39.0,39.0,False,False,False,True
2019_04_GIO_s1,2019_04,GIO,Alfa Romeo Racing,1,SOFT,SOFTEST,False,1.0,7.0,7.0,True,False,True,False
2019_04_GIO_s2,2019_04,GIO,Alfa Romeo Racing,2,MEDIUM,MIDDLE,True,8.0,50.0,43.0,False,True,False,True
2019_04_GRO_s1,2019_04,GRO,Haas F1 Team,1,MEDIUM,MIDDLE,True,1.0,34.0,34.0,True,False,True,True
2019_04_GRO_s2,2019_04,GRO,Haas F1 Team,2,SOFT,SOFTEST,False,35.0,38.0,4.0,True,False,True,True
2019_04_HAM_s1,2019_04,HAM,Mercedes,1,SOFT,SOFTEST,False,1.0,13.0,13.0,True,False,True,False
2019_04_HAM_s2,2019_04,HAM,Mercedes,2,MEDIUM,MIDDLE,True,14.0,51.0,38.0,False,True,False,True
2019_04_HUL_s1,2019_04,HUL,Renault,1,SOFT,SOFTEST,True,1.0,8.0,8.0,True,False,True,False
2019_04_HUL_s2,2019_04,HUL,Renault,2,MEDIUM,MIDDLE,True,9.0,34.0,26.0,True,False,True,True
2019_04_HUL_s3,2019_04,HUL,Renault,3,SOFT,SOFTEST,True,35.0,50.0,16.0,False,True,False,True
2019_04_KUB_s1,2019_04,KUB,Williams,1,MEDIUM,MIDDLE,True,1.0,14.0,14.0,True,False,True,False
2019_04_KUB_s2,2019_04,KUB,Williams,2,MEDIUM,MIDDLE,False,15.0,23.0,9.0,True,False,True,False
2019_04_KUB_s3,2019_04,KUB,Williams,3,MEDIUM,MIDDLE,True,24.0,42.0,19.0,True,False,True,True
2019_04_KUB_s4,2019_04,KUB,Williams,4,SOFT,SOFTEST,True,43.0,49.0,7.0,False,False,False,False
2019_04_KVY_s1,2019_04,KVY,Toro Rosso,1,SOFT,SOFTEST,False,1.0,5.0,5.0,True,False,True,False
2019_04_KVY_s2,2019_04,KVY,Toro Rosso,2,MEDIUM,MIDDLE,True,6.0,33.0,28.0,True,False,True,True
2019_04_LEC_s1,2019_04,LEC,Ferrari,1,MEDIUM,MIDDLE,True,1.0,34.0,34.0,True,False,True,True
2019_04_LEC_s2,2019_04,LEC,Ferrari,2,SOFT,SOFTEST,True,35.0,47.0,13.0,True,False,True,True
2019_04_LEC_s3,2019_04,LEC,Ferrari,3,SOFT,SOFTEST,True,48.0,51.0,4.0,False,True,False,False
2019_04_MAG_s1,2019_04,MAG,Haas F1 Team,1,SOFT,SOFTEST,False,1.0,7.0,7.0,True,False,True,False
2019_04_MAG_s2,2019_04,MAG,Haas F1 Team,2,MEDIUM,MIDDLE,True,8.0,39.0,32.0,True,False,True,True
2019_04_MAG_s3,2019_04,MAG,Haas F1 Team,3,SOFT,SOFTEST,True,40.0,50.0,11.0,False,True,False,True
2019_04_NOR_s1,2019_04,NOR,McLaren,1,SOFT,SOFTEST,False,1.0,9.0,9.0,True,False,True,False
2019_04_NOR_s2,2019_04,NOR,McLaren,2,MEDIUM,MIDDLE,True,10.0,39.0,30.0,True,False,True,True
2019_04_NOR_s3,2019_04,NOR,McLaren,3,SOFT,SOFTEST,False,40.0,51.0,12.0,False,True,False,True
2019_04_PER_s1,2019_04,PER,Racing Point,1,SOFT,SOFTEST,False,1.0,10.0,10.0,True,False,True,False
2019_04_PER_s2,2019_04,PER,Racing Point,2,MEDIUM,MIDDLE,True,11.0,51.0,41.0,False,True,False,True
2019_04_RAI_s1,2019_04,RAI,Alfa Romeo Racing,1,SOFT,SOFTEST,False,1.0,6.0,6.0,True,False,True,False
2019_04_RAI_s2,2019_04,RAI,Alfa Romeo Racing,2,MEDIUM,MIDDLE,True,7.0,50.0,44.0,False,True,False,True
2019_04_RIC_s1,2019_04,RIC,Renault,1,SOFT,SOFTEST,True,1.0,10.0,10.0,True,False,True,False
2019_04_RIC_s2,2019_04,RIC,Renault,2,MEDIUM,MIDDLE,True,11.0,31.0,21.0,True,False,True,True
2019_04_RUS_s1,2019_04,RUS,Williams,1,MEDIUM,MIDDLE,True,1.0,25.0,25.0,True,False,True,False
2019_04_RUS_s2,2019_04,RUS,Williams,2,MEDIUM,MIDDLE,True,26.0,38.0,13.0,True,False,True,True
2019_04_RUS_s3,2019_04,RUS,Williams,3,SOFT,SOFTEST,True,39.0,49.0,11.0,False,False,False,True
2019_04_SAI_s1,2019_04,SAI,McLaren,1,SOFT,SOFTEST,True,1.0,12.0,12.0,True,False,True,False
2019_04_SAI_s2,2019_04,SAI,McLaren,2,MEDIUM,MIDDLE,True,13.0,51.0,39.0,False,True,False,True
2019_04_STR_s1,2019_04,STR,Racing Point,1,SOFT,SOFTEST,True,1.0,10.0,10.0,True,False,True,False
2019_04_STR_s2,2019_04,STR,Racing Point,2,MEDIUM,MIDDLE,True,11.0,51.0,41.0,False,True,False,True
2019_04_VER_s1,2019_04,VER,Red Bull Racing,1,SOFT,SOFTEST,False,1.0,14.0,14.0,True,False,True,False
2019_04_VER_s2,2019_04,VER,Red Bull Racing,2,MEDIUM,MIDDLE,True,15.0,51.0,37.0,False,True,False,True
2019_04_VET_s1,2019_04,VET,Ferrari,1,SOFT,SOFTEST,False,1.0,11.0,11.0,True,False,True,False
2019_04_VET_s2,2019_04,VET,Ferrari,2,MEDIUM,MIDDLE,True,12.0,51.0,40.0,False,True,False,True
2019_05_ALB_s1,2019_05,ALB,Toro Rosso,1,SOFT,SOFTEST,True,1.0,25.0,25.0,True,False,True,True
2019_05_ALB_s2,2019_05,ALB,Toro Rosso,2,MEDIUM,MIDDLE,True,26.0,45.0,20.0,True,False,True,True
2019_05_ALB_s3,2019_05,ALB,Toro Rosso,3,MEDIUM,MIDDLE,True,46.0,66.0,21.0,False,True,False,True
2019_05_BOT_s1,2019_05,BOT,Mercedes,1,SOFT,SOFTEST,False,1.0,26.0,26.0,True,False,True,True
2019_05_BOT_s2,2019_05,BOT,Mercedes,2,MEDIUM,MIDDLE,True,27.0,45.0,19.0,True,False,True,False
2019_05_BOT_s3,2019_05,BOT,Mercedes,3,SOFT,SOFTEST,False,46.0,66.0,21.0,False,True,False,True
2019_05_GAS_s1,2019_05,GAS,Red Bull Racing,1,SOFT,SOFTEST,False,1.0,22.0,22.0,True,False,True,True
2019_05_GAS_s2,2019_05,GAS,Red Bull Racing,2,MEDIUM,MIDDLE,True,23.0,46.0,24.0,True,False,True,True
2019_05_GAS_s3,2019_05,GAS,Red Bull Racing,3,SOFT,SOFTEST,False,47.0,66.0,20.0,False,True,False,True
2019_05_GIO_s1,2019_05,GIO,Alfa Romeo Racing,1,SOFT,SOFTEST,True,1.0,6.0,6.0,True,False,True,True
2019_05_GIO_s2,2019_05,GIO,Alfa Romeo Racing,2,HARD,HARDEST,True,7.0,41.0,35.0,True,False,True,False
2019_05_GIO_s3,2019_05,GIO,Alfa Romeo Racing,3,SOFT,SOFTEST,True,42.0,66.0,25.0,False,True,False,True
2019_05_GRO_s1,2019_05,GRO,Haas F1 Team,1,SOFT,SOFTEST,False,1.0,26.0,26.0,True,False,True,True
2019_05_GRO_s2,2019_05,GRO,Haas F1 Team,2,MEDIUM,MIDDLE,True,27.0,46.0,20.0,True,False,True,True
2019_05_GRO_s3,2019_05,GRO,Haas F1 Team,3,SOFT,SOFTEST,False,47.0,66.0,20.0,False,True,False,True
2019_05_HAM_s1,2019_05,HAM,Mercedes,1,SOFT,SOFTEST,False,1.0,27.0,27.0,True,False,True,True
2019_05_HAM_s2,2019_05,HAM,Mercedes,2,MEDIUM,MIDDLE,True,28.0,46.0,19.0,True,False,True,True
2019_05_HAM_s3,2019_05,HAM,Mercedes,3,SOFT,SOFTEST,False,47.0,66.0,20.0,False,True,False,True
2019_05_HUL_s1,2019_05,HUL,Renault,1,MEDIUM,MIDDLE,True,1.0,35.0,35.0,True,False,True,True
2019_05_HUL_s2,2019_05,HUL,Renault,2,SOFT,SOFTEST,True,36.0,66.0,31.0,False,True,False,True
2019_05_KUB_s1,2019_05,KUB,Williams,1,MEDIUM,MIDDLE,True,1.0,31.0,31.0,True,False,True,True
2019_05_KUB_s2,2019_05,KUB,Williams,2,SOFT,SOFTEST,True,32.0,44.0,13.0,True,False,True,True
2019_05_KUB_s3,2019_05,KUB,Williams,3,MEDIUM,MIDDLE,True,45.0,65.0,21.0,False,True,False,True
2019_05_KVY_s1,2019_05,KVY,Toro Rosso,1,SOFT,SOFTEST,False,1.0,21.0,21.0,True,False,True,True
2019_05_KVY_s2,2019_05,KVY,Toro Rosso,2,MEDIUM,MIDDLE,True,22.0,45.0,24.0,True,False,True,True
2019_05_KVY_s3,2019_05,KVY,Toro Rosso,3,MEDIUM,MIDDLE,True,46.0,66.0,21.0,False,True,False,True
2019_05_LEC_s1,2019_05,LEC,Ferrari,1,SOFT,SOFTEST,False,1.0,25.0,25.0,True,False,True,True
2019_05_LEC_s2,2019_05,LEC,Ferrari,2,HARD,HARDEST,True,26.0,46.0,21.0,True,False,True,True
2019_05_LEC_s3,2019_05,LEC,Ferrari,3,MEDIUM,MIDDLE,True,47.0,66.0,20.0,False,True,False,True
2019_05_MAG_s1,2019_05,MAG,Haas F1 Team,1,SOFT,SOFTEST,False,1.0,23.0,23.0,True,False,True,True
2019_05_MAG_s2,2019_05,MAG,Haas F1 Team,2,MEDIUM,MIDDLE,True,24.0,45.0,22.0,True,False,True,True
2019_05_MAG_s3,2019_05,MAG,Haas F1 Team,3,SOFT,SOFTEST,False,46.0,66.0,21.0,False,True,False,True
2019_05_NOR_s1,2019_05,NOR,McLaren,1,SOFT,SOFTEST,True,1.0,26.0,26.0,True,False,True,True
2019_05_NOR_s2,2019_05,NOR,McLaren,2,MEDIUM,MIDDLE,True,27.0,45.0,19.0,False,False,False,True
2019_05_PER_s1,2019_05,PER,Racing Point,1,SOFT,SOFTEST,True,1.0,24.0,24.0,True,False,True,True
2019_05_PER_s2,2019_05,PER,Racing Point,2,MEDIUM,MIDDLE,True,25.0,45.0,21.0,True,False,True,True
2019_05_PER_s3,2019_05,PER,Racing Point,3,SOFT,SOFTEST,False,46.0,66.0,21.0,False,True,False,True
2019_05_RAI_s1,2019_05,RAI,Alfa Romeo Racing,1,MEDIUM,MIDDLE,True,1.0,28.0,28.0,True,False,True,True
2019_05_RAI_s2,2019_05,RAI,Alfa Romeo Racing,2,HARD,HARDEST,True,29.0,45.0,17.0,True,False,True,True
2019_05_RAI_s3,2019_05,RAI,Alfa Romeo Racing,3,SOFT,SOFTEST,True,46.0,66.0,21.0,False,True,False,True
2019_05_RIC_s1,2019_05,RIC,Renault,1,SOFT,SOFTEST,False,1.0,24.0,24.0,True,False,True,True
2019_05_RIC_s2,2019_05,RIC,Renault,2,HARD,HARDEST,True,25.0,45.0,21.0,True,False,True,True
2019_05_RIC_s3,2019_05,RIC,Renault,3,MEDIUM,MIDDLE,True,46.0,66.0,21.0,False,True,False,True
2019_05_RUS_s1,2019_05,RUS,Williams,1,MEDIUM,MIDDLE,True,1.0,32.0,32.0,True,False,True,True
2019_05_RUS_s2,2019_05,RUS,Williams,2,SOFT,SOFTEST,True,33.0,44.0,12.0,True,False,True,True
2019_05_RUS_s3,2019_05,RUS,Williams,3,MEDIUM,MIDDLE,True,45.0,65.0,21.0,False,True,False,True
2019_05_SAI_s1,2019_05,SAI,McLaren,1,SOFT,SOFTEST,True,1.0,24.0,24.0,True,False,True,True
2019_05_SAI_s2,2019_05,SAI,McLaren,2,MEDIUM,MIDDLE,True,25.0,46.0,22.0,True,False,True,True
2019_05_SAI_s3,2019_05,SAI,McLaren,3,SOFT,SOFTEST,False,47.0,66.0,20.0,False,True,False,True
2019_05_STR_s1,2019_05,STR,Racing Point,1,MEDIUM,MIDDLE,True,1.0,22.0,22.0,True,False,True,True
2019_05_STR_s2,2019_05,STR,Racing Point,2,SOFT,SOFTEST,True,23.0,45.0,23.0,False,False,False,True
2019_05_VER_s1,2019_05,VER,Red Bull Racing,1,SOFT,SOFTEST,False,1.0,20.0,20.0,True,False,True,True
2019_05_VER_s2,2019_05,VER,Red Bull Racing,2,SOFT,SOFTEST,True,21.0,43.0,23.0,True,False,True,False
2019_05_VER_s3,2019_05,VER,Red Bull Racing,3,MEDIUM,MIDDLE,True,44.0,66.0,23.0,False,True,False,True
2019_05_VET_s1,2019_05,VET,Ferrari,1,SOFT,SOFTEST,False,1.0,19.0,19.0,True,False,True,True
2019_05_VET_s2,2019_05,VET,Ferrari,2,MEDIUM,MIDDLE,True,20.0,40.0,21.0,True,False,True,False
2019_05_VET_s3,2019_05,VET,Ferrari,3,MEDIUM,MIDDLE,True,41.0,66.0,26.0,False,True,False,True
2019_06_ALB_s1,2019_06,ALB,Toro Rosso,1,SOFT,SOFTEST,False,1.0,40.0,40.0,True,False,True,True
2019_06_ALB_s2,2019_06,ALB,Toro Rosso,2,MEDIUM,MIDDLE,True,41.0,78.0,38.0,False,True,False,True
2019_06_BOT_s1,2019_06,BOT,Mercedes,1,SOFT,SOFTEST,False,1.0,11.0,11.0,True,False,True,True
2019_06_BOT_s2,2019_06,BOT,Mercedes,2,MEDIUM,MIDDLE,True,12.0,12.0,1.0,True,False,True,True
2019_06_BOT_s3,2019_06,BOT,Mercedes,3,HARD,HARDEST,True,13.0,78.0,66.0,False,True,False,True
2019_06_GAS_s1,2019_06,GAS,Red Bull Racing,1,SOFT,SOFTEST,False,1.0,27.0,27.0,True,False,True,True
2019_06_GAS_s2,2019_06,GAS,Red Bull Racing,2,MEDIUM,MIDDLE,True,28.0,62.0,35.0,True,False,True,True
2019_06_GAS_s3,2019_06,GAS,Red Bull Racing,3,SOFT,SOFTEST,False,63.0,78.0,16.0,False,True,False,False
2019_06_GIO_s1,2019_06,GIO,Alfa Romeo Racing,1,SOFT,SOFTEST,True,1.0,44.0,44.0,True,False,True,True
2019_06_GIO_s2,2019_06,GIO,Alfa Romeo Racing,2,MEDIUM,MIDDLE,True,45.0,76.0,32.0,False,False,False,False
2019_06_GRO_s1,2019_06,GRO,Haas F1 Team,1,SOFT,SOFTEST,True,1.0,50.0,50.0,True,False,True,True
2019_06_GRO_s2,2019_06,GRO,Haas F1 Team,2,MEDIUM,MIDDLE,True,51.0,78.0,28.0,False,True,False,True
2019_06_HAM_s1,2019_06,HAM,Mercedes,1,SOFT,SOFTEST,False,1.0,11.0,11.0,True,False,True,True
2019_06_HAM_s2,2019_06,HAM,Mercedes,2,MEDIUM,MIDDLE,True,12.0,78.0,67.0,False,True,False,True
2019_06_HUL_s1,2019_06,HUL,Renault,1,MEDIUM,MIDDLE,True,1.0,9.0,9.0,True,False,True,True
2019_06_HUL_s2,2019_06,HUL,Renault,2,HARD,HARDEST,True,10.0,77.0,68.0,False,True,False,True
2019_06_KUB_s1,2019_06,KUB,Williams,1,MEDIUM,MIDDLE,True,1.0,21.0,21.0,True,False,True,True
2019_06_KUB_s2,2019_06,KUB,Williams,2,HARD,HARDEST,True,22.0,77.0,56.0,False,True,False,True
2019_06_KVY_s1,2019_06,KVY,Toro Rosso,1,SOFT,SOFTEST,False,1.0,32.0,32.0,True,False,True,True
2019_06_KVY_s2,2019_06,KVY,Toro Rosso,2,MEDIUM,MIDDLE,True,33.0,78.0,46.0,False,True,False,True
2019_06_LEC_s1,2019_06,LEC,Ferrari,1,MEDIUM,MIDDLE,True,1.0,9.0,9.0,True,False,True,True
2019_06_LEC_s2,2019_06,LEC,Ferrari,2,HARD,HARDEST,True,10.0,16.0,7.0,True,False,True,True
2019_06_LEC_s3,2019_06,LEC,Ferrari,3,SOFT,SOFTEST,True,17.0,17.0,1.0,True,False,True,False
2019_06_MAG_s1,2019_06,MAG,Haas F1 Team,1,SOFT,SOFTEST,False,1.0,11.0,11.0,True,False,True,True
2019_06_MAG_s2,2019_06,MAG,Haas F1 Team,2,MEDIUM,MIDDLE,True,12.0,77.0,66.0,False,True,False,True
2019_06_NOR_s1,2019_06,NOR,McLaren,1,MEDIUM,MIDDLE,True,1.0,47.0,47.0,True,False,True,True
2019_06_NOR_s2,2019_06,NOR,McLaren,2,SOFT,SOFTEST,True,48.0,78.0,31.0,False,True,False,True
2019_06_PER_s1,2019_06,PER,Racing Point,1,MEDIUM,MIDDLE,True,1.0,11.0,11.0,True,False,True,True
2019_06_PER_s2,2019_06,PER,Racing Point,2,HARD,HARDEST,True,12.0,77.0,66.0,False,True,False,True
2019_06_RAI_s1,2019_06,RAI,Alfa Romeo Racing,1,SOFT,SOFTEST,True,1.0,46.0,46.0,True,False,True,True
2019_06_RAI_s2,2019_06,RAI,Alfa Romeo Racing,2,MEDIUM,MIDDLE,True,47.0,77.0,31.0,False,True,False,True
2019_06_RIC_s1,2019_06,RIC,Renault,1,SOFT,SOFTEST,False,1.0,11.0,11.0,True,False,True,True
2019_06_RIC_s2,2019_06,RIC,Renault,2,MEDIUM,MIDDLE,True,12.0,78.0,67.0,False,True,False,True
2019_06_RUS_s1,2019_06,RUS,Williams,1,MEDIUM,MIDDLE,True,1.0,10.0,10.0,True,False,True,True
2019_06_RUS_s2,2019_06,RUS,Williams,2,HARD,HARDEST,True,11.0,77.0,67.0,False,True,False,True
2019_06_SAI_s1,2019_06,SAI,McLaren,1,SOFT,SOFTEST,False,1.0,30.0,30.0,True,False,True,True
2019_06_SAI_s2,2019_06,SAI,McLaren,2,MEDIUM,MIDDLE,True,31.0,78.0,48.0,False,True,False,True
2019_06_STR_s1,2019_06,STR,Racing Point,1,MEDIUM,MIDDLE,True,1.0,40.0,40.0,True,False,True,True
2019_06_STR_s2,2019_06,STR,Racing Point,2,HARD,HARDEST,True,41.0,77.0,37.0,False,True,False,True
2019_06_VER_s1,2019_06,VER,Red Bull Racing,1,SOFT,SOFTEST,False,1.0,11.0,11.0,True,False,True,True
2019_06_VER_s2,2019_06,VER,Red Bull Racing,2,HARD,HARDEST,True,12.0,78.0,67.0,False,True,False,True
2019_06_VET_s1,2019_06,VET,Ferrari,1,SOFT,SOFTEST,False,1.0,11.0,11.0,True,False,True,True
2019_06_VET_s2,2019_06,VET,Ferrari,2,HARD,HARDEST,True,12.0,78.0,67.0,False,True,False,True
2019_07_ALB_s1,2019_07,ALB,Toro Rosso,1,MEDIUM,MIDDLE,True,1.0,1.0,1.0,True,False,True,True
2019_07_ALB_s2,2019_07,ALB,Toro Rosso,2,HARD,HARDEST,True,2.0,60.0,59.0,True,False,True,True
2019_07_BOT_s1,2019_07,BOT,Mercedes,1,MEDIUM,MIDDLE,False,1.0,30.0,30.0,True,False,True,True
2019_07_BOT_s2,2019_07,BOT,Mercedes,2,HARD,HARDEST,True,31.0,67.0,37.0,True,False,True,True
2019_07_BOT_s3,2019_07,BOT,Mercedes,3,SOFT,SOFTEST,False,68.0,70.0,3.0,False,True,False,False
2019_07_GAS_s1,2019_07,GAS,Red Bull Racing,1,SOFT,SOFTEST,False,1.0,7.0,7.0,True,False,True,True
2019_07_GAS_s2,2019_07,GAS,Red Bull Racing,2,HARD,HARDEST,True,8.0,69.0,62.0,False,True,False,True
2019_07_GIO_s1,2019_07,GIO,Alfa Romeo Racing,1,HARD,HARDEST,True,1.0,33.0,33.0,True,False,True,True
2019_07_GIO_s2,2019_07,GIO,Alfa Romeo Racing,2,MEDIUM,MIDDLE,True,34.0,69.0,36.0,False,True,False,False
2019_07_GRO_s1,2019_07,GRO,Haas F1 Team,1,MEDIUM,MIDDLE,True,1.0,34.0,34.0,True,False,True,True
2019_07_GRO_s2,2019_07,GRO,Haas F1 Team,2,HARD,HARDEST,True,35.0,69.0,35.0,False,True,False,False
2019_07_HAM_s1,2019_07,HAM,Mercedes,1,MEDIUM,MIDDLE,False,1.0,28.0,28.0,True,False,True,True
2019_07_HAM_s2,2019_07,HAM,Mercedes,2,HARD,HARDEST,True,29.0,70.0,42.0,False,True,False,True
2019_07_HUL_s1,2019_07,HUL,Renault,1,SOFT,SOFTEST,False,1.0,16.0,16.0,True,False,True,True
2019_07_HUL_s2,2019_07,HUL,Renault,2,HARD,HARDEST,True,17.0,69.0,53.0,False,True,False,True
2019_07_KUB_s1,2019_07,KUB,Williams,1,MEDIUM,MIDDLE,True,1.0,9.0,9.0,True,False,True,True
2019_07_KUB_s2,2019_07,KUB,Williams,2,HARD,HARDEST,True,10.0,38.0,29.0,True,False,True,True
2019_07_KUB_s3,2019_07,KUB,Williams,3,HARD,HARDEST,True,39.0,67.0,29.0,False,False,False,False
2019_07_KVY_s1,2019_07,KVY,Toro Rosso,1,MEDIUM,MIDDLE,True,1.0,12.0,12.0,True,False,True,True
2019_07_KVY_s2,2019_07,KVY,Toro Rosso,2,HARD,HARDEST,True,13.0,69.0,57.0,False,True,False,True
2019_07_LEC_s1,2019_07,LEC,Ferrari,1,MEDIUM,MIDDLE,False,1.0,33.0,33.0,True,False,True,True
2019_07_LEC_s2,2019_07,LEC,Ferrari,2,HARD,HARDEST,False,34.0,70.0,37.0,False,True,False,False
2019_07_MAG_s1,2019_07,MAG,Haas F1 Team,1,HARD,HARDEST,True,1.0,39.0,39.0,True,False,True,True
2019_07_MAG_s2,2019_07,MAG,Haas F1 Team,2,MEDIUM,MIDDLE,True,40.0,68.0,29.0,False,False,False,False
2019_07_NOR_s1,2019_07,NOR,McLaren,1,SOFT,SOFTEST,False,1.0,9.0,9.0,False,False,False,True
2019_07_PER_s1,2019_07,PER,Racing Point,1,MEDIUM,MIDDLE,True,1.0,11.0,11.0,True,False,True,True
2019_07_PER_s2,2019_07,PER,Racing Point,2,HARD,HARDEST,True,12.0,69.0,58.0,False,True,False,True
2019_07_RAI_s1,2019_07,RAI,Alfa Romeo Racing,1,MEDIUM,MIDDLE,True,1.0,6.0,6.0,True,False,True,True
2019_07_RAI_s2,2019_07,RAI,Alfa Romeo Racing,2,HARD,HARDEST,True,7.0,58.0,52.0,True,False,True,True
2019_07_RAI_s3,2019_07,RAI,Alfa Romeo Racing,3,SOFT,SOFTEST,True,59.0,69.0,11.0,False,True,False,False
2019_07_RIC_s1,2019_07,RIC,Renault,1,SOFT,SOFTEST,False,1.0,8.0,8.0,True,False,True,True
2019_07_RIC_s2,2019_07,RIC,Renault,2,HARD,HARDEST,True,9.0,69.0,61.0,False,True,False,True
2019_07_RUS_s1,2019_07,RUS,Williams,1,MEDIUM,MIDDLE,True,1.0,9.0,9.0,True,False,True,True
2019_07_RUS_s2,2019_07,RUS,Williams,2,HARD,HARDEST,True,10.0,68.0,59.0,False,False,False,True
2019_07_SAI_s1,2019_07,SAI,McLaren,1,SOFT,SOFTEST,False,1.0,4.0,4.0,True,False,True,True
2019_07_SAI_s2,2019_07,SAI,McLaren,2,HARD,HARDEST,True,5.0,69.0,65.0,False,True,False,True
2019_07_STR_s1,2019_07,STR,Racing Point,1,HARD,HARDEST,True,1.0,45.0,45.0,True,False,True,True
2019_07_STR_s2,2019_07,STR,Racing Point,2,MEDIUM,MIDDLE,True,46.0,69.0,24.0,False,True,False,False
2019_07_VER_s1,2019_07,VER,Red Bull Racing,1,HARD,HARDEST,True,1.0,48.0,48.0,True,False,True,True
2019_07_VER_s2,2019_07,VER,Red Bull Racing,2,MEDIUM,MIDDLE,False,49.0,70.0,22.0,False,True,False,False
2019_07_VET_s1,2019_07,VET,Ferrari,1,MEDIUM,MIDDLE,False,1.0,26.0,26.0,True,False,True,True
2019_07_VET_s2,2019_07,VET,Ferrari,2,HARD,HARDEST,False,27.0,70.0,44.0,False,True,False,True
2019_08_ALB_s1,2019_08,ALB,Toro Rosso,1,MEDIUM,MIDDLE,True,1.0,25.0,25.0,True,False,True,True
2019_08_ALB_s2,2019_08,ALB,Toro Rosso,2,HARD,HARDEST,True,26.0,52.0,27.0,False,True,False,True
2019_08_BOT_s1,2019_08,BOT,Mercedes,1,MEDIUM,MIDDLE,False,1.0,23.0,23.0,True,False,True,True
2019_08_BOT_s2,2019_08,BOT,Mercedes,2,HARD,HARDEST,True,24.0,53.0,30.0,False,True,False,True
2019_08_GAS_s1,2019_08,GAS,Red Bull Racing,1,SOFT,SOFTEST,False,1.0,17.0,17.0,True,False,True,False
2019_08_GAS_s2,2019_08,GAS,Red Bull Racing,2,HARD,HARDEST,True,18.0,52.0,35.0,False,True,False,True
2019_08_GIO_s1,2019_08,GIO,Alfa Romeo Racing,1,SOFT,SOFTEST,False,1.0,7.0,7.0,True,False,True,False
2019_08_GIO_s2,2019_08,GIO,Alfa Romeo Racing,2,HARD,HARDEST,True,8.0,34.0,27.0,True,False,True,True
2019_08_GIO_s3,2019_08,GIO,Alfa Romeo Racing,3,MEDIUM,MIDDLE,True,35.0,52.0,18.0,False,True,False,True
2019_08_GRO_s1,2019_08,GRO,Haas F1 Team,1,HARD,HARDEST,True,1.0,31.0,31.0,True,False,True,True
2019_08_GRO_s2,2019_08,GRO,Haas F1 Team,2,MEDIUM,MIDDLE,True,32.0,45.0,14.0,True,False,True,True
2019_08_HAM_s1,2019_08,HAM,Mercedes,1,MEDIUM,MIDDLE,False,1.0,24.0,24.0,True,False,True,True
2019_08_HAM_s2,2019_08,HAM,Mercedes,2,HARD,HARDEST,True,25.0,53.0,29.0,False,True,False,True
2019_08_HUL_s1,2019_08,HUL,Renault,1,HARD,HARDEST,True,1.0,34.0,34.0,True,False,True,True
2019_08_HUL_s2,2019_08,HUL,Renault,2,MEDIUM,MIDDLE,False,35.0,52.0,18.0,False,True,False,True
2019_08_KUB_s1,2019_08,KUB,Williams,1,MEDIUM,MIDDLE,True,1.0,24.0,24.0,True,False,True,True
2019_08_KUB_s2,2019_08,KUB,Williams,2,HARD,HARDEST,True,25.0,51.0,27.0,False,False,False,True
2019_08_KVY_s1,2019_08,KVY,Toro Rosso,1,HARD,HARDEST,True,1.0,32.0,32.0,True,False,True,True
2019_08_KVY_s2,2019_08,KVY,Toro Rosso,2,MEDIUM,MIDDLE,True,33.0,52.0,20.0,False,True,False,True
2019_08_LEC_s1,2019_08,LEC,Ferrari,1,MEDIUM,MIDDLE,False,1.0,21.0,21.0,True,False,True,False
2019_08_LEC_s2,2019_08,LEC,Ferrari,2,HARD,HARDEST,False,22.0,53.0,32.0,False,True,False,True
2019_08_MAG_s1,2019_08,MAG,Haas F1 Team,1,MEDIUM,MIDDLE,True,1.0,16.0,16.0,True,False,True,False
2019_08_MAG_s2,2019_08,MAG,Haas F1 Team,2,HARD,HARDEST,True,17.0,52.0,36.0,False,True,False,True
2019_08_NOR_s1,2019_08,NOR,McLaren,1,MEDIUM,MIDDLE,False,1.0,18.0,18.0,True,False,True,False
2019_08_NOR_s2,2019_08,NOR,McLaren,2,HARD,HARDEST,True,19.0,52.0,34.0,False,True,False,True
2019_08_PER_s1,2019_08,PER,Racing Point,1,MEDIUM,MIDDLE,True,1.0,18.0,18.0,True,False,True,False
2019_08_PER_s2,2019_08,PER,Racing Point,2,HARD,HARDEST,True,19.0,52.0,34.0,False,True,False,True
2019_08_RAI_s1,2019_08,RAI,Alfa Romeo Racing,1,HARD,HARDEST,True,1.0,31.0,31.0,True,False,True,True
2019_08_RAI_s2,2019_08,RAI,Alfa Romeo Racing,2,MEDIUM,MIDDLE,False,32.0,52.0,21.0,False,True,False,True
2019_08_RIC_s1,2019_08,RIC,Renault,1,MEDIUM,MIDDLE,False,1.0,16.0,16.0,True,False,True,False
2019_08_RIC_s2,2019_08,RIC,Renault,2,HARD,HARDEST,True,17.0,52.0,36.0,False,True,False,True
2019_08_RUS_s1,2019_08,RUS,Williams,1,MEDIUM,MIDDLE,True,1.0,25.0,25.0,True,False,True,True
2019_08_RUS_s2,2019_08,RUS,Williams,2,HARD,HARDEST,True,26.0,33.0,8.0,True,False,True,False
2019_08_RUS_s3,2019_08,RUS,Williams,3,MEDIUM,MIDDLE,True,34.0,51.0,18.0,False,False,False,True
2019_08_SAI_s1,2019_08,SAI,McLaren,1,MEDIUM,MIDDLE,False,1.0,19.0,19.0,True,False,True,False
2019_08_SAI_s2,2019_08,SAI,McLaren,2,HARD,HARDEST,True,20.0,53.0,34.0,False,True,False,True
2019_08_STR_s1,2019_08,STR,Racing Point,1,HARD,HARDEST,True,1.0,39.0,39.0,True,False,True,True
2019_08_STR_s2,2019_08,STR,Racing Point,2,MEDIUM,MIDDLE,True,40.0,52.0,13.0,False,True,False,True
2019_08_VER_s1,2019_08,VER,Red Bull Racing,1,MEDIUM,MIDDLE,False,1.0,20.0,20.0,True,False,True,False
2019_08_VER_s2,2019_08,VER,Red Bull Racing,2,HARD,HARDEST,True,21.0,53.0,33.0,False,True,False,True
2019_08_VET_s1,2019_08,VET,Ferrari,1,MEDIUM,MIDDLE,False,1.0,25.0,25.0,True,False,True,True
2019_08_VET_s2,2019_08,VET,Ferrari,2,HARD,HARDEST,True,26.0,51.0,26.0,True,False,True,True
2019_08_VET_s3,2019_08,VET,Ferrari,3,SOFT,SOFTEST,True,52.0,53.0,2.0,False,True,False,True
2019_09_ALB_s1,2019_09,ALB,Toro Rosso,1,MEDIUM,MIDDLE,True,1.0,35.0,35.0,True,False,True,False
2019_09_ALB_s2,2019_09,ALB,Toro Rosso,2,HARD,HARDEST,True,36.0,70.0,35.0,False,True,False,False
2019_09_BOT_s1,2019_09,BOT,Mercedes,1,MEDIUM,MIDDLE,False,1.0,21.0,21.0,True,False,True,False
2019_09_BOT_s2,2019_09,BOT,Mercedes,2,HARD,HARDEST,True,22.0,71.0,50.0,False,True,False,False
2019_09_GAS_s1,2019_09,GAS,Red Bull Racing,1,SOFT,SOFTEST,False,1.0,25.0,25.0,True,False,True,False
2019_09_GAS_s2,2019_09,GAS,Red Bull Racing,2,HARD,HARDEST,True,26.0,70.0,45.0,False,True,False,False
2019_09_GIO_s1,2019_09,GIO,Alfa Romeo Racing,1,SOFT,SOFTEST,False,1.0,24.0,24.0,True,False,True,False
2019_09_GIO_s2,2019_09,GIO,Alfa Romeo Racing,2,HARD,HARDEST,True,25.0,70.0,46.0,False,True,False,False
2019_09_GRO_s1,2019_09,GRO,Haas F1 Team,1,MEDIUM,MIDDLE,True,1.0,34.0,34.0,True,False,True,False
2019_09_GRO_s2,2019_09,GRO,Haas F1 Team,2,HARD,HARDEST,True,35.0,70.0,36.0,False,True,False,False
2019_09_HAM_s1,2019_09,HAM,Mercedes,1,MEDIUM,MIDDLE,False,1.0,30.0,30.0,True,False,True,False
2019_09_HAM_s2,2019_09,HAM,Mercedes,2,HARD,HARDEST,True,31.0,71.0,41.0,False,True,False,False
2019_09_HUL_s1,2019_09,HUL,Renault,1,MEDIUM,MIDDLE,True,1.0,26.0,26.0,True,False,True,False
2019_09_HUL_s2,2019_09,HUL,Renault,2,HARD,HARDEST,True,27.0,70.0,44.0,False,True,False,False
2019_09_KUB_s1,2019_09,KUB,Williams,1,MEDIUM,MIDDLE,True,1.0,19.0,19.0,True,False,True,False
2019_09_KUB_s2,2019_09,KUB,Williams,2,HARD,HARDEST,True,20.0,68.0,49.0,False,False,False,False
2019_09_KVY_s1,2019_09,KVY,Toro Rosso,1,MEDIUM,MIDDLE,True,1.0,32.0,32.0,True,False,True,False
2019_09_KVY_s2,2019_09,KVY,Toro Rosso,2,HARD,HARDEST,True,33.0,70.0,38.0,False,True,False,False
2019_09_LEC_s1,2019_09,LEC,Ferrari,1,SOFT,SOFTEST,False,1.0,22.0,22.0,True,False,True,False
2019_09_LEC_s2,2019_09,LEC,Ferrari,2,HARD,HARDEST,False,23.0,71.0,49.0,False,True,False,False
2019_09_MAG_s1,2019_09,MAG,Haas F1 Team,1,SOFT,SOFTEST,False,1.0,11.0,11.0,True,False,True,False
2019_09_MAG_s2,2019_09,MAG,Haas F1 Team,2,HARD,HARDEST,True,12.0,13.0,2.0,True,False,True,False
2019_09_MAG_s3,2019_09,MAG,Haas F1 Team,3,HARD,HARDEST,False,14.0,62.0,49.0,True,False,True,False
2019_09_MAG_s4,2019_09,MAG,Haas F1 Team,4,SOFT,SOFTEST,False,63.0,69.0,7.0,False,False,False,False
2019_09_NOR_s1,2019_09,NOR,McLaren,1,SOFT,SOFTEST,False,1.0,25.0,25.0,True,False,True,False
2019_09_NOR_s2,2019_09,NOR,McLaren,2,MEDIUM,MIDDLE,True,26.0,70.0,45.0,False,True,False,False
2019_09_PER_s1,2019_09,PER,Racing Point,1,MEDIUM,MIDDLE,True,1.0,28.0,28.0,True,False,True,False
2019_09_PER_s2,2019_09,PER,Racing Point,2,HARD,HARDEST,True,29.0,70.0,42.0,False,True,False,False
2019_09_RAI_s1,2019_09,RAI,Alfa Romeo Racing,1,SOFT,SOFTEST,False,1.0,23.0,23.0,True,False,True,False
2019_09_RAI_s2,2019_09,RAI,Alfa Romeo Racing,2,HARD,HARDEST,True,24.0,70.0,47.0,False,True,False,False
2019_09_RIC_s1,2019_09,RIC,Renault,1,MEDIUM,MIDDLE,True,1.0,46.0,46.0,True,False,True,False
2019_09_RIC_s2,2019_09,RIC,Renault,2,SOFT,SOFTEST,True,47.0,70.0,24.0,False,True,False,False
2019_09_RUS_s1,2019_09,RUS,Williams,1,MEDIUM,MIDDLE,True,1.0,27.0,27.0,True,False,True,False
2019_09_RUS_s2,2019_09,RUS,Williams,2,HARD,HARDEST,True,28.0,69.0,42.0,False,False,False,False
2019_09_SAI_s1,2019_09,SAI,McLaren,1,MEDIUM,MIDDLE,True,1.0,41.0,41.0,True,False,True,False
2019_09_SAI_s2,2019_09,SAI,McLaren,2,HARD,HARDEST,True,42.0,70.0,29.0,False,True,False,False
2019_09_STR_s1,2019_09,STR,Racing Point,1,MEDIUM,MIDDLE,True,1.0,25.0,25.0,True,False,True,False
2019_09_STR_s2,2019_09,STR,Racing Point,2,HARD,HARDEST,True,26.0,70.0,45.0,False,True,False,False
2019_09_VER_s1,2019_09,VER,Red Bull Racing,1,MEDIUM,MIDDLE,False,1.0,31.0,31.0,True,False,True,False
2019_09_VER_s2,2019_09,VER,Red Bull Racing,2,HARD,HARDEST,True,32.0,71.0,40.0,False,True,False,False
2019_09_VET_s1,2019_09,VET,Ferrari,1,SOFT,SOFTEST,False,1.0,21.0,21.0,True,False,True,False
2019_09_VET_s2,2019_09,VET,Ferrari,2,HARD,HARDEST,True,22.0,50.0,29.0,True,False,True,False
2019_09_VET_s3,2019_09,VET,Ferrari,3,SOFT,SOFTEST,True,51.0,71.0,21.0,False,True,False,False
2019_10_ALB_s1,2019_10,ALB,Toro Rosso,1,SOFT,SOFTEST,False,1.0,13.0,13.0,True,False,True,False
2019_10_ALB_s2,2019_10,ALB,Toro Rosso,2,MEDIUM,MIDDLE,True,14.0,52.0,39.0,False,True,False,True
2019_10_BOT_s1,2019_10,BOT,Mercedes,1,MEDIUM,MIDDLE,False,1.0,16.0,16.0,True,False,True,False
2019_10_BOT_s2,2019_10,BOT,Mercedes,2,MEDIUM,MIDDLE,True,17.0,45.0,29.0,True,False,True,True
2019_10_BOT_s3,2019_10,BOT,Mercedes,3,SOFT,SOFTEST,False,46.0,52.0,7.0,False,True,False,False
2019_10_GAS_s1,2019_10,GAS,Red Bull Racing,1,MEDIUM,MIDDLE,False,1.0,12.0,12.0,True,False,True,False
2019_10_GAS_s2,2019_10,GAS,Red Bull Racing,2,HARD,HARDEST,True,13.0,52.0,40.0,False,True,False,True
2019_10_GIO_s1,2019_10,GIO,Alfa Romeo Racing,1,MEDIUM,MIDDLE,True,1.0,19.0,19.0,False,False,False,True
2019_10_GRO_s1,2019_10,GRO,Haas F1 Team,1,SOFT,SOFTEST,True,1.0,1.0,1.0,True,False,True,False
2019_10_GRO_s2,2019_10,GRO,Haas F1 Team,2,HARD,HARDEST,True,2.0,9.0,8.0,True,False,True,False
2019_10_HAM_s1,2019_10,HAM,Mercedes,1,MEDIUM,MIDDLE,False,1.0,20.0,20.0,True,False,True,True
2019_10_HAM_s2,2019_10,HAM,Mercedes,2,HARD,HARDEST,True,21.0,52.0,32.0,False,True,False,True
2019_10_HUL_s1,2019_10,HUL,Renault,1,SOFT,SOFTEST,False,1.0,13.0,13.0,True,False,True,False
2019_10_HUL_s2,2019_10,HUL,Renault,2,HARD,HARDEST,False,14.0,52.0,39.0,False,True,False,True
2019_10_KUB_s1,2019_10,KUB,Williams,1,MEDIUM,MIDDLE,True,1.0,20.0,20.0,True,False,True,True
2019_10_KUB_s2,2019_10,KUB,Williams,2,HARD,HARDEST,True,21.0,51.0,31.0,False,True,False,True
2019_10_KVY_s1,2019_10,KVY,Toro Rosso,1,SOFT,SOFTEST,True,1.0,12.0,12.0,True,False,True,False
2019_10_KVY_s2,2019_10,KVY,Toro Rosso,2,MEDIUM,MIDDLE,True,13.0,21.0,9.0,True,False,True,True
2019_10_KVY_s3,2019_10,KVY,Toro Rosso,3,HARD,HARDEST,False,22.0,52.0,31.0,False,True,False,True
2019_10_LEC_s1,2019_10,LEC,Ferrari,1,SOFT,SOFTEST,False,1.0,13.0,13.0,True,False,True,False
2019_10_LEC_s2,2019_10,LEC,Ferrari,2,MEDIUM,MIDDLE,False,14.0,21.0,8.0,True,False,True,True
2019_10_LEC_s3,2019_10,LEC,Ferrari,3,HARD,HARDEST,False,22.0,52.0,31.0,False,True,False,True
2019_10_MAG_s1,2019_10,MAG,Haas F1 Team,1,SOFT,SOFTEST,True,1.0,1.0,1.0,True,False,True,False
2019_10_MAG_s2,2019_10,MAG,Haas F1 Team,2,HARD,HARDEST,True,2.0,6.0,5.0,True,False,True,False
2019_10_NOR_s1,2019_10,NOR,McLaren,1,SOFT,SOFTEST,False,1.0,13.0,13.0,True,False,True,False
2019_10_NOR_s2,2019_10,NOR,McLaren,2,MEDIUM,MIDDLE,True,14.0,35.0,22.0,True,False,True,True
2019_10_NOR_s3,2019_10,NOR,McLaren,3,HARD,HARDEST,True,36.0,52.0,17.0,False,True,False,True
2019_10_PER_s1,2019_10,PER,Racing Point,1,MEDIUM,MIDDLE,True,1.0,18.0,18.0,True,False,True,False
2019_10_PER_s2,2019_10,PER,Racing Point,2,HARD,HARDEST,True,19.0,24.0,6.0,True,False,True,True
2019_10_PER_s3,2019_10,PER,Racing Point,3,SOFT,SOFTEST,True,25.0,46.0,22.0,True,False,True,True
2019_10_PER_s4,2019_10,PER,Racing Point,4,SOFT,SOFTEST,False,47.0,51.0,5.0,False,True,False,False
2019_10_RAI_s1,2019_10,RAI,Alfa Romeo Racing,1,MEDIUM,MIDDLE,True,1.0,17.0,17.0,True,False,True,False
2019_10_RAI_s2,2019_10,RAI,Alfa Romeo Racing,2,HARD,HARDEST,True,18.0,52.0,35.0,False,True,False,True
2019_10_RIC_s1,2019_10,RIC,Renault,1,SOFT,SOFTEST,False,1.0,12.0,12.0,True,False,True,False
2019_10_RIC_s2,2019_10,RIC,Renault,2,MEDIUM,MIDDLE,True,13.0,20.0,8.0,True,False,True,True
2019_10_RIC_s3,2019_10,RIC,Renault,3,HARD,HARDEST,True,21.0,52.0,32.0,False,True,False,True
2019_10_RUS_s1,2019_10,RUS,Williams,1,MEDIUM,MIDDLE,True,1.0,21.0,21.0,True,False,True,True
2019_10_RUS_s2,2019_10,RUS,Williams,2,HARD,HARDEST,True,22.0,51.0,30.0,False,True,False,True
2019_10_SAI_s1,2019_10,SAI,McLaren,1,MEDIUM,MIDDLE,True,1.0,20.0,20.0,True,False,True,True
2019_10_SAI_s2,2019_10,SAI,McLaren,2,HARD,HARDEST,True,21.0,52.0,32.0,False,True,False,True
2019_10_STR_s1,2019_10,STR,Racing Point,1,MEDIUM,MIDDLE,True,1.0,13.0,13.0,True,False,True,False
2019_10_STR_s2,2019_10,STR,Racing Point,2,HARD,HARDEST,True,14.0,39.0,26.0,True,False,True,True
2019_10_STR_s3,2019_10,STR,Racing Point,3,SOFT,SOFTEST,True,40.0,52.0,13.0,False,True,False,False
2019_10_VER_s1,2019_10,VER,Red Bull Racing,1,MEDIUM,MIDDLE,False,1.0,13.0,13.0,True,False,True,False
2019_10_VER_s2,2019_10,VER,Red Bull Racing,2,MEDIUM,MIDDLE,True,14.0,20.0,7.0,True,False,True,True
2019_10_VER_s3,2019_10,VER,Red Bull Racing,3,HARD,HARDEST,True,21.0,52.0,32.0,False,True,False,True
2019_10_VET_s1,2019_10,VET,Ferrari,1,SOFT,SOFTEST,False,1.0,20.0,20.0,True,False,True,True
2019_10_VET_s2,2019_10,VET,Ferrari,2,HARD,HARDEST,False,21.0,38.0,18.0,True,False,True,True
2019_10_VET_s3,2019_10,VET,Ferrari,3,MEDIUM,MIDDLE,True,39.0,51.0,13.0,False,True,False,False
2019_11_ALB_s1,2019_11,ALB,Toro Rosso,1,WET,WET,True,1.0,2.0,2.0,True,False,True,True
2019_11_ALB_s2,2019_11,ALB,Toro Rosso,2,WET,WET,True,3.0,27.0,25.0,True,False,True,True
2019_11_ALB_s3,2019_11,ALB,Toro Rosso,3,SOFT,SOFTEST,True,28.0,28.0,1.0,True,False,True,True
2019_11_ALB_s4,2019_11,ALB,Toro Rosso,4,WET,WET,True,29.0,46.0,18.0,True,False,True,True
2019_11_ALB_s5,2019_11,ALB,Toro Rosso,5,SOFT,SOFTEST,True,47.0,64.0,18.0,False,True,False,True
2019_11_BOT_s1,2019_11,BOT,Mercedes,1,WET,WET,True,1.0,3.0,3.0,True,False,True,True
2019_11_BOT_s2,2019_11,BOT,Mercedes,2,WET,WET,True,4.0,26.0,23.0,True,False,True,True
2019_11_BOT_s3,2019_11,BOT,Mercedes,3,MEDIUM,MIDDLE,False,27.0,30.0,4.0,True,False,True,True
2019_11_BOT_s4,2019_11,BOT,Mercedes,4,WET,WET,True,31.0,46.0,16.0,True,False,True,True
2019_11_BOT_s5,2019_11,BOT,Mercedes,5,SOFT,SOFTEST,False,47.0,57.0,11.0,False,False,False,True
2019_11_GAS_s1,2019_11,GAS,Red Bull Racing,1,WET,WET,True,1.0,3.0,3.0,True,False,True,True
2019_11_GAS_s2,2019_11,GAS,Red Bull Racing,2,WET,WET,True,4.0,26.0,23.0,True,False,True,True
2019_11_GAS_s3,2019_11,GAS,Red Bull Racing,3,SOFT,SOFTEST,False,27.0,28.0,2.0,True,False,True,True
2019_11_GAS_s4,2019_11,GAS,Red Bull Racing,4,WET,WET,True,29.0,46.0,18.0,True,False,True,True
2019_11_GAS_s5,2019_11,GAS,Red Bull Racing,5,SOFT,SOFTEST,False,47.0,62.0,16.0,False,False,False,True
2019_11_GIO_s1,2019_11,GIO,Alfa Romeo Racing,1,WET,WET,True,1.0,3.0,3.0,True,False,True,True
2019_11_GIO_s2,2019_11,GIO,Alfa Romeo Racing,2,WET,WET,True,4.0,26.0,23.0,True,False,True,True
2019_11_GIO_s3,2019_11,GIO,Alfa Romeo Racing,3,MEDIUM,MIDDLE,True,27.0,28.0,2.0,True,False,True,True
2019_11_GIO_s4,2019_11,GIO,Alfa Romeo Racing,4,WET,WET,True,29.0,47.0,19.0,True,False,True,True
2019_11_GIO_s5,2019_11,GIO,Alfa Romeo Racing,5,SOFT,SOFTEST,True,48.0,64.0,17.0,False,True,False,True
2019_11_GRO_s1,2019_11,GRO,Haas F1 Team,1,WET,WET,True,1.0,3.0,3.0,True,False,True,True
2019_11_GRO_s2,2019_11,GRO,Haas F1 Team,2,WET,WET,True,4.0,26.0,23.0,True,False,True,True
2019_11_GRO_s3,2019_11,GRO,Haas F1 Team,3,SOFT,SOFTEST,False,27.0,28.0,2.0,True,False,True,True
2019_11_GRO_s4,2019_11,GRO,Haas F1 Team,4,WET,WET,True,29.0,41.0,13.0,True,False,True,True
2019_11_GRO_s5,2019_11,GRO,Haas F1 Team,5,WET,WET,True,42.0,46.0,5.0,True,False,True,True
2019_11_GRO_s6,2019_11,GRO,Haas F1 Team,6,SOFT,SOFTEST,False,47.0,64.0,18.0,False,True,False,True
2019_11_HAM_s1,2019_11,HAM,Mercedes,1,WET,WET,True,1.0,3.0,3.0,True,False,True,True
2019_11_HAM_s2,2019_11,HAM,Mercedes,2,WET,WET,True,4.0,28.0,25.0,True,False,True,True
2019_11_HAM_s3,2019_11,HAM,Mercedes,3,SOFT,SOFTEST,False,29.0,29.0,1.0,True,False,True,True
2019_11_HAM_s4,2019_11,HAM,Mercedes,4,WET,WET,True,30.0,47.0,18.0,True,False,True,True
2019_11_HAM_s5,2019_11,HAM,Mercedes,5,SOFT,SOFTEST,False,48.0,53.0,6.0,True,False,True,True
2019_11_HAM_s6,2019_11,HAM,Mercedes,6,SOFT,SOFTEST,False,54.0,56.0,3.0,True,False,True,True
2019_11_HAM_s7,2019_11,HAM,Mercedes,7,SOFT,SOFTEST,False,57.0,64.0,8.0,False,True,False,True
2019_11_HUL_s1,2019_11,HUL,Renault,1,WET,WET,True,1.0,3.0,3.0,True,False,True,True
2019_11_HUL_s2,2019_11,HUL,Renault,2,WET,WET,True,4.0,15.0,12.0,True,False,True,True
2019_11_HUL_s3,2019_11,HUL,Renault,3,WET,WET,True,16.0,29.0,14.0,True,False,True,True
2019_11_HUL_s4,2019_11,HUL,Renault,4,WET,WET,True,30.0,40.0,11.0,False,False,False,True
2019_11_KUB_s1,2019_11,KUB,Williams,1,WET,WET,True,1.0,7.0,7.0,True,False,True,True
2019_11_KUB_s2,2019_11,KUB,Williams,2,WET,WET,True,8.0,23.0,16.0,True,False,True,True
2019_11_KUB_s3,2019_11,KUB,Williams,3,WET,WET,True,24.0,31.0,8.0,True,False,True,True
2019_11_KUB_s4,2019_11,KUB,Williams,4,WET,WET,True,32.0,46.0,15.0,True,False,True,True
2019_11_KUB_s5,2019_11,KUB,Williams,5,SOFT,SOFTEST,True,47.0,57.0,11.0,True,False,True,True
2019_11_KUB_s6,2019_11,KUB,Williams,6,SOFT,SOFTEST,False,58.0,64.0,7.0,False,True,False,True
2019_11_KVY_s1,2019_11,KVY,Toro Rosso,1,WET,WET,True,1.0,3.0,3.0,True,False,True,True
2019_11_KVY_s2,2019_11,KVY,Toro Rosso,2,WET,WET,True,4.0,25.0,22.0,True,False,True,True
2019_11_KVY_s3,2019_11,KVY,Toro Rosso,3,SOFT,SOFTEST,False,26.0,28.0,3.0,True,False,True,True
2019_11_KVY_s4,2019_11,KVY,Toro Rosso,4,WET,WET,True,29.0,45.0,17.0,True,False,True,True
2019_11_KVY_s5,2019_11,KVY,Toro Rosso,5,SOFT,SOFTEST,True,46.0,64.0,19.0,False,True,False,True
2019_11_LEC_s1,2019_11,LEC,Ferrari,1,WET,WET,True,1.0,3.0,3.0,True,False,True,True
2019_11_LEC_s2,2019_11,LEC,Ferrari,2,WET,WET,True,4.0,15.0,12.0,True,False,True,True
2019_11_LEC_s3,2019_11,LEC,Ferrari,3,WET,WET,True,16.0,27.0,12.0,True,False,True,True
2019_11_MAG_s1,2019_11,MAG,Haas F1 Team,1,WET,WET,True,1.0,8.0,8.0,True,False,True,True
2019_11_MAG_s2,2019_11,MAG,Haas F1 Team,2,WET,WET,True,9.0,21.0,13.0,True,False,True,True
2019_11_MAG_s3,2019_11,MAG,Haas F1 Team,3,SOFT,SOFTEST,True,22.0,29.0,8.0,True,False,True,True
2019_11_MAG_s4,2019_11,MAG,Haas F1 Team,4,WET,WET,True,30.0,42.0,13.0,True,False,True,True
2019_11_MAG_s5,2019_11,MAG,Haas F1 Team,5,WET,WET,True,43.0,45.0,3.0,True,False,True,True
2019_11_MAG_s6,2019_11,MAG,Haas F1 Team,6,SOFT,SOFTEST,False,46.0,57.0,12.0,True,False,True,True
2019_11_MAG_s7,2019_11,MAG,Haas F1 Team,7,SOFT,SOFTEST,False,58.0,64.0,7.0,False,True,False,True
2019_11_NOR_s1,2019_11,NOR,McLaren,1,WET,WET,True,1.0,6.0,6.0,True,False,True,True
2019_11_NOR_s2,2019_11,NOR,McLaren,2,WET,WET,True,7.0,25.0,19.0,True,False,True,True
2019_11_PER_s1,2019_11,PER,Racing Point,1,WET,WET,True,1.0,2.0,2.0,False,False,False,True
2019_11_RAI_s1,2019_11,RAI,Alfa Romeo Racing,1,WET,WET,True,1.0,3.0,3.0,True,False,True,True
2019_11_RAI_s2,2019_11,RAI,Alfa Romeo Racing,2,WET,WET,True,4.0,26.0,23.0,True,False,True,True
2019_11_RAI_s3,2019_11,RAI,Alfa Romeo Racing,3,MEDIUM,MIDDLE,True,27.0,28.0,2.0,True,False,True,True
2019_11_RAI_s4,2019_11,RAI,Alfa Romeo Racing,4,WET,WET,True,29.0,47.0,19.0,True,False,True,True
2019_11_RAI_s5,2019_11,RAI,Alfa Romeo Racing,5,SOFT,SOFTEST,False,48.0,64.0,17.0,False,True,False,True
2019_11_RIC_s1,2019_11,RIC,Renault,1,WET,WET,True,1.0,3.0,3.0,True,False,True,True
2019_11_RIC_s2,2019_11,RIC,Renault,2,WET,WET,True,4.0,14.0,11.0,False,False,False,True
2019_11_RUS_s1,2019_11,RUS,Williams,1,WET,WET,True,1.0,7.0,7.0,True,False,True,True
2019_11_RUS_s2,2019_11,RUS,Williams,2,WET,WET,True,8.0,24.0,17.0,True,False,True,True
2019_11_RUS_s3,2019_11,RUS,Williams,3,WET,WET,True,25.0,41.0,17.0,True,False,True,True
2019_11_RUS_s4,2019_11,RUS,Williams,4,WET,WET,True,42.0,47.0,6.0,True,False,True,True
2019_11_RUS_s5,2019_11,RUS,Williams,5,SOFT,SOFTEST,True,48.0,57.0,10.0,True,False,True,True
2019_11_RUS_s6,2019_11,RUS,Williams,6,SOFT,SOFTEST,False,58.0,64.0,7.0,False,True,False,True
2019_11_SAI_s1,2019_11,SAI,McLaren,1,WET,WET,True,1.0,3.0,3.0,True,False,True,True
2019_11_SAI_s2,2019_11,SAI,McLaren,2,WET,WET,True,4.0,27.0,24.0,True,False,True,True
2019_11_SAI_s3,2019_11,SAI,McLaren,3,WET,WET,True,28.0,46.0,19.0,True,False,True,True
2019_11_SAI_s4,2019_11,SAI,McLaren,4,SOFT,SOFTEST,False,47.0,64.0,18.0,False,True,False,True
2019_11_STR_s1,2019_11,STR,Racing Point,1,WET,WET,True,1.0,7.0,7.0,True,False,True,True
2019_11_STR_s2,2019_11,STR,Racing Point,2,WET,WET,True,8.0,25.0,18.0,True,False,True,True
2019_11_STR_s3,2019_11,STR,Racing Point,3,MEDIUM,MIDDLE,True,26.0,28.0,3.0,True,False,True,True
2019_11_STR_s4,2019_11,STR,Racing Point,4,WET,WET,True,29.0,41.0,13.0,True,False,True,True
2019_11_STR_s5,2019_11,STR,Racing Point,5,WET,WET,True,42.0,44.0,3.0,True,False,True,True
2019_11_STR_s6,2019_11,STR,Racing Point,6,SOFT,SOFTEST,True,45.0,64.0,20.0,False,True,False,True
2019_11_VER_s1,2019_11,VER,Red Bull Racing,1,WET,WET,True,1.0,3.0,3.0,True,False,True,True
2019_11_VER_s2,2019_11,VER,Red Bull Racing,2,WET,WET,True,4.0,25.0,22.0,True,False,True,True
2019_11_VER_s3,2019_11,VER,Red Bull Racing,3,MEDIUM,MIDDLE,False,26.0,29.0,4.0,True,False,True,True
2019_11_VER_s4,2019_11,VER,Red Bull Racing,4,WET,WET,True,30.0,41.0,12.0,True,False,True,True
2019_11_VER_s5,2019_11,VER,Red Bull Racing,5,WET,WET,True,42.0,46.0,5.0,True,False,True,True
2019_11_VER_s6,2019_11,VER,Red Bull Racing,6,SOFT,SOFTEST,True,47.0,64.0,18.0,False,True,False,True
2019_11_VET_s1,2019_11,VET,Ferrari,1,WET,WET,True,1.0,2.0,2.0,True,False,True,True
2019_11_VET_s2,2019_11,VET,Ferrari,2,WET,WET,True,3.0,23.0,21.0,True,False,True,True
2019_11_VET_s3,2019_11,VET,Ferrari,3,SOFT,SOFTEST,True,24.0,28.0,5.0,True,False,True,True
2019_11_VET_s4,2019_11,VET,Ferrari,4,WET,WET,True,29.0,41.0,13.0,True,False,True,True
2019_11_VET_s5,2019_11,VET,Ferrari,5,WET,WET,True,42.0,47.0,6.0,True,False,True,True
2019_11_VET_s6,2019_11,VET,Ferrari,6,SOFT,SOFTEST,True,48.0,64.0,17.0,False,True,False,True
2019_12_ALB_s1,2019_12,ALB,Toro Rosso,1,MEDIUM,MIDDLE,True,1.0,28.0,28.0,True,False,True,True
2019_12_ALB_s2,2019_12,ALB,Toro Rosso,2,HARD,HARDEST,True,29.0,69.0,41.0,False,True,False,False
2019_12_BOT_s1,2019_12,BOT,Mercedes,1,MEDIUM,MIDDLE,False,1.0,5.0,5.0,True,False,True,True
2019_12_BOT_s2,2019_12,BOT,Mercedes,2,HARD,HARDEST,True,6.0,46.0,41.0,True,False,True,False
2019_12_BOT_s3,2019_12,BOT,Mercedes,3,MEDIUM,MIDDLE,False,47.0,69.0,23.0,False,True,False,False
2019_12_GAS_s1,2019_12,GAS,Red Bull Racing,1,MEDIUM,MIDDLE,False,1.0,28.0,28.0,True,False,True,True
2019_12_GAS_s2,2019_12,GAS,Red Bull Racing,2,HARD,HARDEST,True,29.0,69.0,41.0,False,True,False,False
2019_12_GIO_s1,2019_12,GIO,Alfa Romeo Racing,1,MEDIUM,MIDDLE,True,1.0,15.0,15.0,True,False,True,True
2019_12_GIO_s2,2019_12,GIO,Alfa Romeo Racing,2,HARD,HARDEST,True,16.0,68.0,53.0,False,False,False,False
2019_12_GRO_s1,2019_12,GRO,Haas F1 Team,1,SOFT,SOFTEST,False,1.0,19.0,19.0,True,False,True,True
2019_12_GRO_s2,2019_12,GRO,Haas F1 Team,2,HARD,HARDEST,True,20.0,49.0,30.0,True,False,True,False
2019_12_HAM_s1,2019_12,HAM,Mercedes,1,MEDIUM,MIDDLE,False,1.0,31.0,31.0,True,False,True,True
2019_12_HAM_s2,2019_12,HAM,Mercedes,2,HARD,HARDEST,True,32.0,49.0,18.0,True,False,True,False
2019_12_HAM_s3,2019_12,HAM,Mercedes,3,MEDIUM,MIDDLE,False,50.0,70.0,21.0,False,True,False,False
2019_12_HUL_s1,2019_12,HUL,Renault,1,MEDIUM,MIDDLE,True,1.0,36.0,36.0,True,False,True,True
2019_12_HUL_s2,2019_12,HUL,Renault,2,SOFT,SOFTEST,True,37.0,69.0,33.0,False,True,False,False
2019_12_KUB_s1,2019_12,KUB,Williams,1,MEDIUM,MIDDLE,True,1.0,18.0,18.0,True,False,True,True
2019_12_KUB_s2,2019_12,KUB,Williams,2,HARD,HARDEST,True,19.0,67.0,49.0,False,False,False,False
2019_12_KVY_s1,2019_12,KVY,Toro Rosso,1,MEDIUM,MIDDLE,True,1.0,21.0,21.0,True,False,True,True
2019_12_KVY_s2,2019_12,KVY,Toro Rosso,2,HARD,HARDEST,True,22.0,68.0,47.0,False,False,False,False
2019_12_LEC_s1,2019_12,LEC,Ferrari,1,MEDIUM,MIDDLE,False,1.0,27.0,27.0,True,False,True,True
2019_12_LEC_s2,2019_12,LEC,Ferrari,2,HARD,HARDEST,False,28.0,70.0,43.0,False,True,False,False
2019_12_MAG_s1,2019_12,MAG,Haas F1 Team,1,MEDIUM,MIDDLE,True,1.0,38.0,38.0,True,False,True,True
2019_12_MAG_s2,2019_12,MAG,Haas F1 Team,2,SOFT,SOFTEST,True,39.0,69.0,31.0,False,True,False,False
2019_12_NOR_s1,2019_12,NOR,McLaren,1,SOFT,SOFTEST,False,1.0,28.0,28.0,True,False,True,True
2019_12_NOR_s2,2019_12,NOR,McLaren,2,HARD,HARDEST,True,29.0,69.0,41.0,False,True,False,False
2019_12_PER_s1,2019_12,PER,Racing Point,1,MEDIUM,MIDDLE,True,1.0,18.0,18.0,True,False,True,True
2019_12_PER_s2,2019_12,PER,Racing Point,2,HARD,HARDEST,True,19.0,69.0,51.0,False,True,False,False
2019_12_RAI_s1,2019_12,RAI,Alfa Romeo Racing,1,SOFT,SOFTEST,False,1.0,29.0,29.0,True,False,True,True
2019_12_RAI_s2,2019_12,RAI,Alfa Romeo Racing,2,MEDIUM,MIDDLE,True,30.0,69.0,40.0,False,True,False,False
2019_12_RIC_s1,2019_12,RIC,Renault,1,HARD,HARDEST,True,1.0,46.0,46.0,True,False,True,True
2019_12_RIC_s2,2019_12,RIC,Renault,2,SOFT,SOFTEST,True,47.0,69.0,23.0,False,True,False,False
2019_12_RUS_s1,2019_12,RUS,Williams,1,MEDIUM,MIDDLE,True,1.0,16.0,16.0,True,False,True,True
2019_12_RUS_s2,2019_12,RUS,Williams,2,HARD,HARDEST,True,17.0,68.0,52.0,False,False,False,False
2019_12_SAI_s1,2019_12,SAI,McLaren,1,SOFT,SOFTEST,False,1.0,29.0,29.0,True,False,True,True
2019_12_SAI_s2,2019_12,SAI,McLaren,2,HARD,HARDEST,True,30.0,69.0,40.0,False,True,False,False
2019_12_STR_s1,2019_12,STR,Racing Point,1,MEDIUM,MIDDLE,True,1.0,16.0,16.0,True,False,True,True
2019_12_STR_s2,2019_12,STR,Racing Point,2,HARD,HARDEST,True,17.0,50.0,34.0,True,False,True,False
2019_12_STR_s3,2019_12,STR,Racing Point,3,SOFT,SOFTEST,True,51.0,68.0,18.0,False,False,False,False
2019_12_VER_s1,2019_12,VER,Red Bull Racing,1,MEDIUM,MIDDLE,False,1.0,25.0,25.0,True,False,True,True
2019_12_VER_s2,2019_12,VER,Red Bull Racing,2,HARD,HARDEST,True,26.0,67.0,42.0,True,False,True,False
2019_12_VER_s3,2019_12,VER,Red Bull Racing,3,SOFT,SOFTEST,False,68.0,70.0,3.0,False,True,False,False
2019_12_VET_s1,2019_12,VET,Ferrari,1,MEDIUM,MIDDLE,False,1.0,39.0,39.0,True,False,True,True
2019_12_VET_s2,2019_12,VET,Ferrari,2,SOFT,SOFTEST,True,40.0,70.0,31.0,False,True,False,False
2019_13_ALB_s1,2019_13,ALB,Red Bull Racing,1,MEDIUM,MIDDLE,True,1.0,23.0,23.0,True,False,True,True
2019_13_ALB_s2,2019_13,ALB,Red Bull Racing,2,SOFT,SOFTEST,True,24.0,44.0,21.0,False,True,False,True
2019_13_BOT_s1,2019_13,BOT,Mercedes,1,SOFT,SOFTEST,False,1.0,23.0,23.0,True,False,True,True
2019_13_BOT_s2,2019_13,BOT,Mercedes,2,MEDIUM,MIDDLE,True,24.0,44.0,21.0,False,True,False,True
2019_13_GAS_s1,2019_13,GAS,Toro Rosso,1,SOFT,SOFTEST,True,1.0,13.0,13.0,True,False,True,True
2019_13_GAS_s2,2019_13,GAS,Toro Rosso,2,MEDIUM,MIDDLE,True,14.0,44.0,31.0,False,True,False,True
2019_13_GIO_s1,2019_13,GIO,Alfa Romeo Racing,1,MEDIUM,MIDDLE,True,1.0,29.0,29.0,True,False,True,True
2019_13_GIO_s2,2019_13,GIO,Alfa Romeo Racing,2,SOFT,SOFTEST,True,30.0,43.0,14.0,False,True,False,True
2019_13_GRO_s1,2019_13,GRO,Haas F1 Team,1,SOFT,SOFTEST,True,1.0,16.0,16.0,True,False,True,True
2019_13_GRO_s2,2019_13,GRO,Haas F1 Team,2,MEDIUM,MIDDLE,True,17.0,43.0,27.0,False,True,False,True
2019_13_HAM_s1,2019_13,HAM,Mercedes,1,SOFT,SOFTEST,False,1.0,22.0,22.0,True,False,True,True
2019_13_HAM_s2,2019_13,HAM,Mercedes,2,MEDIUM,MIDDLE,True,23.0,44.0,22.0,False,True,False,True
2019_13_HUL_s1,2019_13,HUL,Renault,1,SOFT,SOFTEST,False,1.0,11.0,11.0,True,False,True,True
2019_13_HUL_s2,2019_13,HUL,Renault,2,MEDIUM,MIDDLE,True,12.0,31.0,20.0,True,False,True,False
2019_13_HUL_s3,2019_13,HUL,Renault,3,SOFT,SOFTEST,False,32.0,44.0,13.0,False,True,False,True
2019_13_KUB_s1,2019_13,KUB,Williams,1,MEDIUM,MIDDLE,True,1.0,31.0,31.0,True,False,True,True
2019_13_KUB_s2,2019_13,KUB,Williams,2,SOFT,SOFTEST,True,32.0,43.0,12.0,False,True,False,True
2019_13_KVY_s1,2019_13,KVY,Toro Rosso,1,MEDIUM,MIDDLE,True,1.0,24.0,24.0,True,False,True,True
2019_13_KVY_s2,2019_13,KVY,Toro Rosso,2,SOFT,SOFTEST,True,25.0,44.0,20.0,False,True,False,True
2019_13_LEC_s1,2019_13,LEC,Ferrari,1,SOFT,SOFTEST,False,1.0,21.0,21.0,True,False,True,True
2019_13_LEC_s2,2019_13,LEC,Ferrari,2,MEDIUM,MIDDLE,True,22.0,44.0,23.0,False,True,False,True
2019_13_MAG_s1,2019_13,MAG,Haas F1 Team,1,SOFT,SOFTEST,False,1.0,25.0,25.0,True,False,True,True
2019_13_MAG_s2,2019_13,MAG,Haas F1 Team,2,MEDIUM,MIDDLE,True,26.0,43.0,18.0,False,True,False,True
2019_13_NOR_s1,2019_13,NOR,McLaren,1,SOFT,SOFTEST,True,1.0,19.0,19.0,True,False,True,True
2019_13_NOR_s2,2019_13,NOR,McLaren,2,MEDIUM,MIDDLE,True,20.0,44.0,25.0,False,True,False,True
2019_13_PER_s1,2019_13,PER,Racing Point,1,SOFT,SOFTEST,False,1.0,15.0,15.0,True,False,True,True
2019_13_PER_s2,2019_13,PER,Racing Point,2,MEDIUM,MIDDLE,True,16.0,44.0,29.0,False,True,False,True
2019_13_RAI_s1,2019_13,RAI,Alfa Romeo Racing,1,SOFT,SOFTEST,False,1.0,1.0,1.0,True,False,True,True
2019_13_RAI_s2,2019_13,RAI,Alfa Romeo Racing,2,MEDIUM,MIDDLE,True,2.0,2.0,1.0,True,False,True,True
2019_13_RAI_s3,2019_13,RAI,Alfa Romeo Racing,3,MEDIUM,MIDDLE,False,3.0,31.0,29.0,True,False,True,True
2019_13_RAI_s4,2019_13,RAI,Alfa Romeo Racing,4,SOFT,SOFTEST,False,32.0,43.0,12.0,False,True,False,True
2019_13_RIC_s1,2019_13,RIC,Renault,1,SOFT,SOFTEST,False,1.0,1.0,1.0,True,False,True,True
2019_13_RIC_s2,2019_13,RIC,Renault,2,SOFT,SOFTEST,False,2.0,43.0,42.0,False,True,False,True
2019_13_RUS_s1,2019_13,RUS,Williams,1,MEDIUM,MIDDLE,True,1.0,30.0,30.0,True,False,True,True
2019_13_RUS_s2,2019_13,RUS,Williams,2,SOFT,SOFTEST,True,31.0,43.0,13.0,False,True,False,True
2019_13_SAI_s1,2019_13,SAI,McLaren,1,SOFT,SOFTEST,True,1.0,1.0,1.0,True,False,True,True
2019_13_STR_s1,2019_13,STR,Racing Point,1,SOFT,SOFTEST,True,1.0,14.0,14.0,True,False,True,True
2019_13_STR_s2,2019_13,STR,Racing Point,2,MEDIUM,MIDDLE,True,15.0,30.0,16.0,True,False,True,False
2019_13_STR_s3,2019_13,STR,Racing Point,3,SOFT,SOFTEST,True,31.0,44.0,14.0,False,True,False,True
2019_13_VER_s1,2019_13,VER,Red Bull Racing,1,SOFT,SOFTEST,False,1.0,1.0,1.0,False,False,False,True
2019_13_VET_s1,2019_13,VET,Ferrari,1,SOFT,SOFTEST,False,1.0,15.0,15.0,True,False,True,True
2019_13_VET_s2,2019_13,VET,Ferrari,2,MEDIUM,MIDDLE,True,16.0,33.0,18.0,True,False,True,False
2019_13_VET_s3,2019_13,VET,Ferrari,3,SOFT,SOFTEST,False,34.0,44.0,11.0,False,True,False,True
2019_14_ALB_s1,2019_14,ALB,Red Bull Racing,1,SOFT,SOFTEST,False,1.0,26.0,26.0,True,False,True,True
2019_14_ALB_s2,2019_14,ALB,Red Bull Racing,2,MEDIUM,MIDDLE,True,27.0,53.0,27.0,False,True,False,True
2019_14_BOT_s1,2019_14,BOT,Mercedes,1,SOFT,SOFTEST,False,1.0,27.0,27.0,True,False,True,True
2019_14_BOT_s2,2019_14,BOT,Mercedes,2,MEDIUM,MIDDLE,True,28.0,53.0,26.0,False,True,False,True
2019_14_GAS_s1,2019_14,GAS,Toro Rosso,1,MEDIUM,MIDDLE,True,1.0,28.0,28.0,True,False,True,True
2019_14_GAS_s2,2019_14,GAS,Toro Rosso,2,SOFT,SOFTEST,True,29.0,52.0,24.0,False,True,False,True
2019_14_GIO_s1,2019_14,GIO,Alfa Romeo Racing,1,SOFT,SOFTEST,True,1.0,21.0,21.0,True,False,True,True
2019_14_GIO_s2,2019_14,GIO,Alfa Romeo Racing,2,MEDIUM,MIDDLE,True,22.0,52.0,31.0,False,True,False,True
2019_14_GRO_s1,2019_14,GRO,Haas F1 Team,1,SOFT,SOFTEST,True,1.0,7.0,7.0,True,False,True,True
2019_14_GRO_s2,2019_14,GRO,Haas F1 Team,2,MEDIUM,MIDDLE,True,8.0,29.0,22.0,True,False,True,True
2019_14_GRO_s3,2019_14,GRO,Haas F1 Team,3,SOFT,SOFTEST,True,30.0,52.0,23.0,False,True,False,True
2019_14_HAM_s1,2019_14,HAM,Mercedes,1,SOFT,SOFTEST,False,1.0,19.0,19.0,True,False,True,True
2019_14_HAM_s2,2019_14,HAM,Mercedes,2,MEDIUM,MIDDLE,True,20.0,49.0,30.0,True,False,True,True
2019_14_HAM_s3,2019_14,HAM,Mercedes,3,SOFT,SOFTEST,False,50.0,53.0,4.0,False,True,False,False
2019_14_HUL_s1,2019_14,HUL,Renault,1,SOFT,SOFTEST,False,1.0,29.0,29.0,True,False,True,True
2019_14_HUL_s2,2019_14,HUL,Renault,2,MEDIUM,MIDDLE,True,30.0,53.0,24.0,False,True,False,True
2019_14_KUB_s1,2019_14,KUB,Williams,1,MEDIUM,MIDDLE,True,1.0,29.0,29.0,True,False,True,True
2019_14_KUB_s2,2019_14,KUB,Williams,2,SOFT,SOFTEST,True,30.0,44.0,15.0,True,False,True,True
2019_14_KUB_s3,2019_14,KUB,Williams,3,MEDIUM,MIDDLE,True,45.0,51.0,7.0,False,False,False,False
2019_14_KVY_s1,2019_14,KVY,Toro Rosso,1,MEDIUM,MIDDLE,True,1.0,28.0,28.0,True,False,True,True
2019_14_KVY_s2,2019_14,KVY,Toro Rosso,2,SOFT,SOFTEST,True,29.0,30.0,2.0,False,False,False,True
2019_14_LEC_s1,2019_14,LEC,Ferrari,1,SOFT,SOFTEST,False,1.0,20.0,20.0,True,False,True,True
2019_14_LEC_s2,2019_14,LEC,Ferrari,2,HARD,HARDEST,True,21.0,53.0,33.0,False,True,False,True
2019_14_MAG_s1,2019_14,MAG,Haas F1 Team,1,SOFT,SOFTEST,True,1.0,20.0,20.0,True,False,True,True
2019_14_MAG_s2,2019_14,MAG,Haas F1 Team,2,MEDIUM,MIDDLE,True,21.0,34.0,14.0,True,False,True,True
2019_14_MAG_s3,2019_14,MAG,Haas F1 Team,3,SOFT,SOFTEST,False,35.0,43.0,9.0,True,False,True,False
2019_14_NOR_s1,2019_14,NOR,McLaren,1,MEDIUM,MIDDLE,True,1.0,23.0,23.0,True,False,True,True
2019_14_NOR_s2,2019_14,NOR,McLaren,2,HARD,HARDEST,True,24.0,52.0,29.0,False,True,False,True
2019_14_PER_s1,2019_14,PER,Racing Point,1,MEDIUM,MIDDLE,True,1.0,28.0,28.0,True,False,True,True
2019_14_PER_s2,2019_14,PER,Racing Point,2,SOFT,SOFTEST,True,29.0,53.0,25.0,False,True,False,True
2019_14_RAI_s1,2019_14,RAI,Alfa Romeo Racing,1,MEDIUM,MIDDLE,True,1.0,19.0,19.0,True,False,True,True
2019_14_RAI_s2,2019_14,RAI,Alfa Romeo Racing,2,MEDIUM,MIDDLE,False,20.0,26.0,7.0,True,False,True,False
2019_14_RAI_s3,2019_14,RAI,Alfa Romeo Racing,3,SOFT,SOFTEST,True,27.0,52.0,26.0,False,True,False,True
2019_14_RIC_s1,2019_14,RIC,Renault,1,SOFT,SOFTEST,False,1.0,30.0,30.0,True,False,True,True
2019_14_RIC_s2,2019_14,RIC,Renault,2,MEDIUM,MIDDLE,True,31.0,53.0,23.0,False,True,False,True
2019_14_RUS_s1,2019_14,RUS,Williams,1,MEDIUM,MIDDLE,True,1.0,23.0,23.0,True,False,True,True
2019_14_RUS_s2,2019_14,RUS,Williams,2,HARD,HARDEST,True,24.0,52.0,29.0,False,True,False,True
2019_14_SAI_s1,2019_14,SAI,McLaren,1,SOFT,SOFTEST,False,1.0,27.0,27.0,True,False,True,True
2019_14_STR_s1,2019_14,STR,Racing Point,1,SOFT,SOFTEST,False,1.0,15.0,15.0,True,False,True,True
2019_14_STR_s2,2019_14,STR,Racing Point,2,SOFT,SOFTEST,False,16.0,22.0,7.0,True,False,True,False
2019_14_STR_s3,2019_14,STR,Racing Point,3,MEDIUM,MIDDLE,True,23.0,52.0,30.0,False,True,False,True
2019_14_VER_s1,2019_14,VER,Red Bull Racing,1,MEDIUM,MIDDLE,True,1.0,1.0,1.0,True,False,True,True
2019_14_VER_s2,2019_14,VER,Red Bull Racing,2,SOFT,SOFTEST,True,2.0,27.0,26.0,True,False,True,True
2019_14_VER_s3,2019_14,VER,Red Bull Racing,3,MEDIUM,MIDDLE,False,28.0,53.0,26.0,False,True,False,True
2019_14_VET_s1,2019_14,VET,Ferrari,1,SOFT,SOFTEST,False,1.0,6.0,6.0,True,False,True,True
2019_14_VET_s2,2019_14,VET,Ferrari,2,HARD,HARDEST,True,7.0,12.0,6.0,True,False,True,False
2019_14_VET_s3,2019_14,VET,Ferrari,3,HARD,HARDEST,False,13.0,41.0,29.0,True,False,True,True
2019_14_VET_s4,2019_14,VET,Ferrari,4,MEDIUM,MIDDLE,True,42.0,52.0,11.0,False,True,False,False
2019_15_ALB_s1,2019_15,ALB,Red Bull Racing,1,SOFT,SOFTEST,False,1.0,20.0,20.0,True,False,True,False
2019_15_ALB_s2,2019_15,ALB,Red Bull Racing,2,HARD,HARDEST,True,21.0,61.0,41.0,False,True,False,True
2019_15_BOT_s1,2019_15,BOT,Mercedes,1,SOFT,SOFTEST,False,1.0,22.0,22.0,True,False,True,False
2019_15_BOT_s2,2019_15,BOT,Mercedes,2,HARD,HARDEST,True,23.0,61.0,39.0,False,True,False,True
2019_15_GAS_s1,2019_15,GAS,Toro Rosso,1,HARD,HARDEST,True,1.0,32.0,32.0,True,False,True,False
2019_15_GAS_s2,2019_15,GAS,Toro Rosso,2,MEDIUM,MIDDLE,True,33.0,61.0,29.0,False,True,False,True
2019_15_GIO_s1,2019_15,GIO,Alfa Romeo Racing,1,MEDIUM,MIDDLE,True,1.0,34.0,34.0,True,False,True,False
2019_15_GIO_s2,2019_15,GIO,Alfa Romeo Racing,2,HARD,HARDEST,True,35.0,36.0,2.0,True,False,True,True
2019_15_GIO_s3,2019_15,GIO,Alfa Romeo Racing,3,SOFT,SOFTEST,True,37.0,61.0,25.0,False,True,False,True
2019_15_GRO_s1,2019_15,GRO,Haas F1 Team,1,MEDIUM,MIDDLE,True,1.0,23.0,23.0,True,False,True,False
2019_15_GRO_s2,2019_15,GRO,Haas F1 Team,2,HARD,HARDEST,True,24.0,35.0,12.0,True,False,True,True
2019_15_GRO_s3,2019_15,GRO,Haas F1 Team,3,SOFT,SOFTEST,True,36.0,61.0,26.0,False,True,False,True
2019_15_HAM_s1,2019_15,HAM,Mercedes,1,SOFT,SOFTEST,False,1.0,26.0,26.0,True,False,True,False
2019_15_HAM_s2,2019_15,HAM,Mercedes,2,HARD,HARDEST,True,27.0,61.0,35.0,False,True,False,True
2019_15_HUL_s1,2019_15,HUL,Renault,1,SOFT,SOFTEST,False,1.0,1.0,1.0,True,False,True,False
2019_15_HUL_s2,2019_15,HUL,Renault,2,HARD,HARDEST,True,2.0,36.0,35.0,True,False,True,True
2019_15_HUL_s3,2019_15,HUL,Renault,3,MEDIUM,MIDDLE,True,37.0,61.0,25.0,False,True,False,True
2019_15_KUB_s1,2019_15,KUB,Williams,1,MEDIUM,MIDDLE,True,1.0,21.0,21.0,True,False,True,False
2019_15_KUB_s2,2019_15,KUB,Williams,2,HARD,HARDEST,True,22.0,44.0,23.0,True,False,True,True
2019_15_KUB_s3,2019_15,KUB,Williams,3,MEDIUM,MIDDLE,True,45.0,61.0,17.0,False,True,False,True
2019_15_KVY_s1,2019_15,KVY,Toro Rosso,1,MEDIUM,MIDDLE,True,1.0,12.0,12.0,True,False,True,False
2019_15_KVY_s2,2019_15,KVY,Toro Rosso,2,HARD,HARDEST,True,13.0,36.0,24.0,True,False,True,True
2019_15_KVY_s3,2019_15,KVY,Toro Rosso,3,SOFT,SOFTEST,True,37.0,61.0,25.0,False,True,False,True
2019_15_LEC_s1,2019_15,LEC,Ferrari,1,SOFT,SOFTEST,False,1.0,20.0,20.0,True,False,True,False
2019_15_LEC_s2,2019_15,LEC,Ferrari,2,HARD,HARDEST,True,21.0,61.0,41.0,False,True,False,True
2019_15_MAG_s1,2019_15,MAG,Haas F1 Team,1,MEDIUM,MIDDLE,True,1.0,18.0,18.0,True,False,True,False
2019_15_MAG_s2,2019_15,MAG,Haas F1 Team,2,HARD,HARDEST,True,19.0,56.0,38.0,True,False,True,True
2019_15_MAG_s3,2019_15,MAG,Haas F1 Team,3,SOFT,SOFTEST,True,57.0,61.0,5.0,False,True,False,False
2019_15_NOR_s1,2019_15,NOR,McLaren,1,SOFT,SOFTEST,False,1.0,20.0,20.0,True,False,True,False
2019_15_NOR_s2,2019_15,NOR,McLaren,2,HARD,HARDEST,True,21.0,61.0,41.0,False,True,False,True
2019_15_PER_s1,2019_15,PER,Racing Point,1,MEDIUM,MIDDLE,True,1.0,13.0,13.0,True,False,True,False
2019_15_PER_s2,2019_15,PER,Racing Point,2,HARD,HARDEST,True,14.0,43.0,30.0,False,False,False,True
2019_15_RAI_s1,2019_15,RAI,Alfa Romeo Racing,1,MEDIUM,MIDDLE,True,1.0,15.0,15.0,True,False,True,False
2019_15_RAI_s2,2019_15,RAI,Alfa Romeo Racing,2,HARD,HARDEST,True,16.0,50.0,35.0,False,False,False,True
2019_15_RIC_s1,2019_15,RIC,Renault,1,MEDIUM,MIDDLE,True,1.0,34.0,34.0,True,False,True,False
2019_15_RIC_s2,2019_15,RIC,Renault,2,HARD,HARDEST,True,35.0,61.0,27.0,False,True,False,True
2019_15_RUS_s1,2019_15,RUS,Williams,1,MEDIUM,MIDDLE,True,1.0,1.0,1.0,True,False,True,False
2019_15_RUS_s2,2019_15,RUS,Williams,2,HARD,HARDEST,True,2.0,35.0,34.0,False,False,False,True
2019_15_SAI_s1,2019_15,SAI,McLaren,1,SOFT,SOFTEST,False,1.0,1.0,1.0,True,False,True,False
2019_15_SAI_s2,2019_15,SAI,McLaren,2,HARD,HARDEST,True,2.0,35.0,34.0,True,False,True,True
2019_15_SAI_s3,2019_15,SAI,McLaren,3,MEDIUM,MIDDLE,True,36.0,61.0,26.0,False,True,False,True
2019_15_STR_s1,2019_15,STR,Racing Point,1,MEDIUM,MIDDLE,True,1.0,31.0,31.0,True,False,True,False
2019_15_STR_s2,2019_15,STR,Racing Point,2,HARD,HARDEST,True,32.0,41.0,10.0,True,False,True,True
2019_15_STR_s3,2019_15,STR,Racing Point,3,SOFT,SOFTEST,True,42.0,44.0,3.0,True,False,True,True
2019_15_STR_s4,2019_15,STR,Racing Point,4,SOFT,SOFTEST,True,45.0,61.0,17.0,False,True,False,True
2019_15_VER_s1,2019_15,VER,Red Bull Racing,1,SOFT,SOFTEST,False,1.0,19.0,19.0,True,False,True,False
2019_15_VER_s2,2019_15,VER,Red Bull Racing,2,HARD,HARDEST,True,20.0,61.0,42.0,False,True,False,True
2019_15_VET_s1,2019_15,VET,Ferrari,1,SOFT,SOFTEST,False,1.0,19.0,19.0,True,False,True,False
2019_15_VET_s2,2019_15,VET,Ferrari,2,HARD,HARDEST,True,20.0,61.0,42.0,False,True,False,True
2019_16_ALB_s1,2019_16,ALB,Red Bull Racing,1,MEDIUM,MIDDLE,True,1.0,29.0,29.0,True,False,True,True
2019_16_ALB_s2,2019_16,ALB,Red Bull Racing,2,SOFT,SOFTEST,True,30.0,53.0,24.0,False,True,False,True
2019_16_BOT_s1,2019_16,BOT,Mercedes,1,MEDIUM,MIDDLE,False,1.0,28.0,28.0,True,False,True,True
2019_16_BOT_s2,2019_16,BOT,Mercedes,2,SOFT,SOFTEST,False,29.0,53.0,25.0,False,True,False,True
2019_16_GAS_s1,2019_16,GAS,Toro Rosso,1,MEDIUM,MIDDLE,True,1.0,26.0,26.0,True,False,True,True
2019_16_GAS_s2,2019_16,GAS,Toro Rosso,2,SOFT,SOFTEST,True,27.0,53.0,27.0,False,True,False,True
2019_16_GIO_s1,2019_16,GIO,Alfa Romeo Racing,1,SOFT,SOFTEST,True,1.0,2.0,2.0,True,False,True,True
2019_16_GIO_s2,2019_16,GIO,Alfa Romeo Racing,2,HARD,HARDEST,True,3.0,27.0,25.0,True,False,True,True
2019_16_GIO_s3,2019_16,GIO,Alfa Romeo Racing,3,MEDIUM,MIDDLE,True,28.0,53.0,26.0,False,True,False,True
2019_16_GRO_s1,2019_16,GRO,Haas F1 Team,1,SOFT,SOFTEST,False,1.0,1.0,1.0,False,False,False,True
2019_16_HAM_s1,2019_16,HAM,Mercedes,1,MEDIUM,MIDDLE,False,1.0,28.0,28.0,True,False,True,True
2019_16_HAM_s2,2019_16,HAM,Mercedes,2,SOFT,SOFTEST,False,29.0,53.0,25.0,False,True,False,True
2019_16_HUL_s1,2019_16,HUL,Renault,1,SOFT,SOFTEST,False,1.0,16.0,16.0,True,False,True,True
2019_16_HUL_s2,2019_16,HUL,Renault,2,MEDIUM,MIDDLE,True,17.0,29.0,13.0,True,False,True,True
2019_16_HUL_s3,2019_16,HUL,Renault,3,SOFT,SOFTEST,False,30.0,53.0,24.0,False,True,False,True
2019_16_KUB_s1,2019_16,KUB,Williams,1,MEDIUM,MIDDLE,True,1.0,1.0,1.0,True,False,True,True
2019_16_KUB_s2,2019_16,KUB,Williams,2,HARD,HARDEST,True,2.0,2.0,1.0,True,False,True,True
2019_16_KUB_s3,2019_16,KUB,Williams,3,MEDIUM,MIDDLE,True,3.0,28.0,26.0,True,False,True,True
2019_16_KVY_s1,2019_16,KVY,Toro Rosso,1,HARD,HARDEST,True,1.0,27.0,27.0,True,False,True,True
2019_16_KVY_s2,2019_16,KVY,Toro Rosso,2,SOFT,SOFTEST,True,28.0,30.0,3.0,True,False,True,True
2019_16_KVY_s3,2019_16,KVY,Toro Rosso,3,SOFT,SOFTEST,True,31.0,53.0,23.0,False,True,False,True
2019_16_LEC_s1,2019_16,LEC,Ferrari,1,SOFT,SOFTEST,False,1.0,22.0,22.0,True,False,True,True
2019_16_LEC_s2,2019_16,LEC,Ferrari,2,MEDIUM,MIDDLE,True,23.0,31.0,9.0,True,False,True,True
2019_16_LEC_s3,2019_16,LEC,Ferrari,3,SOFT,SOFTEST,False,32.0,53.0,22.0,False,True,False,True
2019_16_MAG_s1,2019_16,MAG,Haas F1 Team,1,SOFT,SOFTEST,True,1.0,27.0,27.0,True,False,True,True
2019_16_MAG_s2,2019_16,MAG,Haas F1 Team,2,MEDIUM,MIDDLE,True,28.0,53.0,26.0,False,True,False,True
2019_16_NOR_s1,2019_16,NOR,McLaren,1,SOFT,SOFTEST,False,1.0,20.0,20.0,True,False,True,True
2019_16_NOR_s2,2019_16,NOR,McLaren,2,MEDIUM,MIDDLE,True,21.0,53.0,33.0,False,True,False,True
2019_16_PER_s1,2019_16,PER,Racing Point,1,SOFT,SOFTEST,True,1.0,23.0,23.0,True,False,True,True
2019_16_PER_s2,2019_16,PER,Racing Point,2,MEDIUM,MIDDLE,True,24.0,53.0,30.0,False,True,False,True
2019_16_RAI_s1,2019_16,RAI,Alfa Romeo Racing,1,MEDIUM,MIDDLE,True,1.0,9.0,9.0,True,False,True,True
2019_16_RAI_s2,2019_16,RAI,Alfa Romeo Racing,2,MEDIUM,MIDDLE,False,10.0,27.0,18.0,True,False,True,True
2019_16_RAI_s3,2019_16,RAI,Alfa Romeo Racing,3,SOFT,SOFTEST,True,28.0,53.0,26.0,False,True,False,True
2019_16_RIC_s1,2019_16,RIC,Renault,1,SOFT,SOFTEST,False,1.0,1.0,1.0,True,False,True,True
2019_16_RIC_s2,2019_16,RIC,Renault,2,MEDIUM,MIDDLE,True,2.0,24.0,23.0,True,False,True,True
2019_16_RUS_s1,2019_16,RUS,Williams,1,MEDIUM,MIDDLE,True,1.0,27.0,27.0,True,False,True,True
2019_16_SAI_s1,2019_16,SAI,McLaren,1,SOFT,SOFTEST,False,1.0,21.0,21.0,True,False,True,True
2019_16_SAI_s2,2019_16,SAI,McLaren,2,MEDIUM,MIDDLE,True,22.0,53.0,32.0,False,True,False,True
2019_16_STR_s1,2019_16,STR,Racing Point,1,MEDIUM,MIDDLE,True,1.0,27.0,27.0,True,False,True,True
2019_16_STR_s2,2019_16,STR,Racing Point,2,SOFT,SOFTEST,True,28.0,53.0,26.0,False,True,False,True
2019_16_VER_s1,2019_16,VER,Red Bull Racing,1,SOFT,SOFTEST,False,1.0,28.0,28.0,True,False,True,True
2019_16_VER_s2,2019_16,VER,Red Bull Racing,2,MEDIUM,MIDDLE,True,29.0,53.0,25.0,False,True,False,True
2019_16_VET_s1,2019_16,VET,Ferrari,1,SOFT,SOFTEST,False,1.0,26.0,26.0,True,False,True,True
2019_17_ALB_s1,2019_17,ALB,Red Bull Racing,1,SOFT,SOFTEST,False,1.0,15.0,15.0,True,False,True,True
2019_17_ALB_s2,2019_17,ALB,Red Bull Racing,2,MEDIUM,MIDDLE,True,16.0,34.0,19.0,True,False,True,False
2019_17_ALB_s3,2019_17,ALB,Red Bull Racing,3,SOFT,SOFTEST,False,35.0,53.0,19.0,False,True,False,True
2019_17_BOT_s1,2019_17,BOT,Mercedes,1,SOFT,SOFTEST,False,1.0,17.0,17.0,True,False,True,True
2019_17_BOT_s2,2019_17,BOT,Mercedes,2,MEDIUM,MIDDLE,True,18.0,36.0,19.0,True,False,True,False
2019_17_BOT_s3,2019_17,BOT,Mercedes,3,SOFT,SOFTEST,False,37.0,53.0,17.0,False,True,False,True
2019_17_GAS_s1,2019_17,GAS,Toro Rosso,1,SOFT,SOFTEST,False,1.0,18.0,18.0,True,False,True,True
2019_17_GAS_s2,2019_17,GAS,Toro Rosso,2,MEDIUM,MIDDLE,True,19.0,52.0,34.0,False,True,False,True
2019_17_GIO_s1,2019_17,GIO,Alfa Romeo Racing,1,MEDIUM,MIDDLE,True,1.0,18.0,18.0,True,False,True,True
2019_17_GIO_s2,2019_17,GIO,Alfa Romeo Racing,2,HARD,HARDEST,True,19.0,49.0,31.0,True,False,True,False
2019_17_GIO_s3,2019_17,GIO,Alfa Romeo Racing,3,SOFT,SOFTEST,True,50.0,52.0,3.0,False,True,False,True
2019_17_GRO_s1,2019_17,GRO,Haas F1 Team,1,SOFT,SOFTEST,False,1.0,16.0,16.0,True,False,True,True
2019_17_GRO_s2,2019_17,GRO,Haas F1 Team,2,HARD,HARDEST,True,17.0,52.0,36.0,False,True,False,True
2019_17_HAM_s1,2019_17,HAM,Mercedes,1,SOFT,SOFTEST,False,1.0,21.0,21.0,True,False,True,True
2019_17_HAM_s2,2019_17,HAM,Mercedes,2,MEDIUM,MIDDLE,True,22.0,42.0,21.0,True,False,True,False
2019_17_HAM_s3,2019_17,HAM,Mercedes,3,SOFT,SOFTEST,False,43.0,53.0,11.0,False,True,False,True
2019_17_HUL_s1,2019_17,HUL,Renault,1,SOFT,SOFTEST,True,1.0,19.0,19.0,True,False,True,True
2019_17_HUL_s2,2019_17,HUL,Renault,2,MEDIUM,MIDDLE,True,20.0,52.0,33.0,False,True,False,True
2019_17_KUB_s1,2019_17,KUB,Williams,1,MEDIUM,MIDDLE,True,1.0,22.0,22.0,True,False,True,True
2019_17_KUB_s2,2019_17,KUB,Williams,2,HARD,HARDEST,True,23.0,33.0,11.0,True,False,True,False
2019_17_KUB_s3,2019_17,KUB,Williams,3,MEDIUM,MIDDLE,True,34.0,51.0,18.0,False,False,False,True
2019_17_KVY_s1,2019_17,KVY,Toro Rosso,1,SOFT,SOFTEST,True,1.0,27.0,27.0,True,False,True,True
2019_17_KVY_s2,2019_17,KVY,Toro Rosso,2,MEDIUM,MIDDLE,True,28.0,52.0,25.0,False,True,False,True
2019_17_LEC_s1,2019_17,LEC,Ferrari,1,SOFT,SOFTEST,False,1.0,3.0,3.0,True,False,True,False
2019_17_LEC_s2,2019_17,LEC,Ferrari,2,MEDIUM,MIDDLE,True,4.0,25.0,22.0,True,False,True,True
2019_17_LEC_s3,2019_17,LEC,Ferrari,3,SOFT,SOFTEST,True,26.0,46.0,21.0,True,False,True,False
2019_17_LEC_s4,2019_17,LEC,Ferrari,4,SOFT,SOFTEST,False,47.0,52.0,6.0,False,True,False,True
2019_17_MAG_s1,2019_17,MAG,Haas F1 Team,1,MEDIUM,MIDDLE,True,1.0,17.0,17.0,True,False,True,True
2019_17_MAG_s2,2019_17,MAG,Haas F1 Team,2,HARD,HARDEST,True,18.0,47.0,30.0,True,False,True,False
2019_17_MAG_s3,2019_17,MAG,Haas F1 Team,3,SOFT,SOFTEST,True,48.0,52.0,5.0,False,True,False,True
2019_17_NOR_s1,2019_17,NOR,McLaren,1,SOFT,SOFTEST,False,1.0,4.0,4.0,True,False,True,True
2019_17_NOR_s2,2019_17,NOR,McLaren,2,MEDIUM,MIDDLE,True,5.0,25.0,21.0,True,False,True,False
2019_17_NOR_s3,2019_17,NOR,McLaren,3,HARD,HARDEST,False,26.0,52.0,27.0,False,True,False,True
2019_17_PER_s1,2019_17,PER,Racing Point,1,SOFT,SOFTEST,True,1.0,19.0,19.0,True,False,True,True
2019_17_PER_s2,2019_17,PER,Racing Point,2,MEDIUM,MIDDLE,True,20.0,41.0,22.0,True,False,True,False
2019_17_PER_s3,2019_17,PER,Racing Point,3,SOFT,SOFTEST,True,42.0,52.0,11.0,False,True,False,True
2019_17_RAI_s1,2019_17,RAI,Alfa Romeo Racing,1,MEDIUM,MIDDLE,True,1.0,15.0,15.0,True,False,True,True
2019_17_RAI_s2,2019_17,RAI,Alfa Romeo Racing,2,HARD,HARDEST,True,16.0,36.0,21.0,True,False,True,False
2019_17_RAI_s3,2019_17,RAI,Alfa Romeo Racing,3,SOFT,SOFTEST,True,37.0,52.0,16.0,False,True,False,True
2019_17_RIC_s1,2019_17,RIC,Renault,1,MEDIUM,MIDDLE,True,1.0,29.0,29.0,True,False,True,True
2019_17_RIC_s2,2019_17,RIC,Renault,2,SOFT,SOFTEST,True,30.0,52.0,23.0,False,True,False,True
2019_17_RUS_s1,2019_17,RUS,Williams,1,MEDIUM,MIDDLE,True,1.0,25.0,25.0,True,False,True,True
2019_17_RUS_s2,2019_17,RUS,Williams,2,HARD,HARDEST,True,26.0,51.0,26.0,False,False,False,True
2019_17_SAI_s1,2019_17,SAI,McLaren,1,SOFT,SOFTEST,False,1.0,26.0,26.0,True,False,True,True
2019_17_SAI_s2,2019_17,SAI,McLaren,2,MEDIUM,MIDDLE,True,27.0,53.0,27.0,False,True,False,True
2019_17_STR_s1,2019_17,STR,Racing Point,1,SOFT,SOFTEST,True,1.0,18.0,18.0,True,False,True,True
2019_17_STR_s2,2019_17,STR,Racing Point,2,MEDIUM,MIDDLE,True,19.0,52.0,34.0,False,True,False,True
2019_17_VER_s1,2019_17,VER,Red Bull Racing,1,SOFT,SOFTEST,False,1.0,14.0,14.0,True,False,True,True
2019_17_VET_s1,2019_17,VET,Ferrari,1,SOFT,SOFTEST,False,1.0,16.0,16.0,True,False,True,True
2019_17_VET_s2,2019_17,VET,Ferrari,2,SOFT,SOFTEST,True,17.0,31.0,15.0,True,False,True,False
2019_17_VET_s3,2019_17,VET,Ferrari,3,MEDIUM,MIDDLE,True,32.0,53.0,22.0,False,True,False,True
2019_18_ALB_s1,2019_18,ALB,Red Bull Racing,1,MEDIUM,MIDDLE,False,1.0,14.0,14.0,True,False,True,True
2019_18_ALB_s2,2019_18,ALB,Red Bull Racing,2,MEDIUM,MIDDLE,True,15.0,44.0,30.0,True,False,True,False
2019_18_ALB_s3,2019_18,ALB,Red Bull Racing,3,HARD,HARDEST,True,45.0,71.0,27.0,False,True,False,True
2019_18_BOT_s1,2019_18,BOT,Mercedes,1,MEDIUM,MIDDLE,False,1.0,36.0,36.0,True,False,True,True
2019_18_BOT_s2,2019_18,BOT,Mercedes,2,HARD,HARDEST,True,37.0,71.0,35.0,False,True,False,False
2019_18_GAS_s1,2019_18,GAS,Toro Rosso,1,SOFT,SOFTEST,False,1.0,9.0,9.0,True,False,True,True
2019_18_GAS_s2,2019_18,GAS,Toro Rosso,2,HARD,HARDEST,True,10.0,49.0,40.0,True,False,True,False
2019_18_GAS_s3,2019_18,GAS,Toro Rosso,3,MEDIUM,MIDDLE,True,50.0,70.0,21.0,False,True,False,True
2019_18_GIO_s1,2019_18,GIO,Alfa Romeo Racing,1,MEDIUM,MIDDLE,True,1.0,21.0,21.0,True,False,True,True
2019_18_GIO_s2,2019_18,GIO,Alfa Romeo Racing,2,HARD,HARDEST,True,22.0,70.0,49.0,False,True,False,True
2019_18_GRO_s1,2019_18,GRO,Haas F1 Team,1,MEDIUM,MIDDLE,True,1.0,37.0,37.0,True,False,True,True
2019_18_GRO_s2,2019_18,GRO,Haas F1 Team,2,HARD,HARDEST,True,38.0,69.0,32.0,False,False,False,True
2019_18_HAM_s1,2019_18,HAM,Mercedes,1,MEDIUM,MIDDLE,False,1.0,23.0,23.0,True,False,True,True
2019_18_HAM_s2,2019_18,HAM,Mercedes,2,HARD,HARDEST,True,24.0,71.0,48.0,False,True,False,False
2019_18_HUL_s1,2019_18,HUL,Renault,1,MEDIUM,MIDDLE,True,1.0,18.0,18.0,True,False,True,True
2019_18_HUL_s2,2019_18,HUL,Renault,2,HARD,HARDEST,True,19.0,70.0,52.0,False,True,False,True
2019_18_KUB_s1,2019_18,KUB,Williams,1,MEDIUM,MIDDLE,True,1.0,21.0,21.0,True,False,True,True
2019_18_KUB_s2,2019_18,KUB,Williams,2,HARD,HARDEST,True,22.0,60.0,39.0,True,False,True,False
2019_18_KUB_s3,2019_18,KUB,Williams,3,MEDIUM,MIDDLE,True,61.0,69.0,9.0,False,False,False,True
2019_18_KVY_s1,2019_18,KVY,Toro Rosso,1,SOFT,SOFTEST,False,1.0,10.0,10.0,True,False,True,True
2019_18_KVY_s2,2019_18,KVY,Toro Rosso,2,HARD,HARDEST,True,11.0,44.0,34.0,True,False,True,False
2019_18_KVY_s3,2019_18,KVY,Toro Rosso,3,MEDIUM,MIDDLE,True,45.0,70.0,26.0,False,True,False,True
2019_18_LEC_s1,2019_18,LEC,Ferrari,1,MEDIUM,MIDDLE,False,1.0,15.0,15.0,True,False,True,True
2019_18_LEC_s2,2019_18,LEC,Ferrari,2,MEDIUM,MIDDLE,True,16.0,43.0,28.0,True,False,True,False
2019_18_LEC_s3,2019_18,LEC,Ferrari,3,HARD,HARDEST,True,44.0,71.0,28.0,False,True,False,False
2019_18_MAG_s1,2019_18,MAG,Haas F1 Team,1,MEDIUM,MIDDLE,True,1.0,28.0,28.0,True,False,True,True
2019_18_MAG_s2,2019_18,MAG,Haas F1 Team,2,HARD,HARDEST,True,29.0,69.0,41.0,False,False,False,False
2019_18_NOR_s1,2019_18,NOR,McLaren,1,SOFT,SOFTEST,False,1.0,12.0,12.0,True,False,True,True
2019_18_NOR_s2,2019_18,NOR,McLaren,2,HARD,HARDEST,True,13.0,48.0,36.0,True,False,True,False
2019_18_PER_s1,2019_18,PER,Racing Point,1,MEDIUM,MIDDLE,True,1.0,20.0,20.0,True,False,True,True
2019_18_PER_s2,2019_18,PER,Racing Point,2,HARD,HARDEST,True,21.0,71.0,51.0,False,True,False,True
2019_18_RAI_s1,2019_18,RAI,Alfa Romeo Racing,1,MEDIUM,MIDDLE,True,1.0,15.0,15.0,True,False,True,True
2019_18_RAI_s2,2019_18,RAI,Alfa Romeo Racing,2,HARD,HARDEST,True,16.0,52.0,37.0,True,False,True,False
2019_18_RAI_s3,2019_18,RAI,Alfa Romeo Racing,3,MEDIUM,MIDDLE,False,53.0,58.0,6.0,True,False,True,False
2019_18_RIC_s1,2019_18,RIC,Renault,1,HARD,HARDEST,True,1.0,50.0,50.0,True,False,True,True
2019_18_RIC_s2,2019_18,RIC,Renault,2,MEDIUM,MIDDLE,True,51.0,71.0,21.0,False,True,False,True
2019_18_RUS_s1,2019_18,RUS,Williams,1,MEDIUM,MIDDLE,True,1.0,22.0,22.0,True,False,True,True
2019_18_RUS_s2,2019_18,RUS,Williams,2,HARD,HARDEST,True,23.0,69.0,47.0,False,False,False,True
2019_18_SAI_s1,2019_18,SAI,McLaren,1,SOFT,SOFTEST,False,1.0,15.0,15.0,True,False,True,True
2019_18_SAI_s2,2019_18,SAI,McLaren,2,HARD,HARDEST,True,16.0,35.0,20.0,True,False,True,False
2019_18_SAI_s3,2019_18,SAI,McLaren,3,MEDIUM,MIDDLE,True,36.0,70.0,35.0,False,True,False,True
2019_18_STR_s1,2019_18,STR,Racing Point,1,MEDIUM,MIDDLE,True,1.0,37.0,37.0,True,False,True,True
2019_18_STR_s2,2019_18,STR,Racing Point,2,HARD,HARDEST,True,38.0,70.0,33.0,False,True,False,True
2019_18_VER_s1,2019_18,VER,Red Bull Racing,1,MEDIUM,MIDDLE,False,1.0,5.0,5.0,True,False,True,True
2019_18_VER_s2,2019_18,VER,Red Bull Racing,2,HARD,HARDEST,True,6.0,71.0,66.0,False,True,False,True
2019_18_VET_s1,2019_18,VET,Ferrari,1,MEDIUM,MIDDLE,False,1.0,37.0,37.0,True,False,True,True
2019_18_VET_s2,2019_18,VET,Ferrari,2,HARD,HARDEST,True,38.0,71.0,34.0,False,True,False,False
2019_19_ALB_s1,2019_19,ALB,Red Bull Racing,1,SOFT,SOFTEST,False,1.0,1.0,1.0,True,False,True,False
2019_19_ALB_s2,2019_19,ALB,Red Bull Racing,2,MEDIUM,MIDDLE,True,2.0,20.0,19.0,True,False,True,True
2019_19_ALB_s3,2019_19,ALB,Red Bull Racing,3,MEDIUM,MIDDLE,True,21.0,40.0,20.0,True,False,True,False
2019_19_ALB_s4,2019_19,ALB,Red Bull Racing,4,SOFT,SOFTEST,False,41.0,56.0,16.0,False,True,False,True
2019_19_BOT_s1,2019_19,BOT,Mercedes,1,MEDIUM,MIDDLE,False,1.0,14.0,14.0,True,False,True,True
2019_19_BOT_s2,2019_19,BOT,Mercedes,2,HARD,HARDEST,True,15.0,35.0,21.0,True,False,True,False
2019_19_BOT_s3,2019_19,BOT,Mercedes,3,MEDIUM,MIDDLE,True,36.0,56.0,21.0,False,True,False,True
2019_19_GAS_s1,2019_19,GAS,Toro Rosso,1,SOFT,SOFTEST,False,1.0,19.0,19.0,True,False,True,True
2019_19_GAS_s2,2019_19,GAS,Toro Rosso,2,HARD,HARDEST,True,20.0,53.0,34.0,True,False,True,False
2019_19_GAS_s3,2019_19,GAS,Toro Rosso,3,SOFT,SOFTEST,False,54.0,54.0,1.0,True,False,True,True
2019_19_GIO_s1,2019_19,GIO,Alfa Romeo Racing,1,MEDIUM,MIDDLE,True,1.0,17.0,17.0,True,False,True,True
2019_19_GIO_s2,2019_19,GIO,Alfa Romeo Racing,2,HARD,HARDEST,True,18.0,39.0,22.0,True,False,True,False
2019_19_GIO_s3,2019_19,GIO,Alfa Romeo Racing,3,SOFT,SOFTEST,True,40.0,55.0,16.0,False,True,False,True
2019_19_GRO_s1,2019_19,GRO,Haas F1 Team,1,MEDIUM,MIDDLE,True,1.0,24.0,24.0,True,False,True,True
2019_19_GRO_s2,2019_19,GRO,Haas F1 Team,2,HARD,HARDEST,False,25.0,55.0,31.0,False,True,False,True
2019_19_HAM_s1,2019_19,HAM,Mercedes,1,MEDIUM,MIDDLE,False,1.0,24.0,24.0,True,False,True,True
2019_19_HAM_s2,2019_19,HAM,Mercedes,2,HARD,HARDEST,True,25.0,56.0,32.0,False,True,False,True
2019_19_HUL_s1,2019_19,HUL,Renault,1,HARD,HARDEST,True,1.0,27.0,27.0,True,False,True,True
2019_19_HUL_s2,2019_19,HUL,Renault,2,MEDIUM,MIDDLE,True,28.0,39.0,12.0,True,False,True,False
2019_19_HUL_s3,2019_19,HUL,Renault,3,SOFT,SOFTEST,True,40.0,55.0,16.0,False,True,False,True
2019_19_KUB_s1,2019_19,KUB,Williams,1,MEDIUM,MIDDLE,True,1.0,11.0,11.0,True,False,True,True
2019_19_KUB_s2,2019_19,KUB,Williams,2,HARD,HARDEST,True,12.0,31.0,20.0,True,False,True,False
2019_19_KVY_s1,2019_19,KVY,Toro Rosso,1,HARD,HARDEST,True,1.0,21.0,21.0,True,False,True,True
2019_19_KVY_s2,2019_19,KVY,Toro Rosso,2,MEDIUM,MIDDLE,True,22.0,39.0,18.0,True,False,True,False
2019_19_KVY_s3,2019_19,KVY,Toro Rosso,3,SOFT,SOFTEST,True,40.0,55.0,16.0,False,True,False,True
2019_19_LEC_s1,2019_19,LEC,Ferrari,1,MEDIUM,MIDDLE,False,1.0,20.0,20.0,True,False,True,True
2019_19_LEC_s2,2019_19,LEC,Ferrari,2,HARD,HARDEST,True,21.0,42.0,22.0,True,False,True,False
2019_19_LEC_s3,2019_19,LEC,Ferrari,3,SOFT,SOFTEST,True,43.0,56.0,14.0,False,True,False,True
2019_19_MAG_s1,2019_19,MAG,Haas F1 Team,1,MEDIUM,MIDDLE,True,1.0,18.0,18.0,True,False,True,True
2019_19_MAG_s2,2019_19,MAG,Haas F1 Team,2,HARD,HARDEST,False,19.0,40.0,22.0,True,False,True,False
2019_19_MAG_s3,2019_19,MAG,Haas F1 Team,3,SOFT,SOFTEST,True,41.0,53.0,13.0,False,False,False,True
2019_19_NOR_s1,2019_19,NOR,McLaren,1,SOFT,SOFTEST,False,1.0,19.0,19.0,True,False,True,True
2019_19_NOR_s2,2019_19,NOR,McLaren,2,HARD,HARDEST,True,20.0,42.0,23.0,True,False,True,False
2019_19_NOR_s3,2019_19,NOR,McLaren,3,MEDIUM,MIDDLE,True,43.0,56.0,14.0,False,True,False,True
2019_19_PER_s1,2019_19,PER,Racing Point,1,MEDIUM,MIDDLE,True,1.0,24.0,24.0,True,False,True,True
2019_19_PER_s2,2019_19,PER,Racing Point,2,HARD,HARDEST,True,25.0,55.0,31.0,False,True,False,True
2019_19_RAI_s1,2019_19,RAI,Alfa Romeo Racing,1,SOFT,SOFTEST,True,1.0,18.0,18.0,True,False,True,True
2019_19_RAI_s2,2019_19,RAI,Alfa Romeo Racing,2,HARD,HARDEST,True,19.0,40.0,22.0,True,False,True,False
2019_19_RAI_s3,2019_19,RAI,Alfa Romeo Racing,3,SOFT,SOFTEST,True,41.0,55.0,15.0,False,True,False,True
2019_19_RIC_s1,2019_19,RIC,Renault,1,SOFT,SOFTEST,False,1.0,21.0,21.0,True,False,True,True
2019_19_RIC_s2,2019_19,RIC,Renault,2,HARD,HARDEST,True,22.0,56.0,35.0,False,True,False,True
2019_19_RUS_s1,2019_19,RUS,Williams,1,MEDIUM,MIDDLE,True,1.0,23.0,23.0,True,False,True,True
2019_19_RUS_s2,2019_19,RUS,Williams,2,HARD,HARDEST,True,24.0,46.0,23.0,True,False,True,False
2019_19_RUS_s3,2019_19,RUS,Williams,3,SOFT,SOFTEST,True,47.0,54.0,8.0,False,False,False,True
2019_19_SAI_s1,2019_19,SAI,McLaren,1,SOFT,SOFTEST,False,1.0,18.0,18.0,True,False,True,True
2019_19_SAI_s2,2019_19,SAI,McLaren,2,HARD,HARDEST,True,19.0,55.0,37.0,False,True,False,True
2019_19_STR_s1,2019_19,STR,Racing Point,1,MEDIUM,MIDDLE,True,1.0,9.0,9.0,True,False,True,True
2019_19_STR_s2,2019_19,STR,Racing Point,2,HARD,HARDEST,True,10.0,29.0,20.0,True,False,True,False
2019_19_STR_s3,2019_19,STR,Racing Point,3,SOFT,SOFTEST,True,30.0,55.0,26.0,False,True,False,True
2019_19_VER_s1,2019_19,VER,Red Bull Racing,1,MEDIUM,MIDDLE,False,1.0,13.0,13.0,True,False,True,True
2019_19_VER_s2,2019_19,VER,Red Bull Racing,2,HARD,HARDEST,False,14.0,34.0,21.0,True,False,True,False
2019_19_VER_s3,2019_19,VER,Red Bull Racing,3,MEDIUM,MIDDLE,True,35.0,56.0,22.0,False,True,False,True
2019_19_VET_s1,2019_19,VET,Ferrari,1,MEDIUM,MIDDLE,False,1.0,8.0,8.0,True,False,True,True
2019_20_ALB_s1,2019_20,ALB,Red Bull Racing,1,SOFT,SOFTEST,True,1.0,24.0,24.0,True,False,True,True
2019_20_ALB_s2,2019_20,ALB,Red Bull Racing,2,MEDIUM,MIDDLE,True,25.0,50.0,26.0,True,False,True,False
2019_20_ALB_s3,2019_20,ALB,Red Bull Racing,3,SOFT,SOFTEST,True,51.0,71.0,21.0,False,True,False,True
2019_20_BOT_s1,2019_20,BOT,Mercedes,1,SOFT,SOFTEST,True,1.0,26.0,26.0,True,False,True,True
2019_20_BOT_s2,2019_20,BOT,Mercedes,2,HARD,HARDEST,True,27.0,41.0,15.0,True,False,True,False
2019_20_BOT_s3,2019_20,BOT,Mercedes,3,MEDIUM,MIDDLE,True,42.0,52.0,11.0,False,False,False,True
2019_20_GAS_s1,2019_20,GAS,Toro Rosso,1,SOFT,SOFTEST,True,1.0,22.0,22.0,True,False,True,True
2019_20_GAS_s2,2019_20,GAS,Toro Rosso,2,MEDIUM,MIDDLE,True,23.0,47.0,25.0,True,False,True,False
2019_20_GAS_s3,2019_20,GAS,Toro Rosso,3,SOFT,SOFTEST,True,48.0,71.0,24.0,False,True,False,True
2019_20_GIO_s1,2019_20,GIO,Alfa Romeo Racing,1,SOFT,SOFTEST,True,1.0,20.0,20.0,True,False,True,True
2019_20_GIO_s2,2019_20,GIO,Alfa Romeo Racing,2,MEDIUM,MIDDLE,True,21.0,46.0,26.0,True,False,True,False
2019_20_GIO_s3,2019_20,GIO,Alfa Romeo Racing,3,SOFT,SOFTEST,True,47.0,71.0,25.0,False,True,False,True
2019_20_GRO_s1,2019_20,GRO,Haas F1 Team,1,SOFT,SOFTEST,True,1.0,26.0,26.0,True,False,True,True
2019_20_GRO_s2,2019_20,GRO,Haas F1 Team,2,MEDIUM,MIDDLE,True,27.0,65.0,39.0,True,False,True,True
2019_20_GRO_s3,2019_20,GRO,Haas F1 Team,3,SOFT,SOFTEST,True,66.0,71.0,6.0,False,True,False,True
2019_20_HAM_s1,2019_20,HAM,Mercedes,1,SOFT,SOFTEST,True,1.0,20.0,20.0,True,False,True,True
2019_20_HAM_s2,2019_20,HAM,Mercedes,2,SOFT,SOFTEST,True,21.0,43.0,23.0,True,False,True,False
2019_20_HAM_s3,2019_20,HAM,Mercedes,3,MEDIUM,MIDDLE,True,44.0,66.0,23.0,True,False,True,True
2019_20_HAM_s4,2019_20,HAM,Mercedes,4,SOFT,SOFTEST,True,67.0,71.0,5.0,False,True,False,True
2019_20_HUL_s1,2019_20,HUL,Renault,1,MEDIUM,MIDDLE,True,1.0,27.0,27.0,True,False,True,True
2019_20_HUL_s2,2019_20,HUL,Renault,2,HARD,HARDEST,True,28.0,44.0,17.0,True,False,True,False
2019_20_HUL_s3,2019_20,HUL,Renault,3,SOFT,SOFTEST,True,45.0,53.0,9.0,True,False,True,True
2019_20_HUL_s4,2019_20,HUL,Renault,4,SOFT,SOFTEST,True,54.0,71.0,18.0,False,True,False,True
2019_20_KUB_s1,2019_20,KUB,Williams,1,MEDIUM,MIDDLE,True,1.0,20.0,20.0,True,False,True,True
2019_20_KUB_s2,2019_20,KUB,Williams,2,MEDIUM,MIDDLE,True,21.0,36.0,16.0,True,False,True,False
2019_20_KUB_s3,2019_20,KUB,Williams,3,HARD,HARDEST,True,37.0,53.0,17.0,True,False,True,True
2019_20_KUB_s4,2019_20,KUB,Williams,4,SOFT,SOFTEST,True,54.0,66.0,13.0,True,False,True,True
2019_20_KUB_s5,2019_20,KUB,Williams,5,SOFT,SOFTEST,True,67.0,70.0,4.0,False,True,False,True
2019_20_KVY_s1,2019_20,KVY,Toro Rosso,1,MEDIUM,MIDDLE,True,1.0,23.0,23.0,True,False,True,True
2019_20_KVY_s2,2019_20,KVY,Toro Rosso,2,SOFT,SOFTEST,True,24.0,46.0,23.0,True,False,True,False
2019_20_KVY_s3,2019_20,KVY,Toro Rosso,3,SOFT,SOFTEST,True,47.0,71.0,25.0,False,True,False,True
2019_20_LEC_s1,2019_20,LEC,Ferrari,1,MEDIUM,MIDDLE,True,1.0,29.0,29.0,True,False,True,True
2019_20_LEC_s2,2019_20,LEC,Ferrari,2,HARD,HARDEST,True,30.0,54.0,25.0,True,False,True,True
2019_20_LEC_s3,2019_20,LEC,Ferrari,3,SOFT,SOFTEST,True,55.0,66.0,12.0,False,False,False,True
2019_20_MAG_s1,2019_20,MAG,Haas F1 Team,1,SOFT,SOFTEST,True,1.0,27.0,27.0,True,False,True,True
2019_20_MAG_s2,2019_20,MAG,Haas F1 Team,2,MEDIUM,MIDDLE,True,28.0,53.0,26.0,True,False,True,True
2019_20_MAG_s3,2019_20,MAG,Haas F1 Team,3,SOFT,SOFTEST,True,54.0,71.0,18.0,False,True,False,True
2019_20_NOR_s1,2019_20,NOR,McLaren,1,SOFT,SOFTEST,True,1.0,27.0,27.0,True,False,True,True
2019_20_NOR_s2,2019_20,NOR,McLaren,2,HARD,HARDEST,True,28.0,53.0,26.0,True,False,True,True
2019_20_NOR_s3,2019_20,NOR,McLaren,3,MEDIUM,MIDDLE,True,54.0,71.0,18.0,False,True,False,True
2019_20_PER_s1,2019_20,PER,Racing Point,1,SOFT,SOFTEST,True,1.0,17.0,17.0,True,False,True,True
2019_20_PER_s2,2019_20,PER,Racing Point,2,MEDIUM,MIDDLE,True,18.0,45.0,28.0,True,False,True,False
2019_20_PER_s3,2019_20,PER,Racing Point,3,SOFT,SOFTEST,True,46.0,71.0,26.0,False,True,False,True
2019_20_RAI_s1,2019_20,RAI,Alfa Romeo Racing,1,SOFT,SOFTEST,True,1.0,21.0,21.0,True,False,True,True
2019_20_RAI_s2,2019_20,RAI,Alfa Romeo Racing,2,MEDIUM,MIDDLE,True,22.0,47.0,26.0,True,False,True,False
2019_20_RAI_s3,2019_20,RAI,Alfa Romeo Racing,3,SOFT,SOFTEST,True,48.0,71.0,24.0,False,True,False,True
2019_20_RIC_s1,2019_20,RIC,Renault,1,MEDIUM,MIDDLE,True,1.0,8.0,8.0,True,False,True,True
2019_20_RIC_s2,2019_20,RIC,Renault,2,SOFT,SOFTEST,True,9.0,40.0,32.0,True,False,True,False
2019_20_RIC_s3,2019_20,RIC,Renault,3,SOFT,SOFTEST,True,41.0,71.0,31.0,False,True,False,True
2019_20_RUS_s1,2019_20,RUS,Williams,1,MEDIUM,MIDDLE,True,1.0,23.0,23.0,True,False,True,True
2019_20_RUS_s2,2019_20,RUS,Williams,2,MEDIUM,MIDDLE,True,24.0,54.0,31.0,True,False,True,True
2019_20_RUS_s3,2019_20,RUS,Williams,3,SOFT,SOFTEST,True,55.0,66.0,12.0,True,False,True,True
2019_20_RUS_s4,2019_20,RUS,Williams,4,SOFT,SOFTEST,True,67.0,71.0,5.0,False,True,False,True
2019_20_SAI_s1,2019_20,SAI,McLaren,1,SOFT,SOFTEST,True,1.0,29.0,29.0,True,False,True,True
2019_20_SAI_s2,2019_20,SAI,McLaren,2,MEDIUM,MIDDLE,True,30.0,71.0,42.0,False,True,False,True
2019_20_STR_s1,2019_20,STR,Racing Point,1,SOFT,SOFTEST,True,1.0,28.0,28.0,True,False,True,True
2019_20_STR_s2,2019_20,STR,Racing Point,2,MEDIUM,MIDDLE,True,29.0,53.0,25.0,True,False,True,True
2019_20_STR_s3,2019_20,STR,Racing Point,3,SOFT,SOFTEST,True,54.0,66.0,13.0,False,False,False,True
2019_20_VER_s1,2019_20,VER,Red Bull Racing,1,SOFT,SOFTEST,True,1.0,21.0,21.0,True,False,True,True
2019_20_VER_s2,2019_20,VER,Red Bull Racing,2,SOFT,SOFTEST,True,22.0,44.0,23.0,True,False,True,False
2019_20_VER_s3,2019_20,VER,Red Bull Racing,3,MEDIUM,MIDDLE,True,45.0,54.0,10.0,True,False,True,True
2019_20_VER_s4,2019_20,VER,Red Bull Racing,4,SOFT,SOFTEST,True,55.0,71.0,17.0,False,True,False,True
2019_20_VET_s1,2019_20,VET,Ferrari,1,SOFT,SOFTEST,True,1.0,25.0,25.0,True,False,True,True
2019_20_VET_s2,2019_20,VET,Ferrari,2,MEDIUM,MIDDLE,True,26.0,49.0,24.0,True,False,True,False
2019_20_VET_s3,2019_20,VET,Ferrari,3,SOFT,SOFTEST,True,50.0,66.0,17.0,False,False,False,True
2019_21_ALB_s1,2019_21,ALB,Red Bull Racing,1,MEDIUM,MIDDLE,False,1.0,13.0,13.0,True,False,True,True
2019_21_ALB_s2,2019_21,ALB,Red Bull Racing,2,HARD,HARDEST,True,14.0,55.0,42.0,False,True,False,False
2019_21_BOT_s1,2019_21,BOT,Mercedes,1,MEDIUM,MIDDLE,False,1.0,29.0,29.0,True,False,True,True
2019_21_BOT_s2,2019_21,BOT,Mercedes,2,HARD,HARDEST,True,30.0,55.0,26.0,False,True,False,False
2019_21_GAS_s1,2019_21,GAS,Toro Rosso,1,MEDIUM,MIDDLE,True,1.0,1.0,1.0,True,False,True,True
2019_21_GAS_s2,2019_21,GAS,Toro Rosso,2,HARD,HARDEST,True,2.0,53.0,52.0,False,False,False,False
2019_21_GIO_s1,2019_21,GIO,Alfa Romeo Racing,1,SOFT,SOFTEST,True,1.0,8.0,8.0,True,False,True,True
2019_21_GIO_s2,2019_21,GIO,Alfa Romeo Racing,2,HARD,HARDEST,True,9.0,26.0,18.0,True,False,True,False
2019_21_GIO_s3,2019_21,GIO,Alfa Romeo Racing,3,MEDIUM,MIDDLE,True,27.0,54.0,28.0,False,True,False,False
2019_21_GRO_s1,2019_21,GRO,Haas F1 Team,1,MEDIUM,MIDDLE,True,1.0,18.0,18.0,True,False,True,True
2019_21_GRO_s2,2019_21,GRO,Haas F1 Team,2,HARD,HARDEST,False,19.0,54.0,36.0,False,True,False,False
2019_21_HAM_s1,2019_21,HAM,Mercedes,1,MEDIUM,MIDDLE,False,1.0,26.0,26.0,True,False,True,True
2019_21_HAM_s2,2019_21,HAM,Mercedes,2,HARD,HARDEST,True,27.0,55.0,29.0,False,True,False,False
2019_21_HUL_s1,2019_21,HUL,Renault,1,SOFT,SOFTEST,False,1.0,18.0,18.0,True,False,True,True
2019_21_HUL_s2,2019_21,HUL,Renault,2,MEDIUM,MIDDLE,True,19.0,54.0,36.0,False,True,False,False
2019_21_KUB_s1,2019_21,KUB,Williams,1,HARD,HARDEST,True,1.0,24.0,24.0,True,False,True,True
2019_21_KUB_s2,2019_21,KUB,Williams,2,MEDIUM,MIDDLE,True,25.0,53.0,29.0,False,False,False,False
2019_21_KVY_s1,2019_21,KVY,Toro Rosso,1,HARD,HARDEST,True,1.0,40.0,40.0,True,False,True,True
2019_21_KVY_s2,2019_21,KVY,Toro Rosso,2,MEDIUM,MIDDLE,True,41.0,54.0,14.0,False,True,False,False
2019_21_LEC_s1,2019_21,LEC,Ferrari,1,MEDIUM,MIDDLE,False,1.0,12.0,12.0,True,False,True,True
2019_21_LEC_s2,2019_21,LEC,Ferrari,2,HARD,HARDEST,True,13.0,38.0,26.0,True,False,True,False
2019_21_LEC_s3,2019_21,LEC,Ferrari,3,SOFT,SOFTEST,True,39.0,55.0,17.0,False,True,False,False
2019_21_MAG_s1,2019_21,MAG,Haas F1 Team,1,MEDIUM,MIDDLE,True,1.0,20.0,20.0,True,False,True,True
2019_21_MAG_s2,2019_21,MAG,Haas F1 Team,2,HARD,HARDEST,False,21.0,54.0,34.0,False,True,False,False
2019_21_NOR_s1,2019_21,NOR,McLaren,1,SOFT,SOFTEST,False,1.0,8.0,8.0,True,False,True,True
2019_21_NOR_s2,2019_21,NOR,McLaren,2,HARD,HARDEST,True,9.0,54.0,46.0,False,True,False,False
2019_21_PER_s1,2019_21,PER,Racing Point,1,MEDIUM,MIDDLE,True,1.0,37.0,37.0,True,False,True,True
2019_21_PER_s2,2019_21,PER,Racing Point,2,HARD,HARDEST,True,38.0,54.0,17.0,False,True,False,False
2019_21_RAI_s1,2019_21,RAI,Alfa Romeo Racing,1,MEDIUM,MIDDLE,True,1.0,22.0,22.0,True,False,True,True
2019_21_RAI_s2,2019_21,RAI,Alfa Romeo Racing,2,HARD,HARDEST,True,23.0,54.0,32.0,False,True,False,False
2019_21_RIC_s1,2019_21,RIC,Renault,1,SOFT,SOFTEST,False,1.0,11.0,11.0,True,False,True,True
2019_21_RIC_s2,2019_21,RIC,Renault,2,HARD,HARDEST,True,12.0,42.0,31.0,True,False,True,False
2019_21_RIC_s3,2019_21,RIC,Renault,3,SOFT,SOFTEST,False,43.0,54.0,12.0,False,True,False,False
2019_21_RUS_s1,2019_21,RUS,Williams,1,HARD,HARDEST,True,1.0,32.0,32.0,True,False,True,True
2019_21_RUS_s2,2019_21,RUS,Williams,2,MEDIUM,MIDDLE,True,33.0,54.0,22.0,False,True,False,False
2019_21_SAI_s1,2019_21,SAI,McLaren,1,SOFT,SOFTEST,False,1.0,12.0,12.0,True,False,True,True
2019_21_SAI_s2,2019_21,SAI,McLaren,2,HARD,HARDEST,True,13.0,41.0,29.0,True,False,True,False
2019_21_SAI_s3,2019_21,SAI,McLaren,3,MEDIUM,MIDDLE,True,42.0,54.0,13.0,False,True,False,False
2019_21_STR_s1,2019_21,STR,Racing Point,1,MEDIUM,MIDDLE,True,1.0,5.0,5.0,True,False,True,True
2019_21_STR_s2,2019_21,STR,Racing Point,2,HARD,HARDEST,True,6.0,23.0,18.0,True,False,True,False
2019_21_STR_s3,2019_21,STR,Racing Point,3,SOFT,SOFTEST,True,24.0,45.0,22.0,True,False,True,False
2019_21_VER_s1,2019_21,VER,Red Bull Racing,1,MEDIUM,MIDDLE,False,1.0,25.0,25.0,True,False,True,True
2019_21_VER_s2,2019_21,VER,Red Bull Racing,2,HARD,HARDEST,True,26.0,55.0,30.0,False,True,False,False
2019_21_VET_s1,2019_21,VET,Ferrari,1,SOFT,SOFTEST,False,1.0,12.0,12.0,True,False,True,True
2019_21_VET_s2,2019_21,VET,Ferrari,2,HARD,HARDEST,True,13.0,38.0,26.0,True,False,True,False
2019_21_VET_s3,2019_21,VET,Ferrari,3,MEDIUM,MIDDLE,True,39.0,55.0,17.0,False,True,False,False
2020_01_ALB_s1,2020_01,ALB,Red Bull Racing,1,SOFT,SOFTEST,False,1.0,24.0,24.0,True,False,True,True
2020_01_ALB_s2,2020_01,ALB,Red Bull Racing,2,HARD,HARDEST,True,25.0,49.0,25.0,True,False,True,True
2020_01_ALB_s3,2020_01,ALB,Red Bull Racing,3,SOFT,SOFTEST,False,50.0,54.0,5.0,True,False,True,True
2020_01_ALB_s4,2020_01,ALB,Red Bull Racing,4,SOFT,SOFTEST,False,55.0,63.0,9.0,False,False,False,True
2020_01_BOT_s1,2020_01,BOT,Mercedes,1,SOFT,SOFTEST,False,1.0,24.0,24.0,True,False,True,True
2020_01_BOT_s2,2020_01,BOT,Mercedes,2,HARD,HARDEST,True,25.0,54.0,30.0,True,False,True,True
2020_01_BOT_s3,2020_01,BOT,Mercedes,3,HARD,HARDEST,False,55.0,68.0,14.0,False,True,False,True
2020_01_GAS_s1,2020_01,GAS,AlphaTauri,1,MEDIUM,MIDDLE,True,1.0,24.0,24.0,True,False,True,True
2020_01_GAS_s2,2020_01,GAS,AlphaTauri,2,HARD,HARDEST,True,25.0,54.0,30.0,True,False,True,True
2020_01_GAS_s3,2020_01,GAS,AlphaTauri,3,HARD,HARDEST,False,55.0,67.0,13.0,False,True,False,True
2020_01_GIO_s1,2020_01,GIO,Alfa Romeo Racing,1,MEDIUM,MIDDLE,True,1.0,23.0,23.0,True,False,True,True
2020_01_GIO_s2,2020_01,GIO,Alfa Romeo Racing,2,HARD,HARDEST,True,24.0,53.0,30.0,True,False,True,True
2020_01_GIO_s3,2020_01,GIO,Alfa Romeo Racing,3,SOFT,SOFTEST,False,54.0,67.0,14.0,False,True,False,True
2020_01_GRO_s1,2020_01,GRO,Haas F1 Team,1,MEDIUM,MIDDLE,True,1.0,19.0,19.0,True,False,True,False
2020_01_GRO_s2,2020_01,GRO,Haas F1 Team,2,HARD,HARDEST,True,20.0,44.0,25.0,True,False,True,True
2020_01_HAM_s1,2020_01,HAM,Mercedes,1,SOFT,SOFTEST,False,1.0,24.0,24.0,True,False,True,True
2020_01_HAM_s2,2020_01,HAM,Mercedes,2,HARD,HARDEST,True,25.0,54.0,30.0,True,False,True,True
2020_01_HAM_s3,2020_01,HAM,Mercedes,3,HARD,HARDEST,False,55.0,67.0,13.0,False,True,False,True
2020_01_KVY_s1,2020_01,KVY,AlphaTauri,1,MEDIUM,MIDDLE,True,1.0,24.0,24.0,True,False,True,True
2020_01_KVY_s2,2020_01,KVY,AlphaTauri,2,HARD,HARDEST,True,25.0,49.0,25.0,True,False,True,True
2020_01_KVY_s3,2020_01,KVY,AlphaTauri,3,SOFT,SOFTEST,True,50.0,54.0,5.0,True,False,True,True
2020_01_KVY_s4,2020_01,KVY,AlphaTauri,4,SOFT,SOFTEST,False,55.0,65.0,11.0,False,False,False,True
2020_01_LAT_s1,2020_01,LAT,Williams,1,MEDIUM,MIDDLE,True,1.0,25.0,25.0,True,False,True,True
2020_01_LAT_s2,2020_01,LAT,Williams,2,HARD,HARDEST,True,26.0,50.0,25.0,True,False,True,True
2020_01_LAT_s3,2020_01,LAT,Williams,3,SOFT,SOFTEST,True,51.0,54.0,4.0,True,False,True,True
2020_01_LAT_s4,2020_01,LAT,Williams,4,SOFT,SOFTEST,False,55.0,67.0,13.0,False,True,False,True
2020_01_LEC_s1,2020_01,LEC,Ferrari,1,SOFT,SOFTEST,False,1.0,24.0,24.0,True,False,True,True
2020_01_LEC_s2,2020_01,LEC,Ferrari,2,HARD,HARDEST,True,25.0,49.0,25.0,True,False,True,True
2020_01_LEC_s3,2020_01,LEC,Ferrari,3,MEDIUM,MIDDLE,True,50.0,54.0,5.0,True,False,True,True
2020_01_LEC_s4,2020_01,LEC,Ferrari,4,MEDIUM,MIDDLE,False,55.0,67.0,13.0,False,True,False,True
2020_01_MAG_s1,2020_01,MAG,Haas F1 Team,1,MEDIUM,MIDDLE,True,1.0,20.0,20.0,False,False,False,True
2020_01_NOR_s1,2020_01,NOR,McLaren,1,SOFT,SOFTEST,False,1.0,24.0,24.0,True,False,True,True
2020_01_NOR_s2,2020_01,NOR,McLaren,2,HARD,HARDEST,True,25.0,49.0,25.0,True,False,True,True
2020_01_NOR_s3,2020_01,NOR,McLaren,3,MEDIUM,MIDDLE,True,50.0,54.0,5.0,True,False,True,True
2020_01_NOR_s4,2020_01,NOR,McLaren,4,MEDIUM,MIDDLE,False,55.0,67.0,13.0,False,True,False,True
2020_01_OCO_s1,2020_01,OCO,Renault,1,MEDIUM,MIDDLE,True,1.0,24.0,24.0,True,False,True,True
2020_01_OCO_s2,2020_01,OCO,Renault,2,HARD,HARDEST,True,25.0,54.0,30.0,True,False,True,True
2020_01_OCO_s3,2020_01,OCO,Renault,3,HARD,HARDEST,False,55.0,67.0,13.0,False,True,False,True
2020_01_PER_s1,2020_01,PER,Racing Point,1,SOFT,SOFTEST,False,1.0,24.0,24.0,True,False,True,True
2020_01_PER_s2,2020_01,PER,Racing Point,2,MEDIUM,MIDDLE,True,25.0,54.0,30.0,True,False,True,True
2020_01_PER_s3,2020_01,PER,Racing Point,3,MEDIUM,MIDDLE,False,55.0,67.0,13.0,False,True,False,True
2020_01_RAI_s1,2020_01,RAI,Alfa Romeo Racing,1,MEDIUM,MIDDLE,True,1.0,19.0,19.0,True,False,True,True
2020_01_RAI_s2,2020_01,RAI,Alfa Romeo Racing,2,HARD,HARDEST,True,20.0,46.0,27.0,True,False,True,True
2020_01_RAI_s3,2020_01,RAI,Alfa Romeo Racing,3,SOFT,SOFTEST,True,47.0,49.0,3.0,False,False,False,True
2020_01_RIC_s1,2020_01,RIC,Renault,1,SOFT,SOFTEST,False,1.0,12.0,12.0,True,False,True,False
2020_01_RUS_s1,2020_01,RUS,Williams,1,MEDIUM,MIDDLE,True,1.0,20.0,20.0,True,False,True,True
2020_01_RUS_s2,2020_01,RUS,Williams,2,HARD,HARDEST,True,21.0,45.0,25.0,False,False,False,True
2020_01_SAI_s1,2020_01,SAI,McLaren,1,SOFT,SOFTEST,False,1.0,24.0,24.0,True,False,True,True
2020_01_SAI_s2,2020_01,SAI,McLaren,2,HARD,HARDEST,True,25.0,50.0,26.0,True,False,True,True
2020_01_SAI_s3,2020_01,SAI,McLaren,3,MEDIUM,MIDDLE,True,51.0,54.0,4.0,True,False,True,True
2020_01_SAI_s4,2020_01,SAI,McLaren,4,MEDIUM,MIDDLE,False,55.0,67.0,13.0,False,True,False,True
2020_01_STR_s1,2020_01,STR,Racing Point,1,SOFT,SOFTEST,False,1.0,15.0,15.0,True,False,True,False
2020_01_VER_s1,2020_01,VER,Red Bull Racing,1,MEDIUM,MIDDLE,False,1.0,10.0,10.0,True,False,True,False
2020_01_VET_s1,2020_01,VET,Ferrari,1,MEDIUM,MIDDLE,True,1.0,24.0,24.0,True,False,True,True
2020_01_VET_s2,2020_01,VET,Ferrari,2,HARD,HARDEST,True,25.0,49.0,25.0,True,False,True,True
2020_01_VET_s3,2020_01,VET,Ferrari,3,SOFT,SOFTEST,True,50.0,54.0,5.0,True,False,True,True
2020_01_VET_s4,2020_01,VET,Ferrari,4,SOFT,SOFTEST,False,55.0,67.0,13.0,False,True,False,True
2020_02_ALB_s1,2020_02,ALB,Red Bull Racing,1,SOFT,SOFTEST,True,1.0,35.0,35.0,True,False,True,True
2020_02_ALB_s2,2020_02,ALB,Red Bull Racing,2,MEDIUM,MIDDLE,True,36.0,71.0,36.0,False,True,False,False
2020_02_BOT_s1,2020_02,BOT,Mercedes,1,SOFT,SOFTEST,True,1.0,34.0,34.0,True,False,True,True
2020_02_BOT_s2,2020_02,BOT,Mercedes,2,MEDIUM,MIDDLE,True,35.0,71.0,37.0,False,True,False,False
2020_02_GAS_s1,2020_02,GAS,AlphaTauri,1,SOFT,SOFTEST,True,1.0,24.0,24.0,True,False,True,True
2020_02_GAS_s2,2020_02,GAS,AlphaTauri,2,HARD,HARDEST,True,25.0,49.0,25.0,True,False,True,False
2020_02_GAS_s3,2020_02,GAS,AlphaTauri,3,SOFT,SOFTEST,True,50.0,70.0,21.0,False,True,False,False
2020_02_GIO_s1,2020_02,GIO,Alfa Romeo Racing,1,MEDIUM,MIDDLE,True,1.0,39.0,39.0,True,False,True,True
2020_02_GIO_s2,2020_02,GIO,Alfa Romeo Racing,2,SOFT,SOFTEST,True,40.0,70.0,31.0,False,True,False,False
2020_02_GRO_s1,2020_02,GRO,Haas F1 Team,1,SOFT,SOFTEST,True,1.0,37.0,37.0,True,False,True,True
2020_02_GRO_s2,2020_02,GRO,Haas F1 Team,2,MEDIUM,MIDDLE,True,38.0,70.0,33.0,False,True,False,False
2020_02_HAM_s1,2020_02,HAM,Mercedes,1,SOFT,SOFTEST,True,1.0,27.0,27.0,True,False,True,True
2020_02_HAM_s2,2020_02,HAM,Mercedes,2,MEDIUM,MIDDLE,True,28.0,71.0,44.0,False,True,False,False
2020_02_KVY_s1,2020_02,KVY,AlphaTauri,1,MEDIUM,MIDDLE,True,1.0,36.0,36.0,True,False,True,True
2020_02_KVY_s2,2020_02,KVY,AlphaTauri,2,HARD,HARDEST,True,37.0,70.0,34.0,False,True,False,False
2020_02_LAT_s1,2020_02,LAT,Williams,1,MEDIUM,MIDDLE,True,1.0,32.0,32.0,True,False,True,True
2020_02_LAT_s2,2020_02,LAT,Williams,2,SOFT,SOFTEST,True,33.0,69.0,37.0,False,False,False,False
2020_02_LEC_s1,2020_02,LEC,Ferrari,1,SOFT,SOFTEST,True,1.0,1.0,1.0,True,False,True,True
2020_02_LEC_s2,2020_02,LEC,Ferrari,2,HARD,HARDEST,True,2.0,4.0,3.0,True,False,True,True
2020_02_MAG_s1,2020_02,MAG,Haas F1 Team,1,SOFT,SOFTEST,True,1.0,31.0,31.0,True,False,True,True
2020_02_MAG_s2,2020_02,MAG,Haas F1 Team,2,MEDIUM,MIDDLE,True,32.0,70.0,39.0,False,True,False,False
2020_02_NOR_s1,2020_02,NOR,McLaren,1,SOFT,SOFTEST,True,1.0,39.0,39.0,True,False,True,True
2020_02_NOR_s2,2020_02,NOR,McLaren,2,MEDIUM,MIDDLE,True,40.0,71.0,32.0,False,True,False,False
2020_02_OCO_s1,2020_02,OCO,Renault,1,SOFT,SOFTEST,True,1.0,25.0,25.0,True,False,True,True
2020_02_PER_s1,2020_02,PER,Racing Point,1,SOFT,SOFTEST,True,1.0,38.0,38.0,True,False,True,True
2020_02_PER_s2,2020_02,PER,Racing Point,2,MEDIUM,MIDDLE,True,39.0,71.0,33.0,False,True,False,False
2020_02_RAI_s1,2020_02,RAI,Alfa Romeo Racing,1,MEDIUM,MIDDLE,True,1.0,44.0,44.0,True,False,True,True
2020_02_RAI_s2,2020_02,RAI,Alfa Romeo Racing,2,SOFT,SOFTEST,True,45.0,70.0,26.0,False,True,False,False
2020_02_RIC_s1,2020_02,RIC,Renault,1,MEDIUM,MIDDLE,True,1.0,37.0,37.0,True,False,True,True
2020_02_RIC_s2,2020_02,RIC,Renault,2,SOFT,SOFTEST,True,38.0,71.0,34.0,False,True,False,False
2020_02_RUS_s1,2020_02,RUS,Williams,1,SOFT,SOFTEST,True,1.0,34.0,34.0,True,False,True,True
2020_02_RUS_s2,2020_02,RUS,Williams,2,MEDIUM,MIDDLE,True,35.0,69.0,35.0,False,False,False,False
2020_02_SAI_s1,2020_02,SAI,McLaren,1,SOFT,SOFTEST,True,1.0,32.0,32.0,True,False,True,True
2020_02_SAI_s2,2020_02,SAI,McLaren,2,MEDIUM,MIDDLE,True,33.0,66.0,34.0,True,False,True,False
2020_02_SAI_s3,2020_02,SAI,McLaren,3,SOFT,SOFTEST,True,67.0,70.0,4.0,False,True,False,False
2020_02_STR_s1,2020_02,STR,Racing Point,1,SOFT,SOFTEST,True,1.0,33.0,33.0,True,False,True,True
2020_02_STR_s2,2020_02,STR,Racing Point,2,MEDIUM,MIDDLE,True,34.0,71.0,38.0,False,True,False,False
2020_02_VER_s1,2020_02,VER,Red Bull Racing,1,SOFT,SOFTEST,True,1.0,24.0,24.0,True,False,True,True
2020_02_VER_s2,2020_02,VER,Red Bull Racing,2,MEDIUM,MIDDLE,True,25.0,68.0,44.0,True,False,True,False
2020_02_VER_s3,2020_02,VER,Red Bull Racing,3,SOFT,SOFTEST,True,69.0,71.0,3.0,False,True,False,False
2020_02_VET_s1,2020_02,VET,Ferrari,1,MEDIUM,MIDDLE,True,1.0,1.0,1.0,True,False,True,True
2020_03_ALB_s1,2020_03,ALB,Red Bull Racing,1,WET,WET,True,1.0,3.0,3.0,True,False,True,False
2020_03_ALB_s2,2020_03,ALB,Red Bull Racing,2,MEDIUM,MIDDLE,True,4.0,34.0,31.0,True,False,True,True
2020_03_ALB_s3,2020_03,ALB,Red Bull Racing,3,HARD,HARDEST,True,35.0,70.0,36.0,False,True,False,True
2020_03_BOT_s1,2020_03,BOT,Mercedes,1,WET,WET,True,1.0,2.0,2.0,True,False,True,False
2020_03_BOT_s2,2020_03,BOT,Mercedes,2,MEDIUM,MIDDLE,True,3.0,33.0,31.0,True,False,True,True
2020_03_BOT_s3,2020_03,BOT,Mercedes,3,MEDIUM,MIDDLE,False,34.0,49.0,16.0,True,False,True,True
2020_03_BOT_s4,2020_03,BOT,Mercedes,4,HARD,HARDEST,True,50.0,70.0,21.0,False,True,False,False
2020_03_GAS_s1,2020_03,GAS,AlphaTauri,1,WET,WET,True,1.0,3.0,3.0,True,False,True,False
2020_03_GAS_s2,2020_03,GAS,AlphaTauri,2,SOFT,SOFTEST,True,4.0,15.0,12.0,True,False,True,True
2020_03_GIO_s1,2020_03,GIO,Alfa Romeo Racing,1,WET,WET,True,1.0,4.0,4.0,True,False,True,True
2020_03_GIO_s2,2020_03,GIO,Alfa Romeo Racing,2,SOFT,SOFTEST,True,5.0,20.0,16.0,True,False,True,False
2020_03_GIO_s3,2020_03,GIO,Alfa Romeo Racing,3,MEDIUM,MIDDLE,True,21.0,40.0,20.0,True,False,True,False
2020_03_GIO_s4,2020_03,GIO,Alfa Romeo Racing,4,HARD,HARDEST,True,41.0,69.0,29.0,False,True,False,True
2020_03_GRO_s1,2020_03,GRO,Haas F1 Team,1,MEDIUM,MIDDLE,True,1.0,34.0,34.0,True,False,True,True
2020_03_GRO_s2,2020_03,GRO,Haas F1 Team,2,HARD,HARDEST,False,35.0,69.0,,False,True,False,True
2020_03_HAM_s1,2020_03,HAM,Mercedes,1,WET,WET,True,1.0,3.0,3.0,True,False,True,False
2020_03_HAM_s2,2020_03,HAM,Mercedes,2,MEDIUM,MIDDLE,True,4.0,37.0,34.0,True,False,True,True
2020_03_HAM_s3,2020_03,HAM,Mercedes,3,MEDIUM,MIDDLE,False,38.0,66.0,29.0,True,False,True,True
2020_03_HAM_s4,2020_03,HAM,Mercedes,4,SOFT,SOFTEST,False,67.0,70.0,4.0,False,True,False,False
2020_03_KVY_s1,2020_03,KVY,AlphaTauri,1,WET,WET,True,1.0,1.0,1.0,True,False,True,False
2020_03_KVY_s2,2020_03,KVY,AlphaTauri,2,SOFT,SOFTEST,True,2.0,18.0,17.0,True,False,True,True
2020_03_KVY_s3,2020_03,KVY,AlphaTauri,3,HARD,HARDEST,True,19.0,69.0,51.0,False,True,False,True
2020_03_LAT_s1,2020_03,LAT,Williams,1,WET,WET,True,1.0,3.0,3.0,True,False,True,False
2020_03_LAT_s2,2020_03,LAT,Williams,2,SOFT,SOFTEST,True,4.0,4.0,1.0,True,False,True,True
2020_03_LAT_s3,2020_03,LAT,Williams,3,MEDIUM,MIDDLE,True,5.0,31.0,27.0,True,False,True,False
2020_03_LAT_s4,2020_03,LAT,Williams,4,MEDIUM,MIDDLE,False,32.0,39.0,8.0,True,False,True,True
2020_03_LAT_s5,2020_03,LAT,Williams,5,SOFT,SOFTEST,False,40.0,52.0,13.0,True,False,True,False
2020_03_LAT_s6,2020_03,LAT,Williams,6,HARD,HARDEST,True,53.0,65.0,13.0,False,False,False,False
2020_03_LEC_s1,2020_03,LEC,Ferrari,1,WET,WET,True,1.0,2.0,2.0,True,False,True,False
2020_03_LEC_s2,2020_03,LEC,Ferrari,2,SOFT,SOFTEST,False,3.0,20.0,18.0,True,False,True,True
2020_03_LEC_s3,2020_03,LEC,Ferrari,3,HARD,HARDEST,True,21.0,69.0,49.0,False,True,False,True
2020_03_MAG_s1,2020_03,MAG,Haas F1 Team,1,MEDIUM,MIDDLE,True,1.0,35.0,35.0,True,False,True,True
2020_03_MAG_s2,2020_03,MAG,Haas F1 Team,2,HARD,HARDEST,True,36.0,69.0,,False,True,False,True
2020_03_NOR_s1,2020_03,NOR,McLaren,1,WET,WET,True,1.0,4.0,4.0,True,False,True,True
2020_03_NOR_s2,2020_03,NOR,McLaren,2,MEDIUM,MIDDLE,True,5.0,35.0,31.0,True,False,True,True
2020_03_NOR_s3,2020_03,NOR,McLaren,3,HARD,HARDEST,True,36.0,69.0,34.0,False,True,False,True
2020_03_OCO_s1,2020_03,OCO,Renault,1,WET,WET,True,1.0,4.0,4.0,True,False,True,True
2020_03_OCO_s2,2020_03,OCO,Renault,2,MEDIUM,MIDDLE,True,5.0,31.0,27.0,True,False,True,True
2020_03_OCO_s3,2020_03,OCO,Renault,3,HARD,HARDEST,True,32.0,69.0,38.0,False,True,False,True
2020_03_PER_s1,2020_03,PER,Racing Point,1,WET,WET,True,1.0,3.0,3.0,True,False,True,False
2020_03_PER_s2,2020_03,PER,Racing Point,2,MEDIUM,MIDDLE,False,4.0,35.0,32.0,True,False,True,True
2020_03_PER_s3,2020_03,PER,Racing Point,3,HARD,HARDEST,True,36.0,69.0,34.0,False,True,False,True
2020_03_RAI_s1,2020_03,RAI,Alfa Romeo Racing,1,WET,WET,True,1.0,3.0,3.0,True,False,True,False
2020_03_RAI_s2,2020_03,RAI,Alfa Romeo Racing,2,MEDIUM,MIDDLE,True,4.0,33.0,30.0,True,False,True,True
2020_03_RAI_s3,2020_03,RAI,Alfa Romeo Racing,3,HARD,HARDEST,True,34.0,69.0,36.0,False,True,False,True
2020_03_RIC_s1,2020_03,RIC,Renault,1,WET,WET,True,1.0,4.0,4.0,True,False,True,True
2020_03_RIC_s2,2020_03,RIC,Renault,2,MEDIUM,MIDDLE,False,5.0,43.0,39.0,True,False,True,True
2020_03_RIC_s3,2020_03,RIC,Renault,3,MEDIUM,MIDDLE,True,44.0,69.0,26.0,False,True,False,False
2020_03_RUS_s1,2020_03,RUS,Williams,1,WET,WET,True,1.0,4.0,4.0,True,False,True,True
2020_03_RUS_s2,2020_03,RUS,Williams,2,SOFT,SOFTEST,True,5.0,19.0,15.0,True,False,True,True
2020_03_RUS_s3,2020_03,RUS,Williams,3,MEDIUM,MIDDLE,True,20.0,50.0,31.0,True,False,True,True
2020_03_RUS_s4,2020_03,RUS,Williams,4,MEDIUM,MIDDLE,False,51.0,69.0,19.0,False,True,False,False
2020_03_SAI_s1,2020_03,SAI,McLaren,1,WET,WET,True,1.0,3.0,3.0,True,False,True,False
2020_03_SAI_s2,2020_03,SAI,McLaren,2,MEDIUM,MIDDLE,True,4.0,40.0,37.0,True,False,True,True
2020_03_SAI_s3,2020_03,SAI,McLaren,3,HARD,HARDEST,True,41.0,69.0,29.0,False,True,False,True
2020_03_STR_s1,2020_03,STR,Racing Point,1,WET,WET,True,1.0,3.0,3.0,True,False,True,False
2020_03_STR_s2,2020_03,STR,Racing Point,2,MEDIUM,MIDDLE,False,4.0,35.0,32.0,True,False,True,True
2020_03_STR_s3,2020_03,STR,Racing Point,3,MEDIUM,MIDDLE,False,36.0,52.0,17.0,True,False,True,True
2020_03_STR_s4,2020_03,STR,Racing Point,4,HARD,HARDEST,True,53.0,70.0,18.0,False,True,False,False
2020_03_VER_s1,2020_03,VER,Red Bull Racing,1,WET,WET,True,1.0,4.0,4.0,True,False,True,True
2020_03_VER_s2,2020_03,VER,Red Bull Racing,2,MEDIUM,MIDDLE,True,5.0,36.0,32.0,True,False,True,True
2020_03_VER_s3,2020_03,VER,Red Bull Racing,3,HARD,HARDEST,True,37.0,70.0,34.0,False,True,False,True
2020_03_VET_s1,2020_03,VET,Ferrari,1,WET,WET,True,1.0,3.0,3.0,True,False,True,False
2020_03_VET_s2,2020_03,VET,Ferrari,2,MEDIUM,MIDDLE,True,4.0,29.0,26.0,True,False,True,True
2020_03_VET_s3,2020_03,VET,Ferrari,3,HARD,HARDEST,True,30.0,69.0,40.0,False,True,False,True
2020_04_ALB_s1,2020_04,ALB,Red Bull Racing,1,MEDIUM,MIDDLE,True,1.0,6.0,6.0,True,False,True,True
2020_04_ALB_s2,2020_04,ALB,Red Bull Racing,2,HARD,HARDEST,True,7.0,30.0,24.0,True,False,True,True
2020_04_ALB_s3,2020_04,ALB,Red Bull Racing,3,MEDIUM,MIDDLE,False,31.0,52.0,22.0,False,True,False,True
2020_04_BOT_s1,2020_04,BOT,Mercedes,1,MEDIUM,MIDDLE,False,1.0,13.0,13.0,True,False,True,True
2020_04_BOT_s2,2020_04,BOT,Mercedes,2,HARD,HARDEST,True,14.0,50.0,37.0,True,False,True,True
2020_04_BOT_s3,2020_04,BOT,Mercedes,3,SOFT,SOFTEST,False,51.0,52.0,2.0,False,True,False,False
2020_04_GAS_s1,2020_04,GAS,AlphaTauri,1,MEDIUM,MIDDLE,True,1.0,12.0,12.0,True,False,True,True
2020_04_GAS_s2,2020_04,GAS,AlphaTauri,2,HARD,HARDEST,True,13.0,52.0,40.0,False,True,False,True
2020_04_GIO_s1,2020_04,GIO,Alfa Romeo Racing,1,MEDIUM,MIDDLE,True,1.0,12.0,12.0,True,False,True,True
2020_04_GIO_s2,2020_04,GIO,Alfa Romeo Racing,2,HARD,HARDEST,True,13.0,52.0,40.0,False,True,False,True
2020_04_GRO_s1,2020_04,GRO,Haas F1 Team,1,MEDIUM,MIDDLE,True,1.0,36.0,36.0,True,False,True,True
2020_04_GRO_s2,2020_04,GRO,Haas F1 Team,2,HARD,HARDEST,True,37.0,52.0,16.0,False,True,False,True
2020_04_HAM_s1,2020_04,HAM,Mercedes,1,MEDIUM,MIDDLE,False,1.0,13.0,13.0,True,False,True,True
2020_04_HAM_s2,2020_04,HAM,Mercedes,2,HARD,HARDEST,True,14.0,52.0,39.0,False,True,False,True
2020_04_KVY_s1,2020_04,KVY,AlphaTauri,1,MEDIUM,MIDDLE,True,1.0,12.0,12.0,False,False,False,True
2020_04_LAT_s1,2020_04,LAT,Williams,1,MEDIUM,MIDDLE,True,1.0,12.0,12.0,True,False,True,True
2020_04_LAT_s2,2020_04,LAT,Williams,2,HARD,HARDEST,True,13.0,52.0,40.0,False,True,False,True
2020_04_LEC_s1,2020_04,LEC,Ferrari,1,MEDIUM,MIDDLE,False,1.0,13.0,13.0,True,False,True,True
2020_04_LEC_s2,2020_04,LEC,Ferrari,2,HARD,HARDEST,True,14.0,52.0,39.0,False,True,False,True
2020_04_MAG_s1,2020_04,MAG,Haas F1 Team,1,MEDIUM,MIDDLE,True,1.0,2.0,2.0,False,False,False,True
2020_04_NOR_s1,2020_04,NOR,McLaren,1,SOFT,SOFTEST,False,1.0,12.0,12.0,True,False,True,True
2020_04_NOR_s2,2020_04,NOR,McLaren,2,HARD,HARDEST,True,13.0,52.0,40.0,False,True,False,True
2020_04_OCO_s1,2020_04,OCO,Renault,1,SOFT,SOFTEST,False,1.0,12.0,12.0,True,False,True,True
2020_04_OCO_s2,2020_04,OCO,Renault,2,HARD,HARDEST,True,13.0,52.0,40.0,False,True,False,True
2020_04_RAI_s1,2020_04,RAI,Alfa Romeo Racing,1,MEDIUM,MIDDLE,True,1.0,12.0,12.0,True,False,True,True
2020_04_RAI_s2,2020_04,RAI,Alfa Romeo Racing,2,HARD,HARDEST,True,13.0,47.0,35.0,True,False,True,True
2020_04_RAI_s3,2020_04,RAI,Alfa Romeo Racing,3,SOFT,SOFTEST,True,48.0,51.0,4.0,False,True,False,False
2020_04_RIC_s1,2020_04,RIC,Renault,1,SOFT,SOFTEST,False,1.0,12.0,12.0,True,False,True,True
2020_04_RIC_s2,2020_04,RIC,Renault,2,HARD,HARDEST,True,13.0,52.0,40.0,False,True,False,True
2020_04_RUS_s1,2020_04,RUS,Williams,1,MEDIUM,MIDDLE,True,1.0,12.0,12.0,True,False,True,True
2020_04_RUS_s2,2020_04,RUS,Williams,2,HARD,HARDEST,True,13.0,52.0,40.0,False,True,False,True
2020_04_SAI_s1,2020_04,SAI,McLaren,1,SOFT,SOFTEST,False,1.0,13.0,13.0,True,False,True,True
2020_04_SAI_s2,2020_04,SAI,McLaren,2,HARD,HARDEST,True,14.0,51.0,38.0,True,True,False,True
2020_04_SAI_s3,2020_04,SAI,McLaren,3,MEDIUM,MIDDLE,True,52.0,52.0,1.0,False,True,False,False
2020_04_STR_s1,2020_04,STR,Racing Point,1,MEDIUM,MIDDLE,False,1.0,13.0,13.0,True,False,True,True
2020_04_STR_s2,2020_04,STR,Racing Point,2,HARD,HARDEST,True,14.0,52.0,39.0,False,True,False,True
2020_04_VER_s1,2020_04,VER,Red Bull Racing,1,MEDIUM,MIDDLE,False,1.0,13.0,13.0,True,False,True,True
2020_04_VER_s2,2020_04,VER,Red Bull Racing,2,HARD,HARDEST,True,14.0,50.0,37.0,True,False,True,True
2020_04_VER_s3,2020_04,VER,Red Bull Racing,3,SOFT,SOFTEST,False,51.0,52.0,2.0,False,True,False,False
2020_04_VET_s1,2020_04,VET,Ferrari,1,SOFT,SOFTEST,False,1.0,12.0,12.0,True,False,True,True
2020_04_VET_s2,2020_04,VET,Ferrari,2,HARD,HARDEST,True,13.0,52.0,40.0,False,True,False,True
2020_05_ALB_s1,2020_05,ALB,Red Bull Racing,1,MEDIUM,MIDDLE,False,1.0,6.0,6.0,True,False,True,True
2020_05_ALB_s2,2020_05,ALB,Red Bull Racing,2,HARD,HARDEST,True,7.0,30.0,24.0,True,False,True,False
2020_05_ALB_s3,2020_05,ALB,Red Bull Racing,3,HARD,HARDEST,True,31.0,52.0,22.0,False,True,False,True
2020_05_BOT_s1,2020_05,BOT,Mercedes,1,MEDIUM,MIDDLE,False,1.0,13.0,13.0,True,False,True,True
2020_05_BOT_s2,2020_05,BOT,Mercedes,2,HARD,HARDEST,True,14.0,32.0,19.0,True,False,True,True
2020_05_BOT_s3,2020_05,BOT,Mercedes,3,HARD,HARDEST,True,33.0,52.0,20.0,False,True,False,False
2020_05_GAS_s1,2020_05,GAS,AlphaTauri,1,MEDIUM,MIDDLE,False,1.0,7.0,7.0,True,False,True,True
2020_05_GAS_s2,2020_05,GAS,AlphaTauri,2,HARD,HARDEST,True,8.0,23.0,16.0,True,False,True,False
2020_05_GAS_s3,2020_05,GAS,AlphaTauri,3,HARD,HARDEST,True,24.0,52.0,29.0,False,True,False,True
2020_05_GIO_s1,2020_05,GIO,Alfa Romeo Racing,1,MEDIUM,MIDDLE,True,1.0,7.0,7.0,True,False,True,True
2020_05_GIO_s2,2020_05,GIO,Alfa Romeo Racing,2,HARD,HARDEST,True,8.0,33.0,26.0,True,False,True,True
2020_05_GIO_s3,2020_05,GIO,Alfa Romeo Racing,3,MEDIUM,MIDDLE,False,34.0,51.0,18.0,False,True,False,False
2020_05_GRO_s1,2020_05,GRO,Haas F1 Team,1,MEDIUM,MIDDLE,False,1.0,17.0,17.0,True,False,True,True
2020_05_GRO_s2,2020_05,GRO,Haas F1 Team,2,HARD,HARDEST,False,18.0,38.0,21.0,True,False,True,True
2020_05_GRO_s3,2020_05,GRO,Haas F1 Team,3,HARD,HARDEST,True,39.0,51.0,13.0,False,True,False,False
2020_05_HAM_s1,2020_05,HAM,Mercedes,1,MEDIUM,MIDDLE,False,1.0,14.0,14.0,True,False,True,True
2020_05_HAM_s2,2020_05,HAM,Mercedes,2,HARD,HARDEST,True,15.0,41.0,27.0,True,False,True,True
2020_05_HAM_s3,2020_05,HAM,Mercedes,3,HARD,HARDEST,True,42.0,52.0,11.0,False,True,False,False
2020_05_HUL_s1,2020_05,HUL,Racing Point,1,MEDIUM,MIDDLE,False,1.0,15.0,15.0,True,False,True,True
2020_05_HUL_s2,2020_05,HUL,Racing Point,2,HARD,HARDEST,True,16.0,30.0,15.0,True,False,True,False
2020_05_HUL_s3,2020_05,HUL,Racing Point,3,HARD,HARDEST,True,31.0,44.0,14.0,True,False,True,True
2020_05_HUL_s4,2020_05,HUL,Racing Point,4,SOFT,SOFTEST,False,45.0,52.0,8.0,False,True,False,False
2020_05_KVY_s1,2020_05,KVY,AlphaTauri,1,HARD,HARDEST,True,1.0,19.0,19.0,True,False,True,True
2020_05_KVY_s2,2020_05,KVY,AlphaTauri,2,HARD,HARDEST,True,20.0,35.0,16.0,True,False,True,True
2020_05_KVY_s3,2020_05,KVY,AlphaTauri,3,MEDIUM,MIDDLE,True,36.0,52.0,17.0,False,True,False,False
2020_05_LAT_s1,2020_05,LAT,Williams,1,MEDIUM,MIDDLE,True,1.0,9.0,9.0,True,False,True,True
2020_05_LAT_s2,2020_05,LAT,Williams,2,HARD,HARDEST,True,10.0,26.0,17.0,True,False,True,False
2020_05_LAT_s3,2020_05,LAT,Williams,3,HARD,HARDEST,True,27.0,46.0,20.0,True,False,True,True
2020_05_LAT_s4,2020_05,LAT,Williams,4,MEDIUM,MIDDLE,True,47.0,51.0,5.0,False,True,False,False
2020_05_LEC_s1,2020_05,LEC,Ferrari,1,MEDIUM,MIDDLE,False,1.0,18.0,18.0,True,False,True,True
2020_05_LEC_s2,2020_05,LEC,Ferrari,2,HARD,HARDEST,True,19.0,52.0,34.0,False,True,False,True
2020_05_MAG_s1,2020_05,MAG,Haas F1 Team,1,MEDIUM,MIDDLE,True,1.0,9.0,9.0,True,False,True,True
2020_05_MAG_s2,2020_05,MAG,Haas F1 Team,2,HARD,HARDEST,False,10.0,20.0,11.0,True,False,True,False
2020_05_MAG_s3,2020_05,MAG,Haas F1 Team,3,HARD,HARDEST,True,21.0,43.0,23.0,True,False,True,True
2020_05_NOR_s1,2020_05,NOR,McLaren,1,MEDIUM,MIDDLE,False,1.0,12.0,12.0,True,False,True,True
2020_05_NOR_s2,2020_05,NOR,McLaren,2,HARD,HARDEST,True,13.0,29.0,17.0,True,False,True,False
2020_05_NOR_s3,2020_05,NOR,McLaren,3,HARD,HARDEST,True,30.0,52.0,23.0,False,True,False,True
2020_05_OCO_s1,2020_05,OCO,Renault,1,MEDIUM,MIDDLE,True,1.0,22.0,22.0,True,False,True,True
2020_05_OCO_s2,2020_05,OCO,Renault,2,HARD,HARDEST,True,23.0,52.0,30.0,False,True,False,True
2020_05_RAI_s1,2020_05,RAI,Alfa Romeo Racing,1,HARD,HARDEST,False,1.0,26.0,26.0,True,False,True,True
2020_05_RAI_s2,2020_05,RAI,Alfa Romeo Racing,2,MEDIUM,MIDDLE,True,27.0,51.0,25.0,False,True,False,True
2020_05_RIC_s1,2020_05,RIC,Renault,1,MEDIUM,MIDDLE,False,1.0,14.0,14.0,True,False,True,True
2020_05_RIC_s2,2020_05,RIC,Renault,2,MEDIUM,MIDDLE,False,15.0,26.0,12.0,True,False,True,False
2020_05_RIC_s3,2020_05,RIC,Renault,3,HARD,HARDEST,True,27.0,35.0,9.0,True,False,True,True
2020_05_RIC_s4,2020_05,RIC,Renault,4,MEDIUM,MIDDLE,False,36.0,51.0,16.0,False,True,False,False
2020_05_RUS_s1,2020_05,RUS,Williams,1,MEDIUM,MIDDLE,True,1.0,8.0,8.0,True,False,True,True
2020_05_RUS_s2,2020_05,RUS,Williams,2,HARD,HARDEST,True,9.0,24.0,16.0,True,False,True,False
2020_05_RUS_s3,2020_05,RUS,Williams,3,HARD,HARDEST,True,25.0,39.0,15.0,True,False,True,True
2020_05_RUS_s4,2020_05,RUS,Williams,4,MEDIUM,MIDDLE,False,40.0,51.0,12.0,False,True,False,False
2020_05_SAI_s1,2020_05,SAI,McLaren,1,HARD,HARDEST,True,1.0,22.0,22.0,True,False,True,True
2020_05_SAI_s2,2020_05,SAI,McLaren,2,MEDIUM,MIDDLE,False,23.0,34.0,12.0,True,False,True,True
2020_05_SAI_s3,2020_05,SAI,McLaren,3,HARD,HARDEST,True,35.0,52.0,18.0,False,True,False,False
2020_05_STR_s1,2020_05,STR,Racing Point,1,MEDIUM,MIDDLE,False,1.0,18.0,18.0,True,False,True,True
2020_05_STR_s2,2020_05,STR,Racing Point,2,HARD,HARDEST,True,19.0,31.0,13.0,True,False,True,True
2020_05_STR_s3,2020_05,STR,Racing Point,3,HARD,HARDEST,True,32.0,52.0,21.0,False,True,False,False
2020_05_VER_s1,2020_05,VER,Red Bull Racing,1,HARD,HARDEST,False,1.0,26.0,26.0,True,False,True,True
2020_05_VER_s2,2020_05,VER,Red Bull Racing,2,MEDIUM,MIDDLE,True,27.0,32.0,6.0,True,False,True,True
2020_05_VER_s3,2020_05,VER,Red Bull Racing,3,HARD,HARDEST,True,33.0,52.0,20.0,False,True,False,False
2020_05_VET_s1,2020_05,VET,Ferrari,1,HARD,HARDEST,False,1.0,22.0,22.0,True,False,True,True
2020_05_VET_s2,2020_05,VET,Ferrari,2,HARD,HARDEST,True,23.0,33.0,11.0,True,False,True,True
2020_05_VET_s3,2020_05,VET,Ferrari,3,MEDIUM,MIDDLE,False,34.0,52.0,19.0,False,True,False,False
2020_06_ALB_s1,2020_06,ALB,Red Bull Racing,1,SOFT,SOFTEST,False,1.0,17.0,17.0,True,False,True,False
2020_06_ALB_s2,2020_06,ALB,Red Bull Racing,2,HARD,HARDEST,True,18.0,39.0,22.0,True,False,True,True
2020_06_ALB_s3,2020_06,ALB,Red Bull Racing,3,MEDIUM,MIDDLE,True,40.0,65.0,26.0,False,True,False,False
2020_06_BOT_s1,2020_06,BOT,Mercedes,1,SOFT,SOFTEST,False,1.0,23.0,23.0,True,False,True,False
2020_06_BOT_s2,2020_06,BOT,Mercedes,2,MEDIUM,MIDDLE,True,24.0,48.0,25.0,True,False,True,True
2020_06_BOT_s3,2020_06,BOT,Mercedes,3,SOFT,SOFTEST,False,49.0,64.0,16.0,True,False,True,False
2020_06_BOT_s4,2020_06,BOT,Mercedes,4,MEDIUM,MIDDLE,True,65.0,66.0,2.0,False,True,False,False
2020_06_GAS_s1,2020_06,GAS,AlphaTauri,1,SOFT,SOFTEST,False,1.0,21.0,21.0,True,False,True,False
2020_06_GAS_s2,2020_06,GAS,AlphaTauri,2,MEDIUM,MIDDLE,True,22.0,42.0,21.0,True,False,True,True
2020_06_GAS_s3,2020_06,GAS,AlphaTauri,3,MEDIUM,MIDDLE,True,43.0,65.0,23.0,False,True,False,False
2020_06_GIO_s1,2020_06,GIO,Alfa Romeo Racing,1,MEDIUM,MIDDLE,True,1.0,21.0,21.0,True,False,True,False
2020_06_GIO_s2,2020_06,GIO,Alfa Romeo Racing,2,MEDIUM,MIDDLE,True,22.0,45.0,24.0,True,False,True,True
2020_06_GIO_s3,2020_06,GIO,Alfa Romeo Racing,3,SOFT,SOFTEST,True,46.0,65.0,20.0,False,True,False,False
2020_06_GRO_s1,2020_06,GRO,Haas F1 Team,1,MEDIUM,MIDDLE,False,1.0,32.0,32.0,True,False,True,False
2020_06_GRO_s2,2020_06,GRO,Haas F1 Team,2,SOFT,SOFTEST,False,33.0,62.0,30.0,True,False,True,True
2020_06_GRO_s3,2020_06,GRO,Haas F1 Team,3,SOFT,SOFTEST,True,63.0,64.0,2.0,False,False,False,False
2020_06_HAM_s1,2020_06,HAM,Mercedes,1,SOFT,SOFTEST,False,1.0,23.0,23.0,True,False,True,False
2020_06_HAM_s2,2020_06,HAM,Mercedes,2,MEDIUM,MIDDLE,True,24.0,50.0,27.0,True,False,True,True
2020_06_HAM_s3,2020_06,HAM,Mercedes,3,MEDIUM,MIDDLE,True,51.0,66.0,16.0,False,True,False,False
2020_06_KVY_s1,2020_06,KVY,AlphaTauri,1,SOFT,SOFTEST,True,1.0,21.0,21.0,True,False,True,False
2020_06_KVY_s2,2020_06,KVY,AlphaTauri,2,MEDIUM,MIDDLE,True,22.0,45.0,24.0,True,False,True,True
2020_06_KVY_s3,2020_06,KVY,AlphaTauri,3,MEDIUM,MIDDLE,True,46.0,65.0,20.0,False,True,False,False
2020_06_LAT_s1,2020_06,LAT,Williams,1,MEDIUM,MIDDLE,True,1.0,28.0,28.0,True,False,True,False
2020_06_LAT_s2,2020_06,LAT,Williams,2,MEDIUM,MIDDLE,True,29.0,49.0,21.0,True,False,True,True
2020_06_LAT_s3,2020_06,LAT,Williams,3,SOFT,SOFTEST,True,50.0,64.0,15.0,False,False,False,False
2020_06_LEC_s1,2020_06,LEC,Ferrari,1,SOFT,SOFTEST,False,1.0,29.0,29.0,True,False,True,False
2020_06_LEC_s2,2020_06,LEC,Ferrari,2,MEDIUM,MIDDLE,True,30.0,38.0,9.0,True,False,True,True
2020_06_MAG_s1,2020_06,MAG,Haas F1 Team,1,SOFT,SOFTEST,False,1.0,28.0,28.0,True,False,True,False
2020_06_MAG_s2,2020_06,MAG,Haas F1 Team,2,MEDIUM,MIDDLE,False,29.0,65.0,37.0,False,True,False,True
2020_06_NOR_s1,2020_06,NOR,McLaren,1,SOFT,SOFTEST,False,1.0,21.0,21.0,True,False,True,False
2020_06_NOR_s2,2020_06,NOR,McLaren,2,SOFT,SOFTEST,False,22.0,44.0,23.0,True,False,True,True
2020_06_NOR_s3,2020_06,NOR,McLaren,3,MEDIUM,MIDDLE,True,45.0,65.0,21.0,False,True,False,False
2020_06_OCO_s1,2020_06,OCO,Renault,1,MEDIUM,MIDDLE,True,1.0,34.0,34.0,True,False,True,False
2020_06_OCO_s2,2020_06,OCO,Renault,2,SOFT,SOFTEST,True,35.0,65.0,31.0,False,True,False,True
2020_06_PER_s1,2020_06,PER,Racing Point,1,SOFT,SOFTEST,False,1.0,29.0,29.0,True,False,True,False
2020_06_PER_s2,2020_06,PER,Racing Point,2,MEDIUM,MIDDLE,True,30.0,65.0,36.0,False,True,False,True
2020_06_RAI_s1,2020_06,RAI,Alfa Romeo Racing,1,MEDIUM,MIDDLE,True,1.0,20.0,20.0,True,False,True,False
2020_06_RAI_s2,2020_06,RAI,Alfa Romeo Racing,2,MEDIUM,MIDDLE,False,21.0,44.0,24.0,True,False,True,True
2020_06_RAI_s3,2020_06,RAI,Alfa Romeo Racing,3,SOFT,SOFTEST,True,45.0,65.0,21.0,False,True,False,False
2020_06_RIC_s1,2020_06,RIC,Renault,1,MEDIUM,MIDDLE,True,1.0,35.0,35.0,True,False,True,False
2020_06_RIC_s2,2020_06,RIC,Renault,2,SOFT,SOFTEST,True,36.0,65.0,30.0,False,True,False,True
2020_06_RUS_s1,2020_06,RUS,Williams,1,SOFT,SOFTEST,True,1.0,19.0,19.0,True,False,True,False
2020_06_RUS_s2,2020_06,RUS,Williams,2,MEDIUM,MIDDLE,True,20.0,35.0,16.0,True,False,True,False
2020_06_RUS_s3,2020_06,RUS,Williams,3,MEDIUM,MIDDLE,True,36.0,65.0,30.0,False,True,False,True
2020_06_SAI_s1,2020_06,SAI,McLaren,1,SOFT,SOFTEST,False,1.0,22.0,22.0,True,False,True,False
2020_06_SAI_s2,2020_06,SAI,McLaren,2,SOFT,SOFTEST,False,23.0,41.0,19.0,True,False,True,True
2020_06_SAI_s3,2020_06,SAI,McLaren,3,MEDIUM,MIDDLE,True,42.0,65.0,24.0,False,True,False,False
2020_06_STR_s1,2020_06,STR,Racing Point,1,SOFT,SOFTEST,False,1.0,27.0,27.0,True,False,True,False
2020_06_STR_s2,2020_06,STR,Racing Point,2,MEDIUM,MIDDLE,True,28.0,42.0,15.0,True,False,True,True
2020_06_STR_s3,2020_06,STR,Racing Point,3,SOFT,SOFTEST,False,43.0,65.0,23.0,False,True,False,False
2020_06_VER_s1,2020_06,VER,Red Bull Racing,1,SOFT,SOFTEST,False,1.0,21.0,21.0,True,False,True,False
2020_06_VER_s2,2020_06,VER,Red Bull Racing,2,MEDIUM,MIDDLE,True,22.0,41.0,20.0,True,False,True,True
2020_06_VER_s3,2020_06,VER,Red Bull Racing,3,MEDIUM,MIDDLE,True,42.0,66.0,25.0,False,True,False,False
2020_06_VET_s1,2020_06,VET,Ferrari,1,MEDIUM,MIDDLE,True,1.0,29.0,29.0,True,False,True,False
2020_06_VET_s2,2020_06,VET,Ferrari,2,SOFT,SOFTEST,False,30.0,65.0,36.0,False,True,False,True
2020_07_ALB_s1,2020_07,ALB,Red Bull Racing,1,SOFT,SOFTEST,False,1.0,11.0,11.0,True,False,True,True
2020_07_ALB_s2,2020_07,ALB,Red Bull Racing,2,SOFT,SOFTEST,False,12.0,44.0,33.0,False,True,False,True
2020_07_BOT_s1,2020_07,BOT,Mercedes,1,MEDIUM,MIDDLE,False,1.0,11.0,11.0,True,False,True,True
2020_07_BOT_s2,2020_07,BOT,Mercedes,2,HARD,HARDEST,True,12.0,44.0,33.0,False,True,False,True
2020_07_GAS_s1,2020_07,GAS,AlphaTauri,1,HARD,HARDEST,True,1.0,26.0,26.0,True,False,True,True
2020_07_GAS_s2,2020_07,GAS,AlphaTauri,2,MEDIUM,MIDDLE,True,27.0,44.0,18.0,False,True,False,True
2020_07_GIO_s1,2020_07,GIO,Alfa Romeo Racing,1,MEDIUM,MIDDLE,True,1.0,10.0,10.0,False,False,False,True
2020_07_GRO_s1,2020_07,GRO,Haas F1 Team,1,MEDIUM,MIDDLE,True,1.0,10.0,10.0,True,False,True,True
2020_07_GRO_s2,2020_07,GRO,Haas F1 Team,2,HARD,HARDEST,True,11.0,44.0,34.0,False,True,False,True
2020_07_HAM_s1,2020_07,HAM,Mercedes,1,MEDIUM,MIDDLE,False,1.0,11.0,11.0,True,False,True,True
2020_07_HAM_s2,2020_07,HAM,Mercedes,2,HARD,HARDEST,True,12.0,44.0,33.0,False,True,False,True
2020_07_KVY_s1,2020_07,KVY,AlphaTauri,1,MEDIUM,MIDDLE,True,1.0,11.0,11.0,True,False,True,True
2020_07_KVY_s2,2020_07,KVY,AlphaTauri,2,HARD,HARDEST,True,12.0,44.0,33.0,False,True,False,True
2020_07_LAT_s1,2020_07,LAT,Williams,1,MEDIUM,MIDDLE,True,1.0,10.0,10.0,True,False,True,True
2020_07_LAT_s2,2020_07,LAT,Williams,2,HARD,HARDEST,True,11.0,30.0,20.0,True,False,True,True
2020_07_LAT_s3,2020_07,LAT,Williams,3,MEDIUM,MIDDLE,True,31.0,44.0,14.0,False,True,False,True
2020_07_LEC_s1,2020_07,LEC,Ferrari,1,SOFT,SOFTEST,True,1.0,10.0,10.0,True,False,True,True
2020_07_LEC_s2,2020_07,LEC,Ferrari,2,HARD,HARDEST,True,11.0,24.0,14.0,True,False,True,True
2020_07_LEC_s3,2020_07,LEC,Ferrari,3,MEDIUM,MIDDLE,True,25.0,44.0,20.0,False,True,False,True
2020_07_MAG_s1,2020_07,MAG,Haas F1 Team,1,MEDIUM,MIDDLE,True,1.0,10.0,10.0,True,False,True,True
2020_07_MAG_s2,2020_07,MAG,Haas F1 Team,2,HARD,HARDEST,True,11.0,35.0,25.0,True,False,True,True
2020_07_MAG_s3,2020_07,MAG,Haas F1 Team,3,SOFT,SOFTEST,True,36.0,44.0,9.0,False,True,False,True
2020_07_NOR_s1,2020_07,NOR,McLaren,1,SOFT,SOFTEST,False,1.0,11.0,11.0,True,False,True,True
2020_07_NOR_s2,2020_07,NOR,McLaren,2,SOFT,SOFTEST,False,12.0,44.0,33.0,False,True,False,True
2020_07_OCO_s1,2020_07,OCO,Renault,1,SOFT,SOFTEST,False,1.0,11.0,11.0,True,False,True,True
2020_07_OCO_s2,2020_07,OCO,Renault,2,HARD,HARDEST,True,12.0,44.0,33.0,False,True,False,True
2020_07_PER_s1,2020_07,PER,Racing Point,1,SOFT,SOFTEST,False,1.0,18.0,18.0,True,False,True,True
2020_07_PER_s2,2020_07,PER,Racing Point,2,HARD,HARDEST,True,19.0,44.0,26.0,False,True,False,True
2020_07_RAI_s1,2020_07,RAI,Alfa Romeo Racing,1,MEDIUM,MIDDLE,False,1.0,10.0,10.0,True,False,True,True
2020_07_RAI_s2,2020_07,RAI,Alfa Romeo Racing,2,SOFT,SOFTEST,True,11.0,44.0,34.0,False,True,False,True
2020_07_RIC_s1,2020_07,RIC,Renault,1,SOFT,SOFTEST,False,1.0,11.0,11.0,True,False,True,True
2020_07_RIC_s2,2020_07,RIC,Renault,2,HARD,HARDEST,True,12.0,44.0,33.0,False,True,False,True
2020_07_RUS_s1,2020_07,RUS,Williams,1,MEDIUM,MIDDLE,True,1.0,10.0,10.0,False,False,False,True
2020_07_STR_s1,2020_07,STR,Racing Point,1,SOFT,SOFTEST,False,1.0,11.0,11.0,True,False,True,True
2020_07_STR_s2,2020_07,STR,Racing Point,2,HARD,HARDEST,True,12.0,44.0,33.0,False,True,False,True
2020_07_VER_s1,2020_07,VER,Red Bull Racing,1,MEDIUM,MIDDLE,False,1.0,11.0,11.0,True,False,True,True
2020_07_VER_s2,2020_07,VER,Red Bull Racing,2,SOFT,SOFTEST,False,12.0,44.0,33.0,False,True,False,True
2020_07_VET_s1,2020_07,VET,Ferrari,1,MEDIUM,MIDDLE,True,1.0,11.0,11.0,True,False,True,True
2020_07_VET_s2,2020_07,VET,Ferrari,2,HARD,HARDEST,True,12.0,44.0,33.0,False,True,False,True
2020_08_ALB_s1,2020_08,ALB,Red Bull Racing,1,SOFT,SOFTEST,False,1.0,22.0,22.0,True,False,True,True
2020_08_ALB_s2,2020_08,ALB,Red Bull Racing,2,MEDIUM,MIDDLE,True,23.0,26.0,4.0,True,False,True,True
2020_08_ALB_s3,2020_08,ALB,Red Bull Racing,3,HARD,HARDEST,True,27.0,53.0,27.0,False,True,False,False
2020_08_BOT_s1,2020_08,BOT,Mercedes,1,SOFT,SOFTEST,False,1.0,22.0,22.0,True,False,True,True
2020_08_BOT_s2,2020_08,BOT,Mercedes,2,MEDIUM,MIDDLE,True,23.0,26.0,4.0,True,False,True,True
2020_08_BOT_s3,2020_08,BOT,Mercedes,3,MEDIUM,MIDDLE,False,27.0,53.0,27.0,False,True,False,False
2020_08_GAS_s1,2020_08,GAS,AlphaTauri,1,SOFT,SOFTEST,False,1.0,19.0,19.0,True,False,True,True
2020_08_GAS_s2,2020_08,GAS,AlphaTauri,2,HARD,HARDEST,True,20.0,26.0,7.0,True,False,True,True
2020_08_GAS_s3,2020_08,GAS,AlphaTauri,3,MEDIUM,MIDDLE,True,27.0,53.0,27.0,False,True,False,False
2020_08_GIO_s1,2020_08,GIO,Alfa Romeo Racing,1,MEDIUM,MIDDLE,True,1.0,20.0,20.0,True,False,True,True
2020_08_GIO_s2,2020_08,GIO,Alfa Romeo Racing,2,HARD,HARDEST,True,21.0,26.0,6.0,True,False,True,True
2020_08_GIO_s3,2020_08,GIO,Alfa Romeo Racing,3,SOFT,SOFTEST,True,27.0,30.0,4.0,True,False,True,False
2020_08_GIO_s4,2020_08,GIO,Alfa Romeo Racing,4,SOFT,SOFTEST,False,31.0,53.0,23.0,False,True,False,False
2020_08_GRO_s1,2020_08,GRO,Haas F1 Team,1,MEDIUM,MIDDLE,True,1.0,22.0,22.0,True,False,True,True
2020_08_GRO_s2,2020_08,GRO,Haas F1 Team,2,HARD,HARDEST,True,23.0,26.0,4.0,True,False,True,True
2020_08_GRO_s3,2020_08,GRO,Haas F1 Team,3,HARD,HARDEST,False,27.0,53.0,27.0,False,True,False,False
2020_08_HAM_s1,2020_08,HAM,Mercedes,1,SOFT,SOFTEST,False,1.0,20.0,20.0,True,False,True,True
2020_08_HAM_s2,2020_08,HAM,Mercedes,2,MEDIUM,MIDDLE,True,21.0,26.0,6.0,True,False,True,True
2020_08_HAM_s3,2020_08,HAM,Mercedes,3,HARD,HARDEST,True,27.0,28.0,2.0,True,False,True,False
2020_08_HAM_s4,2020_08,HAM,Mercedes,4,HARD,HARDEST,False,29.0,53.0,25.0,False,True,False,False
2020_08_KVY_s1,2020_08,KVY,AlphaTauri,1,HARD,HARDEST,True,1.0,22.0,22.0,True,False,True,True
2020_08_KVY_s2,2020_08,KVY,AlphaTauri,2,MEDIUM,MIDDLE,True,23.0,26.0,4.0,True,False,True,True
2020_08_KVY_s3,2020_08,KVY,AlphaTauri,3,MEDIUM,MIDDLE,False,27.0,53.0,27.0,False,True,False,False
2020_08_LAT_s1,2020_08,LAT,Williams,1,MEDIUM,MIDDLE,True,1.0,16.0,16.0,True,False,True,True
2020_08_LAT_s2,2020_08,LAT,Williams,2,HARD,HARDEST,True,17.0,26.0,10.0,True,False,True,True
2020_08_LAT_s3,2020_08,LAT,Williams,3,MEDIUM,MIDDLE,True,27.0,53.0,27.0,False,True,False,False
2020_08_LEC_s1,2020_08,LEC,Ferrari,1,SOFT,SOFTEST,True,1.0,17.0,17.0,True,False,True,True
2020_08_LEC_s2,2020_08,LEC,Ferrari,2,HARD,HARDEST,True,18.0,24.0,7.0,True,False,True,True
2020_08_MAG_s1,2020_08,MAG,Haas F1 Team,1,MEDIUM,MIDDLE,True,1.0,1.0,1.0,True,False,True,False
2020_08_MAG_s2,2020_08,MAG,Haas F1 Team,2,HARD,HARDEST,True,2.0,18.0,17.0,True,False,True,True
2020_08_NOR_s1,2020_08,NOR,McLaren,1,SOFT,SOFTEST,False,1.0,22.0,22.0,True,False,True,True
2020_08_NOR_s2,2020_08,NOR,McLaren,2,MEDIUM,MIDDLE,True,23.0,26.0,4.0,True,False,True,True
2020_08_NOR_s3,2020_08,NOR,McLaren,3,MEDIUM,MIDDLE,False,27.0,53.0,27.0,False,True,False,False
2020_08_OCO_s1,2020_08,OCO,Renault,1,SOFT,SOFTEST,True,1.0,22.0,22.0,True,False,True,True
2020_08_OCO_s2,2020_08,OCO,Renault,2,MEDIUM,MIDDLE,True,23.0,26.0,4.0,True,False,True,True
2020_08_OCO_s3,2020_08,OCO,Renault,3,SOFT,SOFTEST,False,27.0,53.0,27.0,False,True,False,False
2020_08_PER_s1,2020_08,PER,Racing Point,1,SOFT,SOFTEST,False,1.0,22.0,22.0,True,False,True,True
2020_08_PER_s2,2020_08,PER,Racing Point,2,MEDIUM,MIDDLE,True,23.0,26.0,4.0,True,False,True,True
2020_08_PER_s3,2020_08,PER,Racing Point,3,MEDIUM,MIDDLE,False,27.0,53.0,27.0,False,True,False,False
2020_08_RAI_s1,2020_08,RAI,Alfa Romeo Racing,1,MEDIUM,MIDDLE,True,1.0,18.0,18.0,True,False,True,True
2020_08_RAI_s2,2020_08,RAI,Alfa Romeo Racing,2,HARD,HARDEST,True,19.0,26.0,8.0,True,False,True,True
2020_08_RAI_s3,2020_08,RAI,Alfa Romeo Racing,3,SOFT,SOFTEST,True,27.0,53.0,27.0,False,True,False,False
2020_08_RIC_s1,2020_08,RIC,Renault,1,SOFT,SOFTEST,False,1.0,22.0,22.0,True,False,True,True
2020_08_RIC_s2,2020_08,RIC,Renault,2,MEDIUM,MIDDLE,True,23.0,26.0,4.0,True,False,True,True
2020_08_RIC_s3,2020_08,RIC,Renault,3,MEDIUM,MIDDLE,False,27.0,53.0,27.0,False,True,False,False
2020_08_RUS_s1,2020_08,RUS,Williams,1,MEDIUM,MIDDLE,True,1.0,22.0,22.0,True,False,True,True
2020_08_RUS_s2,2020_08,RUS,Williams,2,HARD,HARDEST,True,23.0,26.0,4.0,True,False,True,True
2020_08_RUS_s3,2020_08,RUS,Williams,3,MEDIUM,MIDDLE,True,27.0,53.0,27.0,False,True,False,False
2020_08_SAI_s1,2020_08,SAI,McLaren,1,SOFT,SOFTEST,False,1.0,22.0,22.0,True,False,True,True
2020_08_SAI_s2,2020_08,SAI,McLaren,2,MEDIUM,MIDDLE,True,23.0,26.0,4.0,True,False,True,True
2020_08_SAI_s3,2020_08,SAI,McLaren,3,MEDIUM,MIDDLE,False,27.0,53.0,27.0,False,True,False,False
2020_08_STR_s1,2020_08,STR,Racing Point,1,SOFT,SOFTEST,False,1.0,26.0,26.0,True,False,True,True
2020_08_STR_s2,2020_08,STR,Racing Point,2,MEDIUM,MIDDLE,True,27.0,53.0,27.0,False,True,False,False
2020_08_VER_s1,2020_08,VER,Red Bull Racing,1,SOFT,SOFTEST,False,1.0,22.0,22.0,True,False,True,True
2020_08_VER_s2,2020_08,VER,Red Bull Racing,2,MEDIUM,MIDDLE,True,23.0,26.0,4.0,True,False,True,True
2020_08_VER_s3,2020_08,VER,Red Bull Racing,3,MEDIUM,MIDDLE,False,27.0,30.0,4.0,True,False,True,False
2020_08_VET_s1,2020_08,VET,Ferrari,1,HARD,HARDEST,True,1.0,6.0,6.0,True,False,True,False
2020_09_ALB_s1,2020_09,ALB,Red Bull Racing,1,SOFT,SOFTEST,False,1.0,7.0,7.0,True,False,True,True
2020_09_ALB_s2,2020_09,ALB,Red Bull Racing,2,SOFT,SOFTEST,False,8.0,8.0,1.0,True,False,True,True
2020_09_ALB_s3,2020_09,ALB,Red Bull Racing,3,SOFT,SOFTEST,False,9.0,32.0,24.0,True,False,True,False
2020_09_ALB_s4,2020_09,ALB,Red Bull Racing,4,MEDIUM,MIDDLE,True,33.0,43.0,11.0,True,False,True,True
2020_09_ALB_s5,2020_09,ALB,Red Bull Racing,5,SOFT,SOFTEST,False,44.0,45.0,2.0,True,False,True,True
2020_09_ALB_s6,2020_09,ALB,Red Bull Racing,6,SOFT,SOFTEST,False,46.0,59.0,14.0,False,True,False,False
2020_09_BOT_s1,2020_09,BOT,Mercedes,1,SOFT,SOFTEST,False,1.0,7.0,7.0,True,False,True,True
2020_09_BOT_s2,2020_09,BOT,Mercedes,2,SOFT,SOFTEST,False,8.0,8.0,1.0,True,False,True,True
2020_09_BOT_s3,2020_09,BOT,Mercedes,3,MEDIUM,MIDDLE,True,9.0,31.0,23.0,True,False,True,False
2020_09_BOT_s4,2020_09,BOT,Mercedes,4,HARD,HARDEST,True,32.0,43.0,12.0,True,False,True,True
2020_09_BOT_s5,2020_09,BOT,Mercedes,5,MEDIUM,MIDDLE,True,44.0,45.0,2.0,True,False,True,True
2020_09_BOT_s6,2020_09,BOT,Mercedes,6,SOFT,SOFTEST,False,46.0,59.0,14.0,False,True,False,False
2020_09_GAS_s1,2020_09,GAS,AlphaTauri,1,SOFT,SOFTEST,True,1.0,1.0,1.0,False,False,False,True
2020_09_GIO_s1,2020_09,GIO,Alfa Romeo Racing,1,SOFT,SOFTEST,True,1.0,6.0,6.0,False,False,False,True
2020_09_GRO_s1,2020_09,GRO,Haas F1 Team,1,MEDIUM,MIDDLE,True,1.0,7.0,7.0,True,False,True,True
2020_09_GRO_s2,2020_09,GRO,Haas F1 Team,2,HARD,HARDEST,True,8.0,8.0,1.0,True,False,True,True
2020_09_GRO_s3,2020_09,GRO,Haas F1 Team,3,SOFT,SOFTEST,True,9.0,28.0,20.0,True,False,True,False
2020_09_GRO_s4,2020_09,GRO,Haas F1 Team,4,HARD,HARDEST,False,29.0,42.0,14.0,True,False,True,True
2020_09_GRO_s5,2020_09,GRO,Haas F1 Team,5,SOFT,SOFTEST,False,43.0,44.0,2.0,True,False,True,True
2020_09_GRO_s6,2020_09,GRO,Haas F1 Team,6,SOFT,SOFTEST,False,45.0,59.0,15.0,False,True,False,True
2020_09_HAM_s1,2020_09,HAM,Mercedes,1,SOFT,SOFTEST,False,1.0,7.0,7.0,True,False,True,True
2020_09_HAM_s2,2020_09,HAM,Mercedes,2,SOFT,SOFTEST,False,8.0,8.0,1.0,True,False,True,True
2020_09_HAM_s3,2020_09,HAM,Mercedes,3,MEDIUM,MIDDLE,True,9.0,32.0,24.0,True,False,True,False
2020_09_HAM_s4,2020_09,HAM,Mercedes,4,HARD,HARDEST,True,33.0,44.0,12.0,True,False,True,True
2020_09_HAM_s5,2020_09,HAM,Mercedes,5,MEDIUM,MIDDLE,True,45.0,45.0,1.0,True,False,True,True
2020_09_HAM_s6,2020_09,HAM,Mercedes,6,SOFT,SOFTEST,False,46.0,59.0,14.0,False,True,False,False
2020_09_KVY_s1,2020_09,KVY,AlphaTauri,1,MEDIUM,MIDDLE,True,1.0,7.0,7.0,True,False,True,True
2020_09_KVY_s2,2020_09,KVY,AlphaTauri,2,MEDIUM,MIDDLE,False,8.0,8.0,1.0,True,False,True,True
2020_09_KVY_s3,2020_09,KVY,AlphaTauri,3,SOFT,SOFTEST,True,9.0,29.0,21.0,True,False,True,False
2020_09_KVY_s4,2020_09,KVY,AlphaTauri,4,MEDIUM,MIDDLE,False,30.0,43.0,14.0,True,False,True,True
2020_09_KVY_s5,2020_09,KVY,AlphaTauri,5,SOFT,SOFTEST,False,44.0,45.0,2.0,True,False,True,True
2020_09_KVY_s6,2020_09,KVY,AlphaTauri,6,SOFT,SOFTEST,False,46.0,59.0,14.0,False,True,False,False
2020_09_LAT_s1,2020_09,LAT,Williams,1,MEDIUM,MIDDLE,True,1.0,7.0,7.0,False,False,False,True
2020_09_LEC_s1,2020_09,LEC,Ferrari,1,SOFT,SOFTEST,False,1.0,7.0,7.0,True,False,True,True
2020_09_LEC_s2,2020_09,LEC,Ferrari,2,SOFT,SOFTEST,False,8.0,8.0,1.0,True,False,True,True
2020_09_LEC_s3,2020_09,LEC,Ferrari,3,SOFT,SOFTEST,False,9.0,21.0,13.0,True,False,True,False
2020_09_LEC_s4,2020_09,LEC,Ferrari,4,HARD,HARDEST,True,22.0,37.0,16.0,True,False,True,False
2020_09_LEC_s5,2020_09,LEC,Ferrari,5,MEDIUM,MIDDLE,True,38.0,45.0,8.0,True,False,True,True
2020_09_LEC_s6,2020_09,LEC,Ferrari,6,SOFT,SOFTEST,False,46.0,59.0,14.0,False,True,False,False
2020_09_MAG_s1,2020_09,MAG,Haas F1 Team,1,SOFT,SOFTEST,True,1.0,6.0,6.0,False,False,False,True
2020_09_NOR_s1,2020_09,NOR,McLaren,1,SOFT,SOFTEST,True,1.0,7.0,7.0,True,False,True,True
2020_09_NOR_s2,2020_09,NOR,McLaren,2,SOFT,SOFTEST,False,8.0,8.0,1.0,True,False,True,True
2020_09_NOR_s3,2020_09,NOR,McLaren,3,SOFT,SOFTEST,False,9.0,29.0,21.0,True,False,True,False
2020_09_NOR_s4,2020_09,NOR,McLaren,4,MEDIUM,MIDDLE,True,30.0,43.0,14.0,True,False,True,True
2020_09_NOR_s5,2020_09,NOR,McLaren,5,SOFT,SOFTEST,False,44.0,45.0,2.0,True,False,True,True
2020_09_NOR_s6,2020_09,NOR,McLaren,6,SOFT,SOFTEST,False,46.0,59.0,14.0,False,True,False,False
2020_09_OCO_s1,2020_09,OCO,Renault,1,SOFT,SOFTEST,False,1.0,7.0,7.0,True,False,True,True
2020_09_OCO_s2,2020_09,OCO,Renault,2,SOFT,SOFTEST,False,8.0,8.0,1.0,True,False,True,True
2020_09_PER_s1,2020_09,PER,Racing Point,1,SOFT,SOFTEST,False,1.0,7.0,7.0,True,False,True,True
2020_09_PER_s2,2020_09,PER,Racing Point,2,SOFT,SOFTEST,False,8.0,8.0,1.0,True,False,True,True
2020_09_PER_s3,2020_09,PER,Racing Point,3,SOFT,SOFTEST,False,9.0,28.0,20.0,True,False,True,False
2020_09_PER_s4,2020_09,PER,Racing Point,4,MEDIUM,MIDDLE,True,29.0,43.0,15.0,True,False,True,True
2020_09_PER_s5,2020_09,PER,Racing Point,5,SOFT,SOFTEST,False,44.0,45.0,2.0,True,False,True,True
2020_09_PER_s6,2020_09,PER,Racing Point,6,SOFT,SOFTEST,False,46.0,59.0,14.0,False,True,False,False
2020_09_RAI_s1,2020_09,RAI,Alfa Romeo Racing,1,MEDIUM,MIDDLE,True,1.0,1.0,1.0,True,False,True,True
2020_09_RAI_s2,2020_09,RAI,Alfa Romeo Racing,2,MEDIUM,MIDDLE,False,2.0,7.0,6.0,True,False,True,True
2020_09_RAI_s3,2020_09,RAI,Alfa Romeo Racing,3,MEDIUM,MIDDLE,False,8.0,8.0,1.0,True,False,True,True
2020_09_RAI_s4,2020_09,RAI,Alfa Romeo Racing,4,MEDIUM,MIDDLE,False,9.0,27.0,19.0,True,False,True,False
2020_09_RAI_s5,2020_09,RAI,Alfa Romeo Racing,5,HARD,HARDEST,True,28.0,42.0,15.0,True,False,True,True
2020_09_RAI_s6,2020_09,RAI,Alfa Romeo Racing,6,SOFT,SOFTEST,True,43.0,44.0,2.0,True,False,True,True
2020_09_RAI_s7,2020_09,RAI,Alfa Romeo Racing,7,SOFT,SOFTEST,False,45.0,59.0,15.0,False,True,False,True
2020_09_RIC_s1,2020_09,RIC,Renault,1,SOFT,SOFTEST,False,1.0,7.0,7.0,True,False,True,True
2020_09_RIC_s2,2020_09,RIC,Renault,2,SOFT,SOFTEST,False,8.0,8.0,1.0,True,False,True,True
2020_09_RIC_s3,2020_09,RIC,Renault,3,SOFT,SOFTEST,False,9.0,27.0,19.0,True,False,True,False
2020_09_RIC_s4,2020_09,RIC,Renault,4,MEDIUM,MIDDLE,True,28.0,43.0,16.0,True,False,True,True
2020_09_RIC_s5,2020_09,RIC,Renault,5,SOFT,SOFTEST,False,44.0,45.0,2.0,True,False,True,True
2020_09_RIC_s6,2020_09,RIC,Renault,6,SOFT,SOFTEST,False,46.0,59.0,14.0,False,True,False,False
2020_09_RUS_s1,2020_09,RUS,Williams,1,MEDIUM,MIDDLE,True,1.0,7.0,7.0,True,False,True,True
2020_09_RUS_s2,2020_09,RUS,Williams,2,MEDIUM,MIDDLE,False,8.0,8.0,1.0,True,False,True,True
2020_09_RUS_s3,2020_09,RUS,Williams,3,MEDIUM,MIDDLE,True,9.0,29.0,21.0,True,False,True,False
2020_09_RUS_s4,2020_09,RUS,Williams,4,HARD,HARDEST,True,30.0,43.0,14.0,True,False,True,True
2020_09_RUS_s5,2020_09,RUS,Williams,5,SOFT,SOFTEST,True,44.0,45.0,2.0,True,False,True,True
2020_09_RUS_s6,2020_09,RUS,Williams,6,SOFT,SOFTEST,False,46.0,59.0,14.0,False,True,False,False
2020_09_SAI_s1,2020_09,SAI,McLaren,1,SOFT,SOFTEST,False,1.0,6.0,6.0,False,False,False,True
2020_09_STR_s1,2020_09,STR,Racing Point,1,SOFT,SOFTEST,False,1.0,7.0,7.0,True,False,True,True
2020_09_STR_s2,2020_09,STR,Racing Point,2,SOFT,SOFTEST,False,8.0,8.0,1.0,True,False,True,True
2020_09_STR_s3,2020_09,STR,Racing Point,3,SOFT,SOFTEST,False,9.0,30.0,22.0,True,False,True,False
2020_09_STR_s4,2020_09,STR,Racing Point,4,MEDIUM,MIDDLE,True,31.0,43.0,13.0,False,False,False,True
2020_09_VER_s1,2020_09,VER,Red Bull Racing,1,SOFT,SOFTEST,False,1.0,1.0,1.0,False,False,False,True
2020_09_VET_s1,2020_09,VET,Ferrari,1,SOFT,SOFTEST,True,1.0,1.0,1.0,True,False,True,True
2020_09_VET_s2,2020_09,VET,Ferrari,2,MEDIUM,MIDDLE,True,2.0,7.0,6.0,True,False,True,True
2020_09_VET_s3,2020_09,VET,Ferrari,3,MEDIUM,MIDDLE,False,8.0,8.0,1.0,True,False,True,True
2020_09_VET_s4,2020_09,VET,Ferrari,4,SOFT,SOFTEST,False,9.0,28.0,20.0,True,False,True,False
2020_09_VET_s5,2020_09,VET,Ferrari,5,HARD,HARDEST,True,29.0,43.0,15.0,True,False,True,True
2020_09_VET_s6,2020_09,VET,Ferrari,6,SOFT,SOFTEST,False,44.0,45.0,2.0,True,False,True,True
2020_09_VET_s7,2020_09,VET,Ferrari,7,SOFT,SOFTEST,False,46.0,59.0,14.0,False,True,False,False
2020_10_ALB_s1,2020_10,ALB,Red Bull Racing,1,SOFT,SOFTEST,False,1.0,1.0,1.0,True,False,True,True
2020_10_ALB_s2,2020_10,ALB,Red Bull Racing,2,HARD,HARDEST,True,2.0,27.0,26.0,True,False,True,True
2020_10_ALB_s3,2020_10,ALB,Red Bull Racing,3,MEDIUM,MIDDLE,True,28.0,53.0,26.0,False,True,False,True
2020_10_BOT_s1,2020_10,BOT,Mercedes,1,MEDIUM,MIDDLE,False,1.0,26.0,26.0,True,False,True,True
2020_10_BOT_s2,2020_10,BOT,Mercedes,2,HARD,HARDEST,True,27.0,53.0,27.0,False,True,False,True
2020_10_GAS_s1,2020_10,GAS,AlphaTauri,1,SOFT,SOFTEST,False,1.0,18.0,18.0,True,False,True,True
2020_10_GAS_s2,2020_10,GAS,AlphaTauri,2,HARD,HARDEST,True,19.0,42.0,24.0,True,False,True,True
2020_10_GAS_s3,2020_10,GAS,AlphaTauri,3,MEDIUM,MIDDLE,True,43.0,53.0,11.0,False,True,False,True
2020_10_GIO_s1,2020_10,GIO,Alfa Romeo Racing,1,MEDIUM,MIDDLE,True,1.0,16.0,16.0,True,False,True,True
2020_10_GIO_s2,2020_10,GIO,Alfa Romeo Racing,2,HARD,HARDEST,True,17.0,52.0,36.0,False,True,False,True
2020_10_GRO_s1,2020_10,GRO,Haas F1 Team,1,MEDIUM,MIDDLE,True,1.0,17.0,17.0,True,False,True,True
2020_10_GRO_s2,2020_10,GRO,Haas F1 Team,2,HARD,HARDEST,True,18.0,42.0,25.0,True,False,True,True
2020_10_GRO_s3,2020_10,GRO,Haas F1 Team,3,MEDIUM,MIDDLE,True,43.0,52.0,10.0,False,True,False,False
2020_10_HAM_s1,2020_10,HAM,Mercedes,1,SOFT,SOFTEST,False,1.0,16.0,16.0,True,False,True,True
2020_10_HAM_s2,2020_10,HAM,Mercedes,2,HARD,HARDEST,True,17.0,53.0,37.0,False,True,False,True
2020_10_KVY_s1,2020_10,KVY,AlphaTauri,1,HARD,HARDEST,True,1.0,30.0,30.0,True,False,True,True
2020_10_KVY_s2,2020_10,KVY,AlphaTauri,2,MEDIUM,MIDDLE,True,31.0,53.0,23.0,False,True,False,True
2020_10_LAT_s1,2020_10,LAT,Williams,1,MEDIUM,MIDDLE,True,1.0,17.0,17.0,True,False,True,True
2020_10_LAT_s2,2020_10,LAT,Williams,2,HARD,HARDEST,True,18.0,52.0,35.0,False,True,False,True
2020_10_LEC_s1,2020_10,LEC,Ferrari,1,MEDIUM,MIDDLE,True,1.0,28.0,28.0,True,False,True,True
2020_10_LEC_s2,2020_10,LEC,Ferrari,2,HARD,HARDEST,True,29.0,53.0,25.0,False,True,False,True
2020_10_MAG_s1,2020_10,MAG,Haas F1 Team,1,MEDIUM,MIDDLE,True,1.0,19.0,19.0,True,False,True,True
2020_10_MAG_s2,2020_10,MAG,Haas F1 Team,2,HARD,HARDEST,True,20.0,52.0,33.0,False,True,False,True
2020_10_NOR_s1,2020_10,NOR,McLaren,1,SOFT,SOFTEST,False,1.0,1.0,1.0,True,False,True,True
2020_10_NOR_s2,2020_10,NOR,McLaren,2,HARD,HARDEST,True,2.0,47.0,46.0,True,False,True,True
2020_10_NOR_s3,2020_10,NOR,McLaren,3,MEDIUM,MIDDLE,True,48.0,52.0,5.0,False,True,False,False
2020_10_OCO_s1,2020_10,OCO,Renault,1,SOFT,SOFTEST,False,1.0,18.0,18.0,True,False,True,True
2020_10_OCO_s2,2020_10,OCO,Renault,2,HARD,HARDEST,True,19.0,53.0,35.0,False,True,False,True
2020_10_PER_s1,2020_10,PER,Racing Point,1,SOFT,SOFTEST,False,1.0,20.0,20.0,True,False,True,True
2020_10_PER_s2,2020_10,PER,Racing Point,2,HARD,HARDEST,True,21.0,53.0,33.0,False,True,False,True
2020_10_RAI_s1,2020_10,RAI,Alfa Romeo Racing,1,HARD,HARDEST,True,1.0,35.0,35.0,True,False,True,True
2020_10_RAI_s2,2020_10,RAI,Alfa Romeo Racing,2,MEDIUM,MIDDLE,True,36.0,52.0,17.0,False,True,False,True
2020_10_RIC_s1,2020_10,RIC,Renault,1,SOFT,SOFTEST,False,1.0,15.0,15.0,True,False,True,True
2020_10_RIC_s2,2020_10,RIC,Renault,2,HARD,HARDEST,True,16.0,53.0,38.0,False,True,False,True
2020_10_RUS_s1,2020_10,RUS,Williams,1,MEDIUM,MIDDLE,True,1.0,1.0,1.0,True,False,True,True
2020_10_RUS_s2,2020_10,RUS,Williams,2,HARD,HARDEST,True,2.0,14.0,13.0,True,False,True,True
2020_10_RUS_s3,2020_10,RUS,Williams,3,MEDIUM,MIDDLE,False,15.0,50.0,36.0,True,False,True,True
2020_10_RUS_s4,2020_10,RUS,Williams,4,SOFT,SOFTEST,True,51.0,52.0,2.0,False,True,False,False
2020_10_SAI_s1,2020_10,SAI,McLaren,1,SOFT,SOFTEST,False,1.0,1.0,1.0,False,False,False,True
2020_10_STR_s1,2020_10,STR,Racing Point,1,MEDIUM,MIDDLE,True,1.0,1.0,1.0,False,False,False,True
2020_10_VER_s1,2020_10,VER,Red Bull Racing,1,MEDIUM,MIDDLE,False,1.0,25.0,25.0,True,False,True,True
2020_10_VER_s2,2020_10,VER,Red Bull Racing,2,HARD,HARDEST,True,26.0,53.0,28.0,False,True,False,True
2020_10_VET_s1,2020_10,VET,Ferrari,1,MEDIUM,MIDDLE,True,1.0,30.0,30.0,True,False,True,True
2020_10_VET_s2,2020_10,VET,Ferrari,2,HARD,HARDEST,True,31.0,52.0,22.0,False,True,False,True
2020_11_ALB_s1,2020_11,ALB,Red Bull Racing,1,SOFT,SOFTEST,False,1.0,7.0,7.0,True,False,True,True
2020_11_ALB_s2,2020_11,ALB,Red Bull Racing,2,MEDIUM,MIDDLE,True,8.0,23.0,16.0,True,False,True,True
2020_11_BOT_s1,2020_11,BOT,Mercedes,1,SOFT,SOFTEST,False,1.0,13.0,13.0,True,False,True,True
2020_11_BOT_s2,2020_11,BOT,Mercedes,2,MEDIUM,MIDDLE,True,14.0,18.0,5.0,True,False,True,True
2020_11_GAS_s1,2020_11,GAS,AlphaTauri,1,MEDIUM,MIDDLE,True,1.0,30.0,30.0,True,False,True,True
2020_11_GAS_s2,2020_11,GAS,AlphaTauri,2,HARD,HARDEST,True,31.0,44.0,14.0,True,False,True,True
2020_11_GAS_s3,2020_11,GAS,AlphaTauri,3,SOFT,SOFTEST,True,45.0,60.0,16.0,False,True,False,True
2020_11_GIO_s1,2020_11,GIO,Alfa Romeo Racing,1,SOFT,SOFTEST,True,1.0,15.0,15.0,True,False,True,True
2020_11_GIO_s2,2020_11,GIO,Alfa Romeo Racing,2,MEDIUM,MIDDLE,True,16.0,36.0,21.0,True,False,True,True
2020_11_GIO_s3,2020_11,GIO,Alfa Romeo Racing,3,MEDIUM,MIDDLE,True,37.0,60.0,24.0,False,True,False,True
2020_11_GRO_s1,2020_11,GRO,Haas F1 Team,1,MEDIUM,MIDDLE,True,1.0,28.0,28.0,True,False,True,True
2020_11_GRO_s2,2020_11,GRO,Haas F1 Team,2,HARD,HARDEST,True,29.0,60.0,32.0,False,True,False,True
2020_11_HAM_s1,2020_11,HAM,Mercedes,1,SOFT,SOFTEST,False,1.0,16.0,16.0,True,False,True,True
2020_11_HAM_s2,2020_11,HAM,Mercedes,2,MEDIUM,MIDDLE,True,17.0,45.0,29.0,True,False,True,True
2020_11_HAM_s3,2020_11,HAM,Mercedes,3,SOFT,SOFTEST,False,46.0,60.0,15.0,False,True,False,True
2020_11_HUL_s1,2020_11,HUL,Racing Point,1,SOFT,SOFTEST,True,1.0,29.0,29.0,True,False,True,True
2020_11_HUL_s2,2020_11,HUL,Racing Point,2,MEDIUM,MIDDLE,True,30.0,44.0,15.0,True,False,True,True
2020_11_HUL_s3,2020_11,HUL,Racing Point,3,SOFT,SOFTEST,True,45.0,60.0,16.0,False,True,False,True
2020_11_KVY_s1,2020_11,KVY,AlphaTauri,1,MEDIUM,MIDDLE,True,1.0,17.0,17.0,True,False,True,True
2020_11_KVY_s2,2020_11,KVY,AlphaTauri,2,HARD,HARDEST,True,18.0,44.0,27.0,True,False,True,True
2020_11_KVY_s3,2020_11,KVY,AlphaTauri,3,SOFT,SOFTEST,True,45.0,60.0,16.0,False,True,False,True
2020_11_LAT_s1,2020_11,LAT,Williams,1,SOFT,SOFTEST,True,1.0,14.0,14.0,True,False,True,True
2020_11_LAT_s2,2020_11,LAT,Williams,2,MEDIUM,MIDDLE,True,15.0,33.0,19.0,True,False,True,True
2020_11_LAT_s3,2020_11,LAT,Williams,3,MEDIUM,MIDDLE,True,34.0,60.0,27.0,False,True,False,True
2020_11_LEC_s1,2020_11,LEC,Ferrari,1,SOFT,SOFTEST,False,1.0,10.0,10.0,True,False,True,True
2020_11_LEC_s2,2020_11,LEC,Ferrari,2,MEDIUM,MIDDLE,True,11.0,35.0,25.0,True,False,True,True
2020_11_LEC_s3,2020_11,LEC,Ferrari,3,MEDIUM,MIDDLE,False,36.0,60.0,25.0,False,True,False,True
2020_11_MAG_s1,2020_11,MAG,Haas F1 Team,1,SOFT,SOFTEST,True,1.0,14.0,14.0,True,False,True,True
2020_11_MAG_s2,2020_11,MAG,Haas F1 Team,2,MEDIUM,MIDDLE,True,15.0,34.0,20.0,True,False,True,True
2020_11_MAG_s3,2020_11,MAG,Haas F1 Team,3,MEDIUM,MIDDLE,True,35.0,60.0,26.0,False,True,False,True
2020_11_NOR_s1,2020_11,NOR,McLaren,1,SOFT,SOFTEST,False,1.0,29.0,29.0,True,False,True,True
2020_11_NOR_s2,2020_11,NOR,McLaren,2,MEDIUM,MIDDLE,True,30.0,43.0,14.0,False,False,False,True
2020_11_OCO_s1,2020_11,OCO,Renault,1,SOFT,SOFTEST,False,1.0,22.0,22.0,True,False,True,True
2020_11_PER_s1,2020_11,PER,Racing Point,1,SOFT,SOFTEST,False,1.0,28.0,28.0,True,False,True,True
2020_11_PER_s2,2020_11,PER,Racing Point,2,MEDIUM,MIDDLE,True,29.0,45.0,17.0,True,False,True,True
2020_11_PER_s3,2020_11,PER,Racing Point,3,SOFT,SOFTEST,False,46.0,60.0,15.0,False,True,False,True
2020_11_RAI_s1,2020_11,RAI,Alfa Romeo Racing,1,SOFT,SOFTEST,True,1.0,10.0,10.0,True,False,True,True
2020_11_RAI_s2,2020_11,RAI,Alfa Romeo Racing,2,MEDIUM,MIDDLE,True,11.0,44.0,34.0,True,False,True,True
2020_11_RAI_s3,2020_11,RAI,Alfa Romeo Racing,3,SOFT,SOFTEST,True,45.0,60.0,16.0,False,True,False,True
2020_11_RIC_s1,2020_11,RIC,Renault,1,SOFT,SOFTEST,False,1.0,16.0,16.0,True,False,True,True
2020_11_RIC_s2,2020_11,RIC,Renault,2,MEDIUM,MIDDLE,True,17.0,44.0,28.0,True,False,True,True
2020_11_RIC_s3,2020_11,RIC,Renault,3,SOFT,SOFTEST,False,45.0,60.0,16.0,False,True,False,True
2020_11_RUS_s1,2020_11,RUS,Williams,1,SOFT,SOFTEST,True,1.0,11.0,11.0,True,False,True,True
2020_11_RUS_s2,2020_11,RUS,Williams,2,MEDIUM,MIDDLE,True,12.0,13.0,2.0,False,False,False,True
2020_11_SAI_s1,2020_11,SAI,McLaren,1,SOFT,SOFTEST,False,1.0,28.0,28.0,True,False,True,True
2020_11_SAI_s2,2020_11,SAI,McLaren,2,MEDIUM,MIDDLE,True,29.0,44.0,16.0,True,False,True,True
2020_11_SAI_s3,2020_11,SAI,McLaren,3,SOFT,SOFTEST,False,45.0,60.0,16.0,False,True,False,True
2020_11_VER_s1,2020_11,VER,Red Bull Racing,1,SOFT,SOFTEST,False,1.0,16.0,16.0,True,False,True,True
2020_11_VER_s2,2020_11,VER,Red Bull Racing,2,MEDIUM,MIDDLE,True,17.0,45.0,29.0,True,False,True,True
2020_11_VER_s3,2020_11,VER,Red Bull Racing,3,SOFT,SOFTEST,False,46.0,60.0,15.0,False,True,False,True
2020_11_VET_s1,2020_11,VET,Ferrari,1,MEDIUM,MIDDLE,True,1.0,11.0,11.0,True,False,True,True
2020_11_VET_s2,2020_11,VET,Ferrari,2,HARD,HARDEST,True,12.0,41.0,30.0,True,False,True,True
2020_11_VET_s3,2020_11,VET,Ferrari,3,SOFT,SOFTEST,True,42.0,60.0,19.0,False,True,False,True
2020_12_ALB_s1,2020_12,ALB,Red Bull Racing,1,SOFT,SOFTEST,False,1.0,19.0,19.0,True,False,True,True
2020_12_ALB_s2,2020_12,ALB,Red Bull Racing,2,MEDIUM,MIDDLE,False,20.0,46.0,27.0,True,False,True,False
2020_12_ALB_s3,2020_12,ALB,Red Bull Racing,3,SOFT,SOFTEST,False,47.0,65.0,19.0,False,True,False,False
2020_12_BOT_s1,2020_12,BOT,Mercedes,1,MEDIUM,MIDDLE,False,1.0,41.0,41.0,True,False,True,True
2020_12_BOT_s2,2020_12,BOT,Mercedes,2,HARD,HARDEST,True,42.0,66.0,25.0,False,True,False,False
2020_12_GAS_s1,2020_12,GAS,AlphaTauri,1,SOFT,SOFTEST,False,1.0,28.0,28.0,True,False,True,True
2020_12_GAS_s2,2020_12,GAS,AlphaTauri,2,MEDIUM,MIDDLE,True,29.0,65.0,37.0,False,True,False,False
2020_12_GIO_s1,2020_12,GIO,Alfa Romeo Racing,1,MEDIUM,MIDDLE,True,1.0,28.0,28.0,True,False,True,True
2020_12_GIO_s2,2020_12,GIO,Alfa Romeo Racing,2,HARD,HARDEST,True,29.0,65.0,37.0,False,True,False,False
2020_12_GRO_s1,2020_12,GRO,Haas F1 Team,1,MEDIUM,MIDDLE,True,1.0,26.0,26.0,True,False,True,True
2020_12_GRO_s2,2020_12,GRO,Haas F1 Team,2,HARD,HARDEST,True,27.0,65.0,39.0,False,True,False,False
2020_12_HAM_s1,2020_12,HAM,Mercedes,1,MEDIUM,MIDDLE,False,1.0,40.0,40.0,True,False,True,True
2020_12_HAM_s2,2020_12,HAM,Mercedes,2,HARD,HARDEST,True,41.0,66.0,26.0,False,True,False,False
2020_12_KVY_s1,2020_12,KVY,AlphaTauri,1,MEDIUM,MIDDLE,True,1.0,25.0,25.0,True,False,True,True
2020_12_KVY_s2,2020_12,KVY,AlphaTauri,2,HARD,HARDEST,False,26.0,55.0,30.0,True,False,True,False
2020_12_KVY_s3,2020_12,KVY,AlphaTauri,3,SOFT,SOFTEST,True,56.0,64.0,9.0,False,False,False,False
2020_12_LAT_s1,2020_12,LAT,Williams,1,MEDIUM,MIDDLE,True,1.0,24.0,24.0,True,False,True,True
2020_12_LAT_s2,2020_12,LAT,Williams,2,HARD,HARDEST,True,25.0,64.0,40.0,False,False,False,False
2020_12_LEC_s1,2020_12,LEC,Ferrari,1,MEDIUM,MIDDLE,False,1.0,34.0,34.0,True,False,True,True
2020_12_LEC_s2,2020_12,LEC,Ferrari,2,HARD,HARDEST,True,35.0,66.0,32.0,False,True,False,False
2020_12_MAG_s1,2020_12,MAG,Haas F1 Team,1,HARD,HARDEST,True,1.0,31.0,31.0,True,False,True,True
2020_12_MAG_s2,2020_12,MAG,Haas F1 Team,2,MEDIUM,MIDDLE,True,32.0,65.0,34.0,False,True,False,False
2020_12_NOR_s1,2020_12,NOR,McLaren,1,SOFT,SOFTEST,False,1.0,18.0,18.0,True,False,True,True
2020_12_NOR_s2,2020_12,NOR,McLaren,2,HARD,HARDEST,True,19.0,43.0,25.0,True,False,True,False
2020_12_NOR_s3,2020_12,NOR,McLaren,3,MEDIUM,MIDDLE,True,44.0,65.0,22.0,False,True,False,False
2020_12_OCO_s1,2020_12,OCO,Renault,1,MEDIUM,MIDDLE,True,1.0,53.0,53.0,True,False,True,True
2020_12_OCO_s2,2020_12,OCO,Renault,2,SOFT,SOFTEST,True,54.0,65.0,12.0,False,True,False,False
2020_12_PER_s1,2020_12,PER,Racing Point,1,SOFT,SOFTEST,False,1.0,1.0,1.0,True,False,True,True
2020_12_PER_s2,2020_12,PER,Racing Point,2,MEDIUM,MIDDLE,True,2.0,45.0,44.0,True,False,True,False
2020_12_PER_s3,2020_12,PER,Racing Point,3,SOFT,SOFTEST,False,46.0,65.0,20.0,False,True,False,False
2020_12_RAI_s1,2020_12,RAI,Alfa Romeo Racing,1,SOFT,SOFTEST,True,1.0,11.0,11.0,True,False,True,True
2020_12_RAI_s2,2020_12,RAI,Alfa Romeo Racing,2,MEDIUM,MIDDLE,True,12.0,65.0,54.0,False,True,False,False
2020_12_RIC_s1,2020_12,RIC,Renault,1,SOFT,SOFTEST,False,1.0,14.0,14.0,True,False,True,True
2020_12_RIC_s2,2020_12,RIC,Renault,2,MEDIUM,MIDDLE,True,15.0,65.0,51.0,False,True,False,False
2020_12_RUS_s1,2020_12,RUS,Williams,1,MEDIUM,MIDDLE,True,1.0,36.0,36.0,True,False,True,True
2020_12_RUS_s2,2020_12,RUS,Williams,2,HARD,HARDEST,True,37.0,65.0,29.0,False,True,False,False
2020_12_SAI_s1,2020_12,SAI,McLaren,1,SOFT,SOFTEST,False,1.0,26.0,26.0,True,False,True,True
2020_12_SAI_s2,2020_12,SAI,McLaren,2,MEDIUM,MIDDLE,True,27.0,65.0,39.0,False,True,False,False
2020_12_STR_s1,2020_12,STR,Racing Point,1,MEDIUM,MIDDLE,True,1.0,18.0,18.0,True,False,True,True
2020_12_STR_s2,2020_12,STR,Racing Point,2,HARD,HARDEST,True,19.0,34.0,16.0,True,False,True,False
2020_12_STR_s3,2020_12,STR,Racing Point,3,SOFT,SOFTEST,True,35.0,51.0,17.0,True,False,True,False
2020_12_VER_s1,2020_12,VER,Red Bull Racing,1,SOFT,SOFTEST,False,1.0,23.0,23.0,True,False,True,True
2020_12_VER_s2,2020_12,VER,Red Bull Racing,2,MEDIUM,MIDDLE,True,24.0,66.0,43.0,False,True,False,False
2020_12_VET_s1,2020_12,VET,Ferrari,1,MEDIUM,MIDDLE,False,1.0,27.0,27.0,True,False,True,True
2020_12_VET_s2,2020_12,VET,Ferrari,2,HARD,HARDEST,True,28.0,65.0,38.0,False,True,False,False
2020_13_ALB_s1,2020_13,ALB,Red Bull Racing,1,SOFT,SOFTEST,False,1.0,14.0,14.0,True,False,True,True
2020_13_ALB_s2,2020_13,ALB,Red Bull Racing,2,HARD,HARDEST,True,15.0,59.0,45.0,True,False,True,True
2020_13_ALB_s3,2020_13,ALB,Red Bull Racing,3,SOFT,SOFTEST,False,60.0,63.0,4.0,False,True,False,False
2020_13_BOT_s1,2020_13,BOT,Mercedes,1,MEDIUM,MIDDLE,False,1.0,19.0,19.0,True,False,True,True
2020_13_BOT_s2,2020_13,BOT,Mercedes,2,HARD,HARDEST,True,20.0,51.0,32.0,True,False,True,True
2020_13_BOT_s3,2020_13,BOT,Mercedes,3,SOFT,SOFTEST,False,52.0,63.0,12.0,False,True,False,True
2020_13_GAS_s1,2020_13,GAS,AlphaTauri,1,SOFT,SOFTEST,False,1.0,8.0,8.0,True,False,True,True
2020_13_GIO_s1,2020_13,GIO,Alfa Romeo Racing,1,SOFT,SOFTEST,True,1.0,10.0,10.0,True,False,True,True
2020_13_GIO_s2,2020_13,GIO,Alfa Romeo Racing,2,MEDIUM,MIDDLE,True,11.0,63.0,53.0,False,True,False,True
2020_13_GRO_s1,2020_13,GRO,Haas F1 Team,1,MEDIUM,MIDDLE,True,1.0,9.0,9.0,True,False,True,True
2020_13_GRO_s2,2020_13,GRO,Haas F1 Team,2,HARD,HARDEST,True,10.0,50.0,41.0,True,False,True,True
2020_13_GRO_s3,2020_13,GRO,Haas F1 Team,3,SOFT,SOFTEST,True,51.0,63.0,13.0,False,True,False,True
2020_13_HAM_s1,2020_13,HAM,Mercedes,1,MEDIUM,MIDDLE,False,1.0,30.0,30.0,True,False,True,True
2020_13_HAM_s2,2020_13,HAM,Mercedes,2,HARD,HARDEST,True,31.0,52.0,22.0,True,False,True,True
2020_13_HAM_s3,2020_13,HAM,Mercedes,3,SOFT,SOFTEST,False,53.0,63.0,11.0,False,True,False,True
2020_13_KVY_s1,2020_13,KVY,AlphaTauri,1,SOFT,SOFTEST,False,1.0,14.0,14.0,True,False,True,True
2020_13_KVY_s2,2020_13,KVY,AlphaTauri,2,HARD,HARDEST,True,15.0,51.0,37.0,True,False,True,True
2020_13_KVY_s3,2020_13,KVY,AlphaTauri,3,SOFT,SOFTEST,False,52.0,63.0,12.0,False,True,False,True
2020_13_LAT_s1,2020_13,LAT,Williams,1,MEDIUM,MIDDLE,True,1.0,34.0,34.0,True,False,True,True
2020_13_LAT_s2,2020_13,LAT,Williams,2,HARD,HARDEST,True,35.0,63.0,29.0,False,True,False,True
2020_13_LEC_s1,2020_13,LEC,Ferrari,1,SOFT,SOFTEST,False,1.0,13.0,13.0,True,False,True,True
2020_13_LEC_s2,2020_13,LEC,Ferrari,2,HARD,HARDEST,True,14.0,63.0,50.0,False,True,False,True
2020_13_MAG_s1,2020_13,MAG,Haas F1 Team,1,MEDIUM,MIDDLE,True,1.0,27.0,27.0,True,False,True,True
2020_13_MAG_s2,2020_13,MAG,Haas F1 Team,2,HARD,HARDEST,True,28.0,47.0,20.0,True,False,True,True
2020_13_NOR_s1,2020_13,NOR,McLaren,1,SOFT,SOFTEST,False,1.0,13.0,13.0,True,False,True,True
2020_13_NOR_s2,2020_13,NOR,McLaren,2,MEDIUM,MIDDLE,True,14.0,53.0,40.0,True,False,True,True
2020_13_NOR_s3,2020_13,NOR,McLaren,3,SOFT,SOFTEST,False,54.0,63.0,10.0,False,True,False,True
2020_13_OCO_s1,2020_13,OCO,Renault,1,MEDIUM,MIDDLE,True,1.0,13.0,13.0,True,False,True,True
2020_13_OCO_s2,2020_13,OCO,Renault,2,HARD,HARDEST,True,14.0,28.0,15.0,False,False,False,True
2020_13_PER_s1,2020_13,PER,Racing Point,1,MEDIUM,MIDDLE,True,1.0,27.0,27.0,True,False,True,True
2020_13_PER_s2,2020_13,PER,Racing Point,2,HARD,HARDEST,True,28.0,51.0,24.0,True,False,True,True
2020_13_PER_s3,2020_13,PER,Racing Point,3,SOFT,SOFTEST,True,52.0,63.0,12.0,False,True,False,True
2020_13_RAI_s1,2020_13,RAI,Alfa Romeo Racing,1,MEDIUM,MIDDLE,True,1.0,48.0,48.0,True,False,True,True
2020_13_RAI_s2,2020_13,RAI,Alfa Romeo Racing,2,SOFT,SOFTEST,True,49.0,63.0,15.0,False,True,False,True
2020_13_RIC_s1,2020_13,RIC,Renault,1,SOFT,SOFTEST,False,1.0,14.0,14.0,True,False,True,True
2020_13_RIC_s2,2020_13,RIC,Renault,2,HARD,HARDEST,True,15.0,63.0,49.0,False,True,False,True
2020_13_RUS_s1,2020_13,RUS,Williams,1,MEDIUM,MIDDLE,True,1.0,11.0,11.0,True,False,True,True
2020_13_RUS_s2,2020_13,RUS,Williams,2,HARD,HARDEST,True,12.0,52.0,41.0,False,False,False,True
2020_13_SAI_s1,2020_13,SAI,McLaren,1,SOFT,SOFTEST,False,1.0,17.0,17.0,True,False,True,True
2020_13_SAI_s2,2020_13,SAI,McLaren,2,MEDIUM,MIDDLE,True,18.0,51.0,34.0,True,False,True,True
2020_13_SAI_s3,2020_13,SAI,McLaren,3,SOFT,SOFTEST,False,52.0,63.0,12.0,False,True,False,True
2020_13_STR_s1,2020_13,STR,Racing Point,1,MEDIUM,MIDDLE,True,1.0,1.0,1.0,True,False,True,True
2020_13_STR_s2,2020_13,STR,Racing Point,2,HARD,HARDEST,True,2.0,29.0,28.0,True,False,True,True
2020_13_STR_s3,2020_13,STR,Racing Point,3,MEDIUM,MIDDLE,False,30.0,52.0,23.0,True,False,True,True
2020_13_STR_s4,2020_13,STR,Racing Point,4,SOFT,SOFTEST,True,53.0,63.0,11.0,False,True,False,True
2020_13_VER_s1,2020_13,VER,Red Bull Racing,1,MEDIUM,MIDDLE,False,1.0,18.0,18.0,True,False,True,True
2020_13_VER_s2,2020_13,VER,Red Bull Racing,2,HARD,HARDEST,True,19.0,51.0,33.0,False,False,False,True
2020_13_VET_s1,2020_13,VET,Ferrari,1,MEDIUM,MIDDLE,True,1.0,39.0,39.0,True,False,True,True
2020_13_VET_s2,2020_13,VET,Ferrari,2,HARD,HARDEST,True,40.0,51.0,12.0,True,False,True,True
2020_13_VET_s3,2020_13,VET,Ferrari,3,SOFT,SOFTEST,True,52.0,63.0,12.0,False,True,False,True
2020_14_ALB_s1,2020_14,ALB,Red Bull Racing,1,WET,WET,True,1.0,12.0,12.0,True,False,True,True
2020_14_ALB_s2,2020_14,ALB,Red Bull Racing,2,WET,WET,True,13.0,34.0,22.0,True,False,True,True
2020_14_ALB_s3,2020_14,ALB,Red Bull Racing,3,WET,WET,True,35.0,58.0,24.0,False,True,False,True
2020_14_BOT_s1,2020_14,BOT,Mercedes,1,WET,WET,True,1.0,7.0,7.0,True,False,True,True
2020_14_BOT_s2,2020_14,BOT,Mercedes,2,WET,WET,False,8.0,46.0,39.0,True,False,True,True
2020_14_BOT_s3,2020_14,BOT,Mercedes,3,WET,WET,True,47.0,57.0,11.0,False,True,False,True
2020_14_GAS_s1,2020_14,GAS,AlphaTauri,1,WET,WET,False,1.0,10.0,10.0,True,False,True,True
2020_14_GAS_s2,2020_14,GAS,AlphaTauri,2,WET,WET,True,11.0,33.0,23.0,True,False,True,True
2020_14_GAS_s3,2020_14,GAS,AlphaTauri,3,WET,WET,True,34.0,57.0,24.0,False,True,False,True
2020_14_GIO_s1,2020_14,GIO,Alfa Romeo Racing,1,WET,WET,False,1.0,8.0,8.0,True,False,True,True
2020_14_GIO_s2,2020_14,GIO,Alfa Romeo Racing,2,WET,WET,True,9.0,12.0,4.0,False,False,False,True
2020_14_GRO_s1,2020_14,GRO,Haas F1 Team,1,WET,WET,False,1.0,8.0,8.0,True,False,True,True
2020_14_GRO_s2,2020_14,GRO,Haas F1 Team,2,WET,WET,True,9.0,36.0,28.0,True,False,True,True
2020_14_GRO_s3,2020_14,GRO,Haas F1 Team,3,WET,WET,True,37.0,49.0,13.0,True,False,True,True
2020_14_HAM_s1,2020_14,HAM,Mercedes,1,WET,WET,True,1.0,8.0,8.0,True,False,True,True
2020_14_HAM_s2,2020_14,HAM,Mercedes,2,WET,WET,False,9.0,58.0,50.0,False,True,False,True
2020_14_KVY_s1,2020_14,KVY,AlphaTauri,1,WET,WET,False,1.0,8.0,8.0,True,False,True,True
2020_14_KVY_s2,2020_14,KVY,AlphaTauri,2,WET,WET,True,9.0,57.0,49.0,False,True,False,True
2020_14_LAT_s1,2020_14,LAT,Williams,1,WET,WET,True,1.0,8.0,8.0,True,False,True,True
2020_14_LAT_s2,2020_14,LAT,Williams,2,WET,WET,True,9.0,38.0,30.0,True,False,True,True
2020_14_LAT_s3,2020_14,LAT,Williams,3,WET,WET,True,39.0,39.0,1.0,True,False,True,False
2020_14_LEC_s1,2020_14,LEC,Ferrari,1,WET,WET,False,1.0,6.0,6.0,True,False,True,True
2020_14_LEC_s2,2020_14,LEC,Ferrari,2,WET,WET,True,7.0,30.0,24.0,True,False,True,True
2020_14_LEC_s3,2020_14,LEC,Ferrari,3,WET,WET,True,31.0,58.0,28.0,False,True,False,True
2020_14_MAG_s1,2020_14,MAG,Haas F1 Team,1,WET,WET,False,1.0,8.0,8.0,True,False,True,True
2020_14_MAG_s2,2020_14,MAG,Haas F1 Team,2,WET,WET,True,9.0,34.0,26.0,True,False,True,True
2020_14_MAG_s3,2020_14,MAG,Haas F1 Team,3,WET,WET,False,35.0,55.0,21.0,True,False,True,True
2020_14_NOR_s1,2020_14,NOR,McLaren,1,WET,WET,False,1.0,9.0,9.0,True,False,True,True
2020_14_NOR_s2,2020_14,NOR,McLaren,2,WET,WET,True,10.0,36.0,27.0,True,False,True,True
2020_14_NOR_s3,2020_14,NOR,McLaren,3,WET,WET,True,37.0,58.0,22.0,False,True,False,True
2020_14_OCO_s1,2020_14,OCO,Renault,1,WET,WET,False,1.0,1.0,1.0,True,False,True,True
2020_14_OCO_s2,2020_14,OCO,Renault,2,WET,WET,False,2.0,10.0,9.0,True,False,True,False
2020_14_OCO_s3,2020_14,OCO,Renault,3,WET,WET,True,11.0,57.0,47.0,False,True,False,True
2020_14_PER_s1,2020_14,PER,Racing Point,1,WET,WET,False,1.0,10.0,10.0,True,False,True,True
2020_14_PER_s2,2020_14,PER,Racing Point,2,WET,WET,True,11.0,58.0,48.0,False,True,False,True
2020_14_RAI_s1,2020_14,RAI,Alfa Romeo Racing,1,WET,WET,False,1.0,8.0,8.0,True,False,True,True
2020_14_RAI_s2,2020_14,RAI,Alfa Romeo Racing,2,WET,WET,True,9.0,30.0,22.0,True,False,True,True
2020_14_RAI_s3,2020_14,RAI,Alfa Romeo Racing,3,WET,WET,False,31.0,50.0,20.0,True,False,True,True
2020_14_RAI_s4,2020_14,RAI,Alfa Romeo Racing,4,WET,WET,True,51.0,57.0,7.0,False,True,False,False
2020_14_RIC_s1,2020_14,RIC,Renault,1,WET,WET,False,1.0,10.0,10.0,True,False,True,True
2020_14_RIC_s2,2020_14,RIC,Renault,2,WET,WET,True,11.0,32.0,22.0,True,False,True,True
2020_14_RIC_s3,2020_14,RIC,Renault,3,WET,WET,True,33.0,58.0,26.0,False,True,False,True
2020_14_RUS_s1,2020_14,RUS,Williams,1,WET,WET,True,1.0,32.0,32.0,True,False,True,True
2020_14_RUS_s2,2020_14,RUS,Williams,2,WET,WET,True,33.0,42.0,10.0,True,False,True,True
2020_14_RUS_s3,2020_14,RUS,Williams,3,WET,WET,True,43.0,57.0,15.0,False,True,False,True
2020_14_SAI_s1,2020_14,SAI,McLaren,1,WET,WET,False,1.0,10.0,10.0,True,False,True,True
2020_14_SAI_s2,2020_14,SAI,McLaren,2,WET,WET,True,11.0,33.0,23.0,True,False,True,True
2020_14_SAI_s3,2020_14,SAI,McLaren,3,WET,WET,True,34.0,58.0,25.0,False,True,False,True
2020_14_STR_s1,2020_14,STR,Racing Point,1,WET,WET,False,1.0,9.0,9.0,True,False,True,True
2020_14_STR_s2,2020_14,STR,Racing Point,2,WET,WET,True,10.0,36.0,27.0,True,False,True,True
2020_14_STR_s3,2020_14,STR,Racing Point,3,WET,WET,True,37.0,58.0,22.0,False,True,False,True
2020_14_VER_s1,2020_14,VER,Red Bull Racing,1,WET,WET,False,1.0,11.0,11.0,True,False,True,True
2020_14_VER_s2,2020_14,VER,Red Bull Racing,2,WET,WET,True,12.0,18.0,7.0,True,False,True,True
2020_14_VER_s3,2020_14,VER,Red Bull Racing,3,WET,WET,False,19.0,43.0,25.0,True,False,True,True
2020_14_VER_s4,2020_14,VER,Red Bull Racing,4,WET,WET,True,44.0,58.0,15.0,False,True,False,True
2020_14_VET_s1,2020_14,VET,Ferrari,1,WET,WET,False,1.0,8.0,8.0,True,False,True,True
2020_14_VET_s2,2020_14,VET,Ferrari,2,WET,WET,True,9.0,33.0,25.0,True,False,True,True
2020_14_VET_s3,2020_14,VET,Ferrari,3,WET,WET,True,34.0,58.0,25.0,False,True,False,True
2020_15_ALB_s1,2020_15,ALB,Red Bull Racing,1,MEDIUM,MIDDLE,False,1.0,1.0,1.0,True,False,True,True
2020_15_ALB_s2,2020_15,ALB,Red Bull Racing,2,MEDIUM,MIDDLE,False,2.0,19.0,18.0,True,False,True,True
2020_15_ALB_s3,2020_15,ALB,Red Bull Racing,3,MEDIUM,MIDDLE,False,20.0,34.0,15.0,True,False,True,False
2020_15_ALB_s4,2020_15,ALB,Red Bull Racing,4,HARD,HARDEST,True,35.0,57.0,23.0,False,True,False,True
2020_15_BOT_s1,2020_15,BOT,Mercedes,1,MEDIUM,MIDDLE,False,1.0,1.0,1.0,True,False,True,True
2020_15_BOT_s2,2020_15,BOT,Mercedes,2,MEDIUM,MIDDLE,False,2.0,4.0,3.0,True,False,True,True
2020_15_BOT_s3,2020_15,BOT,Mercedes,3,HARD,HARDEST,True,5.0,25.0,21.0,True,False,True,True
2020_15_BOT_s4,2020_15,BOT,Mercedes,4,MEDIUM,MIDDLE,False,26.0,38.0,13.0,True,False,True,False
2020_15_BOT_s5,2020_15,BOT,Mercedes,5,MEDIUM,MIDDLE,False,39.0,57.0,19.0,False,True,False,True
2020_15_GAS_s1,2020_15,GAS,AlphaTauri,1,MEDIUM,MIDDLE,False,1.0,1.0,1.0,True,False,True,True
2020_15_GAS_s2,2020_15,GAS,AlphaTauri,2,HARD,HARDEST,True,2.0,25.0,24.0,True,False,True,True
2020_15_GAS_s3,2020_15,GAS,AlphaTauri,3,HARD,HARDEST,True,26.0,57.0,32.0,False,True,False,True
2020_15_GIO_s1,2020_15,GIO,Alfa Romeo Racing,1,MEDIUM,MIDDLE,True,1.0,1.0,1.0,True,False,True,True
2020_15_GIO_s2,2020_15,GIO,Alfa Romeo Racing,2,MEDIUM,MIDDLE,True,2.0,20.0,19.0,True,False,True,True
2020_15_GIO_s3,2020_15,GIO,Alfa Romeo Racing,3,HARD,HARDEST,True,21.0,53.0,33.0,True,False,True,True
2020_15_GIO_s4,2020_15,GIO,Alfa Romeo Racing,4,SOFT,SOFTEST,True,54.0,56.0,3.0,False,True,False,True
2020_15_GRO_s1,2020_15,GRO,Haas F1 Team,1,HARD,HARDEST,True,1.0,1.0,1.0,False,False,False,True
2020_15_HAM_s1,2020_15,HAM,Mercedes,1,MEDIUM,MIDDLE,False,1.0,1.0,1.0,True,False,True,True
2020_15_HAM_s2,2020_15,HAM,Mercedes,2,MEDIUM,MIDDLE,False,2.0,19.0,18.0,True,False,True,True
2020_15_HAM_s3,2020_15,HAM,Mercedes,3,MEDIUM,MIDDLE,False,20.0,35.0,16.0,True,False,True,False
2020_15_HAM_s4,2020_15,HAM,Mercedes,4,HARD,HARDEST,True,36.0,57.0,22.0,False,True,False,True
2020_15_KVY_s1,2020_15,KVY,AlphaTauri,1,MEDIUM,MIDDLE,False,1.0,1.0,1.0,True,False,True,True
2020_15_KVY_s2,2020_15,KVY,AlphaTauri,2,SOFT,SOFTEST,False,2.0,17.0,16.0,True,False,True,True
2020_15_KVY_s3,2020_15,KVY,AlphaTauri,3,HARD,HARDEST,True,18.0,33.0,16.0,True,False,True,False
2020_15_KVY_s4,2020_15,KVY,AlphaTauri,4,HARD,HARDEST,True,34.0,56.0,23.0,False,True,False,True
2020_15_LAT_s1,2020_15,LAT,Williams,1,HARD,HARDEST,True,1.0,1.0,1.0,True,False,True,True
2020_15_LAT_s2,2020_15,LAT,Williams,2,MEDIUM,MIDDLE,True,2.0,21.0,20.0,True,False,True,True
2020_15_LAT_s3,2020_15,LAT,Williams,3,MEDIUM,MIDDLE,True,22.0,37.0,16.0,True,False,True,False
2020_15_LAT_s4,2020_15,LAT,Williams,4,HARD,HARDEST,False,38.0,56.0,19.0,False,True,False,True
2020_15_LEC_s1,2020_15,LEC,Ferrari,1,HARD,HARDEST,True,1.0,1.0,1.0,True,False,True,True
2020_15_LEC_s2,2020_15,LEC,Ferrari,2,MEDIUM,MIDDLE,False,2.0,23.0,22.0,True,False,True,True
2020_15_LEC_s3,2020_15,LEC,Ferrari,3,HARD,HARDEST,True,24.0,40.0,17.0,True,False,True,False
2020_15_LEC_s4,2020_15,LEC,Ferrari,4,HARD,HARDEST,False,41.0,56.0,16.0,False,True,False,True
2020_15_MAG_s1,2020_15,MAG,Haas F1 Team,1,MEDIUM,MIDDLE,True,1.0,1.0,1.0,True,False,True,True
2020_15_MAG_s2,2020_15,MAG,Haas F1 Team,2,HARD,HARDEST,True,2.0,3.0,2.0,True,False,True,True
2020_15_MAG_s3,2020_15,MAG,Haas F1 Team,3,HARD,HARDEST,True,4.0,27.0,24.0,True,False,True,True
2020_15_MAG_s4,2020_15,MAG,Haas F1 Team,4,HARD,HARDEST,False,28.0,53.0,26.0,True,False,True,True
2020_15_MAG_s5,2020_15,MAG,Haas F1 Team,5,SOFT,SOFTEST,True,54.0,56.0,3.0,False,True,False,True
2020_15_NOR_s1,2020_15,NOR,McLaren,1,MEDIUM,MIDDLE,False,1.0,1.0,1.0,True,False,True,True
2020_15_NOR_s2,2020_15,NOR,McLaren,2,MEDIUM,MIDDLE,False,2.0,18.0,17.0,True,False,True,True
2020_15_NOR_s3,2020_15,NOR,McLaren,3,MEDIUM,MIDDLE,False,19.0,38.0,20.0,True,False,True,False
2020_15_NOR_s4,2020_15,NOR,McLaren,4,HARD,HARDEST,True,39.0,57.0,19.0,False,True,False,True
2020_15_OCO_s1,2020_15,OCO,Renault,1,MEDIUM,MIDDLE,False,1.0,1.0,1.0,True,False,True,True
2020_15_OCO_s2,2020_15,OCO,Renault,2,MEDIUM,MIDDLE,False,2.0,17.0,16.0,True,False,True,True
2020_15_OCO_s3,2020_15,OCO,Renault,3,MEDIUM,MIDDLE,False,18.0,34.0,17.0,True,False,True,False
2020_15_OCO_s4,2020_15,OCO,Renault,4,HARD,HARDEST,True,35.0,57.0,23.0,False,True,False,True
2020_15_PER_s1,2020_15,PER,Racing Point,1,MEDIUM,MIDDLE,False,1.0,1.0,1.0,True,False,True,True
2020_15_PER_s2,2020_15,PER,Racing Point,2,MEDIUM,MIDDLE,False,2.0,20.0,19.0,True,False,True,True
2020_15_PER_s3,2020_15,PER,Racing Point,3,HARD,HARDEST,True,21.0,36.0,16.0,True,False,True,False
2020_15_PER_s4,2020_15,PER,Racing Point,4,HARD,HARDEST,True,37.0,54.0,18.0,False,False,False,True
2020_15_RAI_s1,2020_15,RAI,Alfa Romeo Racing,1,MEDIUM,MIDDLE,True,1.0,1.0,1.0,True,False,True,True
2020_15_RAI_s2,2020_15,RAI,Alfa Romeo Racing,2,MEDIUM,MIDDLE,True,2.0,17.0,16.0,True,False,True,True
2020_15_RAI_s3,2020_15,RAI,Alfa Romeo Racing,3,HARD,HARDEST,True,18.0,40.0,23.0,True,False,True,False
2020_15_RAI_s4,2020_15,RAI,Alfa Romeo Racing,4,MEDIUM,MIDDLE,False,41.0,56.0,16.0,False,True,False,True
2020_15_RIC_s1,2020_15,RIC,Renault,1,MEDIUM,MIDDLE,False,1.0,1.0,1.0,True,False,True,True
2020_15_RIC_s2,2020_15,RIC,Renault,2,MEDIUM,MIDDLE,False,2.0,16.0,15.0,True,False,True,True
2020_15_RIC_s3,2020_15,RIC,Renault,3,HARD,HARDEST,True,17.0,36.0,20.0,True,False,True,False
2020_15_RIC_s4,2020_15,RIC,Renault,4,HARD,HARDEST,True,37.0,57.0,21.0,False,True,False,True
2020_15_RUS_s1,2020_15,RUS,Williams,1,MEDIUM,MIDDLE,True,1.0,1.0,1.0,True,False,True,True
2020_15_RUS_s2,2020_15,RUS,Williams,2,MEDIUM,MIDDLE,True,2.0,20.0,19.0,True,False,True,True
2020_15_RUS_s3,2020_15,RUS,Williams,3,HARD,HARDEST,True,21.0,39.0,19.0,True,False,True,False
2020_15_RUS_s4,2020_15,RUS,Williams,4,MEDIUM,MIDDLE,False,40.0,56.0,17.0,False,True,False,True
2020_15_SAI_s1,2020_15,SAI,McLaren,1,SOFT,SOFTEST,True,1.0,1.0,1.0,True,False,True,True
2020_15_SAI_s2,2020_15,SAI,McLaren,2,SOFT,SOFTEST,True,2.0,21.0,20.0,True,False,True,True
2020_15_SAI_s3,2020_15,SAI,McLaren,3,MEDIUM,MIDDLE,True,22.0,39.0,18.0,True,False,True,False
2020_15_SAI_s4,2020_15,SAI,McLaren,4,HARD,HARDEST,True,40.0,57.0,18.0,False,True,False,True
2020_15_STR_s1,2020_15,STR,Racing Point,1,MEDIUM,MIDDLE,False,1.0,1.0,1.0,True,False,True,True
2020_15_STR_s2,2020_15,STR,Racing Point,2,MEDIUM,MIDDLE,False,2.0,3.0,2.0,False,False,False,True
2020_15_VER_s1,2020_15,VER,Red Bull Racing,1,MEDIUM,MIDDLE,False,1.0,1.0,1.0,True,False,True,True
2020_15_VER_s2,2020_15,VER,Red Bull Racing,2,MEDIUM,MIDDLE,False,2.0,20.0,19.0,True,False,True,True
2020_15_VER_s3,2020_15,VER,Red Bull Racing,3,HARD,HARDEST,True,21.0,34.0,14.0,True,False,True,False
2020_15_VER_s4,2020_15,VER,Red Bull Racing,4,HARD,HARDEST,True,35.0,46.0,12.0,True,False,True,False
2020_15_VER_s5,2020_15,VER,Red Bull Racing,5,MEDIUM,MIDDLE,False,47.0,57.0,11.0,False,True,False,True
2020_15_VET_s1,2020_15,VET,Ferrari,1,MEDIUM,MIDDLE,False,1.0,1.0,1.0,True,False,True,True
2020_15_VET_s2,2020_15,VET,Ferrari,2,HARD,HARDEST,True,2.0,20.0,19.0,True,False,True,True
2020_15_VET_s3,2020_15,VET,Ferrari,3,MEDIUM,MIDDLE,False,21.0,39.0,19.0,True,False,True,False
2020_15_VET_s4,2020_15,VET,Ferrari,4,HARD,HARDEST,True,40.0,56.0,17.0,False,True,False,True
2020_16_AIT_s1,2020_16,AIT,Williams,1,MEDIUM,MIDDLE,True,1.0,31.0,31.0,True,False,True,True
2020_16_AIT_s2,2020_16,AIT,Williams,2,HARD,HARDEST,True,32.0,54.0,23.0,True,False,True,True
2020_16_AIT_s3,2020_16,AIT,Williams,3,MEDIUM,MIDDLE,True,55.0,59.0,5.0,True,False,True,True
2020_16_AIT_s4,2020_16,AIT,Williams,4,SOFT,SOFTEST,True,60.0,87.0,28.0,False,True,False,True
2020_16_ALB_s1,2020_16,ALB,Red Bull Racing,1,MEDIUM,MIDDLE,True,1.0,47.0,47.0,True,False,True,True
2020_16_ALB_s2,2020_16,ALB,Red Bull Racing,2,HARD,HARDEST,True,48.0,62.0,15.0,True,False,True,True
2020_16_ALB_s3,2020_16,ALB,Red Bull Racing,3,SOFT,SOFTEST,True,63.0,87.0,25.0,False,True,False,True
2020_16_BOT_s1,2020_16,BOT,Mercedes,1,MEDIUM,MIDDLE,False,1.0,49.0,49.0,True,False,True,True
2020_16_BOT_s2,2020_16,BOT,Mercedes,2,HARD,HARDEST,True,50.0,62.0,13.0,True,False,True,True
2020_16_BOT_s3,2020_16,BOT,Mercedes,3,HARD,HARDEST,False,63.0,87.0,25.0,False,True,False,True
2020_16_FIT_s1,2020_16,FIT,Haas F1 Team,1,SOFT,SOFTEST,True,1.0,31.0,31.0,True,False,True,True
2020_16_FIT_s2,2020_16,FIT,Haas F1 Team,2,MEDIUM,MIDDLE,True,32.0,53.0,22.0,True,False,True,True
2020_16_FIT_s3,2020_16,FIT,Haas F1 Team,3,SOFT,SOFTEST,False,54.0,63.0,10.0,True,False,True,True
2020_16_FIT_s4,2020_16,FIT,Haas F1 Team,4,SOFT,SOFTEST,False,64.0,87.0,24.0,False,True,False,True
2020_16_GAS_s1,2020_16,GAS,AlphaTauri,1,SOFT,SOFTEST,False,1.0,28.0,28.0,True,False,True,True
2020_16_GAS_s2,2020_16,GAS,AlphaTauri,2,MEDIUM,MIDDLE,False,29.0,51.0,23.0,True,False,True,False
2020_16_GAS_s3,2020_16,GAS,AlphaTauri,3,HARD,HARDEST,True,52.0,87.0,36.0,False,True,False,True
2020_16_GIO_s1,2020_16,GIO,Alfa Romeo Racing,1,MEDIUM,MIDDLE,True,1.0,26.0,26.0,True,False,True,True
2020_16_GIO_s2,2020_16,GIO,Alfa Romeo Racing,2,HARD,HARDEST,True,27.0,54.0,28.0,True,False,True,True
2020_16_GIO_s3,2020_16,GIO,Alfa Romeo Racing,3,MEDIUM,MIDDLE,True,55.0,87.0,33.0,False,True,False,True
2020_16_KVY_s1,2020_16,KVY,AlphaTauri,1,SOFT,SOFTEST,False,1.0,27.0,27.0,True,False,True,True
2020_16_KVY_s2,2020_16,KVY,AlphaTauri,2,MEDIUM,MIDDLE,False,28.0,53.0,26.0,True,False,True,False
2020_16_KVY_s3,2020_16,KVY,AlphaTauri,3,HARD,HARDEST,True,54.0,87.0,34.0,False,True,False,True
2020_16_LAT_s1,2020_16,LAT,Williams,1,SOFT,SOFTEST,True,1.0,27.0,27.0,True,False,True,True
2020_16_LAT_s2,2020_16,LAT,Williams,2,MEDIUM,MIDDLE,True,28.0,53.0,26.0,False,False,False,True
2020_16_LEC_s1,2020_16,LEC,Ferrari,1,SOFT,SOFTEST,False,1.0,1.0,1.0,False,False,False,True
2020_16_MAG_s1,2020_16,MAG,Haas F1 Team,1,SOFT,SOFTEST,True,1.0,26.0,26.0,True,False,True,True
2020_16_MAG_s2,2020_16,MAG,Haas F1 Team,2,MEDIUM,MIDDLE,True,27.0,54.0,28.0,True,False,True,True
2020_16_MAG_s3,2020_16,MAG,Haas F1 Team,3,SOFT,SOFTEST,False,55.0,87.0,33.0,False,True,False,True
2020_16_NOR_s1,2020_16,NOR,McLaren,1,SOFT,SOFTEST,True,1.0,20.0,20.0,True,False,True,True
2020_16_NOR_s2,2020_16,NOR,McLaren,2,MEDIUM,MIDDLE,True,21.0,54.0,34.0,True,False,True,True
2020_16_NOR_s3,2020_16,NOR,McLaren,3,MEDIUM,MIDDLE,True,55.0,87.0,33.0,False,True,False,True
2020_16_OCO_s1,2020_16,OCO,Renault,1,MEDIUM,MIDDLE,True,1.0,41.0,41.0,True,False,True,True
2020_16_OCO_s2,2020_16,OCO,Renault,2,HARD,HARDEST,True,42.0,87.0,46.0,False,True,False,True
2020_16_PER_s1,2020_16,PER,Racing Point,1,SOFT,SOFTEST,False,1.0,1.0,1.0,True,False,True,True
2020_16_PER_s2,2020_16,PER,Racing Point,2,MEDIUM,MIDDLE,True,2.0,47.0,46.0,True,False,True,True
2020_16_PER_s3,2020_16,PER,Racing Point,3,HARD,HARDEST,True,48.0,87.0,40.0,False,True,False,True
2020_16_RAI_s1,2020_16,RAI,Alfa Romeo Racing,1,MEDIUM,MIDDLE,True,1.0,23.0,23.0,True,False,True,True
2020_16_RAI_s2,2020_16,RAI,Alfa Romeo Racing,2,HARD,HARDEST,True,24.0,54.0,31.0,True,False,True,True
2020_16_RAI_s3,2020_16,RAI,Alfa Romeo Racing,3,MEDIUM,MIDDLE,True,55.0,62.0,8.0,True,False,True,True
2020_16_RAI_s4,2020_16,RAI,Alfa Romeo Racing,4,SOFT,SOFTEST,True,63.0,87.0,25.0,False,True,False,True
2020_16_RIC_s1,2020_16,RIC,Renault,1,SOFT,SOFTEST,False,1.0,29.0,29.0,True,False,True,True
2020_16_RIC_s2,2020_16,RIC,Renault,2,MEDIUM,MIDDLE,True,30.0,55.0,26.0,True,False,True,True
2020_16_RIC_s3,2020_16,RIC,Renault,3,HARD,HARDEST,True,56.0,87.0,32.0,False,True,False,True
2020_16_RUS_s1,2020_16,RUS,Mercedes,1,MEDIUM,MIDDLE,False,1.0,45.0,45.0,True,False,True,True
2020_16_RUS_s2,2020_16,RUS,Mercedes,2,HARD,HARDEST,True,46.0,62.0,17.0,True,False,True,True
2020_16_RUS_s3,2020_16,RUS,Mercedes,3,MEDIUM,MIDDLE,False,63.0,63.0,1.0,True,False,True,True
2020_16_RUS_s4,2020_16,RUS,Mercedes,4,MEDIUM,MIDDLE,False,64.0,78.0,15.0,True,False,True,True
2020_16_RUS_s5,2020_16,RUS,Mercedes,5,SOFT,SOFTEST,False,79.0,87.0,9.0,False,True,False,False
2020_16_SAI_s1,2020_16,SAI,McLaren,1,SOFT,SOFTEST,False,1.0,28.0,28.0,True,False,True,True
2020_16_SAI_s2,2020_16,SAI,McLaren,2,MEDIUM,MIDDLE,True,29.0,55.0,27.0,True,False,True,True
2020_16_SAI_s3,2020_16,SAI,McLaren,3,MEDIUM,MIDDLE,True,56.0,87.0,32.0,False,True,False,True
2020_16_STR_s1,2020_16,STR,Racing Point,1,SOFT,SOFTEST,False,1.0,42.0,42.0,True,False,True,True
2020_16_STR_s2,2020_16,STR,Racing Point,2,MEDIUM,MIDDLE,True,43.0,87.0,45.0,False,True,False,True
2020_16_VER_s1,2020_16,VER,Red Bull Racing,1,SOFT,SOFTEST,False,1.0,1.0,1.0,False,False,False,True
2020_16_VET_s1,2020_16,VET,Ferrari,1,MEDIUM,MIDDLE,False,1.0,31.0,31.0,True,False,True,True
2020_16_VET_s2,2020_16,VET,Ferrari,2,HARD,HARDEST,True,32.0,54.0,23.0,True,False,True,True
2020_16_VET_s3,2020_16,VET,Ferrari,3,SOFT,SOFTEST,True,55.0,63.0,9.0,True,False,True,True
2020_16_VET_s4,2020_16,VET,Ferrari,4,SOFT,SOFTEST,False,64.0,87.0,24.0,False,True,False,True
2020_17_ALB_s1,2020_17,ALB,Red Bull Racing,1,SOFT,SOFTEST,False,1.0,10.0,10.0,True,False,True,True
2020_17_ALB_s2,2020_17,ALB,Red Bull Racing,2,HARD,HARDEST,True,11.0,55.0,45.0,False,True,False,True
2020_17_BOT_s1,2020_17,BOT,Mercedes,1,MEDIUM,MIDDLE,False,1.0,10.0,10.0,True,False,True,True
2020_17_BOT_s2,2020_17,BOT,Mercedes,2,HARD,HARDEST,True,11.0,55.0,45.0,False,True,False,True
2020_17_FIT_s1,2020_17,FIT,Haas F1 Team,1,MEDIUM,MIDDLE,True,1.0,10.0,10.0,True,False,True,True
2020_17_FIT_s2,2020_17,FIT,Haas F1 Team,2,HARD,HARDEST,True,11.0,34.0,24.0,True,False,True,True
2020_17_FIT_s3,2020_17,FIT,Haas F1 Team,3,MEDIUM,MIDDLE,True,35.0,48.0,14.0,True,False,True,False
2020_17_FIT_s4,2020_17,FIT,Haas F1 Team,4,SOFT,SOFTEST,False,49.0,53.0,5.0,False,False,False,False
2020_17_GAS_s1,2020_17,GAS,AlphaTauri,1,SOFT,SOFTEST,False,1.0,10.0,10.0,True,False,True,True
2020_17_GAS_s2,2020_17,GAS,AlphaTauri,2,HARD,HARDEST,True,11.0,55.0,45.0,False,True,False,True
2020_17_GIO_s1,2020_17,GIO,Alfa Romeo Racing,1,MEDIUM,MIDDLE,True,1.0,27.0,27.0,True,False,True,True
2020_17_GIO_s2,2020_17,GIO,Alfa Romeo Racing,2,HARD,HARDEST,True,28.0,54.0,27.0,False,True,False,False
2020_17_HAM_s1,2020_17,HAM,Mercedes,1,MEDIUM,MIDDLE,False,1.0,10.0,10.0,True,False,True,True
2020_17_HAM_s2,2020_17,HAM,Mercedes,2,HARD,HARDEST,True,11.0,55.0,45.0,False,True,False,True
2020_17_KVY_s1,2020_17,KVY,AlphaTauri,1,SOFT,SOFTEST,False,1.0,10.0,10.0,True,False,True,True
2020_17_KVY_s2,2020_17,KVY,AlphaTauri,2,HARD,HARDEST,True,11.0,54.0,44.0,False,True,False,True
2020_17_LAT_s1,2020_17,LAT,Williams,1,MEDIUM,MIDDLE,True,1.0,11.0,11.0,True,False,True,True
2020_17_LAT_s2,2020_17,LAT,Williams,2,HARD,HARDEST,True,12.0,35.0,24.0,True,False,True,True
2020_17_LAT_s3,2020_17,LAT,Williams,3,MEDIUM,MIDDLE,True,36.0,54.0,19.0,False,True,False,False
2020_17_LEC_s1,2020_17,LEC,Ferrari,1,MEDIUM,MIDDLE,False,1.0,22.0,22.0,True,False,True,True
2020_17_LEC_s2,2020_17,LEC,Ferrari,2,HARD,HARDEST,True,23.0,54.0,32.0,False,True,False,False
2020_17_MAG_s1,2020_17,MAG,Haas F1 Team,1,HARD,HARDEST,True,1.0,31.0,31.0,True,False,True,True
2020_17_MAG_s2,2020_17,MAG,Haas F1 Team,2,MEDIUM,MIDDLE,True,32.0,47.0,16.0,True,False,True,False
2020_17_MAG_s3,2020_17,MAG,Haas F1 Team,3,MEDIUM,MIDDLE,True,48.0,54.0,7.0,False,True,False,False
2020_17_NOR_s1,2020_17,NOR,McLaren,1,SOFT,SOFTEST,False,1.0,10.0,10.0,True,False,True,True
2020_17_NOR_s2,2020_17,NOR,McLaren,2,HARD,HARDEST,True,11.0,55.0,45.0,False,True,False,True
2020_17_OCO_s1,2020_17,OCO,Renault,1,MEDIUM,MIDDLE,True,1.0,10.0,10.0,True,False,True,True
2020_17_OCO_s2,2020_17,OCO,Renault,2,HARD,HARDEST,True,11.0,55.0,45.0,False,True,False,True
2020_17_PER_s1,2020_17,PER,Racing Point,1,HARD,HARDEST,True,1.0,9.0,9.0,False,False,False,True
2020_17_RAI_s1,2020_17,RAI,Alfa Romeo Racing,1,MEDIUM,MIDDLE,True,1.0,10.0,10.0,True,False,True,True
2020_17_RAI_s2,2020_17,RAI,Alfa Romeo Racing,2,HARD,HARDEST,True,11.0,54.0,44.0,False,True,False,True
2020_17_RIC_s1,2020_17,RIC,Renault,1,HARD,HARDEST,True,1.0,39.0,39.0,True,False,True,True
2020_17_RIC_s2,2020_17,RIC,Renault,2,MEDIUM,MIDDLE,True,40.0,55.0,16.0,False,True,False,False
2020_17_RUS_s1,2020_17,RUS,Williams,1,MEDIUM,MIDDLE,True,1.0,10.0,10.0,True,False,True,True
2020_17_RUS_s2,2020_17,RUS,Williams,2,HARD,HARDEST,True,11.0,54.0,44.0,False,True,False,True
2020_17_SAI_s1,2020_17,SAI,McLaren,1,MEDIUM,MIDDLE,False,1.0,10.0,10.0,True,False,True,True
2020_17_SAI_s2,2020_17,SAI,McLaren,2,HARD,HARDEST,True,11.0,55.0,45.0,False,True,False,True
2020_17_STR_s1,2020_17,STR,Racing Point,1,SOFT,SOFTEST,False,1.0,10.0,10.0,True,False,True,True
2020_17_STR_s2,2020_17,STR,Racing Point,2,HARD,HARDEST,True,11.0,55.0,45.0,False,True,False,True
2020_17_VER_s1,2020_17,VER,Red Bull Racing,1,MEDIUM,MIDDLE,False,1.0,10.0,10.0,True,False,True,True
2020_17_VER_s2,2020_17,VER,Red Bull Racing,2,HARD,HARDEST,True,11.0,55.0,45.0,False,True,False,True
2020_17_VET_s1,2020_17,VET,Ferrari,1,HARD,HARDEST,True,1.0,35.0,35.0,True,False,True,True
2020_17_VET_s2,2020_17,VET,Ferrari,2,MEDIUM,MIDDLE,True,36.0,54.0,19.0,False,True,False,False
2021_01_ALO_s1,2021_01,ALO,Alpine,1,SOFT,SOFTEST,False,1.0,11.0,11.0,True,False,True,True
2021_01_ALO_s2,2021_01,ALO,Alpine,2,MEDIUM,MIDDLE,True,12.0,29.0,18.0,True,False,True,False
2021_01_ALO_s3,2021_01,ALO,Alpine,3,HARD,HARDEST,True,30.0,32.0,3.0,True,False,True,False
2021_01_BOT_s1,2021_01,BOT,Mercedes,1,MEDIUM,MIDDLE,False,1.0,16.0,16.0,True,False,True,True
2021_01_BOT_s2,2021_01,BOT,Mercedes,2,HARD,HARDEST,True,17.0,30.0,14.0,True,False,True,False
2021_01_BOT_s3,2021_01,BOT,Mercedes,3,HARD,HARDEST,True,31.0,54.0,24.0,True,False,True,True
2021_01_BOT_s4,2021_01,BOT,Mercedes,4,MEDIUM,MIDDLE,False,55.0,56.0,2.0,False,True,False,False
2021_01_GAS_s1,2021_01,GAS,AlphaTauri,1,MEDIUM,MIDDLE,False,1.0,4.0,4.0,True,False,True,True
2021_01_GAS_s2,2021_01,GAS,AlphaTauri,2,HARD,HARDEST,True,5.0,19.0,15.0,True,False,True,True
2021_01_GAS_s3,2021_01,GAS,AlphaTauri,3,MEDIUM,MIDDLE,False,20.0,39.0,20.0,True,False,True,False
2021_01_GAS_s4,2021_01,GAS,AlphaTauri,4,HARD,HARDEST,True,40.0,52.0,13.0,True,False,True,True
2021_01_GIO_s1,2021_01,GIO,Alfa Romeo Racing,1,MEDIUM,MIDDLE,True,1.0,12.0,12.0,True,False,True,True
2021_01_GIO_s2,2021_01,GIO,Alfa Romeo Racing,2,HARD,HARDEST,True,13.0,30.0,18.0,True,False,True,False
2021_01_GIO_s3,2021_01,GIO,Alfa Romeo Racing,3,MEDIUM,MIDDLE,True,31.0,55.0,25.0,False,True,False,True
2021_01_HAM_s1,2021_01,HAM,Mercedes,1,MEDIUM,MIDDLE,False,1.0,13.0,13.0,True,False,True,True
2021_01_HAM_s2,2021_01,HAM,Mercedes,2,HARD,HARDEST,True,14.0,28.0,15.0,True,False,True,False
2021_01_HAM_s3,2021_01,HAM,Mercedes,3,HARD,HARDEST,True,29.0,56.0,28.0,False,True,False,True
2021_01_LAT_s1,2021_01,LAT,Williams,1,SOFT,SOFTEST,True,1.0,14.0,14.0,True,False,True,True
2021_01_LAT_s2,2021_01,LAT,Williams,2,MEDIUM,MIDDLE,True,15.0,32.0,18.0,True,False,True,False
2021_01_LAT_s3,2021_01,LAT,Williams,3,MEDIUM,MIDDLE,True,33.0,51.0,19.0,True,False,True,True
2021_01_LEC_s1,2021_01,LEC,Ferrari,1,SOFT,SOFTEST,False,1.0,12.0,12.0,True,False,True,True
2021_01_LEC_s2,2021_01,LEC,Ferrari,2,MEDIUM,MIDDLE,True,13.0,32.0,20.0,True,False,True,False
2021_01_LEC_s3,2021_01,LEC,Ferrari,3,HARD,HARDEST,True,33.0,56.0,24.0,False,True,False,True
2021_01_MAZ_s1,2021_01,MAZ,Haas F1 Team,1,MEDIUM,MIDDLE,True,1.0,1.0,1.0,False,False,False,True
2021_01_MSC_s1,2021_01,MSC,Haas F1 Team,1,MEDIUM,MIDDLE,True,1.0,14.0,14.0,True,False,True,True
2021_01_MSC_s2,2021_01,MSC,Haas F1 Team,2,MEDIUM,MIDDLE,True,15.0,33.0,19.0,True,False,True,False
2021_01_MSC_s3,2021_01,MSC,Haas F1 Team,3,HARD,HARDEST,True,34.0,55.0,22.0,False,True,False,True
2021_01_NOR_s1,2021_01,NOR,McLaren,1,SOFT,SOFTEST,False,1.0,12.0,12.0,True,False,True,True
2021_01_NOR_s2,2021_01,NOR,McLaren,2,MEDIUM,MIDDLE,True,13.0,33.0,21.0,True,False,True,False
2021_01_NOR_s3,2021_01,NOR,McLaren,3,HARD,HARDEST,True,34.0,56.0,23.0,False,True,False,True
2021_01_OCO_s1,2021_01,OCO,Alpine,1,SOFT,SOFTEST,True,1.0,13.0,13.0,True,False,True,True
2021_01_OCO_s2,2021_01,OCO,Alpine,2,MEDIUM,MIDDLE,True,14.0,31.0,18.0,True,False,True,False
2021_01_OCO_s3,2021_01,OCO,Alpine,3,HARD,HARDEST,True,32.0,55.0,24.0,False,True,False,True
2021_01_PER_s1,2021_01,PER,Red Bull Racing,1,MEDIUM,MIDDLE,False,1.0,2.0,2.0,True,False,True,True
2021_01_PER_s2,2021_01,PER,Red Bull Racing,2,MEDIUM,MIDDLE,False,3.0,19.0,17.0,True,False,True,True
2021_01_PER_s3,2021_01,PER,Red Bull Racing,3,HARD,HARDEST,True,20.0,38.0,19.0,True,False,True,False
2021_01_PER_s4,2021_01,PER,Red Bull Racing,4,MEDIUM,MIDDLE,False,39.0,56.0,18.0,False,True,False,True
2021_01_RAI_s1,2021_01,RAI,Alfa Romeo Racing,1,MEDIUM,MIDDLE,True,1.0,13.0,13.0,True,False,True,True
2021_01_RAI_s2,2021_01,RAI,Alfa Romeo Racing,2,HARD,HARDEST,True,14.0,29.0,16.0,True,False,True,False
2021_01_RAI_s3,2021_01,RAI,Alfa Romeo Racing,3,MEDIUM,MIDDLE,True,30.0,56.0,27.0,False,True,False,True
2021_01_RIC_s1,2021_01,RIC,McLaren,1,SOFT,SOFTEST,False,1.0,13.0,13.0,True,False,True,True
2021_01_RIC_s2,2021_01,RIC,McLaren,2,MEDIUM,MIDDLE,True,14.0,32.0,19.0,True,False,True,False
2021_01_RIC_s3,2021_01,RIC,McLaren,3,HARD,HARDEST,True,33.0,56.0,24.0,False,True,False,True
2021_01_RUS_s1,2021_01,RUS,Williams,1,SOFT,SOFTEST,True,1.0,13.0,13.0,True,False,True,True
2021_01_RUS_s2,2021_01,RUS,Williams,2,MEDIUM,MIDDLE,True,14.0,36.0,23.0,True,False,True,False
2021_01_RUS_s3,2021_01,RUS,Williams,3,MEDIUM,MIDDLE,True,37.0,55.0,19.0,False,True,False,True
2021_01_SAI_s1,2021_01,SAI,Ferrari,1,SOFT,SOFTEST,False,1.0,15.0,15.0,True,False,True,True
2021_01_SAI_s2,2021_01,SAI,Ferrari,2,MEDIUM,MIDDLE,True,16.0,37.0,22.0,True,False,True,False
2021_01_SAI_s3,2021_01,SAI,Ferrari,3,HARD,HARDEST,True,38.0,56.0,19.0,False,True,False,True
2021_01_STR_s1,2021_01,STR,Aston Martin,1,SOFT,SOFTEST,False,1.0,12.0,12.0,True,False,True,True
2021_01_STR_s2,2021_01,STR,Aston Martin,2,MEDIUM,MIDDLE,True,13.0,28.0,16.0,True,False,True,False
2021_01_STR_s3,2021_01,STR,Aston Martin,3,HARD,HARDEST,True,29.0,56.0,28.0,False,True,False,True
2021_01_TSU_s1,2021_01,TSU,AlphaTauri,1,MEDIUM,MIDDLE,False,1.0,15.0,15.0,True,False,True,True
2021_01_TSU_s2,2021_01,TSU,AlphaTauri,2,HARD,HARDEST,True,16.0,33.0,18.0,True,False,True,False
2021_01_TSU_s3,2021_01,TSU,AlphaTauri,3,HARD,HARDEST,True,34.0,56.0,23.0,False,True,False,True
2021_01_VER_s1,2021_01,VER,Red Bull Racing,1,MEDIUM,MIDDLE,False,1.0,17.0,17.0,True,False,True,True
2021_01_VER_s2,2021_01,VER,Red Bull Racing,2,MEDIUM,MIDDLE,True,18.0,39.0,22.0,True,False,True,False
2021_01_VER_s3,2021_01,VER,Red Bull Racing,3,HARD,HARDEST,True,40.0,56.0,17.0,False,True,False,True
2021_01_VET_s1,2021_01,VET,Aston Martin,1,MEDIUM,MIDDLE,True,1.0,24.0,24.0,True,False,True,True
2021_01_VET_s2,2021_01,VET,Aston Martin,2,HARD,HARDEST,True,25.0,55.0,31.0,False,True,False,True
2021_02_ALO_s1,2021_02,ALO,Alpine,1,WET,WET,True,1.0,28.0,28.0,True,False,True,True
2021_02_ALO_s2,2021_02,ALO,Alpine,2,MEDIUM,MIDDLE,True,29.0,32.0,4.0,True,False,True,True
2021_02_ALO_s3,2021_02,ALO,Alpine,3,MEDIUM,MIDDLE,False,33.0,33.0,1.0,True,False,True,True
2021_02_ALO_s4,2021_02,ALO,Alpine,4,MEDIUM,MIDDLE,False,34.0,63.0,30.0,False,True,False,True
2021_02_BOT_s1,2021_02,BOT,Mercedes,1,WET,WET,True,1.0,28.0,28.0,True,False,True,True
2021_02_BOT_s2,2021_02,BOT,Mercedes,2,MEDIUM,MIDDLE,False,29.0,31.0,3.0,False,False,False,True
2021_02_GAS_s1,2021_02,GAS,AlphaTauri,1,WET,WET,True,1.0,14.0,14.0,True,False,True,True
2021_02_GAS_s2,2021_02,GAS,AlphaTauri,2,WET,WET,True,15.0,26.0,12.0,True,False,True,False
2021_02_GAS_s3,2021_02,GAS,AlphaTauri,3,MEDIUM,MIDDLE,True,27.0,32.0,6.0,True,False,True,True
2021_02_GAS_s4,2021_02,GAS,AlphaTauri,4,MEDIUM,MIDDLE,False,33.0,33.0,1.0,True,False,True,True
2021_02_GAS_s5,2021_02,GAS,AlphaTauri,5,MEDIUM,MIDDLE,False,34.0,63.0,30.0,False,True,False,True
2021_02_GIO_s1,2021_02,GIO,Alfa Romeo Racing,1,WET,WET,True,1.0,27.0,27.0,True,False,True,True
2021_02_GIO_s2,2021_02,GIO,Alfa Romeo Racing,2,MEDIUM,MIDDLE,True,28.0,32.0,5.0,True,False,True,True
2021_02_GIO_s3,2021_02,GIO,Alfa Romeo Racing,3,MEDIUM,MIDDLE,False,33.0,33.0,1.0,True,False,True,True
2021_02_GIO_s4,2021_02,GIO,Alfa Romeo Racing,4,MEDIUM,MIDDLE,False,34.0,40.0,7.0,True,False,True,True
2021_02_GIO_s5,2021_02,GIO,Alfa Romeo Racing,5,MEDIUM,MIDDLE,False,41.0,62.0,22.0,False,True,False,True
2021_02_HAM_s1,2021_02,HAM,Mercedes,1,WET,WET,True,1.0,28.0,28.0,True,False,True,True
2021_02_HAM_s2,2021_02,HAM,Mercedes,2,MEDIUM,MIDDLE,False,29.0,31.0,3.0,True,False,True,True
2021_02_HAM_s3,2021_02,HAM,Mercedes,3,MEDIUM,MIDDLE,True,32.0,32.0,1.0,True,False,True,True
2021_02_HAM_s4,2021_02,HAM,Mercedes,4,MEDIUM,MIDDLE,False,33.0,33.0,1.0,True,False,True,True
2021_02_HAM_s5,2021_02,HAM,Mercedes,5,MEDIUM,MIDDLE,False,34.0,63.0,30.0,False,True,False,True
2021_02_LAT_s1,2021_02,LAT,Williams,1,WET,WET,True,1.0,1.0,1.0,False,False,False,True
2021_02_LEC_s1,2021_02,LEC,Ferrari,1,WET,WET,True,1.0,28.0,28.0,True,False,True,True
2021_02_LEC_s2,2021_02,LEC,Ferrari,2,MEDIUM,MIDDLE,True,29.0,33.0,5.0,True,False,True,True
2021_02_LEC_s3,2021_02,LEC,Ferrari,3,MEDIUM,MIDDLE,False,34.0,63.0,30.0,False,True,False,True
2021_02_MAZ_s1,2021_02,MAZ,Haas F1 Team,1,WET,WET,True,1.0,12.0,12.0,True,False,True,True
2021_02_MAZ_s2,2021_02,MAZ,Haas F1 Team,2,WET,WET,True,13.0,23.0,11.0,True,False,True,False
2021_02_MAZ_s3,2021_02,MAZ,Haas F1 Team,3,SOFT,SOFTEST,False,24.0,31.0,8.0,True,False,True,True
2021_02_MAZ_s4,2021_02,MAZ,Haas F1 Team,4,MEDIUM,MIDDLE,True,32.0,32.0,1.0,True,False,True,True
2021_02_MAZ_s5,2021_02,MAZ,Haas F1 Team,5,MEDIUM,MIDDLE,False,33.0,61.0,29.0,False,False,False,True
2021_02_MSC_s1,2021_02,MSC,Haas F1 Team,1,WET,WET,True,1.0,5.0,5.0,True,False,True,True
2021_02_MSC_s2,2021_02,MSC,Haas F1 Team,2,WET,WET,True,6.0,21.0,16.0,True,False,True,True
2021_02_MSC_s3,2021_02,MSC,Haas F1 Team,3,SOFT,SOFTEST,False,22.0,31.0,10.0,True,False,True,True
2021_02_MSC_s4,2021_02,MSC,Haas F1 Team,4,MEDIUM,MIDDLE,True,32.0,32.0,1.0,True,False,True,True
2021_02_MSC_s5,2021_02,MSC,Haas F1 Team,5,MEDIUM,MIDDLE,False,33.0,61.0,29.0,False,False,False,True
2021_02_NOR_s1,2021_02,NOR,McLaren,1,WET,WET,True,1.0,28.0,28.0,True,False,True,True
2021_02_NOR_s2,2021_02,NOR,McLaren,2,MEDIUM,MIDDLE,True,29.0,33.0,5.0,True,False,True,True
2021_02_NOR_s3,2021_02,NOR,McLaren,3,SOFT,SOFTEST,False,34.0,63.0,30.0,False,True,False,True
2021_02_OCO_s1,2021_02,OCO,Alpine,1,WET,WET,True,1.0,1.0,1.0,True,False,True,True
2021_02_OCO_s2,2021_02,OCO,Alpine,2,WET,WET,True,2.0,27.0,26.0,True,False,True,True
2021_02_OCO_s3,2021_02,OCO,Alpine,3,MEDIUM,MIDDLE,True,28.0,31.0,4.0,True,False,True,True
2021_02_OCO_s4,2021_02,OCO,Alpine,4,SOFT,SOFTEST,False,32.0,32.0,1.0,True,False,True,True
2021_02_OCO_s5,2021_02,OCO,Alpine,5,MEDIUM,MIDDLE,False,33.0,33.0,1.0,True,False,True,True
2021_02_OCO_s6,2021_02,OCO,Alpine,6,MEDIUM,MIDDLE,False,34.0,63.0,30.0,False,True,False,True
2021_02_PER_s1,2021_02,PER,Red Bull Racing,1,WET,WET,True,1.0,28.0,28.0,True,False,True,True
2021_02_PER_s2,2021_02,PER,Red Bull Racing,2,MEDIUM,MIDDLE,True,29.0,33.0,5.0,True,False,True,True
2021_02_PER_s3,2021_02,PER,Red Bull Racing,3,SOFT,SOFTEST,False,34.0,63.0,30.0,False,True,False,True
2021_02_RAI_s1,2021_02,RAI,Alfa Romeo Racing,1,WET,WET,True,1.0,26.0,26.0,True,False,True,True
2021_02_RAI_s2,2021_02,RAI,Alfa Romeo Racing,2,MEDIUM,MIDDLE,True,27.0,32.0,6.0,True,False,True,True
2021_02_RAI_s3,2021_02,RAI,Alfa Romeo Racing,3,MEDIUM,MIDDLE,False,33.0,33.0,1.0,True,False,True,True
2021_02_RAI_s4,2021_02,RAI,Alfa Romeo Racing,4,MEDIUM,MIDDLE,False,34.0,63.0,30.0,False,True,False,True
2021_02_RIC_s1,2021_02,RIC,McLaren,1,WET,WET,True,1.0,27.0,27.0,True,False,True,True
2021_02_RIC_s2,2021_02,RIC,McLaren,2,MEDIUM,MIDDLE,True,28.0,33.0,6.0,True,False,True,True
2021_02_RIC_s3,2021_02,RIC,McLaren,3,SOFT,SOFTEST,False,34.0,63.0,30.0,False,True,False,True
2021_02_RUS_s1,2021_02,RUS,Williams,1,WET,WET,True,1.0,26.0,26.0,True,False,True,True
2021_02_RUS_s2,2021_02,RUS,Williams,2,MEDIUM,MIDDLE,True,27.0,31.0,5.0,False,False,False,True
2021_02_SAI_s1,2021_02,SAI,Ferrari,1,WET,WET,True,1.0,27.0,27.0,True,False,True,True
2021_02_SAI_s2,2021_02,SAI,Ferrari,2,MEDIUM,MIDDLE,True,28.0,33.0,6.0,True,False,True,True
2021_02_SAI_s3,2021_02,SAI,Ferrari,3,MEDIUM,MIDDLE,False,34.0,63.0,30.0,False,True,False,True
2021_02_STR_s1,2021_02,STR,Aston Martin,1,WET,WET,True,1.0,27.0,27.0,True,False,True,True
2021_02_STR_s2,2021_02,STR,Aston Martin,2,MEDIUM,MIDDLE,True,28.0,32.0,5.0,True,False,True,True
2021_02_STR_s3,2021_02,STR,Aston Martin,3,MEDIUM,MIDDLE,False,33.0,33.0,1.0,True,False,True,True
2021_02_STR_s4,2021_02,STR,Aston Martin,4,MEDIUM,MIDDLE,False,34.0,63.0,30.0,False,True,False,True
2021_02_TSU_s1,2021_02,TSU,AlphaTauri,1,WET,WET,True,1.0,25.0,25.0,True,False,True,True
2021_02_TSU_s2,2021_02,TSU,AlphaTauri,2,MEDIUM,MIDDLE,True,26.0,32.0,7.0,True,False,True,True
2021_02_TSU_s3,2021_02,TSU,AlphaTauri,3,SOFT,SOFTEST,True,33.0,33.0,1.0,True,False,True,True
2021_02_TSU_s4,2021_02,TSU,AlphaTauri,4,SOFT,SOFTEST,False,34.0,63.0,30.0,False,True,False,True
2021_02_VER_s1,2021_02,VER,Red Bull Racing,1,WET,WET,True,1.0,27.0,27.0,True,False,True,True
2021_02_VER_s2,2021_02,VER,Red Bull Racing,2,MEDIUM,MIDDLE,True,28.0,33.0,6.0,True,False,True,True
2021_02_VER_s3,2021_02,VER,Red Bull Racing,3,MEDIUM,MIDDLE,False,34.0,63.0,30.0,False,True,False,True
2021_02_VET_s1,2021_02,VET,Aston Martin,1,WET,WET,True,1.0,3.0,3.0,True,False,True,True
2021_02_VET_s2,2021_02,VET,Aston Martin,2,WET,WET,True,4.0,20.0,17.0,True,False,True,True
2021_02_VET_s3,2021_02,VET,Aston Martin,3,MEDIUM,MIDDLE,True,21.0,22.0,2.0,True,False,True,False
2021_02_VET_s4,2021_02,VET,Aston Martin,4,MEDIUM,MIDDLE,False,23.0,32.0,10.0,True,False,True,True
2021_02_VET_s5,2021_02,VET,Aston Martin,5,SOFT,SOFTEST,True,33.0,33.0,1.0,True,False,True,True
2021_02_VET_s6,2021_02,VET,Aston Martin,6,SOFT,SOFTEST,False,34.0,61.0,28.0,True,False,True,True
2021_03_ALO_s1,2021_03,ALO,Alpine,1,MEDIUM,MIDDLE,True,1.0,2.0,2.0,True,False,True,True
2021_03_ALO_s2,2021_03,ALO,Alpine,2,MEDIUM,MIDDLE,False,3.0,3.0,1.0,True,False,True,True
2021_03_ALO_s3,2021_03,ALO,Alpine,3,MEDIUM,MIDDLE,False,4.0,40.0,37.0,True,False,True,True
2021_03_ALO_s4,2021_03,ALO,Alpine,4,HARD,HARDEST,True,41.0,66.0,26.0,False,True,False,False
2021_03_BOT_s1,2021_03,BOT,Mercedes,1,MEDIUM,MIDDLE,False,1.0,2.0,2.0,True,False,True,True
2021_03_BOT_s2,2021_03,BOT,Mercedes,2,MEDIUM,MIDDLE,False,3.0,3.0,1.0,True,False,True,True
2021_03_BOT_s3,2021_03,BOT,Mercedes,3,MEDIUM,MIDDLE,False,4.0,36.0,33.0,True,False,True,True
2021_03_BOT_s4,2021_03,BOT,Mercedes,4,HARD,HARDEST,False,37.0,63.0,27.0,True,False,True,False
2021_03_BOT_s5,2021_03,BOT,Mercedes,5,SOFT,SOFTEST,True,64.0,66.0,3.0,False,True,False,False
2021_03_GAS_s1,2021_03,GAS,AlphaTauri,1,SOFT,SOFTEST,False,1.0,2.0,2.0,True,False,True,True
2021_03_GAS_s2,2021_03,GAS,AlphaTauri,2,SOFT,SOFTEST,False,3.0,3.0,1.0,True,False,True,True
2021_03_GAS_s3,2021_03,GAS,AlphaTauri,3,SOFT,SOFTEST,False,4.0,24.0,21.0,True,False,True,True
2021_03_GAS_s4,2021_03,GAS,AlphaTauri,4,MEDIUM,MIDDLE,True,25.0,66.0,42.0,False,True,False,False
2021_03_GIO_s1,2021_03,GIO,Alfa Romeo Racing,1,MEDIUM,MIDDLE,True,1.0,2.0,2.0,True,False,True,True
2021_03_GIO_s2,2021_03,GIO,Alfa Romeo Racing,2,MEDIUM,MIDDLE,False,3.0,3.0,1.0,True,False,True,True
2021_03_GIO_s3,2021_03,GIO,Alfa Romeo Racing,3,MEDIUM,MIDDLE,False,4.0,22.0,19.0,True,False,True,True
2021_03_GIO_s4,2021_03,GIO,Alfa Romeo Racing,4,HARD,HARDEST,True,23.0,65.0,43.0,False,True,False,False
2021_03_HAM_s1,2021_03,HAM,Mercedes,1,MEDIUM,MIDDLE,False,1.0,2.0,2.0,True,False,True,True
2021_03_HAM_s2,2021_03,HAM,Mercedes,2,MEDIUM,MIDDLE,False,3.0,3.0,1.0,True,False,True,True
2021_03_HAM_s3,2021_03,HAM,Mercedes,3,MEDIUM,MIDDLE,False,4.0,37.0,34.0,True,False,True,True
2021_03_HAM_s4,2021_03,HAM,Mercedes,4,HARD,HARDEST,False,38.0,66.0,29.0,False,True,False,False
2021_03_LAT_s1,2021_03,LAT,Williams,1,MEDIUM,MIDDLE,True,1.0,2.0,2.0,True,False,True,True
2021_03_LAT_s2,2021_03,LAT,Williams,2,MEDIUM,MIDDLE,False,3.0,3.0,1.0,True,False,True,True
2021_03_LAT_s3,2021_03,LAT,Williams,3,MEDIUM,MIDDLE,False,4.0,24.0,21.0,True,False,True,True
2021_03_LAT_s4,2021_03,LAT,Williams,4,HARD,HARDEST,True,25.0,64.0,40.0,False,False,False,False
2021_03_LEC_s1,2021_03,LEC,Ferrari,1,MEDIUM,MIDDLE,False,1.0,2.0,2.0,True,False,True,True
2021_03_LEC_s2,2021_03,LEC,Ferrari,2,MEDIUM,MIDDLE,False,3.0,3.0,1.0,True,False,True,True
2021_03_LEC_s3,2021_03,LEC,Ferrari,3,MEDIUM,MIDDLE,False,4.0,25.0,22.0,True,False,True,True
2021_03_LEC_s4,2021_03,LEC,Ferrari,4,HARD,HARDEST,True,26.0,66.0,41.0,False,True,False,False
2021_03_MAZ_s1,2021_03,MAZ,Haas F1 Team,1,MEDIUM,MIDDLE,True,1.0,2.0,2.0,True,False,True,True
2021_03_MAZ_s2,2021_03,MAZ,Haas F1 Team,2,MEDIUM,MIDDLE,False,3.0,3.0,1.0,True,False,True,True
2021_03_MAZ_s3,2021_03,MAZ,Haas F1 Team,3,MEDIUM,MIDDLE,False,4.0,31.0,28.0,True,False,True,True
2021_03_MAZ_s4,2021_03,MAZ,Haas F1 Team,4,HARD,HARDEST,True,32.0,43.0,12.0,True,False,True,False
2021_03_MAZ_s5,2021_03,MAZ,Haas F1 Team,5,SOFT,SOFTEST,True,44.0,64.0,21.0,False,False,False,False
2021_03_MSC_s1,2021_03,MSC,Haas F1 Team,1,MEDIUM,MIDDLE,True,1.0,2.0,2.0,True,False,True,True
2021_03_MSC_s2,2021_03,MSC,Haas F1 Team,2,MEDIUM,MIDDLE,False,3.0,3.0,1.0,True,False,True,True
2021_03_MSC_s3,2021_03,MSC,Haas F1 Team,3,MEDIUM,MIDDLE,False,4.0,32.0,29.0,True,False,True,True
2021_03_MSC_s4,2021_03,MSC,Haas F1 Team,4,HARD,HARDEST,True,33.0,64.0,32.0,False,False,False,False
2021_03_NOR_s1,2021_03,NOR,McLaren,1,SOFT,SOFTEST,False,1.0,2.0,2.0,True,False,True,True
2021_03_NOR_s2,2021_03,NOR,McLaren,2,SOFT,SOFTEST,False,3.0,3.0,1.0,True,False,True,True
2021_03_NOR_s3,2021_03,NOR,McLaren,3,SOFT,SOFTEST,False,4.0,22.0,19.0,True,False,True,True
2021_03_NOR_s4,2021_03,NOR,McLaren,4,MEDIUM,MIDDLE,True,23.0,66.0,44.0,False,True,False,False
2021_03_OCO_s1,2021_03,OCO,Alpine,1,SOFT,SOFTEST,False,1.0,2.0,2.0,True,False,True,True
2021_03_OCO_s2,2021_03,OCO,Alpine,2,SOFT,SOFTEST,False,3.0,3.0,1.0,True,False,True,True
2021_03_OCO_s3,2021_03,OCO,Alpine,3,SOFT,SOFTEST,False,4.0,22.0,19.0,True,False,True,True
2021_03_OCO_s4,2021_03,OCO,Alpine,4,HARD,HARDEST,True,23.0,66.0,44.0,False,True,False,False
2021_03_PER_s1,2021_03,PER,Red Bull Racing,1,MEDIUM,MIDDLE,False,1.0,2.0,2.0,True,False,True,True
2021_03_PER_s2,2021_03,PER,Red Bull Racing,2,MEDIUM,MIDDLE,False,3.0,3.0,1.0,True,False,True,True
2021_03_PER_s3,2021_03,PER,Red Bull Racing,3,MEDIUM,MIDDLE,False,4.0,51.0,48.0,True,False,True,True
2021_03_PER_s4,2021_03,PER,Red Bull Racing,4,SOFT,SOFTEST,False,52.0,66.0,15.0,False,True,False,False
2021_03_RAI_s1,2021_03,RAI,Alfa Romeo Racing,1,SOFT,SOFTEST,True,1.0,2.0,2.0,False,False,False,True
2021_03_RIC_s1,2021_03,RIC,McLaren,1,MEDIUM,MIDDLE,True,1.0,2.0,2.0,True,False,True,True
2021_03_RIC_s2,2021_03,RIC,McLaren,2,MEDIUM,MIDDLE,False,3.0,3.0,1.0,True,False,True,True
2021_03_RIC_s3,2021_03,RIC,McLaren,3,MEDIUM,MIDDLE,False,4.0,41.0,38.0,True,False,True,True
2021_03_RIC_s4,2021_03,RIC,McLaren,4,HARD,HARDEST,True,42.0,66.0,25.0,False,True,False,False
2021_03_RUS_s1,2021_03,RUS,Williams,1,MEDIUM,MIDDLE,True,1.0,2.0,2.0,True,False,True,True
2021_03_RUS_s2,2021_03,RUS,Williams,2,MEDIUM,MIDDLE,False,3.0,3.0,1.0,True,False,True,True
2021_03_RUS_s3,2021_03,RUS,Williams,3,MEDIUM,MIDDLE,False,4.0,28.0,25.0,True,False,True,True
2021_03_RUS_s4,2021_03,RUS,Williams,4,HARD,HARDEST,True,29.0,65.0,37.0,False,True,False,False
2021_03_SAI_s1,2021_03,SAI,Ferrari,1,SOFT,SOFTEST,False,1.0,2.0,2.0,True,False,True,True
2021_03_SAI_s2,2021_03,SAI,Ferrari,2,SOFT,SOFTEST,False,3.0,3.0,1.0,True,False,True,True
2021_03_SAI_s3,2021_03,SAI,Ferrari,3,SOFT,SOFTEST,False,4.0,21.0,18.0,True,False,True,True
2021_03_SAI_s4,2021_03,SAI,Ferrari,4,MEDIUM,MIDDLE,True,22.0,66.0,45.0,False,True,False,False
2021_03_STR_s1,2021_03,STR,Aston Martin,1,SOFT,SOFTEST,True,1.0,2.0,2.0,True,False,True,True
2021_03_STR_s2,2021_03,STR,Aston Martin,2,SOFT,SOFTEST,False,3.0,3.0,1.0,True,False,True,True
2021_03_STR_s3,2021_03,STR,Aston Martin,3,SOFT,SOFTEST,False,4.0,39.0,36.0,True,False,True,True
2021_03_STR_s4,2021_03,STR,Aston Martin,4,MEDIUM,MIDDLE,True,40.0,65.0,26.0,False,True,False,False
2021_03_TSU_s1,2021_03,TSU,AlphaTauri,1,MEDIUM,MIDDLE,True,1.0,2.0,2.0,True,False,True,True
2021_03_TSU_s2,2021_03,TSU,AlphaTauri,2,MEDIUM,MIDDLE,False,3.0,3.0,1.0,True,False,True,True
2021_03_TSU_s3,2021_03,TSU,AlphaTauri,3,MEDIUM,MIDDLE,False,4.0,21.0,18.0,True,False,True,True
2021_03_TSU_s4,2021_03,TSU,AlphaTauri,4,HARD,HARDEST,True,22.0,65.0,44.0,False,True,False,False
2021_03_VER_s1,2021_03,VER,Red Bull Racing,1,MEDIUM,MIDDLE,False,1.0,2.0,2.0,True,False,True,True
2021_03_VER_s2,2021_03,VER,Red Bull Racing,2,MEDIUM,MIDDLE,False,3.0,3.0,1.0,True,False,True,True
2021_03_VER_s3,2021_03,VER,Red Bull Racing,3,MEDIUM,MIDDLE,False,4.0,35.0,32.0,True,False,True,True
2021_03_VER_s4,2021_03,VER,Red Bull Racing,4,HARD,HARDEST,True,36.0,64.0,29.0,True,False,True,False
2021_03_VER_s5,2021_03,VER,Red Bull Racing,5,SOFT,SOFTEST,False,65.0,66.0,2.0,False,True,False,False
2021_03_VET_s1,2021_03,VET,Aston Martin,1,SOFT,SOFTEST,False,1.0,2.0,2.0,True,False,True,True
2021_03_VET_s2,2021_03,VET,Aston Martin,2,SOFT,SOFTEST,False,3.0,3.0,1.0,True,False,True,True
2021_03_VET_s3,2021_03,VET,Aston Martin,3,SOFT,SOFTEST,False,4.0,22.0,19.0,True,False,True,True
2021_03_VET_s4,2021_03,VET,Aston Martin,4,MEDIUM,MIDDLE,False,23.0,65.0,43.0,False,True,False,False
2021_04_ALO_s1,2021_04,ALO,Alpine,1,SOFT,SOFTEST,False,1.0,21.0,21.0,True,False,True,True
2021_04_ALO_s2,2021_04,ALO,Alpine,2,MEDIUM,MIDDLE,True,22.0,61.0,40.0,True,False,True,False
2021_04_ALO_s3,2021_04,ALO,Alpine,3,SOFT,SOFTEST,False,62.0,65.0,4.0,False,True,False,False
2021_04_BOT_s1,2021_04,BOT,Mercedes,1,SOFT,SOFTEST,False,1.0,23.0,23.0,True,False,True,True
2021_04_BOT_s2,2021_04,BOT,Mercedes,2,MEDIUM,MIDDLE,True,24.0,53.0,30.0,True,False,True,False
2021_04_BOT_s3,2021_04,BOT,Mercedes,3,SOFT,SOFTEST,False,54.0,66.0,13.0,False,True,False,False
2021_04_GAS_s1,2021_04,GAS,AlphaTauri,1,SOFT,SOFTEST,True,1.0,18.0,18.0,True,False,True,True
2021_04_GAS_s2,2021_04,GAS,AlphaTauri,2,MEDIUM,MIDDLE,True,19.0,47.0,29.0,True,False,True,False
2021_04_GAS_s3,2021_04,GAS,AlphaTauri,3,SOFT,SOFTEST,True,48.0,65.0,18.0,False,True,False,False
2021_04_GIO_s1,2021_04,GIO,Alfa Romeo Racing,1,SOFT,SOFTEST,True,1.0,8.0,8.0,True,False,True,True
2021_04_GIO_s2,2021_04,GIO,Alfa Romeo Racing,2,MEDIUM,MIDDLE,False,9.0,39.0,31.0,True,False,True,True
2021_04_GIO_s3,2021_04,GIO,Alfa Romeo Racing,3,SOFT,SOFTEST,False,40.0,65.0,26.0,False,True,False,False
2021_04_HAM_s1,2021_04,HAM,Mercedes,1,SOFT,SOFTEST,False,1.0,28.0,28.0,True,False,True,True
2021_04_HAM_s2,2021_04,HAM,Mercedes,2,MEDIUM,MIDDLE,True,29.0,42.0,14.0,True,False,True,False
2021_04_HAM_s3,2021_04,HAM,Mercedes,3,MEDIUM,MIDDLE,False,43.0,66.0,24.0,False,True,False,False
2021_04_LAT_s1,2021_04,LAT,Williams,1,SOFT,SOFTEST,True,1.0,9.0,9.0,True,False,True,True
2021_04_LAT_s2,2021_04,LAT,Williams,2,MEDIUM,MIDDLE,True,10.0,27.0,18.0,True,False,True,True
2021_04_LAT_s3,2021_04,LAT,Williams,3,MEDIUM,MIDDLE,True,28.0,50.0,23.0,True,False,True,False
2021_04_LAT_s4,2021_04,LAT,Williams,4,SOFT,SOFTEST,False,51.0,65.0,15.0,False,True,False,False
2021_04_LEC_s1,2021_04,LEC,Ferrari,1,SOFT,SOFTEST,False,1.0,28.0,28.0,True,False,True,True
2021_04_LEC_s2,2021_04,LEC,Ferrari,2,MEDIUM,MIDDLE,True,29.0,58.0,30.0,True,False,True,False
2021_04_LEC_s3,2021_04,LEC,Ferrari,3,SOFT,SOFTEST,False,59.0,66.0,8.0,False,True,False,False
2021_04_MAZ_s1,2021_04,MAZ,Haas F1 Team,1,SOFT,SOFTEST,True,1.0,22.0,22.0,True,False,True,True
2021_04_MAZ_s2,2021_04,MAZ,Haas F1 Team,2,MEDIUM,MIDDLE,True,23.0,42.0,20.0,True,False,True,False
2021_04_MAZ_s3,2021_04,MAZ,Haas F1 Team,3,MEDIUM,MIDDLE,True,43.0,64.0,22.0,False,False,False,False
2021_04_MSC_s1,2021_04,MSC,Haas F1 Team,1,SOFT,SOFTEST,True,1.0,23.0,23.0,True,False,True,True
2021_04_MSC_s2,2021_04,MSC,Haas F1 Team,2,MEDIUM,MIDDLE,True,24.0,50.0,27.0,True,False,True,False
2021_04_MSC_s3,2021_04,MSC,Haas F1 Team,3,MEDIUM,MIDDLE,True,51.0,64.0,14.0,False,False,False,False
2021_04_NOR_s1,2021_04,NOR,McLaren,1,SOFT,SOFTEST,False,1.0,23.0,23.0,True,False,True,True
2021_04_NOR_s2,2021_04,NOR,McLaren,2,MEDIUM,MIDDLE,True,24.0,51.0,28.0,True,False,True,False
2021_04_NOR_s3,2021_04,NOR,McLaren,3,SOFT,SOFTEST,False,52.0,65.0,14.0,False,True,False,False
2021_04_OCO_s1,2021_04,OCO,Alpine,1,SOFT,SOFTEST,False,1.0,23.0,23.0,True,False,True,True
2021_04_OCO_s2,2021_04,OCO,Alpine,2,MEDIUM,MIDDLE,True,24.0,65.0,42.0,False,True,False,False
2021_04_PER_s1,2021_04,PER,Red Bull Racing,1,SOFT,SOFTEST,False,1.0,27.0,27.0,True,False,True,True
2021_04_PER_s2,2021_04,PER,Red Bull Racing,2,MEDIUM,MIDDLE,True,28.0,57.0,30.0,True,False,True,False
2021_04_PER_s3,2021_04,PER,Red Bull Racing,3,SOFT,SOFTEST,False,58.0,66.0,9.0,False,True,False,False
2021_04_RAI_s1,2021_04,RAI,Alfa Romeo Racing,1,MEDIUM,MIDDLE,True,1.0,37.0,37.0,True,False,True,True
2021_04_RAI_s2,2021_04,RAI,Alfa Romeo Racing,2,SOFT,SOFTEST,True,38.0,65.0,28.0,False,True,False,False
2021_04_RIC_s1,2021_04,RIC,McLaren,1,SOFT,SOFTEST,False,1.0,25.0,25.0,True,False,True,True
2021_04_RIC_s2,2021_04,RIC,McLaren,2,MEDIUM,MIDDLE,True,26.0,46.0,21.0,True,False,True,False
2021_04_RIC_s3,2021_04,RIC,McLaren,3,SOFT,SOFTEST,False,47.0,66.0,20.0,False,True,False,False
2021_04_RUS_s1,2021_04,RUS,Williams,1,SOFT,SOFTEST,True,1.0,9.0,9.0,True,False,True,True
2021_04_RUS_s2,2021_04,RUS,Williams,2,MEDIUM,MIDDLE,True,10.0,28.0,19.0,True,False,True,True
2021_04_RUS_s3,2021_04,RUS,Williams,3,MEDIUM,MIDDLE,True,29.0,65.0,37.0,False,True,False,False
2021_04_SAI_s1,2021_04,SAI,Ferrari,1,SOFT,SOFTEST,False,1.0,22.0,22.0,True,False,True,True
2021_04_SAI_s2,2021_04,SAI,Ferrari,2,MEDIUM,MIDDLE,True,23.0,46.0,24.0,True,False,True,False
2021_04_SAI_s3,2021_04,SAI,Ferrari,3,SOFT,SOFTEST,False,47.0,66.0,20.0,False,True,False,False
2021_04_STR_s1,2021_04,STR,Aston Martin,1,SOFT,SOFTEST,True,1.0,22.0,22.0,True,False,True,True
2021_04_STR_s2,2021_04,STR,Aston Martin,2,MEDIUM,MIDDLE,True,23.0,39.0,17.0,True,False,True,False
2021_04_STR_s3,2021_04,STR,Aston Martin,3,SOFT,SOFTEST,False,40.0,65.0,26.0,False,True,False,False
2021_04_TSU_s1,2021_04,TSU,AlphaTauri,1,SOFT,SOFTEST,True,1.0,7.0,7.0,False,False,False,True
2021_04_VER_s1,2021_04,VER,Red Bull Racing,1,SOFT,SOFTEST,False,1.0,24.0,24.0,True,False,True,True
2021_04_VER_s2,2021_04,VER,Red Bull Racing,2,MEDIUM,MIDDLE,True,25.0,60.0,36.0,True,False,True,False
2021_04_VER_s3,2021_04,VER,Red Bull Racing,3,SOFT,SOFTEST,True,61.0,66.0,6.0,False,True,False,False
2021_04_VET_s1,2021_04,VET,Aston Martin,1,SOFT,SOFTEST,True,1.0,21.0,21.0,True,False,True,True
2021_04_VET_s2,2021_04,VET,Aston Martin,2,MEDIUM,MIDDLE,True,22.0,38.0,17.0,True,False,True,False
2021_04_VET_s3,2021_04,VET,Aston Martin,3,SOFT,SOFTEST,False,39.0,65.0,27.0,False,True,False,False
2021_05_ALO_s1,2021_05,ALO,Alpine,1,MEDIUM,MIDDLE,True,1.0,45.0,45.0,True,False,True,False
2021_05_ALO_s2,2021_05,ALO,Alpine,2,SOFT,SOFTEST,True,46.0,77.0,32.0,False,True,False,False
2021_05_BOT_s1,2021_05,BOT,Mercedes,1,SOFT,SOFTEST,False,1.0,30.0,30.0,True,False,True,False
2021_05_GAS_s1,2021_05,GAS,AlphaTauri,1,SOFT,SOFTEST,False,1.0,30.0,30.0,True,False,True,False
2021_05_GAS_s2,2021_05,GAS,AlphaTauri,2,HARD,HARDEST,True,31.0,78.0,48.0,False,True,False,False
2021_05_GIO_s1,2021_05,GIO,Alfa Romeo Racing,1,SOFT,SOFTEST,False,1.0,33.0,33.0,True,False,True,False
2021_05_GIO_s2,2021_05,GIO,Alfa Romeo Racing,2,HARD,HARDEST,True,34.0,77.0,44.0,False,True,False,False
2021_05_HAM_s1,2021_05,HAM,Mercedes,1,SOFT,SOFTEST,False,1.0,29.0,29.0,True,False,True,False
2021_05_HAM_s2,2021_05,HAM,Mercedes,2,HARD,HARDEST,True,30.0,67.0,38.0,True,False,True,False
2021_05_HAM_s3,2021_05,HAM,Mercedes,3,SOFT,SOFTEST,False,68.0,78.0,11.0,False,True,False,False
2021_05_LAT_s1,2021_05,LAT,Williams,1,MEDIUM,MIDDLE,True,1.0,43.0,43.0,True,False,True,False
2021_05_LAT_s2,2021_05,LAT,Williams,2,HARD,HARDEST,True,44.0,77.0,34.0,False,True,False,False
2021_05_MAZ_s1,2021_05,MAZ,Haas F1 Team,1,SOFT,SOFTEST,True,1.0,34.0,34.0,True,False,True,False
2021_05_MAZ_s2,2021_05,MAZ,Haas F1 Team,2,HARD,HARDEST,True,35.0,75.0,41.0,False,False,False,False
2021_05_MSC_s1,2021_05,MSC,Haas F1 Team,1,SOFT,SOFTEST,True,1.0,37.0,37.0,True,False,True,False
2021_05_MSC_s2,2021_05,MSC,Haas F1 Team,2,HARD,HARDEST,True,38.0,75.0,38.0,False,False,False,False
2021_05_NOR_s1,2021_05,NOR,McLaren,1,SOFT,SOFTEST,False,1.0,30.0,30.0,True,False,True,False
2021_05_NOR_s2,2021_05,NOR,McLaren,2,HARD,HARDEST,True,31.0,78.0,48.0,False,True,False,False
2021_05_OCO_s1,2021_05,OCO,Alpine,1,SOFT,SOFTEST,True,1.0,37.0,37.0,True,False,True,False
2021_05_OCO_s2,2021_05,OCO,Alpine,2,MEDIUM,MIDDLE,True,38.0,77.0,40.0,False,True,False,False
2021_05_PER_s1,2021_05,PER,Red Bull Racing,1,SOFT,SOFTEST,False,1.0,35.0,35.0,True,False,True,False
2021_05_PER_s2,2021_05,PER,Red Bull Racing,2,HARD,HARDEST,True,36.0,78.0,43.0,False,True,False,False
2021_05_RAI_s1,2021_05,RAI,Alfa Romeo Racing,1,MEDIUM,MIDDLE,True,1.0,43.0,43.0,True,False,True,False
2021_05_RAI_s2,2021_05,RAI,Alfa Romeo Racing,2,HARD,HARDEST,True,44.0,77.0,34.0,False,True,False,False
2021_05_RIC_s1,2021_05,RIC,McLaren,1,MEDIUM,MIDDLE,True,1.0,36.0,36.0,True,False,True,False
2021_05_RIC_s2,2021_05,RIC,McLaren,2,HARD,HARDEST,True,37.0,77.0,41.0,False,True,False,False
2021_05_RUS_s1,2021_05,RUS,Williams,1,MEDIUM,MIDDLE,True,1.0,31.0,31.0,True,False,True,False
2021_05_RUS_s2,2021_05,RUS,Williams,2,HARD,HARDEST,True,32.0,77.0,46.0,False,True,False,False
2021_05_SAI_s1,2021_05,SAI,Ferrari,1,SOFT,SOFTEST,False,1.0,32.0,32.0,True,False,True,False
2021_05_SAI_s2,2021_05,SAI,Ferrari,2,HARD,HARDEST,True,33.0,78.0,46.0,False,True,False,False
2021_05_STR_s1,2021_05,STR,Aston Martin,1,HARD,HARDEST,True,1.0,58.0,58.0,True,False,True,False
2021_05_STR_s2,2021_05,STR,Aston Martin,2,SOFT,SOFTEST,True,59.0,77.0,19.0,False,True,False,False
2021_05_TSU_s1,2021_05,TSU,AlphaTauri,1,HARD,HARDEST,True,1.0,64.0,64.0,True,False,True,False
2021_05_TSU_s2,2021_05,TSU,AlphaTauri,2,SOFT,SOFTEST,True,65.0,77.0,13.0,False,True,False,False
2021_05_VER_s1,2021_05,VER,Red Bull Racing,1,SOFT,SOFTEST,False,1.0,34.0,34.0,True,False,True,False
2021_05_VER_s2,2021_05,VER,Red Bull Racing,2,HARD,HARDEST,True,35.0,78.0,44.0,False,True,False,False
2021_05_VET_s1,2021_05,VET,Aston Martin,1,SOFT,SOFTEST,False,1.0,31.0,31.0,True,False,True,False
2021_05_VET_s2,2021_05,VET,Aston Martin,2,HARD,HARDEST,True,32.0,78.0,47.0,False,True,False,False
2021_06_ALO_s1,2021_06,ALO,Alpine,1,SOFT,SOFTEST,False,1.0,7.0,7.0,True,False,True,True
2021_06_ALO_s2,2021_06,ALO,Alpine,2,HARD,HARDEST,True,8.0,34.0,27.0,True,False,True,True
2021_06_ALO_s3,2021_06,ALO,Alpine,3,SOFT,SOFTEST,False,35.0,47.0,13.0,True,False,True,True
2021_06_ALO_s4,2021_06,ALO,Alpine,4,SOFT,SOFTEST,False,48.0,48.0,1.0,True,False,True,True
2021_06_ALO_s5,2021_06,ALO,Alpine,5,SOFT,SOFTEST,False,49.0,51.0,3.0,False,True,False,True
2021_06_BOT_s1,2021_06,BOT,Mercedes,1,SOFT,SOFTEST,False,1.0,11.0,11.0,True,False,True,True
2021_06_BOT_s2,2021_06,BOT,Mercedes,2,HARD,HARDEST,True,12.0,47.0,36.0,True,False,True,True
2021_06_BOT_s3,2021_06,BOT,Mercedes,3,SOFT,SOFTEST,False,48.0,48.0,1.0,True,False,True,True
2021_06_BOT_s4,2021_06,BOT,Mercedes,4,SOFT,SOFTEST,False,49.0,51.0,3.0,False,True,False,True
2021_06_GAS_s1,2021_06,GAS,AlphaTauri,1,SOFT,SOFTEST,False,1.0,11.0,11.0,True,False,True,True
2021_06_GAS_s2,2021_06,GAS,AlphaTauri,2,HARD,HARDEST,True,12.0,47.0,36.0,True,False,True,True
2021_06_GAS_s3,2021_06,GAS,AlphaTauri,3,HARD,HARDEST,False,48.0,48.0,1.0,True,False,True,True
2021_06_GAS_s4,2021_06,GAS,AlphaTauri,4,SOFT,SOFTEST,False,49.0,51.0,3.0,False,True,False,True
2021_06_GIO_s1,2021_06,GIO,Alfa Romeo Racing,1,SOFT,SOFTEST,True,1.0,2.0,2.0,True,False,True,False
2021_06_GIO_s2,2021_06,GIO,Alfa Romeo Racing,2,HARD,HARDEST,True,3.0,34.0,32.0,True,False,True,True
2021_06_GIO_s3,2021_06,GIO,Alfa Romeo Racing,3,HARD,HARDEST,True,35.0,47.0,13.0,True,False,True,True
2021_06_GIO_s4,2021_06,GIO,Alfa Romeo Racing,4,HARD,HARDEST,False,48.0,48.0,1.0,True,False,True,True
2021_06_GIO_s5,2021_06,GIO,Alfa Romeo Racing,5,SOFT,SOFTEST,True,49.0,51.0,3.0,False,True,False,True
2021_06_HAM_s1,2021_06,HAM,Mercedes,1,SOFT,SOFTEST,False,1.0,11.0,11.0,True,False,True,True
2021_06_HAM_s2,2021_06,HAM,Mercedes,2,HARD,HARDEST,True,12.0,47.0,36.0,True,False,True,True
2021_06_HAM_s3,2021_06,HAM,Mercedes,3,HARD,HARDEST,False,48.0,48.0,1.0,True,False,True,True
2021_06_HAM_s4,2021_06,HAM,Mercedes,4,SOFT,SOFTEST,False,49.0,51.0,3.0,False,True,False,True
2021_06_LAT_s1,2021_06,LAT,Williams,1,MEDIUM,MIDDLE,True,1.0,9.0,9.0,True,False,True,True
2021_06_LAT_s2,2021_06,LAT,Williams,2,HARD,HARDEST,True,10.0,48.0,39.0,True,False,True,True
2021_06_LAT_s3,2021_06,LAT,Williams,3,SOFT,SOFTEST,True,49.0,51.0,3.0,False,True,False,True
2021_06_LEC_s1,2021_06,LEC,Ferrari,1,SOFT,SOFTEST,False,1.0,9.0,9.0,True,False,True,True
2021_06_LEC_s2,2021_06,LEC,Ferrari,2,HARD,HARDEST,True,10.0,47.0,38.0,True,False,True,True
2021_06_LEC_s3,2021_06,LEC,Ferrari,3,HARD,HARDEST,False,48.0,48.0,1.0,True,False,True,True
2021_06_LEC_s4,2021_06,LEC,Ferrari,4,SOFT,SOFTEST,False,49.0,51.0,3.0,False,True,False,True
2021_06_MAZ_s1,2021_06,MAZ,Haas F1 Team,1,SOFT,SOFTEST,True,1.0,9.0,9.0,True,False,True,True
2021_06_MAZ_s2,2021_06,MAZ,Haas F1 Team,2,HARD,HARDEST,True,10.0,34.0,25.0,True,False,True,True
2021_06_MAZ_s3,2021_06,MAZ,Haas F1 Team,3,SOFT,SOFTEST,False,35.0,44.0,10.0,True,False,True,True
2021_06_MAZ_s4,2021_06,MAZ,Haas F1 Team,4,SOFT,SOFTEST,False,45.0,46.0,2.0,True,False,True,True
2021_06_MAZ_s5,2021_06,MAZ,Haas F1 Team,5,SOFT,SOFTEST,False,47.0,47.0,1.0,True,False,True,True
2021_06_MAZ_s6,2021_06,MAZ,Haas F1 Team,6,SOFT,SOFTEST,False,48.0,48.0,1.0,True,False,True,True
2021_06_MAZ_s7,2021_06,MAZ,Haas F1 Team,7,SOFT,SOFTEST,False,49.0,51.0,3.0,False,True,False,True
2021_06_MSC_s1,2021_06,MSC,Haas F1 Team,1,SOFT,SOFTEST,True,1.0,8.0,8.0,True,False,True,True
2021_06_MSC_s2,2021_06,MSC,Haas F1 Team,2,HARD,HARDEST,True,9.0,34.0,26.0,True,False,True,True
2021_06_MSC_s3,2021_06,MSC,Haas F1 Team,3,SOFT,SOFTEST,False,35.0,44.0,10.0,True,False,True,True
2021_06_MSC_s4,2021_06,MSC,Haas F1 Team,4,SOFT,SOFTEST,False,45.0,47.0,3.0,True,False,True,True
2021_06_MSC_s5,2021_06,MSC,Haas F1 Team,5,SOFT,SOFTEST,False,48.0,48.0,1.0,True,False,True,True
2021_06_MSC_s6,2021_06,MSC,Haas F1 Team,6,SOFT,SOFTEST,False,49.0,51.0,3.0,False,True,False,True
2021_06_NOR_s1,2021_06,NOR,McLaren,1,SOFT,SOFTEST,False,1.0,7.0,7.0,True,False,True,True
2021_06_NOR_s2,2021_06,NOR,McLaren,2,HARD,HARDEST,True,8.0,47.0,40.0,True,False,True,True
2021_06_NOR_s3,2021_06,NOR,McLaren,3,HARD,HARDEST,False,48.0,48.0,1.0,True,False,True,True
2021_06_NOR_s4,2021_06,NOR,McLaren,4,SOFT,SOFTEST,False,49.0,51.0,3.0,False,True,False,True
2021_06_OCO_s1,2021_06,OCO,Alpine,1,SOFT,SOFTEST,True,1.0,3.0,3.0,True,False,True,False
2021_06_PER_s1,2021_06,PER,Red Bull Racing,1,SOFT,SOFTEST,False,1.0,13.0,13.0,True,False,True,True
2021_06_PER_s2,2021_06,PER,Red Bull Racing,2,HARD,HARDEST,True,14.0,47.0,34.0,True,False,True,True
2021_06_PER_s3,2021_06,PER,Red Bull Racing,3,HARD,HARDEST,False,48.0,48.0,1.0,True,False,True,True
2021_06_PER_s4,2021_06,PER,Red Bull Racing,4,SOFT,SOFTEST,False,49.0,51.0,3.0,False,True,False,True
2021_06_RAI_s1,2021_06,RAI,Alfa Romeo Racing,1,MEDIUM,MIDDLE,True,1.0,13.0,13.0,True,False,True,True
2021_06_RAI_s2,2021_06,RAI,Alfa Romeo Racing,2,HARD,HARDEST,True,14.0,47.0,34.0,True,False,True,True
2021_06_RAI_s3,2021_06,RAI,Alfa Romeo Racing,3,HARD,HARDEST,False,48.0,48.0,1.0,True,False,True,True
2021_06_RAI_s4,2021_06,RAI,Alfa Romeo Racing,4,SOFT,SOFTEST,True,49.0,51.0,3.0,False,True,False,True
2021_06_RIC_s1,2021_06,RIC,McLaren,1,SOFT,SOFTEST,True,1.0,11.0,11.0,True,False,True,True
2021_06_RIC_s2,2021_06,RIC,McLaren,2,HARD,HARDEST,True,12.0,47.0,36.0,True,False,True,True
2021_06_RIC_s3,2021_06,RIC,McLaren,3,HARD,HARDEST,False,48.0,48.0,1.0,True,False,True,True
2021_06_RIC_s4,2021_06,RIC,McLaren,4,SOFT,SOFTEST,False,49.0,51.0,3.0,False,True,False,True
2021_06_RUS_s1,2021_06,RUS,Williams,1,MEDIUM,MIDDLE,True,1.0,1.0,1.0,True,False,True,False
2021_06_RUS_s2,2021_06,RUS,Williams,2,HARD,HARDEST,True,2.0,34.0,33.0,True,False,True,True
2021_06_RUS_s3,2021_06,RUS,Williams,3,HARD,HARDEST,True,35.0,47.0,13.0,True,False,True,True
2021_06_RUS_s4,2021_06,RUS,Williams,4,SOFT,SOFTEST,True,48.0,48.0,1.0,True,False,True,True
2021_06_SAI_s1,2021_06,SAI,Ferrari,1,SOFT,SOFTEST,False,1.0,10.0,10.0,True,False,True,True
2021_06_SAI_s2,2021_06,SAI,Ferrari,2,HARD,HARDEST,True,11.0,47.0,37.0,True,False,True,True
2021_06_SAI_s3,2021_06,SAI,Ferrari,3,HARD,HARDEST,False,48.0,48.0,1.0,True,False,True,True
2021_06_SAI_s4,2021_06,SAI,Ferrari,4,SOFT,SOFTEST,False,49.0,51.0,3.0,False,True,False,True
2021_06_STR_s1,2021_06,STR,Aston Martin,1,HARD,HARDEST,True,1.0,30.0,30.0,False,False,False,True
2021_06_TSU_s1,2021_06,TSU,AlphaTauri,1,SOFT,SOFTEST,False,1.0,9.0,9.0,True,False,True,True
2021_06_TSU_s2,2021_06,TSU,AlphaTauri,2,HARD,HARDEST,True,10.0,47.0,38.0,True,False,True,True
2021_06_TSU_s3,2021_06,TSU,AlphaTauri,3,HARD,HARDEST,False,48.0,48.0,1.0,True,False,True,True
2021_06_TSU_s4,2021_06,TSU,AlphaTauri,4,SOFT,SOFTEST,False,49.0,51.0,3.0,False,True,False,True
2021_06_VER_s1,2021_06,VER,Red Bull Racing,1,SOFT,SOFTEST,False,1.0,12.0,12.0,True,False,True,True
2021_06_VER_s2,2021_06,VER,Red Bull Racing,2,HARD,HARDEST,True,13.0,46.0,34.0,False,False,False,True
2021_06_VET_s1,2021_06,VET,Aston Martin,1,SOFT,SOFTEST,True,1.0,18.0,18.0,True,False,True,True
2021_06_VET_s2,2021_06,VET,Aston Martin,2,HARD,HARDEST,True,19.0,47.0,29.0,True,False,True,True
2021_06_VET_s3,2021_06,VET,Aston Martin,3,HARD,HARDEST,False,48.0,48.0,1.0,True,False,True,True
2021_06_VET_s4,2021_06,VET,Aston Martin,4,SOFT,SOFTEST,False,49.0,51.0,3.0,False,True,False,True
2021_07_ALO_s1,2021_07,ALO,Alpine,1,MEDIUM,MIDDLE,False,1.0,18.0,18.0,True,False,True,False
2021_07_ALO_s2,2021_07,ALO,Alpine,2,HARD,HARDEST,True,19.0,53.0,35.0,False,True,False,False
2021_07_BOT_s1,2021_07,BOT,Mercedes,1,MEDIUM,MIDDLE,False,1.0,17.0,17.0,True,False,True,False
2021_07_BOT_s2,2021_07,BOT,Mercedes,2,HARD,HARDEST,True,18.0,53.0,36.0,False,True,False,False
2021_07_GAS_s1,2021_07,GAS,AlphaTauri,1,MEDIUM,MIDDLE,False,1.0,17.0,17.0,True,False,True,False
2021_07_GAS_s2,2021_07,GAS,AlphaTauri,2,HARD,HARDEST,True,18.0,53.0,36.0,False,True,False,False
2021_07_GIO_s1,2021_07,GIO,Alfa Romeo Racing,1,HARD,HARDEST,True,1.0,28.0,28.0,True,False,True,False
2021_07_GIO_s2,2021_07,GIO,Alfa Romeo Racing,2,MEDIUM,MIDDLE,True,29.0,52.0,24.0,False,True,False,False
2021_07_HAM_s1,2021_07,HAM,Mercedes,1,MEDIUM,MIDDLE,False,1.0,19.0,19.0,True,False,True,False
2021_07_HAM_s2,2021_07,HAM,Mercedes,2,HARD,HARDEST,True,20.0,53.0,34.0,False,True,False,False
2021_07_LAT_s1,2021_07,LAT,Williams,1,MEDIUM,MIDDLE,True,1.0,18.0,18.0,True,False,True,False
2021_07_LAT_s2,2021_07,LAT,Williams,2,HARD,HARDEST,True,19.0,52.0,34.0,False,True,False,False
2021_07_LEC_s1,2021_07,LEC,Ferrari,1,MEDIUM,MIDDLE,False,1.0,14.0,14.0,True,False,True,False
2021_07_LEC_s2,2021_07,LEC,Ferrari,2,HARD,HARDEST,True,15.0,38.0,24.0,True,False,True,False
2021_07_LEC_s3,2021_07,LEC,Ferrari,3,MEDIUM,MIDDLE,False,39.0,52.0,14.0,False,True,False,False
2021_07_MAZ_s1,2021_07,MAZ,Haas F1 Team,1,HARD,HARDEST,True,1.0,31.0,31.0,True,False,True,False
2021_07_MAZ_s2,2021_07,MAZ,Haas F1 Team,2,MEDIUM,MIDDLE,True,32.0,52.0,21.0,False,True,False,False
2021_07_MSC_s1,2021_07,MSC,Haas F1 Team,1,MEDIUM,MIDDLE,True,1.0,15.0,15.0,True,False,True,False
2021_07_MSC_s2,2021_07,MSC,Haas F1 Team,2,HARD,HARDEST,True,16.0,52.0,37.0,False,True,False,False
2021_07_NOR_s1,2021_07,NOR,McLaren,1,MEDIUM,MIDDLE,False,1.0,24.0,24.0,True,False,True,False
2021_07_NOR_s2,2021_07,NOR,McLaren,2,HARD,HARDEST,True,25.0,53.0,29.0,False,True,False,False
2021_07_OCO_s1,2021_07,OCO,Alpine,1,HARD,HARDEST,True,1.0,28.0,28.0,True,False,True,False
2021_07_OCO_s2,2021_07,OCO,Alpine,2,MEDIUM,MIDDLE,False,29.0,52.0,24.0,False,True,False,False
2021_07_PER_s1,2021_07,PER,Red Bull Racing,1,MEDIUM,MIDDLE,False,1.0,24.0,24.0,True,False,True,False
2021_07_PER_s2,2021_07,PER,Red Bull Racing,2,HARD,HARDEST,True,25.0,53.0,29.0,False,True,False,False
2021_07_RAI_s1,2021_07,RAI,Alfa Romeo Racing,1,HARD,HARDEST,True,1.0,33.0,33.0,True,False,True,False
2021_07_RAI_s2,2021_07,RAI,Alfa Romeo Racing,2,MEDIUM,MIDDLE,True,34.0,52.0,19.0,False,True,False,False
2021_07_RIC_s1,2021_07,RIC,McLaren,1,MEDIUM,MIDDLE,False,1.0,16.0,16.0,True,False,True,False
2021_07_RIC_s2,2021_07,RIC,McLaren,2,HARD,HARDEST,True,17.0,53.0,37.0,False,True,False,False
2021_07_RUS_s1,2021_07,RUS,Williams,1,MEDIUM,MIDDLE,True,1.0,17.0,17.0,True,False,True,False
2021_07_RUS_s2,2021_07,RUS,Williams,2,HARD,HARDEST,True,18.0,52.0,35.0,False,True,False,False
2021_07_SAI_s1,2021_07,SAI,Ferrari,1,MEDIUM,MIDDLE,False,1.0,17.0,17.0,True,False,True,False
2021_07_SAI_s2,2021_07,SAI,Ferrari,2,HARD,HARDEST,True,18.0,53.0,36.0,False,True,False,False
2021_07_STR_s1,2021_07,STR,Aston Martin,1,HARD,HARDEST,True,1.0,34.0,34.0,True,False,True,False
2021_07_STR_s2,2021_07,STR,Aston Martin,2,SOFT,SOFTEST,True,35.0,53.0,19.0,False,True,False,False
2021_07_TSU_s1,2021_07,TSU,AlphaTauri,1,MEDIUM,MIDDLE,True,1.0,15.0,15.0,True,False,True,False
2021_07_TSU_s2,2021_07,TSU,AlphaTauri,2,HARD,HARDEST,True,16.0,52.0,37.0,False,True,False,False
2021_07_VER_s1,2021_07,VER,Red Bull Racing,1,MEDIUM,MIDDLE,False,1.0,18.0,18.0,True,False,True,False
2021_07_VER_s2,2021_07,VER,Red Bull Racing,2,HARD,HARDEST,True,19.0,32.0,14.0,True,False,True,False
2021_07_VER_s3,2021_07,VER,Red Bull Racing,3,MEDIUM,MIDDLE,False,33.0,53.0,21.0,False,True,False,False
2021_07_VET_s1,2021_07,VET,Aston Martin,1,HARD,HARDEST,True,1.0,37.0,37.0,True,False,True,False
2021_07_VET_s2,2021_07,VET,Aston Martin,2,MEDIUM,MIDDLE,False,38.0,53.0,16.0,False,True,False,False
2021_08_ALO_s1,2021_08,ALO,Alpine,1,SOFT,SOFTEST,False,1.0,27.0,27.0,True,False,True,True
2021_08_ALO_s2,2021_08,ALO,Alpine,2,HARD,HARDEST,True,28.0,70.0,43.0,False,True,False,False
2021_08_BOT_s1,2021_08,BOT,Mercedes,1,MEDIUM,MIDDLE,False,1.0,27.0,27.0,True,False,True,True
2021_08_BOT_s2,2021_08,BOT,Mercedes,2,HARD,HARDEST,True,28.0,71.0,44.0,False,True,False,False
2021_08_GAS_s1,2021_08,GAS,AlphaTauri,1,SOFT,SOFTEST,False,1.0,1.0,1.0,True,False,True,True
2021_08_GIO_s1,2021_08,GIO,Alfa Romeo Racing,1,MEDIUM,MIDDLE,True,1.0,23.0,23.0,True,False,True,True
2021_08_GIO_s2,2021_08,GIO,Alfa Romeo Racing,2,HARD,HARDEST,True,24.0,70.0,47.0,False,True,False,False
2021_08_HAM_s1,2021_08,HAM,Mercedes,1,MEDIUM,MIDDLE,False,1.0,28.0,28.0,True,False,True,True
2021_08_HAM_s2,2021_08,HAM,Mercedes,2,HARD,HARDEST,True,29.0,69.0,41.0,True,False,True,False
2021_08_HAM_s3,2021_08,HAM,Mercedes,3,SOFT,SOFTEST,False,70.0,71.0,2.0,False,True,False,False
2021_08_LAT_s1,2021_08,LAT,Williams,1,MEDIUM,MIDDLE,True,1.0,1.0,1.0,True,False,True,True
2021_08_LAT_s2,2021_08,LAT,Williams,2,SOFT,SOFTEST,True,2.0,25.0,24.0,True,False,True,False
2021_08_LAT_s3,2021_08,LAT,Williams,3,HARD,HARDEST,True,26.0,68.0,43.0,False,False,False,False
2021_08_LEC_s1,2021_08,LEC,Ferrari,1,SOFT,SOFTEST,False,1.0,1.0,1.0,True,False,True,True
2021_08_LEC_s2,2021_08,LEC,Ferrari,2,HARD,HARDEST,True,2.0,37.0,36.0,True,False,True,False
2021_08_LEC_s3,2021_08,LEC,Ferrari,3,MEDIUM,MIDDLE,True,38.0,70.0,33.0,False,True,False,False
2021_08_MAZ_s1,2021_08,MAZ,Haas F1 Team,1,MEDIUM,MIDDLE,True,1.0,21.0,21.0,True,False,True,True
2021_08_MAZ_s2,2021_08,MAZ,Haas F1 Team,2,HARD,HARDEST,True,22.0,68.0,47.0,False,False,False,False
2021_08_MSC_s1,2021_08,MSC,Haas F1 Team,1,MEDIUM,MIDDLE,True,1.0,33.0,33.0,True,False,True,True
2021_08_MSC_s2,2021_08,MSC,Haas F1 Team,2,HARD,HARDEST,True,34.0,69.0,36.0,False,False,False,False
2021_08_NOR_s1,2021_08,NOR,McLaren,1,SOFT,SOFTEST,False,1.0,31.0,31.0,True,False,True,True
2021_08_NOR_s2,2021_08,NOR,McLaren,2,HARD,HARDEST,True,32.0,70.0,39.0,False,True,False,False
2021_08_OCO_s1,2021_08,OCO,Alpine,1,MEDIUM,MIDDLE,True,1.0,36.0,36.0,True,False,True,True
2021_08_OCO_s2,2021_08,OCO,Alpine,2,HARD,HARDEST,True,37.0,70.0,34.0,False,True,False,False
2021_08_PER_s1,2021_08,PER,Red Bull Racing,1,SOFT,SOFTEST,False,1.0,26.0,26.0,True,False,True,True
2021_08_PER_s2,2021_08,PER,Red Bull Racing,2,HARD,HARDEST,True,27.0,54.0,28.0,True,False,True,False
2021_08_PER_s3,2021_08,PER,Red Bull Racing,3,MEDIUM,MIDDLE,True,55.0,71.0,17.0,False,True,False,False
2021_08_RAI_s1,2021_08,RAI,Alfa Romeo Racing,1,HARD,HARDEST,True,1.0,36.0,36.0,True,False,True,True
2021_08_RAI_s2,2021_08,RAI,Alfa Romeo Racing,2,MEDIUM,MIDDLE,True,37.0,70.0,34.0,False,True,False,False
2021_08_RIC_s1,2021_08,RIC,McLaren,1,MEDIUM,MIDDLE,True,1.0,41.0,41.0,True,False,True,True
2021_08_RIC_s2,2021_08,RIC,McLaren,2,HARD,HARDEST,True,42.0,70.0,29.0,False,True,False,False
2021_08_RUS_s1,2021_08,RUS,Williams,1,MEDIUM,MIDDLE,True,1.0,25.0,25.0,True,False,True,True
2021_08_RUS_s2,2021_08,RUS,Williams,2,HARD,HARDEST,True,26.0,26.0,1.0,True,False,True,False
2021_08_RUS_s3,2021_08,RUS,Williams,3,HARD,HARDEST,False,27.0,36.0,10.0,True,False,True,False
2021_08_SAI_s1,2021_08,SAI,Ferrari,1,MEDIUM,MIDDLE,True,1.0,41.0,41.0,True,False,True,True
2021_08_SAI_s2,2021_08,SAI,Ferrari,2,HARD,HARDEST,True,42.0,70.0,29.0,False,True,False,False
2021_08_STR_s1,2021_08,STR,Aston Martin,1,SOFT,SOFTEST,False,1.0,28.0,28.0,True,False,True,True
2021_08_STR_s2,2021_08,STR,Aston Martin,2,HARD,HARDEST,True,29.0,70.0,42.0,False,True,False,False
2021_08_TSU_s1,2021_08,TSU,AlphaTauri,1,SOFT,SOFTEST,False,1.0,26.0,26.0,True,False,True,True
2021_08_TSU_s2,2021_08,TSU,AlphaTauri,2,HARD,HARDEST,True,27.0,70.0,44.0,False,True,False,False
2021_08_VER_s1,2021_08,VER,Red Bull Racing,1,MEDIUM,MIDDLE,False,1.0,29.0,29.0,True,False,True,True
2021_08_VER_s2,2021_08,VER,Red Bull Racing,2,HARD,HARDEST,True,30.0,71.0,42.0,False,True,False,False
2021_08_VET_s1,2021_08,VET,Aston Martin,1,MEDIUM,MIDDLE,True,1.0,27.0,27.0,True,False,True,True
2021_08_VET_s2,2021_08,VET,Aston Martin,2,HARD,HARDEST,True,28.0,70.0,43.0,False,True,False,False
2021_09_ALO_s1,2021_09,ALO,Alpine,1,MEDIUM,MIDDLE,True,1.0,32.0,32.0,True,False,True,True
2021_09_ALO_s2,2021_09,ALO,Alpine,2,HARD,HARDEST,True,33.0,70.0,38.0,False,True,False,True
2021_09_BOT_s1,2021_09,BOT,Mercedes,1,MEDIUM,MIDDLE,False,1.0,30.0,30.0,True,False,True,True
2021_09_BOT_s2,2021_09,BOT,Mercedes,2,HARD,HARDEST,True,31.0,71.0,41.0,False,True,False,True
2021_09_GAS_s1,2021_09,GAS,AlphaTauri,1,SOFT,SOFTEST,False,1.0,13.0,13.0,True,False,True,True
2021_09_GAS_s2,2021_09,GAS,AlphaTauri,2,HARD,HARDEST,True,14.0,45.0,32.0,True,False,True,False
2021_09_GAS_s3,2021_09,GAS,AlphaTauri,3,HARD,HARDEST,True,46.0,71.0,26.0,False,True,False,True
2021_09_GIO_s1,2021_09,GIO,Alfa Romeo Racing,1,MEDIUM,MIDDLE,True,1.0,1.0,1.0,True,False,True,True
2021_09_GIO_s2,2021_09,GIO,Alfa Romeo Racing,2,HARD,HARDEST,True,2.0,29.0,28.0,True,False,True,True
2021_09_GIO_s3,2021_09,GIO,Alfa Romeo Racing,3,HARD,HARDEST,True,30.0,70.0,41.0,False,True,False,True
2021_09_HAM_s1,2021_09,HAM,Mercedes,1,MEDIUM,MIDDLE,False,1.0,31.0,31.0,True,False,True,True
2021_09_HAM_s2,2021_09,HAM,Mercedes,2,HARD,HARDEST,True,32.0,53.0,22.0,True,False,True,False
2021_09_HAM_s3,2021_09,HAM,Mercedes,3,HARD,HARDEST,True,54.0,71.0,18.0,False,True,False,True
2021_09_LAT_s1,2021_09,LAT,Williams,1,MEDIUM,MIDDLE,True,1.0,33.0,33.0,True,False,True,True
2021_09_LAT_s2,2021_09,LAT,Williams,2,HARD,HARDEST,True,34.0,70.0,37.0,False,True,False,True
2021_09_LEC_s1,2021_09,LEC,Ferrari,1,MEDIUM,MIDDLE,False,1.0,34.0,34.0,True,False,True,True
2021_09_LEC_s2,2021_09,LEC,Ferrari,2,HARD,HARDEST,True,35.0,71.0,37.0,False,True,False,True
2021_09_MAZ_s1,2021_09,MAZ,Haas F1 Team,1,MEDIUM,MIDDLE,True,1.0,27.0,27.0,True,False,True,True
2021_09_MAZ_s2,2021_09,MAZ,Haas F1 Team,2,HARD,HARDEST,True,28.0,45.0,18.0,True,False,True,False
2021_09_MAZ_s3,2021_09,MAZ,Haas F1 Team,3,HARD,HARDEST,True,46.0,69.0,24.0,False,False,False,True
2021_09_MSC_s1,2021_09,MSC,Haas F1 Team,1,MEDIUM,MIDDLE,True,1.0,34.0,34.0,True,False,True,True
2021_09_MSC_s2,2021_09,MSC,Haas F1 Team,2,HARD,HARDEST,True,35.0,69.0,35.0,False,False,False,True
2021_09_NOR_s1,2021_09,NOR,McLaren,1,MEDIUM,MIDDLE,False,1.0,30.0,30.0,True,False,True,True
2021_09_NOR_s2,2021_09,NOR,McLaren,2,HARD,HARDEST,True,31.0,71.0,41.0,False,True,False,True
2021_09_OCO_s1,2021_09,OCO,Alpine,1,MEDIUM,MIDDLE,True,1.0,1.0,1.0,False,False,False,True
2021_09_PER_s1,2021_09,PER,Red Bull Racing,1,MEDIUM,MIDDLE,False,1.0,32.0,32.0,True,False,True,True
2021_09_PER_s2,2021_09,PER,Red Bull Racing,2,HARD,HARDEST,True,33.0,71.0,39.0,False,True,False,True
2021_09_RAI_s1,2021_09,RAI,Alfa Romeo Racing,1,HARD,HARDEST,True,1.0,37.0,37.0,True,False,True,True
2021_09_RAI_s2,2021_09,RAI,Alfa Romeo Racing,2,MEDIUM,MIDDLE,True,38.0,70.0,33.0,False,True,False,True
2021_09_RIC_s1,2021_09,RIC,McLaren,1,MEDIUM,MIDDLE,True,1.0,29.0,29.0,True,False,True,True
2021_09_RIC_s2,2021_09,RIC,McLaren,2,HARD,HARDEST,True,30.0,71.0,42.0,False,True,False,True
2021_09_RUS_s1,2021_09,RUS,Williams,1,MEDIUM,MIDDLE,False,1.0,30.0,30.0,True,False,True,True
2021_09_RUS_s2,2021_09,RUS,Williams,2,HARD,HARDEST,True,31.0,70.0,40.0,False,True,False,True
2021_09_SAI_s1,2021_09,SAI,Ferrari,1,HARD,HARDEST,True,1.0,48.0,48.0,True,False,True,True
2021_09_SAI_s2,2021_09,SAI,Ferrari,2,MEDIUM,MIDDLE,False,49.0,71.0,23.0,False,True,False,True
2021_09_STR_s1,2021_09,STR,Aston Martin,1,SOFT,SOFTEST,False,1.0,14.0,14.0,True,False,True,True
2021_09_STR_s2,2021_09,STR,Aston Martin,2,HARD,HARDEST,True,15.0,46.0,32.0,True,False,True,False
2021_09_STR_s3,2021_09,STR,Aston Martin,3,HARD,HARDEST,True,47.0,70.0,24.0,False,True,False,True
2021_09_TSU_s1,2021_09,TSU,AlphaTauri,1,SOFT,SOFTEST,False,1.0,12.0,12.0,True,False,True,True
2021_09_TSU_s2,2021_09,TSU,AlphaTauri,2,HARD,HARDEST,True,13.0,51.0,39.0,True,False,True,False
2021_09_TSU_s3,2021_09,TSU,AlphaTauri,3,HARD,HARDEST,True,52.0,70.0,19.0,False,True,False,True
2021_09_VER_s1,2021_09,VER,Red Bull Racing,1,MEDIUM,MIDDLE,False,1.0,32.0,32.0,True,False,True,True
2021_09_VER_s2,2021_09,VER,Red Bull Racing,2,HARD,HARDEST,True,33.0,60.0,28.0,True,False,True,False
2021_09_VER_s3,2021_09,VER,Red Bull Racing,3,HARD,HARDEST,True,61.0,71.0,11.0,False,True,False,True
2021_09_VET_s1,2021_09,VET,Aston Martin,1,SOFT,SOFTEST,False,1.0,17.0,17.0,True,False,True,True
2021_09_VET_s2,2021_09,VET,Aston Martin,2,HARD,HARDEST,True,18.0,49.0,32.0,True,False,True,False
2021_09_VET_s3,2021_09,VET,Aston Martin,3,HARD,HARDEST,True,50.0,70.0,21.0,True,True,False,True
2021_10_ALO_s1,2021_10,ALO,Alpine,1,MEDIUM,MIDDLE,True,1.0,2.0,2.0,True,False,True,True
2021_10_ALO_s2,2021_10,ALO,Alpine,2,MEDIUM,MIDDLE,False,3.0,24.0,22.0,True,False,True,True
2021_10_ALO_s3,2021_10,ALO,Alpine,3,HARD,HARDEST,True,25.0,52.0,28.0,False,True,False,True
2021_10_BOT_s1,2021_10,BOT,Mercedes,1,MEDIUM,MIDDLE,False,1.0,2.0,2.0,True,False,True,True
2021_10_BOT_s2,2021_10,BOT,Mercedes,2,MEDIUM,MIDDLE,True,3.0,22.0,20.0,True,False,True,True
2021_10_BOT_s3,2021_10,BOT,Mercedes,3,HARD,HARDEST,True,23.0,52.0,30.0,False,True,False,True
2021_10_GAS_s1,2021_10,GAS,AlphaTauri,1,MEDIUM,MIDDLE,True,1.0,2.0,2.0,True,False,True,True
2021_10_GAS_s2,2021_10,GAS,AlphaTauri,2,MEDIUM,MIDDLE,False,3.0,28.0,26.0,True,False,True,True
2021_10_GAS_s3,2021_10,GAS,AlphaTauri,3,HARD,HARDEST,True,29.0,46.0,18.0,True,False,True,False
2021_10_GAS_s4,2021_10,GAS,AlphaTauri,4,SOFT,SOFTEST,True,47.0,52.0,6.0,False,True,False,True
2021_10_GIO_s1,2021_10,GIO,Alfa Romeo Racing,1,MEDIUM,MIDDLE,True,1.0,2.0,2.0,True,False,True,True
2021_10_GIO_s2,2021_10,GIO,Alfa Romeo Racing,2,MEDIUM,MIDDLE,True,3.0,23.0,21.0,True,False,True,True
2021_10_GIO_s3,2021_10,GIO,Alfa Romeo Racing,3,HARD,HARDEST,True,24.0,51.0,28.0,False,True,False,True
2021_10_HAM_s1,2021_10,HAM,Mercedes,1,MEDIUM,MIDDLE,False,1.0,2.0,2.0,True,False,True,True
2021_10_HAM_s2,2021_10,HAM,Mercedes,2,MEDIUM,MIDDLE,False,3.0,27.0,25.0,True,False,True,True
2021_10_HAM_s3,2021_10,HAM,Mercedes,3,HARD,HARDEST,True,28.0,52.0,25.0,False,True,False,True
2021_10_LAT_s1,2021_10,LAT,Williams,1,MEDIUM,MIDDLE,True,1.0,2.0,2.0,True,False,True,True
2021_10_LAT_s2,2021_10,LAT,Williams,2,MEDIUM,MIDDLE,True,3.0,19.0,17.0,True,False,True,True
2021_10_LAT_s3,2021_10,LAT,Williams,3,HARD,HARDEST,True,20.0,51.0,32.0,False,True,False,True
2021_10_LEC_s1,2021_10,LEC,Ferrari,1,MEDIUM,MIDDLE,True,1.0,2.0,2.0,True,False,True,True
2021_10_LEC_s2,2021_10,LEC,Ferrari,2,MEDIUM,MIDDLE,True,3.0,29.0,27.0,True,False,True,True
2021_10_LEC_s3,2021_10,LEC,Ferrari,3,HARD,HARDEST,True,30.0,52.0,23.0,False,True,False,True
2021_10_MAZ_s1,2021_10,MAZ,Haas F1 Team,1,MEDIUM,MIDDLE,False,1.0,2.0,2.0,True,False,True,True
2021_10_MAZ_s2,2021_10,MAZ,Haas F1 Team,2,MEDIUM,MIDDLE,False,3.0,25.0,23.0,True,False,True,True
2021_10_MAZ_s3,2021_10,MAZ,Haas F1 Team,3,HARD,HARDEST,True,26.0,51.0,26.0,False,True,False,True
2021_10_MSC_s1,2021_10,MSC,Haas F1 Team,1,MEDIUM,MIDDLE,False,1.0,2.0,2.0,True,False,True,True
2021_10_MSC_s2,2021_10,MSC,Haas F1 Team,2,MEDIUM,MIDDLE,False,3.0,24.0,22.0,True,False,True,True
2021_10_MSC_s3,2021_10,MSC,Haas F1 Team,3,HARD,HARDEST,True,25.0,51.0,27.0,False,True,False,True
2021_10_NOR_s1,2021_10,NOR,McLaren,1,MEDIUM,MIDDLE,True,1.0,2.0,2.0,True,False,True,True
2021_10_NOR_s2,2021_10,NOR,McLaren,2,MEDIUM,MIDDLE,False,3.0,21.0,19.0,True,False,True,True
2021_10_NOR_s3,2021_10,NOR,McLaren,3,HARD,HARDEST,True,22.0,52.0,31.0,False,True,False,True
2021_10_OCO_s1,2021_10,OCO,Alpine,1,MEDIUM,MIDDLE,True,1.0,2.0,2.0,True,False,True,True
2021_10_OCO_s2,2021_10,OCO,Alpine,2,MEDIUM,MIDDLE,True,3.0,19.0,17.0,True,False,True,True
2021_10_OCO_s3,2021_10,OCO,Alpine,3,HARD,HARDEST,True,20.0,52.0,33.0,False,True,False,True
2021_10_PER_s1,2021_10,PER,Red Bull Racing,1,HARD,HARDEST,True,1.0,2.0,2.0,True,False,True,True
2021_10_PER_s2,2021_10,PER,Red Bull Racing,2,HARD,HARDEST,False,3.0,18.0,16.0,True,False,True,True
2021_10_PER_s3,2021_10,PER,Red Bull Racing,3,MEDIUM,MIDDLE,True,19.0,38.0,20.0,True,False,True,False
2021_10_PER_s4,2021_10,PER,Red Bull Racing,4,MEDIUM,MIDDLE,True,39.0,48.0,10.0,True,False,True,True
2021_10_PER_s5,2021_10,PER,Red Bull Racing,5,SOFT,SOFTEST,False,49.0,51.0,3.0,False,True,False,False
2021_10_RAI_s1,2021_10,RAI,Alfa Romeo Racing,1,MEDIUM,MIDDLE,True,1.0,2.0,2.0,True,False,True,True
2021_10_RAI_s2,2021_10,RAI,Alfa Romeo Racing,2,MEDIUM,MIDDLE,True,3.0,18.0,16.0,True,False,True,True
2021_10_RAI_s3,2021_10,RAI,Alfa Romeo Racing,3,HARD,HARDEST,True,19.0,51.0,33.0,False,True,False,True
2021_10_RIC_s1,2021_10,RIC,McLaren,1,MEDIUM,MIDDLE,True,1.0,2.0,2.0,True,False,True,True
2021_10_RIC_s2,2021_10,RIC,McLaren,2,MEDIUM,MIDDLE,False,3.0,20.0,18.0,True,False,True,True
2021_10_RIC_s3,2021_10,RIC,McLaren,3,HARD,HARDEST,True,21.0,52.0,32.0,False,True,False,True
2021_10_RUS_s1,2021_10,RUS,Williams,1,MEDIUM,MIDDLE,True,1.0,2.0,2.0,True,False,True,True
2021_10_RUS_s2,2021_10,RUS,Williams,2,MEDIUM,MIDDLE,True,3.0,18.0,16.0,True,False,True,True
2021_10_RUS_s3,2021_10,RUS,Williams,3,HARD,HARDEST,True,19.0,51.0,33.0,False,True,False,True
2021_10_SAI_s1,2021_10,SAI,Ferrari,1,MEDIUM,MIDDLE,True,1.0,2.0,2.0,True,False,True,True
2021_10_SAI_s2,2021_10,SAI,Ferrari,2,MEDIUM,MIDDLE,True,3.0,28.0,26.0,True,False,True,True
2021_10_SAI_s3,2021_10,SAI,Ferrari,3,HARD,HARDEST,True,29.0,52.0,24.0,False,True,False,True
2021_10_STR_s1,2021_10,STR,Aston Martin,1,MEDIUM,MIDDLE,False,1.0,2.0,2.0,True,False,True,True
2021_10_STR_s2,2021_10,STR,Aston Martin,2,MEDIUM,MIDDLE,False,3.0,23.0,21.0,True,False,True,True
2021_10_STR_s3,2021_10,STR,Aston Martin,3,HARD,HARDEST,False,24.0,52.0,29.0,False,True,False,True
2021_10_TSU_s1,2021_10,TSU,AlphaTauri,1,MEDIUM,MIDDLE,True,1.0,2.0,2.0,True,False,True,True
2021_10_TSU_s2,2021_10,TSU,AlphaTauri,2,MEDIUM,MIDDLE,False,3.0,30.0,28.0,True,False,True,True
2021_10_TSU_s3,2021_10,TSU,AlphaTauri,3,HARD,HARDEST,True,31.0,52.0,22.0,False,True,False,True
2021_10_VER_s1,2021_10,VER,Red Bull Racing,1,MEDIUM,MIDDLE,True,1.0,1.0,1.0,False,False,False,True
2021_10_VET_s1,2021_10,VET,Aston Martin,1,MEDIUM,MIDDLE,False,1.0,2.0,2.0,True,False,True,True
2021_10_VET_s2,2021_10,VET,Aston Martin,2,MEDIUM,MIDDLE,False,3.0,18.0,16.0,True,False,True,True
2021_10_VET_s3,2021_10,VET,Aston Martin,3,HARD,HARDEST,False,19.0,40.0,22.0,True,False,True,False
2021_11_ALO_s1,2021_11,ALO,Alpine,1,WET,WET,True,1.0,2.0,2.0,True,False,True,True
2021_11_ALO_s2,2021_11,ALO,Alpine,2,WET,WET,True,3.0,3.0,1.0,True,False,True,False
2021_11_ALO_s3,2021_11,ALO,Alpine,3,MEDIUM,MIDDLE,True,4.0,39.0,36.0,True,False,True,False
2021_11_ALO_s4,2021_11,ALO,Alpine,4,HARD,HARDEST,True,40.0,70.0,31.0,False,True,False,True
2021_11_BOT_s1,2021_11,BOT,Mercedes,1,WET,WET,True,1.0,1.0,1.0,False,False,False,True
2021_11_GAS_s1,2021_11,GAS,AlphaTauri,1,WET,WET,True,1.0,2.0,2.0,True,False,True,True
2021_11_GAS_s2,2021_11,GAS,AlphaTauri,2,WET,WET,True,3.0,3.0,1.0,True,False,True,False
2021_11_GAS_s3,2021_11,GAS,AlphaTauri,3,MEDIUM,MIDDLE,True,4.0,30.0,27.0,True,False,True,False
2021_11_GAS_s4,2021_11,GAS,AlphaTauri,4,HARD,HARDEST,True,31.0,68.0,38.0,True,False,True,True
2021_11_GAS_s5,2021_11,GAS,AlphaTauri,5,SOFT,SOFTEST,False,69.0,70.0,2.0,False,True,False,False
2021_11_GIO_s1,2021_11,GIO,Alfa Romeo Racing,1,MEDIUM,MIDDLE,True,1.0,1.0,1.0,True,False,True,True
2021_11_GIO_s2,2021_11,GIO,Alfa Romeo Racing,2,WET,WET,True,2.0,2.0,1.0,True,False,True,True
2021_11_GIO_s3,2021_11,GIO,Alfa Romeo Racing,3,WET,WET,True,3.0,3.0,1.0,True,False,True,False
2021_11_GIO_s4,2021_11,GIO,Alfa Romeo Racing,4,MEDIUM,MIDDLE,False,4.0,11.0,8.0,True,False,True,False
2021_11_GIO_s5,2021_11,GIO,Alfa Romeo Racing,5,MEDIUM,MIDDLE,False,12.0,33.0,22.0,True,False,True,False
2021_11_GIO_s6,2021_11,GIO,Alfa Romeo Racing,6,HARD,HARDEST,True,34.0,69.0,36.0,False,True,False,True
2021_11_HAM_s1,2021_11,HAM,Mercedes,1,WET,WET,True,1.0,2.0,2.0,True,False,True,True
2021_11_HAM_s2,2021_11,HAM,Mercedes,2,WET,WET,True,3.0,4.0,2.0,True,False,True,False
2021_11_HAM_s3,2021_11,HAM,Mercedes,3,MEDIUM,MIDDLE,False,5.0,19.0,15.0,True,False,True,False
2021_11_HAM_s4,2021_11,HAM,Mercedes,4,HARD,HARDEST,True,20.0,47.0,28.0,True,False,True,False
2021_11_HAM_s5,2021_11,HAM,Mercedes,5,MEDIUM,MIDDLE,True,48.0,70.0,23.0,False,True,False,True
2021_11_LAT_s1,2021_11,LAT,Williams,1,WET,WET,True,1.0,2.0,2.0,True,False,True,True
2021_11_LAT_s2,2021_11,LAT,Williams,2,WET,WET,True,3.0,3.0,1.0,True,False,True,False
2021_11_LAT_s3,2021_11,LAT,Williams,3,MEDIUM,MIDDLE,True,4.0,23.0,20.0,True,False,True,False
2021_11_LAT_s4,2021_11,LAT,Williams,4,HARD,HARDEST,True,24.0,70.0,47.0,False,True,False,True
2021_11_LEC_s1,2021_11,LEC,Ferrari,1,WET,WET,True,1.0,1.0,1.0,False,False,False,True
2021_11_MAZ_s1,2021_11,MAZ,Haas F1 Team,1,WET,WET,True,1.0,1.0,1.0,True,False,True,True
2021_11_MAZ_s2,2021_11,MAZ,Haas F1 Team,2,WET,WET,True,2.0,2.0,1.0,True,False,True,True
2021_11_MAZ_s3,2021_11,MAZ,Haas F1 Team,3,WET,WET,True,3.0,3.0,1.0,True,False,True,False
2021_11_MSC_s1,2021_11,MSC,Haas F1 Team,1,WET,WET,True,1.0,2.0,2.0,True,False,True,True
2021_11_MSC_s2,2021_11,MSC,Haas F1 Team,2,WET,WET,True,3.0,3.0,1.0,True,False,True,False
2021_11_MSC_s3,2021_11,MSC,Haas F1 Team,3,MEDIUM,MIDDLE,True,4.0,34.0,31.0,True,False,True,False
2021_11_MSC_s4,2021_11,MSC,Haas F1 Team,4,HARD,HARDEST,True,35.0,69.0,35.0,False,True,False,True
2021_11_NOR_s1,2021_11,NOR,McLaren,1,WET,WET,True,1.0,1.0,1.0,True,False,True,True
2021_11_NOR_s2,2021_11,NOR,McLaren,2,WET,WET,True,2.0,2.0,1.0,True,False,True,True
2021_11_OCO_s1,2021_11,OCO,Alpine,1,WET,WET,True,1.0,2.0,2.0,True,False,True,True
2021_11_OCO_s2,2021_11,OCO,Alpine,2,WET,WET,True,3.0,3.0,1.0,True,False,True,False
2021_11_OCO_s3,2021_11,OCO,Alpine,3,MEDIUM,MIDDLE,True,4.0,37.0,34.0,True,False,True,False
2021_11_OCO_s4,2021_11,OCO,Alpine,4,HARD,HARDEST,True,38.0,70.0,33.0,False,True,False,True
2021_11_PER_s1,2021_11,PER,Red Bull Racing,1,WET,WET,True,1.0,1.0,1.0,False,False,False,True
2021_11_RAI_s1,2021_11,RAI,Alfa Romeo Racing,1,WET,WET,True,1.0,2.0,2.0,True,False,True,True
2021_11_RAI_s2,2021_11,RAI,Alfa Romeo Racing,2,WET,WET,True,3.0,3.0,1.0,True,False,True,False
2021_11_RAI_s3,2021_11,RAI,Alfa Romeo Racing,3,MEDIUM,MIDDLE,True,4.0,15.0,12.0,True,False,True,False
2021_11_RAI_s4,2021_11,RAI,Alfa Romeo Racing,4,HARD,HARDEST,True,16.0,53.0,38.0,True,False,True,False
2021_11_RAI_s5,2021_11,RAI,Alfa Romeo Racing,5,SOFT,SOFTEST,True,54.0,69.0,16.0,False,True,False,True
2021_11_RIC_s1,2021_11,RIC,McLaren,1,WET,WET,True,1.0,2.0,2.0,True,False,True,True
2021_11_RIC_s2,2021_11,RIC,McLaren,2,WET,WET,True,3.0,3.0,1.0,True,False,True,False
2021_11_RIC_s3,2021_11,RIC,McLaren,3,MEDIUM,MIDDLE,True,4.0,20.0,17.0,True,False,True,False
2021_11_RIC_s4,2021_11,RIC,McLaren,4,HARD,HARDEST,True,21.0,69.0,49.0,False,True,False,True
2021_11_RUS_s1,2021_11,RUS,Williams,1,WET,WET,True,1.0,2.0,2.0,True,False,True,True
2021_11_RUS_s2,2021_11,RUS,Williams,2,WET,WET,True,3.0,3.0,1.0,True,False,True,False
2021_11_RUS_s3,2021_11,RUS,Williams,3,MEDIUM,MIDDLE,True,4.0,21.0,18.0,True,False,True,False
2021_11_RUS_s4,2021_11,RUS,Williams,4,HARD,HARDEST,True,22.0,70.0,49.0,False,True,False,True
2021_11_SAI_s1,2021_11,SAI,Ferrari,1,WET,WET,True,1.0,2.0,2.0,True,False,True,True
2021_11_SAI_s2,2021_11,SAI,Ferrari,2,WET,WET,True,3.0,3.0,1.0,True,False,True,False
2021_11_SAI_s3,2021_11,SAI,Ferrari,3,MEDIUM,MIDDLE,True,4.0,32.0,29.0,True,False,True,False
2021_11_SAI_s4,2021_11,SAI,Ferrari,4,HARD,HARDEST,True,33.0,70.0,38.0,False,True,False,True
2021_11_STR_s1,2021_11,STR,Aston Martin,1,WET,WET,True,1.0,1.0,1.0,False,False,False,True
2021_11_TSU_s1,2021_11,TSU,AlphaTauri,1,WET,WET,True,1.0,2.0,2.0,True,False,True,True
2021_11_TSU_s2,2021_11,TSU,AlphaTauri,2,WET,WET,True,3.0,3.0,1.0,True,False,True,False
2021_11_TSU_s3,2021_11,TSU,AlphaTauri,3,MEDIUM,MIDDLE,True,4.0,22.0,19.0,True,False,True,False
2021_11_TSU_s4,2021_11,TSU,AlphaTauri,4,HARD,HARDEST,True,23.0,70.0,48.0,False,True,False,True
2021_11_VER_s1,2021_11,VER,Red Bull Racing,1,WET,WET,True,1.0,1.0,1.0,True,False,True,True
2021_11_VER_s2,2021_11,VER,Red Bull Racing,2,WET,WET,True,2.0,2.0,1.0,True,False,True,True
2021_11_VER_s3,2021_11,VER,Red Bull Racing,3,WET,WET,True,3.0,3.0,1.0,True,False,True,False
2021_11_VER_s4,2021_11,VER,Red Bull Racing,4,MEDIUM,MIDDLE,True,4.0,20.0,17.0,True,False,True,False
2021_11_VER_s5,2021_11,VER,Red Bull Racing,5,HARD,HARDEST,True,21.0,40.0,20.0,True,False,True,False
2021_11_VER_s6,2021_11,VER,Red Bull Racing,6,MEDIUM,MIDDLE,False,41.0,70.0,30.0,False,True,False,True
2021_11_VET_s1,2021_11,VET,Aston Martin,1,WET,WET,True,1.0,2.0,2.0,True,False,True,True
2021_11_VET_s2,2021_11,VET,Aston Martin,2,WET,WET,True,3.0,3.0,1.0,True,False,True,False
2021_11_VET_s3,2021_11,VET,Aston Martin,3,MEDIUM,MIDDLE,True,4.0,36.0,33.0,True,False,True,False
2021_11_VET_s4,2021_11,VET,Aston Martin,4,HARD,HARDEST,True,37.0,70.0,34.0,False,True,False,True
2021_12_ALO_s1,2021_12,ALO,Alpine,1,UNKNOWN,UNKNOWN,False,1.0,3.0,3.0,True,True,False,True
2021_12_BOT_s1,2021_12,BOT,Mercedes,1,UNKNOWN,UNKNOWN,False,1.0,3.0,3.0,True,True,False,True
2021_12_GAS_s1,2021_12,GAS,AlphaTauri,1,UNKNOWN,UNKNOWN,False,1.0,3.0,3.0,True,True,False,True
2021_12_GIO_s1,2021_12,GIO,Alfa Romeo Racing,1,UNKNOWN,UNKNOWN,False,1.0,3.0,3.0,True,True,False,True
2021_12_HAM_s1,2021_12,HAM,Mercedes,1,UNKNOWN,UNKNOWN,False,1.0,3.0,3.0,True,True,False,True
2021_12_LAT_s1,2021_12,LAT,Williams,1,UNKNOWN,UNKNOWN,False,1.0,3.0,3.0,True,True,False,True
2021_12_LEC_s1,2021_12,LEC,Ferrari,1,UNKNOWN,UNKNOWN,False,1.0,3.0,3.0,True,True,False,True
2021_12_MAZ_s1,2021_12,MAZ,Haas F1 Team,1,UNKNOWN,UNKNOWN,False,1.0,3.0,3.0,True,True,False,True
2021_12_MSC_s1,2021_12,MSC,Haas F1 Team,1,UNKNOWN,UNKNOWN,False,1.0,3.0,3.0,True,True,False,True
2021_12_NOR_s1,2021_12,NOR,McLaren,1,UNKNOWN,UNKNOWN,False,1.0,3.0,3.0,True,True,False,True
2021_12_OCO_s1,2021_12,OCO,Alpine,1,UNKNOWN,UNKNOWN,False,1.0,3.0,3.0,True,True,False,True
2021_12_PER_s1,2021_12,PER,Red Bull Racing,1,UNKNOWN,UNKNOWN,False,1.0,3.0,3.0,True,True,False,True
2021_12_RAI_s1,2021_12,RAI,Alfa Romeo Racing,1,UNKNOWN,UNKNOWN,False,1.0,3.0,3.0,True,True,False,True
2021_12_RIC_s1,2021_12,RIC,McLaren,1,UNKNOWN,UNKNOWN,False,1.0,3.0,3.0,True,True,False,True
2021_12_RUS_s1,2021_12,RUS,Williams,1,UNKNOWN,UNKNOWN,False,1.0,3.0,3.0,True,True,False,True
2021_12_SAI_s1,2021_12,SAI,Ferrari,1,UNKNOWN,UNKNOWN,False,1.0,3.0,3.0,True,True,False,True
2021_12_STR_s1,2021_12,STR,Aston Martin,1,UNKNOWN,UNKNOWN,False,1.0,3.0,3.0,True,True,False,True
2021_12_TSU_s1,2021_12,TSU,AlphaTauri,1,UNKNOWN,UNKNOWN,False,1.0,3.0,3.0,True,True,False,True
2021_12_VER_s1,2021_12,VER,Red Bull Racing,1,UNKNOWN,UNKNOWN,False,1.0,3.0,3.0,True,True,False,True
2021_12_VET_s1,2021_12,VET,Aston Martin,1,UNKNOWN,UNKNOWN,False,1.0,3.0,3.0,True,True,False,True
2021_13_ALO_s1,2021_13,ALO,Alpine,1,SOFT,SOFTEST,False,1.0,33.0,33.0,True,False,True,False
2021_13_ALO_s2,2021_13,ALO,Alpine,2,MEDIUM,MIDDLE,True,34.0,71.0,38.0,False,True,False,True
2021_13_BOT_s1,2021_13,BOT,Mercedes,1,SOFT,SOFTEST,False,1.0,31.0,31.0,True,False,True,False
2021_13_BOT_s2,2021_13,BOT,Mercedes,2,MEDIUM,MIDDLE,True,32.0,67.0,36.0,True,False,True,True
2021_13_BOT_s3,2021_13,BOT,Mercedes,3,SOFT,SOFTEST,False,68.0,72.0,5.0,False,True,False,False
2021_13_GAS_s1,2021_13,GAS,AlphaTauri,1,SOFT,SOFTEST,False,1.0,24.0,24.0,True,False,True,False
2021_13_GAS_s2,2021_13,GAS,AlphaTauri,2,MEDIUM,MIDDLE,True,25.0,71.0,47.0,False,True,False,True
2021_13_GIO_s1,2021_13,GIO,Alfa Romeo Racing,1,SOFT,SOFTEST,False,1.0,27.0,27.0,True,False,True,False
2021_13_GIO_s2,2021_13,GIO,Alfa Romeo Racing,2,MEDIUM,MIDDLE,True,28.0,33.0,6.0,True,False,True,False
2021_13_GIO_s3,2021_13,GIO,Alfa Romeo Racing,3,HARD,HARDEST,True,34.0,70.0,37.0,False,False,False,True
2021_13_HAM_s1,2021_13,HAM,Mercedes,1,SOFT,SOFTEST,False,1.0,20.0,20.0,True,False,True,False
2021_13_HAM_s2,2021_13,HAM,Mercedes,2,MEDIUM,MIDDLE,True,21.0,39.0,19.0,True,False,True,True
2021_13_HAM_s3,2021_13,HAM,Mercedes,3,MEDIUM,MIDDLE,False,40.0,70.0,31.0,True,False,True,False
2021_13_HAM_s4,2021_13,HAM,Mercedes,4,SOFT,SOFTEST,False,71.0,72.0,2.0,False,True,False,False
2021_13_KUB_s1,2021_13,KUB,Alfa Romeo Racing,1,MEDIUM,MIDDLE,True,1.0,40.0,40.0,True,False,True,True
2021_13_KUB_s2,2021_13,KUB,Alfa Romeo Racing,2,HARD,HARDEST,True,41.0,70.0,30.0,False,False,False,False
2021_13_LAT_s1,2021_13,LAT,Williams,1,MEDIUM,MIDDLE,True,1.0,23.0,23.0,True,False,True,False
2021_13_LAT_s2,2021_13,LAT,Williams,2,HARD,HARDEST,True,24.0,70.0,47.0,False,False,False,True
2021_13_LEC_s1,2021_13,LEC,Ferrari,1,SOFT,SOFTEST,False,1.0,34.0,34.0,True,False,True,False
2021_13_LEC_s2,2021_13,LEC,Ferrari,2,HARD,HARDEST,True,35.0,71.0,37.0,False,True,False,True
2021_13_MAZ_s1,2021_13,MAZ,Haas F1 Team,1,MEDIUM,MIDDLE,True,1.0,33.0,33.0,True,False,True,False
2021_13_MAZ_s2,2021_13,MAZ,Haas F1 Team,2,HARD,HARDEST,True,34.0,41.0,8.0,True,False,True,True
2021_13_MSC_s1,2021_13,MSC,Haas F1 Team,1,SOFT,SOFTEST,True,1.0,4.0,4.0,True,False,True,False
2021_13_MSC_s2,2021_13,MSC,Haas F1 Team,2,HARD,HARDEST,True,5.0,30.0,26.0,True,False,True,False
2021_13_MSC_s3,2021_13,MSC,Haas F1 Team,3,MEDIUM,MIDDLE,True,31.0,69.0,39.0,False,False,False,True
2021_13_NOR_s1,2021_13,NOR,McLaren,1,MEDIUM,MIDDLE,True,1.0,42.0,42.0,True,False,True,True
2021_13_NOR_s2,2021_13,NOR,McLaren,2,HARD,HARDEST,True,43.0,71.0,29.0,False,True,False,False
2021_13_OCO_s1,2021_13,OCO,Alpine,1,SOFT,SOFTEST,False,1.0,31.0,31.0,True,False,True,False
2021_13_OCO_s2,2021_13,OCO,Alpine,2,MEDIUM,MIDDLE,True,32.0,71.0,40.0,False,True,False,True
2021_13_PER_s1,2021_13,PER,Red Bull Racing,1,HARD,HARDEST,True,1.0,8.0,8.0,True,False,True,False
2021_13_PER_s2,2021_13,PER,Red Bull Racing,2,MEDIUM,MIDDLE,True,9.0,47.0,39.0,True,False,True,True
2021_13_PER_s3,2021_13,PER,Red Bull Racing,3,SOFT,SOFTEST,True,48.0,71.0,24.0,False,True,False,False
2021_13_RIC_s1,2021_13,RIC,McLaren,1,SOFT,SOFTEST,False,1.0,30.0,30.0,True,False,True,False
2021_13_RIC_s2,2021_13,RIC,McLaren,2,HARD,HARDEST,True,31.0,71.0,41.0,False,True,False,True
2021_13_RUS_s1,2021_13,RUS,Williams,1,MEDIUM,MIDDLE,True,1.0,27.0,27.0,True,False,True,False
2021_13_RUS_s2,2021_13,RUS,Williams,2,HARD,HARDEST,True,28.0,68.0,41.0,True,False,True,True
2021_13_RUS_s3,2021_13,RUS,Williams,3,SOFT,SOFTEST,True,69.0,69.0,1.0,True,False,True,False
2021_13_SAI_s1,2021_13,SAI,Ferrari,1,SOFT,SOFTEST,False,1.0,31.0,31.0,True,False,True,False
2021_13_SAI_s2,2021_13,SAI,Ferrari,2,HARD,HARDEST,True,32.0,71.0,40.0,False,True,False,True
2021_13_STR_s1,2021_13,STR,Aston Martin,1,SOFT,SOFTEST,True,1.0,27.0,27.0,True,False,True,False
2021_13_STR_s2,2021_13,STR,Aston Martin,2,HARD,HARDEST,True,28.0,70.0,43.0,False,False,False,True
2021_13_TSU_s1,2021_13,TSU,AlphaTauri,1,SOFT,SOFTEST,True,1.0,31.0,31.0,True,False,True,False
2021_13_TSU_s2,2021_13,TSU,AlphaTauri,2,MEDIUM,MIDDLE,True,32.0,48.0,17.0,True,False,True,True
2021_13_VER_s1,2021_13,VER,Red Bull Racing,1,SOFT,SOFTEST,False,1.0,21.0,21.0,True,False,True,False
2021_13_VER_s2,2021_13,VER,Red Bull Racing,2,MEDIUM,MIDDLE,True,22.0,40.0,19.0,True,False,True,True
2021_13_VER_s3,2021_13,VER,Red Bull Racing,3,HARD,HARDEST,True,41.0,72.0,32.0,False,True,False,False
2021_13_VET_s1,2021_13,VET,Aston Martin,1,SOFT,SOFTEST,True,1.0,10.0,10.0,True,False,True,False
2021_13_VET_s2,2021_13,VET,Aston Martin,2,HARD,HARDEST,True,11.0,44.0,34.0,True,False,True,True
2021_13_VET_s3,2021_13,VET,Aston Martin,3,MEDIUM,MIDDLE,True,45.0,70.0,26.0,False,False,False,False
2021_14_ALO_s1,2021_14,ALO,Alpine,1,MEDIUM,MIDDLE,True,1.0,25.0,25.0,True,False,True,True
2021_14_ALO_s2,2021_14,ALO,Alpine,2,HARD,HARDEST,True,26.0,53.0,28.0,False,True,False,True
2021_14_BOT_s1,2021_14,BOT,Mercedes,1,HARD,HARDEST,True,1.0,26.0,26.0,True,False,True,True
2021_14_BOT_s2,2021_14,BOT,Mercedes,2,MEDIUM,MIDDLE,True,27.0,53.0,27.0,False,True,False,True
2021_14_GAS_s1,2021_14,GAS,AlphaTauri,1,HARD,HARDEST,True,1.0,3.0,3.0,True,False,True,True
2021_14_GIO_s1,2021_14,GIO,Alfa Romeo Racing,1,MEDIUM,MIDDLE,True,1.0,1.0,1.0,True,False,True,True
2021_14_GIO_s2,2021_14,GIO,Alfa Romeo Racing,2,HARD,HARDEST,True,2.0,25.0,24.0,True,False,True,True
2021_14_GIO_s3,2021_14,GIO,Alfa Romeo Racing,3,MEDIUM,MIDDLE,True,26.0,53.0,28.0,False,True,False,True
2021_14_HAM_s1,2021_14,HAM,Mercedes,1,HARD,HARDEST,True,1.0,25.0,25.0,True,False,True,True
2021_14_KUB_s1,2021_14,KUB,Alfa Romeo Racing,1,HARD,HARDEST,True,1.0,26.0,26.0,True,False,True,True
2021_14_KUB_s2,2021_14,KUB,Alfa Romeo Racing,2,MEDIUM,MIDDLE,True,27.0,53.0,27.0,False,True,False,True
2021_14_LAT_s1,2021_14,LAT,Williams,1,MEDIUM,MIDDLE,True,1.0,23.0,23.0,True,False,True,True
2021_14_LAT_s2,2021_14,LAT,Williams,2,HARD,HARDEST,True,24.0,53.0,30.0,False,True,False,True
2021_14_LEC_s1,2021_14,LEC,Ferrari,1,MEDIUM,MIDDLE,True,1.0,26.0,26.0,True,False,True,True
2021_14_LEC_s2,2021_14,LEC,Ferrari,2,HARD,HARDEST,True,27.0,53.0,27.0,False,True,False,True
2021_14_MAZ_s1,2021_14,MAZ,Haas F1 Team,1,MEDIUM,MIDDLE,True,1.0,24.0,24.0,True,False,True,True
2021_14_MAZ_s2,2021_14,MAZ,Haas F1 Team,2,SOFT,SOFTEST,False,25.0,28.0,4.0,True,False,True,True
2021_14_MAZ_s3,2021_14,MAZ,Haas F1 Team,3,HARD,HARDEST,True,29.0,39.0,11.0,True,False,True,True
2021_14_MAZ_s4,2021_14,MAZ,Haas F1 Team,4,SOFT,SOFTEST,True,40.0,42.0,3.0,False,False,False,True
2021_14_MSC_s1,2021_14,MSC,Haas F1 Team,1,MEDIUM,MIDDLE,True,1.0,23.0,23.0,True,False,True,True
2021_14_MSC_s2,2021_14,MSC,Haas F1 Team,2,HARD,HARDEST,True,24.0,53.0,30.0,False,True,False,True
2021_14_NOR_s1,2021_14,NOR,McLaren,1,MEDIUM,MIDDLE,True,1.0,24.0,24.0,True,False,True,True
2021_14_NOR_s2,2021_14,NOR,McLaren,2,HARD,HARDEST,True,25.0,53.0,29.0,False,True,False,True
2021_14_OCO_s1,2021_14,OCO,Alpine,1,MEDIUM,MIDDLE,True,1.0,26.0,26.0,True,False,True,True
2021_14_OCO_s2,2021_14,OCO,Alpine,2,HARD,HARDEST,True,27.0,53.0,27.0,False,True,False,True
2021_14_PER_s1,2021_14,PER,Red Bull Racing,1,MEDIUM,MIDDLE,True,1.0,26.0,26.0,True,False,True,True
2021_14_PER_s2,2021_14,PER,Red Bull Racing,2,HARD,HARDEST,True,27.0,53.0,27.0,False,True,False,True
2021_14_RIC_s1,2021_14,RIC,McLaren,1,MEDIUM,MIDDLE,True,1.0,22.0,22.0,True,False,True,True
2021_14_RIC_s2,2021_14,RIC,McLaren,2,HARD,HARDEST,True,23.0,53.0,31.0,False,True,False,True
2021_14_RUS_s1,2021_14,RUS,Williams,1,MEDIUM,MIDDLE,True,1.0,26.0,26.0,True,False,True,True
2021_14_RUS_s2,2021_14,RUS,Williams,2,HARD,HARDEST,True,27.0,53.0,27.0,False,True,False,True
2021_14_SAI_s1,2021_14,SAI,Ferrari,1,MEDIUM,MIDDLE,True,1.0,26.0,26.0,True,False,True,True
2021_14_SAI_s2,2021_14,SAI,Ferrari,2,HARD,HARDEST,True,27.0,53.0,27.0,False,True,False,True
2021_14_STR_s1,2021_14,STR,Aston Martin,1,MEDIUM,MIDDLE,False,1.0,25.0,25.0,True,False,True,True
2021_14_STR_s2,2021_14,STR,Aston Martin,2,HARD,HARDEST,False,26.0,53.0,28.0,False,True,False,True
2021_14_VER_s1,2021_14,VER,Red Bull Racing,1,MEDIUM,MIDDLE,True,1.0,23.0,23.0,True,False,True,True
2021_14_VER_s2,2021_14,VER,Red Bull Racing,2,HARD,HARDEST,True,24.0,26.0,3.0,False,False,False,True
2021_14_VET_s1,2021_14,VET,Aston Martin,1,MEDIUM,MIDDLE,False,1.0,22.0,22.0,True,False,True,True
2021_14_VET_s2,2021_14,VET,Aston Martin,2,HARD,HARDEST,False,23.0,26.0,4.0,True,False,True,True
2021_14_VET_s3,2021_14,VET,Aston Martin,3,MEDIUM,MIDDLE,True,27.0,53.0,27.0,False,True,False,True
2021_15_ALO_s1,2021_15,ALO,Alpine,1,HARD,HARDEST,True,1.0,36.0,36.0,True,False,True,True
2021_15_ALO_s2,2021_15,ALO,Alpine,2,MEDIUM,MIDDLE,True,37.0,50.0,14.0,True,False,True,True
2021_15_ALO_s3,2021_15,ALO,Alpine,3,WET,WET,True,51.0,53.0,3.0,False,True,False,True
2021_15_BOT_s1,2021_15,BOT,Mercedes,1,HARD,HARDEST,True,1.0,28.0,28.0,True,False,True,True
2021_15_BOT_s2,2021_15,BOT,Mercedes,2,MEDIUM,MIDDLE,True,29.0,47.0,19.0,True,False,True,True
2021_15_BOT_s3,2021_15,BOT,Mercedes,3,WET,WET,True,48.0,53.0,6.0,False,True,False,True
2021_15_GAS_s1,2021_15,GAS,AlphaTauri,1,HARD,HARDEST,True,1.0,33.0,33.0,True,False,True,True
2021_15_GAS_s2,2021_15,GAS,AlphaTauri,2,MEDIUM,MIDDLE,True,34.0,50.0,17.0,True,False,True,True
2021_15_GAS_s3,2021_15,GAS,AlphaTauri,3,WET,WET,True,51.0,52.0,2.0,False,True,False,True
2021_15_GIO_s1,2021_15,GIO,Alfa Romeo Racing,1,HARD,HARDEST,True,1.0,36.0,36.0,True,False,True,True
2021_15_GIO_s2,2021_15,GIO,Alfa Romeo Racing,2,MEDIUM,MIDDLE,True,37.0,50.0,14.0,True,False,True,True
2021_15_GIO_s3,2021_15,GIO,Alfa Romeo Racing,3,WET,WET,True,51.0,52.0,2.0,False,True,False,False
2021_15_HAM_s1,2021_15,HAM,Mercedes,1,MEDIUM,MIDDLE,True,1.0,26.0,26.0,True,False,True,True
2021_15_HAM_s2,2021_15,HAM,Mercedes,2,HARD,HARDEST,True,27.0,49.0,23.0,True,False,True,True
2021_15_HAM_s3,2021_15,HAM,Mercedes,3,WET,WET,True,50.0,53.0,4.0,False,True,False,True
2021_15_LAT_s1,2021_15,LAT,Williams,1,MEDIUM,MIDDLE,True,1.0,13.0,13.0,True,False,True,True
2021_15_LAT_s2,2021_15,LAT,Williams,2,HARD,HARDEST,True,14.0,47.0,34.0,True,False,True,True
2021_15_LEC_s1,2021_15,LEC,Ferrari,1,HARD,HARDEST,True,1.0,35.0,35.0,True,False,True,True
2021_15_LEC_s2,2021_15,LEC,Ferrari,2,MEDIUM,MIDDLE,True,36.0,51.0,16.0,True,False,True,True
2021_15_LEC_s3,2021_15,LEC,Ferrari,3,WET,WET,True,52.0,52.0,1.0,False,True,False,False
2021_15_MAZ_s1,2021_15,MAZ,Haas F1 Team,1,MEDIUM,MIDDLE,True,1.0,14.0,14.0,True,False,True,True
2021_15_MAZ_s2,2021_15,MAZ,Haas F1 Team,2,HARD,HARDEST,True,15.0,46.0,32.0,True,False,True,True
2021_15_MAZ_s3,2021_15,MAZ,Haas F1 Team,3,WET,WET,True,47.0,51.0,5.0,False,False,False,True
2021_15_MSC_s1,2021_15,MSC,Haas F1 Team,1,MEDIUM,MIDDLE,True,1.0,20.0,20.0,True,False,True,True
2021_15_MSC_s2,2021_15,MSC,Haas F1 Team,2,HARD,HARDEST,True,21.0,32.0,12.0,True,False,True,False
2021_15_NOR_s1,2021_15,NOR,McLaren,1,MEDIUM,MIDDLE,True,1.0,28.0,28.0,True,False,True,True
2021_15_NOR_s2,2021_15,NOR,McLaren,2,HARD,HARDEST,True,29.0,51.0,23.0,True,False,True,True
2021_15_NOR_s3,2021_15,NOR,McLaren,3,WET,WET,False,52.0,53.0,2.0,False,True,False,False
2021_15_OCO_s1,2021_15,OCO,Alpine,1,MEDIUM,MIDDLE,True,1.0,15.0,15.0,True,False,True,True
2021_15_OCO_s2,2021_15,OCO,Alpine,2,HARD,HARDEST,True,16.0,50.0,35.0,True,False,True,True
2021_15_OCO_s3,2021_15,OCO,Alpine,3,WET,WET,True,51.0,52.0,2.0,False,True,False,False
2021_15_PER_s1,2021_15,PER,Red Bull Racing,1,HARD,HARDEST,True,1.0,36.0,36.0,True,False,True,True
2021_15_PER_s2,2021_15,PER,Red Bull Racing,2,MEDIUM,MIDDLE,True,37.0,50.0,14.0,True,False,True,True
2021_15_PER_s3,2021_15,PER,Red Bull Racing,3,WET,WET,True,51.0,53.0,3.0,False,True,False,True
2021_15_RAI_s1,2021_15,RAI,Alfa Romeo Racing,1,MEDIUM,MIDDLE,True,1.0,15.0,15.0,True,False,True,True
2021_15_RAI_s2,2021_15,RAI,Alfa Romeo Racing,2,HARD,HARDEST,True,16.0,47.0,32.0,True,False,True,True
2021_15_RAI_s3,2021_15,RAI,Alfa Romeo Racing,3,WET,WET,True,48.0,53.0,6.0,False,True,False,True
2021_15_RIC_s1,2021_15,RIC,McLaren,1,MEDIUM,MIDDLE,True,1.0,22.0,22.0,True,False,True,True
2021_15_RIC_s2,2021_15,RIC,McLaren,2,HARD,HARDEST,True,23.0,48.0,26.0,True,False,True,True
2021_15_RIC_s3,2021_15,RIC,McLaren,3,WET,WET,False,49.0,53.0,5.0,False,True,False,True
2021_15_RUS_s1,2021_15,RUS,Williams,1,MEDIUM,MIDDLE,True,1.0,13.0,13.0,True,False,True,True
2021_15_RUS_s2,2021_15,RUS,Williams,2,HARD,HARDEST,True,14.0,47.0,34.0,True,False,True,True
2021_15_RUS_s3,2021_15,RUS,Williams,3,WET,WET,False,48.0,53.0,6.0,False,True,False,True
2021_15_SAI_s1,2021_15,SAI,Ferrari,1,MEDIUM,MIDDLE,True,1.0,14.0,14.0,True,False,True,True
2021_15_SAI_s2,2021_15,SAI,Ferrari,2,HARD,HARDEST,True,15.0,48.0,34.0,True,False,True,True
2021_15_SAI_s3,2021_15,SAI,Ferrari,3,WET,WET,False,49.0,53.0,5.0,False,True,False,True
2021_15_STR_s1,2021_15,STR,Aston Martin,1,MEDIUM,MIDDLE,True,1.0,12.0,12.0,True,False,True,True
2021_15_STR_s2,2021_15,STR,Aston Martin,2,HARD,HARDEST,True,13.0,48.0,36.0,True,False,True,True
2021_15_STR_s3,2021_15,STR,Aston Martin,3,WET,WET,True,49.0,53.0,5.0,False,True,False,True
2021_15_TSU_s1,2021_15,TSU,AlphaTauri,1,MEDIUM,MIDDLE,True,1.0,13.0,13.0,True,False,True,True
2021_15_TSU_s2,2021_15,TSU,AlphaTauri,2,HARD,HARDEST,True,14.0,47.0,34.0,True,False,True,True
2021_15_TSU_s3,2021_15,TSU,AlphaTauri,3,SOFT,SOFTEST,True,48.0,49.0,2.0,True,False,True,True
2021_15_TSU_s4,2021_15,TSU,AlphaTauri,4,WET,WET,False,50.0,52.0,3.0,False,True,False,True
2021_15_VER_s1,2021_15,VER,Red Bull Racing,1,HARD,HARDEST,True,1.0,26.0,26.0,True,False,True,True
2021_15_VER_s2,2021_15,VER,Red Bull Racing,2,MEDIUM,MIDDLE,True,27.0,48.0,22.0,True,False,True,True
2021_15_VER_s3,2021_15,VER,Red Bull Racing,3,WET,WET,True,49.0,53.0,5.0,False,True,False,True
2021_15_VET_s1,2021_15,VET,Aston Martin,1,MEDIUM,MIDDLE,True,1.0,26.0,26.0,True,False,True,True
2021_15_VET_s2,2021_15,VET,Aston Martin,2,HARD,HARDEST,True,27.0,50.0,24.0,True,False,True,True
2021_15_VET_s3,2021_15,VET,Aston Martin,3,WET,WET,True,51.0,52.0,2.0,False,True,False,True
2021_16_ALO_s1,2021_16,ALO,Alpine,1,WET,WET,True,1.0,30.0,30.0,True,False,True,True
2021_16_ALO_s2,2021_16,ALO,Alpine,2,WET,WET,True,31.0,57.0,27.0,False,True,False,True
2021_16_BOT_s1,2021_16,BOT,Mercedes,1,WET,WET,True,1.0,37.0,37.0,True,False,True,True
2021_16_BOT_s2,2021_16,BOT,Mercedes,2,WET,WET,True,38.0,58.0,21.0,False,True,False,True
2021_16_GAS_s1,2021_16,GAS,AlphaTauri,1,WET,WET,True,1.0,39.0,39.0,True,False,True,True
2021_16_GAS_s2,2021_16,GAS,AlphaTauri,2,WET,WET,True,40.0,58.0,19.0,False,True,False,False
2021_16_GIO_s1,2021_16,GIO,Alfa Romeo Racing,1,WET,WET,True,1.0,40.0,40.0,True,False,True,True
2021_16_GIO_s2,2021_16,GIO,Alfa Romeo Racing,2,WET,WET,True,41.0,57.0,17.0,False,True,False,False
2021_16_HAM_s1,2021_16,HAM,Mercedes,1,WET,WET,True,1.0,50.0,50.0,True,False,True,True
2021_16_HAM_s2,2021_16,HAM,Mercedes,2,WET,WET,True,51.0,58.0,8.0,False,True,False,False
2021_16_LAT_s1,2021_16,LAT,Williams,1,WET,WET,True,1.0,34.0,34.0,True,False,True,True
2021_16_LAT_s2,2021_16,LAT,Williams,2,WET,WET,True,35.0,57.0,23.0,False,True,False,True
2021_16_LEC_s1,2021_16,LEC,Ferrari,1,WET,WET,True,1.0,47.0,47.0,True,False,True,True
2021_16_LEC_s2,2021_16,LEC,Ferrari,2,WET,WET,True,48.0,58.0,11.0,False,True,False,False
2021_16_MAZ_s1,2021_16,MAZ,Haas F1 Team,1,WET,WET,True,1.0,35.0,35.0,True,False,True,True
2021_16_MAZ_s2,2021_16,MAZ,Haas F1 Team,2,WET,WET,True,36.0,56.0,21.0,False,False,False,True
2021_16_MSC_s1,2021_16,MSC,Haas F1 Team,1,WET,WET,True,1.0,39.0,39.0,True,False,True,True
2021_16_MSC_s2,2021_16,MSC,Haas F1 Team,2,WET,WET,True,40.0,56.0,17.0,False,False,False,False
2021_16_NOR_s1,2021_16,NOR,McLaren,1,WET,WET,True,1.0,34.0,34.0,True,False,True,True
2021_16_NOR_s2,2021_16,NOR,McLaren,2,WET,WET,True,35.0,58.0,24.0,False,True,False,True
2021_16_OCO_s1,2021_16,OCO,Alpine,1,WET,WET,True,1.0,57.0,57.0,False,True,False,True
2021_16_PER_s1,2021_16,PER,Red Bull Racing,1,WET,WET,True,1.0,37.0,37.0,True,False,True,True
2021_16_PER_s2,2021_16,PER,Red Bull Racing,2,WET,WET,True,38.0,58.0,21.0,False,True,False,True
2021_16_RAI_s1,2021_16,RAI,Alfa Romeo Racing,1,WET,WET,True,1.0,37.0,37.0,True,False,True,True
2021_16_RAI_s2,2021_16,RAI,Alfa Romeo Racing,2,WET,WET,True,38.0,57.0,20.0,False,True,False,False
2021_16_RIC_s1,2021_16,RIC,McLaren,1,WET,WET,True,1.0,21.0,21.0,True,False,True,True
2021_16_RIC_s2,2021_16,RIC,McLaren,2,WET,WET,True,22.0,57.0,36.0,False,True,False,True
2021_16_RUS_s1,2021_16,RUS,Williams,1,WET,WET,True,1.0,35.0,35.0,True,False,True,True
2021_16_RUS_s2,2021_16,RUS,Williams,2,WET,WET,True,36.0,57.0,22.0,False,True,False,True
2021_16_SAI_s1,2021_16,SAI,Ferrari,1,WET,WET,True,1.0,36.0,36.0,True,False,True,True
2021_16_SAI_s2,2021_16,SAI,Ferrari,2,WET,WET,True,37.0,58.0,22.0,False,True,False,True
2021_16_STR_s1,2021_16,STR,Aston Martin,1,WET,WET,True,1.0,39.0,39.0,True,False,True,True
2021_16_STR_s2,2021_16,STR,Aston Martin,2,WET,WET,True,40.0,58.0,19.0,False,True,False,False
2021_16_TSU_s1,2021_16,TSU,AlphaTauri,1,WET,WET,True,1.0,35.0,35.0,True,False,True,True
2021_16_TSU_s2,2021_16,TSU,AlphaTauri,2,WET,WET,True,36.0,57.0,22.0,False,True,False,True
2021_16_VER_s1,2021_16,VER,Red Bull Racing,1,WET,WET,True,1.0,36.0,36.0,True,False,True,True
2021_16_VER_s2,2021_16,VER,Red Bull Racing,2,WET,WET,True,37.0,58.0,22.0,False,True,False,True
2021_16_VET_s1,2021_16,VET,Aston Martin,1,WET,WET,True,1.0,36.0,36.0,True,False,True,True
2021_16_VET_s2,2021_16,VET,Aston Martin,2,MEDIUM,SOFTEST,False,37.0,37.0,1.0,True,False,True,True
2021_16_VET_s3,2021_16,VET,Aston Martin,3,WET,WET,True,38.0,57.0,20.0,False,True,False,False
2021_17_ALO_s1,2021_17,ALO,Alpine,1,MEDIUM,MIDDLE,True,1.0,7.0,7.0,True,False,True,True
2021_17_ALO_s2,2021_17,ALO,Alpine,2,HARD,HARDEST,True,8.0,28.0,21.0,True,False,True,True
2021_17_ALO_s3,2021_17,ALO,Alpine,3,HARD,HARDEST,True,29.0,39.0,11.0,True,False,True,False
2021_17_ALO_s4,2021_17,ALO,Alpine,4,MEDIUM,MIDDLE,True,40.0,49.0,10.0,True,False,True,False
2021_17_BOT_s1,2021_17,BOT,Mercedes,1,MEDIUM,MIDDLE,False,1.0,15.0,15.0,True,False,True,True
2021_17_BOT_s2,2021_17,BOT,Mercedes,2,HARD,HARDEST,True,16.0,34.0,19.0,True,False,True,True
2021_17_BOT_s3,2021_17,BOT,Mercedes,3,HARD,HARDEST,True,35.0,56.0,22.0,False,True,False,True
2021_17_GAS_s1,2021_17,GAS,AlphaTauri,1,MEDIUM,MIDDLE,False,1.0,10.0,10.0,True,False,True,True
2021_17_GAS_s2,2021_17,GAS,AlphaTauri,2,HARD,HARDEST,True,11.0,14.0,4.0,True,False,True,False
2021_17_GIO_s1,2021_17,GIO,Alfa Romeo Racing,1,MEDIUM,MIDDLE,True,1.0,8.0,8.0,True,False,True,True
2021_17_GIO_s2,2021_17,GIO,Alfa Romeo Racing,2,MEDIUM,MIDDLE,False,9.0,26.0,18.0,True,False,True,False
2021_17_GIO_s3,2021_17,GIO,Alfa Romeo Racing,3,HARD,HARDEST,True,27.0,55.0,29.0,False,True,False,True
2021_17_HAM_s1,2021_17,HAM,Mercedes,1,MEDIUM,MIDDLE,False,1.0,13.0,13.0,True,False,True,True
2021_17_HAM_s2,2021_17,HAM,Mercedes,2,HARD,HARDEST,True,14.0,37.0,24.0,True,False,True,True
2021_17_HAM_s3,2021_17,HAM,Mercedes,3,HARD,HARDEST,True,38.0,56.0,19.0,False,True,False,True
2021_17_LAT_s1,2021_17,LAT,Williams,1,MEDIUM,MIDDLE,True,1.0,5.0,5.0,True,False,True,True
2021_17_LAT_s2,2021_17,LAT,Williams,2,HARD,HARDEST,True,6.0,25.0,20.0,True,False,True,False
2021_17_LAT_s3,2021_17,LAT,Williams,3,HARD,HARDEST,True,26.0,55.0,30.0,False,True,False,True
2021_17_LEC_s1,2021_17,LEC,Ferrari,1,MEDIUM,MIDDLE,False,1.0,12.0,12.0,True,False,True,True
2021_17_LEC_s2,2021_17,LEC,Ferrari,2,HARD,HARDEST,True,13.0,32.0,20.0,True,False,True,True
2021_17_LEC_s3,2021_17,LEC,Ferrari,3,HARD,HARDEST,True,33.0,56.0,24.0,False,True,False,True
2021_17_MAZ_s1,2021_17,MAZ,Haas F1 Team,1,MEDIUM,MIDDLE,True,1.0,1.0,1.0,True,False,True,True
2021_17_MAZ_s2,2021_17,MAZ,Haas F1 Team,2,HARD,HARDEST,True,2.0,24.0,23.0,True,False,True,False
2021_17_MAZ_s3,2021_17,MAZ,Haas F1 Team,3,MEDIUM,MIDDLE,True,25.0,37.0,13.0,True,False,True,True
2021_17_MAZ_s4,2021_17,MAZ,Haas F1 Team,4,MEDIUM,MIDDLE,False,38.0,54.0,17.0,False,False,False,True
2021_17_MSC_s1,2021_17,MSC,Haas F1 Team,1,MEDIUM,MIDDLE,True,1.0,11.0,11.0,True,False,True,True
2021_17_MSC_s2,2021_17,MSC,Haas F1 Team,2,HARD,HARDEST,True,12.0,34.0,23.0,True,False,True,True
2021_17_MSC_s3,2021_17,MSC,Haas F1 Team,3,MEDIUM,MIDDLE,True,35.0,54.0,20.0,False,False,False,True
2021_17_NOR_s1,2021_17,NOR,McLaren,1,MEDIUM,MIDDLE,False,1.0,10.0,10.0,True,False,True,True
2021_17_NOR_s2,2021_17,NOR,McLaren,2,HARD,HARDEST,True,11.0,30.0,20.0,True,False,True,True
2021_17_NOR_s3,2021_17,NOR,McLaren,3,HARD,HARDEST,True,31.0,56.0,26.0,False,True,False,True
2021_17_OCO_s1,2021_17,OCO,Alpine,1,MEDIUM,MIDDLE,False,1.0,3.0,3.0,True,False,True,True
2021_17_OCO_s2,2021_17,OCO,Alpine,2,HARD,HARDEST,True,4.0,25.0,22.0,True,False,True,False
2021_17_OCO_s3,2021_17,OCO,Alpine,3,MEDIUM,MIDDLE,False,26.0,40.0,15.0,True,False,True,True
2021_17_PER_s1,2021_17,PER,Red Bull Racing,1,MEDIUM,MIDDLE,False,1.0,12.0,12.0,True,False,True,True
2021_17_PER_s2,2021_17,PER,Red Bull Racing,2,MEDIUM,MIDDLE,False,13.0,30.0,18.0,True,False,True,True
2021_17_PER_s3,2021_17,PER,Red Bull Racing,3,HARD,HARDEST,True,31.0,56.0,26.0,False,True,False,True
2021_17_RAI_s1,2021_17,RAI,Alfa Romeo Racing,1,MEDIUM,MIDDLE,True,1.0,12.0,12.0,True,False,True,True
2021_17_RAI_s2,2021_17,RAI,Alfa Romeo Racing,2,MEDIUM,MIDDLE,True,13.0,31.0,19.0,True,False,True,True
2021_17_RAI_s3,2021_17,RAI,Alfa Romeo Racing,3,HARD,HARDEST,True,32.0,55.0,24.0,False,True,False,True
2021_17_RIC_s1,2021_17,RIC,McLaren,1,MEDIUM,MIDDLE,False,1.0,11.0,11.0,True,False,True,True
2021_17_RIC_s2,2021_17,RIC,McLaren,2,HARD,HARDEST,True,12.0,30.0,19.0,True,False,True,True
2021_17_RIC_s3,2021_17,RIC,McLaren,3,HARD,HARDEST,True,31.0,56.0,26.0,False,True,False,True
2021_17_RUS_s1,2021_17,RUS,Williams,1,MEDIUM,MIDDLE,True,1.0,9.0,9.0,True,False,True,True
2021_17_RUS_s2,2021_17,RUS,Williams,2,HARD,HARDEST,True,10.0,31.0,22.0,True,False,True,True
2021_17_RUS_s3,2021_17,RUS,Williams,3,HARD,HARDEST,True,32.0,55.0,24.0,False,True,False,True
2021_17_SAI_s1,2021_17,SAI,Ferrari,1,SOFT,SOFTEST,False,1.0,11.0,11.0,True,False,True,True
2021_17_SAI_s2,2021_17,SAI,Ferrari,2,HARD,HARDEST,True,12.0,29.0,18.0,True,False,True,True
2021_17_SAI_s3,2021_17,SAI,Ferrari,3,HARD,HARDEST,True,30.0,56.0,27.0,False,True,False,True
2021_17_STR_s1,2021_17,STR,Aston Martin,1,MEDIUM,MIDDLE,True,1.0,18.0,18.0,True,False,True,True
2021_17_STR_s2,2021_17,STR,Aston Martin,2,MEDIUM,MIDDLE,True,19.0,34.0,16.0,True,False,True,True
2021_17_STR_s3,2021_17,STR,Aston Martin,3,HARD,HARDEST,True,35.0,55.0,21.0,False,True,False,True
2021_17_TSU_s1,2021_17,TSU,AlphaTauri,1,SOFT,SOFTEST,False,1.0,9.0,9.0,True,False,True,True
2021_17_TSU_s2,2021_17,TSU,AlphaTauri,2,HARD,HARDEST,True,10.0,32.0,23.0,True,False,True,True
2021_17_TSU_s3,2021_17,TSU,AlphaTauri,3,HARD,HARDEST,True,33.0,55.0,23.0,False,True,False,True
2021_17_VER_s1,2021_17,VER,Red Bull Racing,1,MEDIUM,MIDDLE,False,1.0,10.0,10.0,True,False,True,True
2021_17_VER_s2,2021_17,VER,Red Bull Racing,2,HARD,HARDEST,True,11.0,29.0,19.0,True,False,True,True
2021_17_VER_s3,2021_17,VER,Red Bull Racing,3,HARD,HARDEST,True,30.0,56.0,27.0,False,True,False,True
2021_17_VET_s1,2021_17,VET,Aston Martin,1,MEDIUM,MIDDLE,False,1.0,17.0,17.0,True,False,True,True
2021_17_VET_s2,2021_17,VET,Aston Martin,2,MEDIUM,MIDDLE,False,18.0,38.0,21.0,True,False,True,True
2021_17_VET_s3,2021_17,VET,Aston Martin,3,HARD,HARDEST,True,39.0,55.0,17.0,False,True,False,True
2021_18_ALO_s1,2021_18,ALO,Alpine,1,MEDIUM,MIDDLE,True,1.0,39.0,39.0,True,False,True,True
2021_18_ALO_s2,2021_18,ALO,Alpine,2,HARD,HARDEST,True,40.0,70.0,31.0,False,True,False,False
2021_18_BOT_s1,2021_18,BOT,Mercedes,1,MEDIUM,MIDDLE,False,1.0,1.0,1.0,True,False,True,True
2021_18_BOT_s2,2021_18,BOT,Mercedes,2,HARD,HARDEST,True,2.0,40.0,39.0,True,False,True,True
2021_18_BOT_s3,2021_18,BOT,Mercedes,3,MEDIUM,MIDDLE,True,41.0,63.0,23.0,True,False,True,False
2021_18_BOT_s4,2021_18,BOT,Mercedes,4,SOFT,SOFTEST,False,64.0,67.0,4.0,True,False,True,False
2021_18_BOT_s5,2021_18,BOT,Mercedes,5,SOFT,SOFTEST,False,68.0,69.0,2.0,False,False,False,False
2021_18_GAS_s1,2021_18,GAS,AlphaTauri,1,MEDIUM,MIDDLE,False,1.0,31.0,31.0,True,False,True,True
2021_18_GAS_s2,2021_18,GAS,AlphaTauri,2,HARD,HARDEST,True,32.0,71.0,40.0,False,True,False,False
2021_18_GIO_s1,2021_18,GIO,Alfa Romeo Racing,1,MEDIUM,MIDDLE,False,1.0,16.0,16.0,True,False,True,True
2021_18_GIO_s2,2021_18,GIO,Alfa Romeo Racing,2,HARD,HARDEST,True,17.0,70.0,54.0,False,True,False,False
2021_18_HAM_s1,2021_18,HAM,Mercedes,1,MEDIUM,MIDDLE,False,1.0,29.0,29.0,True,False,True,True
2021_18_HAM_s2,2021_18,HAM,Mercedes,2,HARD,HARDEST,True,30.0,71.0,42.0,False,True,False,False
2021_18_LAT_s1,2021_18,LAT,Williams,1,MEDIUM,MIDDLE,True,1.0,11.0,11.0,True,False,True,True
2021_18_LAT_s2,2021_18,LAT,Williams,2,HARD,HARDEST,True,12.0,49.0,38.0,True,False,True,False
2021_18_LAT_s3,2021_18,LAT,Williams,3,MEDIUM,MIDDLE,False,50.0,69.0,20.0,False,False,False,False
2021_18_LEC_s1,2021_18,LEC,Ferrari,1,MEDIUM,MIDDLE,False,1.0,30.0,30.0,True,False,True,True
2021_18_LEC_s2,2021_18,LEC,Ferrari,2,HARD,HARDEST,True,31.0,71.0,41.0,False,True,False,False
2021_18_MAZ_s1,2021_18,MAZ,Haas F1 Team,1,MEDIUM,MIDDLE,True,1.0,13.0,13.0,True,False,True,True
2021_18_MAZ_s2,2021_18,MAZ,Haas F1 Team,2,HARD,HARDEST,True,14.0,58.0,45.0,True,False,True,False
2021_18_MAZ_s3,2021_18,MAZ,Haas F1 Team,3,MEDIUM,MIDDLE,False,59.0,68.0,10.0,False,False,False,False
2021_18_MSC_s1,2021_18,MSC,Haas F1 Team,1,MEDIUM,MIDDLE,True,1.0,1.0,1.0,False,False,False,True
2021_18_NOR_s1,2021_18,NOR,McLaren,1,MEDIUM,MIDDLE,False,1.0,44.0,44.0,True,False,True,True
2021_18_NOR_s2,2021_18,NOR,McLaren,2,HARD,HARDEST,True,45.0,70.0,26.0,False,True,False,False
2021_18_OCO_s1,2021_18,OCO,Alpine,1,SOFT,SOFTEST,True,1.0,14.0,14.0,True,False,True,True
2021_18_OCO_s2,2021_18,OCO,Alpine,2,HARD,HARDEST,True,15.0,70.0,56.0,False,True,False,False
2021_18_PER_s1,2021_18,PER,Red Bull Racing,1,MEDIUM,MIDDLE,False,1.0,40.0,40.0,True,False,True,True
2021_18_PER_s2,2021_18,PER,Red Bull Racing,2,HARD,HARDEST,True,41.0,71.0,31.0,False,True,False,False
2021_18_RAI_s1,2021_18,RAI,Alfa Romeo Racing,1,MEDIUM,MIDDLE,False,1.0,32.0,32.0,True,False,True,True
2021_18_RAI_s2,2021_18,RAI,Alfa Romeo Racing,2,HARD,HARDEST,True,33.0,70.0,38.0,False,True,False,False
2021_18_RIC_s1,2021_18,RIC,McLaren,1,MEDIUM,MIDDLE,False,1.0,1.0,1.0,True,False,True,True
2021_18_RIC_s2,2021_18,RIC,McLaren,2,HARD,HARDEST,True,2.0,38.0,37.0,True,False,True,True
2021_18_RIC_s3,2021_18,RIC,McLaren,3,MEDIUM,MIDDLE,False,39.0,70.0,32.0,False,True,False,False
2021_18_RUS_s1,2021_18,RUS,Williams,1,MEDIUM,MIDDLE,True,1.0,15.0,15.0,True,False,True,True
2021_18_RUS_s2,2021_18,RUS,Williams,2,HARD,HARDEST,True,16.0,69.0,54.0,False,False,False,False
2021_18_SAI_s1,2021_18,SAI,Ferrari,1,MEDIUM,MIDDLE,False,1.0,42.0,42.0,True,False,True,True
2021_18_SAI_s2,2021_18,SAI,Ferrari,2,HARD,HARDEST,True,43.0,70.0,28.0,False,True,False,False
2021_18_STR_s1,2021_18,STR,Aston Martin,1,MEDIUM,MIDDLE,False,1.0,12.0,12.0,True,False,True,True
2021_18_STR_s2,2021_18,STR,Aston Martin,2,HARD,HARDEST,True,13.0,34.0,22.0,True,False,True,False
2021_18_STR_s3,2021_18,STR,Aston Martin,3,MEDIUM,MIDDLE,False,35.0,69.0,35.0,False,False,False,False
2021_18_TSU_s1,2021_18,TSU,AlphaTauri,1,SOFT,SOFTEST,False,1.0,1.0,1.0,False,False,False,True
2021_18_VER_s1,2021_18,VER,Red Bull Racing,1,MEDIUM,MIDDLE,False,1.0,33.0,33.0,True,False,True,True
2021_18_VER_s2,2021_18,VER,Red Bull Racing,2,HARD,HARDEST,True,34.0,71.0,38.0,False,True,False,False
2021_18_VET_s1,2021_18,VET,Aston Martin,1,MEDIUM,MIDDLE,False,1.0,33.0,33.0,True,False,True,True
2021_18_VET_s2,2021_18,VET,Aston Martin,2,HARD,HARDEST,True,34.0,70.0,37.0,False,True,False,False
2021_19_ALO_s1,2021_19,ALO,Alpine,1,MEDIUM,MIDDLE,True,1.0,7.0,7.0,True,False,True,True
2021_19_ALO_s2,2021_19,ALO,Alpine,2,MEDIUM,MIDDLE,False,8.0,8.0,1.0,True,False,True,True
2021_19_ALO_s3,2021_19,ALO,Alpine,3,MEDIUM,MIDDLE,False,9.0,34.0,26.0,True,False,True,True
2021_19_ALO_s4,2021_19,ALO,Alpine,4,HARD,HARDEST,True,35.0,70.0,36.0,False,True,False,False
2021_19_BOT_s1,2021_19,BOT,Mercedes,1,MEDIUM,MIDDLE,True,1.0,7.0,7.0,True,False,True,True
2021_19_BOT_s2,2021_19,BOT,Mercedes,2,MEDIUM,MIDDLE,False,8.0,8.0,1.0,True,False,True,True
2021_19_BOT_s3,2021_19,BOT,Mercedes,3,MEDIUM,MIDDLE,False,9.0,30.0,22.0,True,False,True,True
2021_19_BOT_s4,2021_19,BOT,Mercedes,4,HARD,HARDEST,True,31.0,41.0,11.0,True,False,True,True
2021_19_BOT_s5,2021_19,BOT,Mercedes,5,HARD,HARDEST,True,42.0,71.0,30.0,False,True,False,False
2021_19_GAS_s1,2021_19,GAS,AlphaTauri,1,MEDIUM,MIDDLE,True,1.0,7.0,7.0,True,False,True,True
2021_19_GAS_s2,2021_19,GAS,AlphaTauri,2,MEDIUM,MIDDLE,False,8.0,8.0,1.0,True,False,True,True
2021_19_GAS_s3,2021_19,GAS,AlphaTauri,3,MEDIUM,MIDDLE,False,9.0,25.0,17.0,True,False,True,True
2021_19_GAS_s4,2021_19,GAS,AlphaTauri,4,HARD,HARDEST,True,26.0,51.0,26.0,True,False,True,True
2021_19_GAS_s5,2021_19,GAS,AlphaTauri,5,HARD,HARDEST,True,52.0,70.0,19.0,False,True,False,False
2021_19_GIO_s1,2021_19,GIO,Alfa Romeo Racing,1,MEDIUM,MIDDLE,True,1.0,7.0,7.0,True,False,True,True
2021_19_GIO_s2,2021_19,GIO,Alfa Romeo Racing,2,MEDIUM,MIDDLE,False,8.0,8.0,1.0,True,False,True,True
2021_19_GIO_s3,2021_19,GIO,Alfa Romeo Racing,3,MEDIUM,MIDDLE,False,9.0,29.0,21.0,True,False,True,True
2021_19_GIO_s4,2021_19,GIO,Alfa Romeo Racing,4,HARD,HARDEST,True,30.0,42.0,13.0,True,False,True,True
2021_19_GIO_s5,2021_19,GIO,Alfa Romeo Racing,5,MEDIUM,MIDDLE,True,43.0,70.0,28.0,False,True,False,False
2021_19_HAM_s1,2021_19,HAM,Mercedes,1,MEDIUM,MIDDLE,True,1.0,7.0,7.0,True,False,True,True
2021_19_HAM_s2,2021_19,HAM,Mercedes,2,MEDIUM,MIDDLE,False,8.0,8.0,1.0,True,False,True,True
2021_19_HAM_s3,2021_19,HAM,Mercedes,3,MEDIUM,MIDDLE,False,9.0,26.0,18.0,True,False,True,True
2021_19_HAM_s4,2021_19,HAM,Mercedes,4,HARD,HARDEST,True,27.0,43.0,17.0,True,False,True,True
2021_19_HAM_s5,2021_19,HAM,Mercedes,5,HARD,HARDEST,True,44.0,71.0,28.0,False,True,False,False
2021_19_LAT_s1,2021_19,LAT,Williams,1,MEDIUM,MIDDLE,True,1.0,7.0,7.0,True,False,True,True
2021_19_LAT_s2,2021_19,LAT,Williams,2,MEDIUM,MIDDLE,False,8.0,8.0,1.0,True,False,True,True
2021_19_LAT_s3,2021_19,LAT,Williams,3,MEDIUM,MIDDLE,False,9.0,13.0,5.0,True,False,True,True
2021_19_LAT_s4,2021_19,LAT,Williams,4,HARD,HARDEST,True,14.0,39.0,26.0,True,False,True,True
2021_19_LAT_s5,2021_19,LAT,Williams,5,HARD,HARDEST,True,40.0,70.0,31.0,False,True,False,False
2021_19_LEC_s1,2021_19,LEC,Ferrari,1,MEDIUM,MIDDLE,True,1.0,7.0,7.0,True,False,True,True
2021_19_LEC_s2,2021_19,LEC,Ferrari,2,MEDIUM,MIDDLE,False,8.0,8.0,1.0,True,False,True,True
2021_19_LEC_s3,2021_19,LEC,Ferrari,3,MEDIUM,MIDDLE,False,9.0,27.0,19.0,True,False,True,True
2021_19_LEC_s4,2021_19,LEC,Ferrari,4,MEDIUM,MIDDLE,True,28.0,52.0,25.0,True,False,True,True
2021_19_LEC_s5,2021_19,LEC,Ferrari,5,HARD,HARDEST,True,53.0,71.0,19.0,False,True,False,False
2021_19_MAZ_s1,2021_19,MAZ,Haas F1 Team,1,MEDIUM,MIDDLE,True,1.0,7.0,7.0,True,False,True,True
2021_19_MAZ_s2,2021_19,MAZ,Haas F1 Team,2,MEDIUM,MIDDLE,False,8.0,8.0,1.0,True,False,True,True
2021_19_MAZ_s3,2021_19,MAZ,Haas F1 Team,3,MEDIUM,MIDDLE,False,9.0,34.0,26.0,True,False,True,True
2021_19_MAZ_s4,2021_19,MAZ,Haas F1 Team,4,HARD,HARDEST,True,35.0,69.0,35.0,False,False,False,False
2021_19_MSC_s1,2021_19,MSC,Haas F1 Team,1,MEDIUM,MIDDLE,True,1.0,7.0,7.0,True,False,True,True
2021_19_MSC_s2,2021_19,MSC,Haas F1 Team,2,MEDIUM,MIDDLE,False,8.0,8.0,1.0,True,False,True,True
2021_19_MSC_s3,2021_19,MSC,Haas F1 Team,3,MEDIUM,MIDDLE,False,9.0,11.0,3.0,True,False,True,True
2021_19_MSC_s4,2021_19,MSC,Haas F1 Team,4,HARD,HARDEST,True,12.0,29.0,18.0,True,False,True,True
2021_19_MSC_s5,2021_19,MSC,Haas F1 Team,5,MEDIUM,MIDDLE,True,30.0,61.0,32.0,True,False,True,True
2021_19_MSC_s6,2021_19,MSC,Haas F1 Team,6,MEDIUM,MIDDLE,False,62.0,69.0,8.0,False,False,False,False
2021_19_NOR_s1,2021_19,NOR,McLaren,1,MEDIUM,MIDDLE,True,1.0,1.0,1.0,True,False,True,False
2021_19_NOR_s2,2021_19,NOR,McLaren,2,HARD,HARDEST,True,2.0,6.0,5.0,True,False,True,True
2021_19_NOR_s3,2021_19,NOR,McLaren,3,HARD,HARDEST,False,7.0,7.0,1.0,True,False,True,True
2021_19_NOR_s4,2021_19,NOR,McLaren,4,HARD,HARDEST,False,8.0,8.0,1.0,True,False,True,True
2021_19_NOR_s5,2021_19,NOR,McLaren,5,HARD,HARDEST,False,9.0,37.0,29.0,True,False,True,True
2021_19_NOR_s6,2021_19,NOR,McLaren,6,HARD,HARDEST,False,38.0,70.0,33.0,False,True,False,False
2021_19_OCO_s1,2021_19,OCO,Alpine,1,MEDIUM,MIDDLE,True,1.0,7.0,7.0,True,False,True,True
2021_19_OCO_s2,2021_19,OCO,Alpine,2,MEDIUM,MIDDLE,False,8.0,8.0,1.0,True,False,True,True
2021_19_OCO_s3,2021_19,OCO,Alpine,3,MEDIUM,MIDDLE,False,9.0,30.0,22.0,True,False,True,True
2021_19_OCO_s4,2021_19,OCO,Alpine,4,HARD,HARDEST,True,31.0,70.0,40.0,False,True,False,True
2021_19_PER_s1,2021_19,PER,Red Bull Racing,1,MEDIUM,MIDDLE,True,1.0,7.0,7.0,True,False,True,True
2021_19_PER_s2,2021_19,PER,Red Bull Racing,2,MEDIUM,MIDDLE,False,8.0,8.0,1.0,True,False,True,True
2021_19_PER_s3,2021_19,PER,Red Bull Racing,3,MEDIUM,MIDDLE,False,9.0,28.0,20.0,True,False,True,True
2021_19_PER_s4,2021_19,PER,Red Bull Racing,4,HARD,HARDEST,True,29.0,42.0,14.0,True,False,True,True
2021_19_PER_s5,2021_19,PER,Red Bull Racing,5,HARD,HARDEST,True,43.0,69.0,27.0,True,False,True,False
2021_19_PER_s6,2021_19,PER,Red Bull Racing,6,SOFT,SOFTEST,False,70.0,71.0,2.0,False,True,False,False
2021_19_RAI_s1,2021_19,RAI,Alfa Romeo Racing,1,MEDIUM,MIDDLE,True,1.0,7.0,7.0,True,False,True,True
2021_19_RAI_s2,2021_19,RAI,Alfa Romeo Racing,2,MEDIUM,MIDDLE,False,8.0,8.0,1.0,True,False,True,True
2021_19_RAI_s3,2021_19,RAI,Alfa Romeo Racing,3,MEDIUM,MIDDLE,False,9.0,28.0,20.0,True,False,True,True
2021_19_RAI_s4,2021_19,RAI,Alfa Romeo Racing,4,HARD,HARDEST,True,29.0,52.0,24.0,True,False,True,True
2021_19_RAI_s5,2021_19,RAI,Alfa Romeo Racing,5,MEDIUM,MIDDLE,True,53.0,70.0,18.0,False,True,False,False
2021_19_RIC_s1,2021_19,RIC,McLaren,1,MEDIUM,MIDDLE,True,1.0,7.0,7.0,True,False,True,True
2021_19_RIC_s2,2021_19,RIC,McLaren,2,MEDIUM,MIDDLE,False,8.0,8.0,1.0,True,False,True,True
2021_19_RIC_s3,2021_19,RIC,McLaren,3,MEDIUM,MIDDLE,False,9.0,30.0,22.0,True,False,True,True
2021_19_RIC_s4,2021_19,RIC,McLaren,4,HARD,HARDEST,True,31.0,49.0,19.0,True,False,True,True
2021_19_RUS_s1,2021_19,RUS,Williams,1,MEDIUM,MIDDLE,True,1.0,6.0,6.0,True,False,True,True
2021_19_RUS_s2,2021_19,RUS,Williams,2,HARD,HARDEST,True,7.0,7.0,1.0,True,False,True,True
2021_19_RUS_s3,2021_19,RUS,Williams,3,HARD,HARDEST,False,8.0,8.0,1.0,True,False,True,True
2021_19_RUS_s4,2021_19,RUS,Williams,4,HARD,HARDEST,False,9.0,41.0,33.0,True,False,True,True
2021_19_RUS_s5,2021_19,RUS,Williams,5,HARD,HARDEST,True,42.0,70.0,29.0,False,True,False,False
2021_19_SAI_s1,2021_19,SAI,Ferrari,1,MEDIUM,MIDDLE,True,1.0,7.0,7.0,True,False,True,True
2021_19_SAI_s2,2021_19,SAI,Ferrari,2,MEDIUM,MIDDLE,False,8.0,8.0,1.0,True,False,True,True
2021_19_SAI_s3,2021_19,SAI,Ferrari,3,MEDIUM,MIDDLE,False,9.0,26.0,18.0,True,False,True,True
2021_19_SAI_s4,2021_19,SAI,Ferrari,4,MEDIUM,MIDDLE,True,27.0,53.0,27.0,True,False,True,True
2021_19_SAI_s5,2021_19,SAI,Ferrari,5,HARD,HARDEST,True,54.0,71.0,18.0,False,True,False,False
2021_19_STR_s1,2021_19,STR,Aston Martin,1,MEDIUM,MIDDLE,False,1.0,7.0,7.0,True,False,True,True
2021_19_STR_s2,2021_19,STR,Aston Martin,2,MEDIUM,MIDDLE,False,8.0,8.0,1.0,True,False,True,True
2021_19_STR_s3,2021_19,STR,Aston Martin,3,MEDIUM,MIDDLE,False,9.0,22.0,14.0,True,False,True,True
2021_19_STR_s4,2021_19,STR,Aston Martin,4,HARD,HARDEST,False,23.0,47.0,25.0,True,False,True,True
2021_19_TSU_s1,2021_19,TSU,AlphaTauri,1,SOFT,SOFTEST,True,1.0,4.0,4.0,True,False,True,False
2021_19_TSU_s2,2021_19,TSU,AlphaTauri,2,HARD,HARDEST,True,5.0,6.0,2.0,True,False,True,True
2021_19_TSU_s3,2021_19,TSU,AlphaTauri,3,HARD,HARDEST,False,7.0,7.0,1.0,True,False,True,True
2021_19_TSU_s4,2021_19,TSU,AlphaTauri,4,HARD,HARDEST,False,8.0,8.0,1.0,True,False,True,True
2021_19_TSU_s5,2021_19,TSU,AlphaTauri,5,HARD,HARDEST,False,9.0,39.0,31.0,True,False,True,True
2021_19_TSU_s6,2021_19,TSU,AlphaTauri,6,HARD,HARDEST,True,40.0,70.0,31.0,False,True,False,False
2021_19_VER_s1,2021_19,VER,Red Bull Racing,1,MEDIUM,MIDDLE,True,1.0,7.0,7.0,True,False,True,True
2021_19_VER_s2,2021_19,VER,Red Bull Racing,2,MEDIUM,MIDDLE,False,8.0,8.0,1.0,True,False,True,True
2021_19_VER_s3,2021_19,VER,Red Bull Racing,3,MEDIUM,MIDDLE,False,9.0,27.0,19.0,True,False,True,True
2021_19_VER_s4,2021_19,VER,Red Bull Racing,4,HARD,HARDEST,True,28.0,40.0,13.0,True,False,True,True
2021_19_VER_s5,2021_19,VER,Red Bull Racing,5,HARD,HARDEST,True,41.0,71.0,31.0,False,True,False,False
2021_19_VET_s1,2021_19,VET,Aston Martin,1,MEDIUM,MIDDLE,False,1.0,7.0,7.0,True,False,True,True
2021_19_VET_s2,2021_19,VET,Aston Martin,2,MEDIUM,MIDDLE,False,8.0,8.0,1.0,True,False,True,True
2021_19_VET_s3,2021_19,VET,Aston Martin,3,MEDIUM,MIDDLE,False,9.0,28.0,20.0,True,False,True,True
2021_19_VET_s4,2021_19,VET,Aston Martin,4,HARD,HARDEST,False,29.0,55.0,27.0,True,False,True,True
2021_19_VET_s5,2021_19,VET,Aston Martin,5,MEDIUM,MIDDLE,False,56.0,70.0,15.0,False,True,False,False
2021_20_ALO_s1,2021_20,ALO,Alpine,1,SOFT,SOFTEST,False,1.0,23.0,23.0,True,False,True,False
2021_20_ALO_s2,2021_20,ALO,Alpine,2,HARD,HARDEST,True,24.0,57.0,34.0,False,True,False,True
2021_20_BOT_s1,2021_20,BOT,Mercedes,1,MEDIUM,MIDDLE,False,1.0,33.0,33.0,True,False,True,True
2021_20_BOT_s2,2021_20,BOT,Mercedes,2,HARD,HARDEST,True,34.0,49.0,16.0,True,False,True,True
2021_20_GAS_s1,2021_20,GAS,AlphaTauri,1,SOFT,SOFTEST,False,1.0,13.0,13.0,True,False,True,False
2021_20_GAS_s2,2021_20,GAS,AlphaTauri,2,MEDIUM,MIDDLE,False,14.0,35.0,22.0,True,False,True,True
2021_20_GAS_s3,2021_20,GAS,AlphaTauri,3,MEDIUM,MIDDLE,False,36.0,56.0,21.0,False,True,False,True
2021_20_GIO_s1,2021_20,GIO,Alfa Romeo Racing,1,SOFT,SOFTEST,True,1.0,15.0,15.0,True,False,True,False
2021_20_GIO_s2,2021_20,GIO,Alfa Romeo Racing,2,MEDIUM,MIDDLE,True,16.0,32.0,17.0,True,False,True,True
2021_20_GIO_s3,2021_20,GIO,Alfa Romeo Racing,3,MEDIUM,MIDDLE,True,33.0,56.0,24.0,False,True,False,True
2021_20_HAM_s1,2021_20,HAM,Mercedes,1,MEDIUM,MIDDLE,False,1.0,18.0,18.0,True,False,True,False
2021_20_HAM_s2,2021_20,HAM,Mercedes,2,HARD,HARDEST,True,19.0,42.0,24.0,True,False,True,True
2021_20_HAM_s3,2021_20,HAM,Mercedes,3,MEDIUM,MIDDLE,False,43.0,57.0,15.0,False,True,False,True
2021_20_LAT_s1,2021_20,LAT,Williams,1,SOFT,SOFTEST,True,1.0,18.0,18.0,True,False,True,False
2021_20_LAT_s2,2021_20,LAT,Williams,2,HARD,HARDEST,True,19.0,51.0,33.0,False,False,False,True
2021_20_LEC_s1,2021_20,LEC,Ferrari,1,MEDIUM,MIDDLE,True,1.0,27.0,27.0,True,False,True,False
2021_20_LEC_s2,2021_20,LEC,Ferrari,2,HARD,HARDEST,True,28.0,57.0,30.0,False,True,False,True
2021_20_MAZ_s1,2021_20,MAZ,Haas F1 Team,1,MEDIUM,MIDDLE,True,1.0,31.0,31.0,True,False,True,False
2021_20_MAZ_s2,2021_20,MAZ,Haas F1 Team,2,SOFT,SOFTEST,False,32.0,55.0,24.0,False,False,False,True
2021_20_MSC_s1,2021_20,MSC,Haas F1 Team,1,SOFT,SOFTEST,False,1.0,22.0,22.0,True,False,True,False
2021_20_MSC_s2,2021_20,MSC,Haas F1 Team,2,MEDIUM,MIDDLE,False,23.0,56.0,34.0,False,True,False,True
2021_20_NOR_s1,2021_20,NOR,McLaren,1,SOFT,SOFTEST,False,1.0,25.0,25.0,True,False,True,False
2021_20_NOR_s2,2021_20,NOR,McLaren,2,HARD,HARDEST,True,26.0,49.0,24.0,True,False,True,True
2021_20_NOR_s3,2021_20,NOR,McLaren,3,MEDIUM,MIDDLE,True,50.0,56.0,7.0,False,True,False,True
2021_20_OCO_s1,2021_20,OCO,Alpine,1,SOFT,SOFTEST,False,1.0,24.0,24.0,True,False,True,False
2021_20_OCO_s2,2021_20,OCO,Alpine,2,HARD,HARDEST,True,25.0,57.0,33.0,False,True,False,True
2021_20_PER_s1,2021_20,PER,Red Bull Racing,1,MEDIUM,MIDDLE,True,1.0,19.0,19.0,True,False,True,False
2021_20_PER_s2,2021_20,PER,Red Bull Racing,2,HARD,HARDEST,True,20.0,41.0,22.0,True,False,True,True
2021_20_PER_s3,2021_20,PER,Red Bull Racing,3,MEDIUM,MIDDLE,False,42.0,57.0,16.0,False,True,False,True
2021_20_RAI_s1,2021_20,RAI,Alfa Romeo Racing,1,SOFT,SOFTEST,True,1.0,10.0,10.0,True,False,True,False
2021_20_RAI_s2,2021_20,RAI,Alfa Romeo Racing,2,MEDIUM,MIDDLE,True,11.0,30.0,20.0,True,False,True,False
2021_20_RAI_s3,2021_20,RAI,Alfa Romeo Racing,3,HARD,HARDEST,True,31.0,56.0,26.0,False,True,False,True
2021_20_RIC_s1,2021_20,RIC,McLaren,1,MEDIUM,MIDDLE,True,1.0,26.0,26.0,True,False,True,False
2021_20_RIC_s2,2021_20,RIC,McLaren,2,HARD,HARDEST,True,27.0,56.0,30.0,False,True,False,True
2021_20_RUS_s1,2021_20,RUS,Williams,1,SOFT,SOFTEST,True,1.0,17.0,17.0,True,False,True,False
2021_20_RUS_s2,2021_20,RUS,Williams,2,HARD,HARDEST,True,18.0,49.0,32.0,True,False,True,True
2021_20_RUS_s3,2021_20,RUS,Williams,3,SOFT,SOFTEST,False,50.0,55.0,6.0,False,False,False,True
2021_20_SAI_s1,2021_20,SAI,Ferrari,1,MEDIUM,MIDDLE,False,1.0,27.0,27.0,True,False,True,False
2021_20_SAI_s2,2021_20,SAI,Ferrari,2,HARD,HARDEST,True,28.0,57.0,30.0,False,True,False,True
2021_20_STR_s1,2021_20,STR,Aston Martin,1,MEDIUM,MIDDLE,True,1.0,23.0,23.0,True,False,True,False
2021_20_STR_s2,2021_20,STR,Aston Martin,2,HARD,HARDEST,True,24.0,57.0,34.0,False,True,False,True
2021_20_TSU_s1,2021_20,TSU,AlphaTauri,1,SOFT,SOFTEST,False,1.0,9.0,9.0,True,False,True,False
2021_20_TSU_s2,2021_20,TSU,AlphaTauri,2,MEDIUM,MIDDLE,True,10.0,34.0,25.0,True,False,True,True
2021_20_TSU_s3,2021_20,TSU,AlphaTauri,3,HARD,HARDEST,True,35.0,56.0,22.0,False,True,False,True
2021_20_VER_s1,2021_20,VER,Red Bull Racing,1,MEDIUM,MIDDLE,False,1.0,17.0,17.0,True,False,True,False
2021_20_VER_s2,2021_20,VER,Red Bull Racing,2,HARD,HARDEST,True,18.0,41.0,24.0,True,False,True,True
2021_20_VER_s3,2021_20,VER,Red Bull Racing,3,MEDIUM,MIDDLE,True,42.0,55.0,14.0,True,False,True,True
2021_20_VER_s4,2021_20,VER,Red Bull Racing,4,SOFT,SOFTEST,False,56.0,57.0,2.0,False,True,False,True
2021_20_VET_s1,2021_20,VET,Aston Martin,1,SOFT,SOFTEST,False,1.0,26.0,26.0,True,False,True,False
2021_20_VET_s2,2021_20,VET,Aston Martin,2,MEDIUM,MIDDLE,True,27.0,56.0,30.0,False,True,False,True
2021_21_ALO_s1,2021_21,ALO,Alpine,1,MEDIUM,MIDDLE,True,1.0,10.0,10.0,True,False,True,True
2021_21_ALO_s2,2021_21,ALO,Alpine,2,HARD,HARDEST,True,11.0,13.0,3.0,True,False,True,True
2021_21_ALO_s3,2021_21,ALO,Alpine,3,HARD,HARDEST,False,14.0,15.0,2.0,True,False,True,True
2021_21_ALO_s4,2021_21,ALO,Alpine,4,HARD,HARDEST,False,16.0,44.0,29.0,True,False,True,True
2021_21_ALO_s5,2021_21,ALO,Alpine,5,SOFT,SOFTEST,True,45.0,49.0,5.0,False,True,False,False
2021_21_BOT_s1,2021_21,BOT,Mercedes,1,MEDIUM,MIDDLE,False,1.0,10.0,10.0,True,False,True,True
2021_21_BOT_s2,2021_21,BOT,Mercedes,2,HARD,HARDEST,True,11.0,13.0,3.0,True,False,True,True
2021_21_BOT_s3,2021_21,BOT,Mercedes,3,HARD,HARDEST,False,14.0,15.0,2.0,True,False,True,True
2021_21_BOT_s4,2021_21,BOT,Mercedes,4,MEDIUM,MIDDLE,False,16.0,50.0,35.0,False,True,False,True
2021_21_GAS_s1,2021_21,GAS,AlphaTauri,1,MEDIUM,MIDDLE,False,1.0,13.0,13.0,True,False,True,True
2021_21_GAS_s2,2021_21,GAS,AlphaTauri,2,HARD,HARDEST,True,14.0,15.0,2.0,True,False,True,True
2021_21_GAS_s3,2021_21,GAS,AlphaTauri,3,HARD,HARDEST,False,16.0,50.0,35.0,False,True,False,True
2021_21_GIO_s1,2021_21,GIO,Alfa Romeo Racing,1,MEDIUM,MIDDLE,False,1.0,13.0,13.0,True,False,True,True
2021_21_GIO_s2,2021_21,GIO,Alfa Romeo Racing,2,HARD,HARDEST,True,14.0,15.0,2.0,True,False,True,True
2021_21_GIO_s3,2021_21,GIO,Alfa Romeo Racing,3,HARD,HARDEST,False,16.0,50.0,35.0,False,True,False,True
2021_21_HAM_s1,2021_21,HAM,Mercedes,1,MEDIUM,MIDDLE,False,1.0,10.0,10.0,True,False,True,True
2021_21_HAM_s2,2021_21,HAM,Mercedes,2,HARD,HARDEST,True,11.0,13.0,3.0,True,False,True,True
2021_21_HAM_s3,2021_21,HAM,Mercedes,3,HARD,HARDEST,False,14.0,15.0,2.0,True,False,True,True
2021_21_HAM_s4,2021_21,HAM,Mercedes,4,HARD,HARDEST,False,16.0,50.0,35.0,False,True,False,True
2021_21_LAT_s1,2021_21,LAT,Williams,1,MEDIUM,MIDDLE,True,1.0,10.0,10.0,True,False,True,True
2021_21_LAT_s2,2021_21,LAT,Williams,2,HARD,HARDEST,True,11.0,13.0,3.0,True,False,True,True
2021_21_LAT_s3,2021_21,LAT,Williams,3,MEDIUM,MIDDLE,True,14.0,15.0,2.0,True,False,True,True
2021_21_LAT_s4,2021_21,LAT,Williams,4,HARD,HARDEST,False,16.0,50.0,35.0,False,True,False,True
2021_21_LEC_s1,2021_21,LEC,Ferrari,1,MEDIUM,MIDDLE,False,1.0,10.0,10.0,True,False,True,True
2021_21_LEC_s2,2021_21,LEC,Ferrari,2,HARD,HARDEST,True,11.0,13.0,3.0,True,False,True,True
2021_21_LEC_s3,2021_21,LEC,Ferrari,3,HARD,HARDEST,False,14.0,15.0,2.0,True,False,True,True
2021_21_LEC_s4,2021_21,LEC,Ferrari,4,HARD,HARDEST,False,16.0,50.0,35.0,False,True,False,True
2021_21_MAZ_s1,2021_21,MAZ,Haas F1 Team,1,MEDIUM,MIDDLE,True,1.0,13.0,13.0,True,False,True,True
2021_21_MAZ_s2,2021_21,MAZ,Haas F1 Team,2,HARD,HARDEST,True,14.0,15.0,2.0,False,False,False,True
2021_21_MSC_s1,2021_21,MSC,Haas F1 Team,1,MEDIUM,MIDDLE,True,1.0,9.0,9.0,False,False,False,True
2021_21_NOR_s1,2021_21,NOR,McLaren,1,SOFT,SOFTEST,False,1.0,10.0,10.0,True,False,True,True
2021_21_NOR_s2,2021_21,NOR,McLaren,2,HARD,HARDEST,True,11.0,13.0,3.0,True,False,True,True
2021_21_NOR_s3,2021_21,NOR,McLaren,3,HARD,HARDEST,False,14.0,15.0,2.0,True,False,True,True
2021_21_NOR_s4,2021_21,NOR,McLaren,4,HARD,HARDEST,False,16.0,50.0,35.0,False,True,False,True
2021_21_OCO_s1,2021_21,OCO,Alpine,1,MEDIUM,MIDDLE,False,1.0,13.0,13.0,True,False,True,True
2021_21_OCO_s2,2021_21,OCO,Alpine,2,HARD,HARDEST,True,14.0,15.0,2.0,True,False,True,True
2021_21_OCO_s3,2021_21,OCO,Alpine,3,HARD,HARDEST,False,16.0,50.0,35.0,False,True,False,True
2021_21_PER_s1,2021_21,PER,Red Bull Racing,1,MEDIUM,MIDDLE,False,1.0,10.0,10.0,True,False,True,True
2021_21_PER_s2,2021_21,PER,Red Bull Racing,2,HARD,HARDEST,True,11.0,13.0,3.0,True,False,True,True
2021_21_PER_s3,2021_21,PER,Red Bull Racing,3,MEDIUM,MIDDLE,True,14.0,15.0,2.0,False,False,False,True
2021_21_RAI_s1,2021_21,RAI,Alfa Romeo Racing,1,MEDIUM,MIDDLE,True,1.0,13.0,13.0,True,False,True,True
2021_21_RAI_s2,2021_21,RAI,Alfa Romeo Racing,2,HARD,HARDEST,True,14.0,15.0,2.0,True,False,True,True
2021_21_RAI_s3,2021_21,RAI,Alfa Romeo Racing,3,HARD,HARDEST,False,16.0,26.0,11.0,True,False,True,True
2021_21_RAI_s4,2021_21,RAI,Alfa Romeo Racing,4,MEDIUM,MIDDLE,False,27.0,49.0,23.0,False,True,False,True
2021_21_RIC_s1,2021_21,RIC,McLaren,1,HARD,HARDEST,True,1.0,13.0,13.0,True,False,True,True
2021_21_RIC_s2,2021_21,RIC,McLaren,2,MEDIUM,MIDDLE,True,14.0,15.0,2.0,True,False,True,True
2021_21_RIC_s3,2021_21,RIC,McLaren,3,MEDIUM,MIDDLE,False,16.0,50.0,35.0,False,True,False,True
2021_21_RUS_s1,2021_21,RUS,Williams,1,MEDIUM,MIDDLE,True,1.0,9.0,9.0,True,False,True,True
2021_21_RUS_s2,2021_21,RUS,Williams,2,HARD,HARDEST,True,10.0,13.0,4.0,True,False,True,True
2021_21_RUS_s3,2021_21,RUS,Williams,3,HARD,HARDEST,False,14.0,15.0,2.0,False,False,False,True
2021_21_SAI_s1,2021_21,SAI,Ferrari,1,HARD,HARDEST,True,1.0,13.0,13.0,True,False,True,True
2021_21_SAI_s2,2021_21,SAI,Ferrari,2,MEDIUM,MIDDLE,False,14.0,15.0,2.0,True,False,True,True
2021_21_SAI_s3,2021_21,SAI,Ferrari,3,MEDIUM,MIDDLE,False,16.0,50.0,35.0,False,True,False,True
2021_21_STR_s1,2021_21,STR,Aston Martin,1,MEDIUM,MIDDLE,True,1.0,9.0,9.0,True,False,True,True
2021_21_STR_s2,2021_21,STR,Aston Martin,2,HARD,HARDEST,False,10.0,13.0,4.0,True,False,True,True
2021_21_STR_s3,2021_21,STR,Aston Martin,3,HARD,HARDEST,False,14.0,15.0,2.0,True,False,True,True
2021_21_STR_s4,2021_21,STR,Aston Martin,4,MEDIUM,MIDDLE,False,16.0,50.0,35.0,False,True,False,True
2021_21_TSU_s1,2021_21,TSU,AlphaTauri,1,MEDIUM,MIDDLE,False,1.0,13.0,13.0,True,False,True,True
2021_21_TSU_s2,2021_21,TSU,AlphaTauri,2,HARD,HARDEST,True,14.0,15.0,2.0,True,False,True,True
2021_21_TSU_s3,2021_21,TSU,AlphaTauri,3,MEDIUM,MIDDLE,False,16.0,23.0,8.0,True,False,True,True
2021_21_TSU_s4,2021_21,TSU,AlphaTauri,4,HARD,HARDEST,False,24.0,49.0,26.0,False,True,False,True
2021_21_VER_s1,2021_21,VER,Red Bull Racing,1,MEDIUM,MIDDLE,False,1.0,13.0,13.0,True,False,True,True
2021_21_VER_s2,2021_21,VER,Red Bull Racing,2,HARD,HARDEST,True,14.0,15.0,2.0,True,False,True,True
2021_21_VER_s3,2021_21,VER,Red Bull Racing,3,MEDIUM,MIDDLE,True,16.0,50.0,35.0,False,True,False,True
2021_21_VET_s1,2021_21,VET,Aston Martin,1,HARD,HARDEST,False,1.0,13.0,13.0,True,False,True,True
2021_21_VET_s2,2021_21,VET,Aston Martin,2,MEDIUM,MIDDLE,False,14.0,15.0,2.0,True,False,True,True
2021_21_VET_s3,2021_21,VET,Aston Martin,3,MEDIUM,MIDDLE,False,16.0,44.0,29.0,True,False,True,True
2021_22_ALO_s1,2021_22,ALO,Alpine,1,HARD,HARDEST,False,1.0,36.0,36.0,True,False,True,True
2021_22_ALO_s2,2021_22,ALO,Alpine,2,MEDIUM,MIDDLE,True,37.0,58.0,22.0,False,True,False,True
2021_22_BOT_s1,2021_22,BOT,Mercedes,1,MEDIUM,MIDDLE,False,1.0,30.0,30.0,True,False,True,True
2021_22_BOT_s2,2021_22,BOT,Mercedes,2,HARD,HARDEST,False,31.0,58.0,28.0,False,True,False,True
2021_22_GAS_s1,2021_22,GAS,AlphaTauri,1,HARD,HARDEST,True,1.0,36.0,36.0,True,False,True,True
2021_22_GAS_s2,2021_22,GAS,AlphaTauri,2,MEDIUM,MIDDLE,False,37.0,54.0,18.0,True,False,True,True
2021_22_GAS_s3,2021_22,GAS,AlphaTauri,3,SOFT,SOFTEST,True,55.0,58.0,4.0,False,True,False,True
2021_22_GIO_s1,2021_22,GIO,Alfa Romeo Racing,1,MEDIUM,MIDDLE,True,1.0,17.0,17.0,True,False,True,False
2021_22_GIO_s2,2021_22,GIO,Alfa Romeo Racing,2,HARD,HARDEST,True,18.0,34.0,17.0,False,False,False,True
2021_22_HAM_s1,2021_22,HAM,Mercedes,1,MEDIUM,MIDDLE,False,1.0,14.0,14.0,True,False,True,False
2021_22_HAM_s2,2021_22,HAM,Mercedes,2,HARD,HARDEST,False,15.0,58.0,44.0,False,True,False,True
2021_22_LAT_s1,2021_22,LAT,Williams,1,MEDIUM,MIDDLE,True,1.0,28.0,28.0,True,False,True,True
2021_22_LAT_s2,2021_22,LAT,Williams,2,HARD,HARDEST,True,29.0,51.0,23.0,False,False,False,True
2021_22_LEC_s1,2021_22,LEC,Ferrari,1,SOFT,SOFTEST,False,1.0,15.0,15.0,True,False,True,False
2021_22_LEC_s2,2021_22,LEC,Ferrari,2,HARD,HARDEST,True,16.0,35.0,20.0,True,False,True,True
2021_22_LEC_s3,2021_22,LEC,Ferrari,3,MEDIUM,MIDDLE,False,36.0,58.0,23.0,False,True,False,True
2021_22_MSC_s1,2021_22,MSC,Haas F1 Team,1,SOFT,SOFTEST,True,1.0,10.0,10.0,True,False,True,False
2021_22_MSC_s2,2021_22,MSC,Haas F1 Team,2,HARD,HARDEST,True,11.0,52.0,42.0,True,False,True,True
2021_22_MSC_s3,2021_22,MSC,Haas F1 Team,3,SOFT,SOFTEST,False,53.0,57.0,5.0,False,True,False,True
2021_22_NOR_s1,2021_22,NOR,McLaren,1,SOFT,SOFTEST,False,1.0,17.0,17.0,True,False,True,False
2021_22_NOR_s2,2021_22,NOR,McLaren,2,HARD,HARDEST,True,18.0,48.0,31.0,True,False,True,True
2021_22_NOR_s3,2021_22,NOR,McLaren,3,MEDIUM,MIDDLE,True,49.0,58.0,10.0,False,True,False,True
2021_22_OCO_s1,2021_22,OCO,Alpine,1,SOFT,SOFTEST,False,1.0,15.0,15.0,True,False,True,False
2021_22_OCO_s2,2021_22,OCO,Alpine,2,HARD,HARDEST,False,16.0,58.0,43.0,False,True,False,True
2021_22_PER_s1,2021_22,PER,Red Bull Racing,1,SOFT,SOFTEST,False,1.0,21.0,21.0,True,False,True,False
2021_22_PER_s2,2021_22,PER,Red Bull Racing,2,HARD,HARDEST,True,22.0,36.0,15.0,True,False,True,True
2021_22_PER_s3,2021_22,PER,Red Bull Racing,3,HARD,HARDEST,True,37.0,53.0,17.0,True,False,True,True
2021_22_PER_s4,2021_22,PER,Red Bull Racing,4,SOFT,SOFTEST,False,54.0,55.0,2.0,True,False,True,True
2021_22_RAI_s1,2021_22,RAI,Alfa Romeo Racing,1,MEDIUM,MIDDLE,True,1.0,21.0,21.0,True,False,True,False
2021_22_RAI_s2,2021_22,RAI,Alfa Romeo Racing,2,HARD,HARDEST,True,22.0,25.0,4.0,True,False,True,True
2021_22_RIC_s1,2021_22,RIC,McLaren,1,SOFT,SOFTEST,False,1.0,18.0,18.0,True,False,True,False
2021_22_RIC_s2,2021_22,RIC,McLaren,2,HARD,HARDEST,True,19.0,52.0,34.0,True,False,True,True
2021_22_RIC_s3,2021_22,RIC,McLaren,3,SOFT,SOFTEST,False,53.0,57.0,5.0,False,True,False,True
2021_22_RUS_s1,2021_22,RUS,Williams,1,MEDIUM,MIDDLE,True,1.0,26.0,26.0,True,False,True,True
2021_22_SAI_s1,2021_22,SAI,Ferrari,1,SOFT,SOFTEST,False,1.0,19.0,19.0,True,False,True,False
2021_22_SAI_s2,2021_22,SAI,Ferrari,2,HARD,HARDEST,True,20.0,58.0,39.0,False,True,False,True
2021_22_STR_s1,2021_22,STR,Aston Martin,1,MEDIUM,MIDDLE,True,1.0,21.0,21.0,True,False,True,False
2021_22_STR_s2,2021_22,STR,Aston Martin,2,HARD,HARDEST,True,22.0,52.0,31.0,True,False,True,True
2021_22_STR_s3,2021_22,STR,Aston Martin,3,SOFT,SOFTEST,True,53.0,57.0,5.0,False,True,False,True
2021_22_TSU_s1,2021_22,TSU,AlphaTauri,1,MEDIUM,MIDDLE,False,1.0,23.0,23.0,True,False,True,False
2021_22_TSU_s2,2021_22,TSU,AlphaTauri,2,HARD,HARDEST,True,24.0,53.0,30.0,True,False,True,True
2021_22_TSU_s3,2021_22,TSU,AlphaTauri,3,SOFT,SOFTEST,False,54.0,58.0,5.0,False,True,False,True
2021_22_VER_s1,2021_22,VER,Red Bull Racing,1,SOFT,SOFTEST,False,1.0,13.0,13.0,True,False,True,False
2021_22_VER_s2,2021_22,VER,Red Bull Racing,2,HARD,HARDEST,True,14.0,36.0,23.0,True,False,True,True
2021_22_VER_s3,2021_22,VER,Red Bull Racing,3,HARD,HARDEST,True,37.0,53.0,17.0,True,False,True,True
2021_22_VER_s4,2021_22,VER,Red Bull Racing,4,SOFT,SOFTEST,False,54.0,58.0,5.0,False,True,False,True
2021_22_VET_s1,2021_22,VET,Aston Martin,1,MEDIUM,MIDDLE,True,1.0,23.0,23.0,True,False,True,False
2021_22_VET_s2,2021_22,VET,Aston Martin,2,HARD,HARDEST,True,24.0,58.0,35.0,False,True,False,True
2022_01_ALB_s1,2022_01,ALB,Williams,1,SOFT,SOFTEST,True,1.0,13.0,13.0,True,False,True,False
2022_01_ALB_s2,2022_01,ALB,Williams,2,MEDIUM,MIDDLE,True,14.0,35.0,22.0,True,False,True,True
2022_01_ALB_s3,2022_01,ALB,Williams,3,MEDIUM,MIDDLE,False,36.0,46.0,11.0,True,False,True,True
2022_01_ALB_s4,2022_01,ALB,Williams,4,SOFT,SOFTEST,False,47.0,57.0,11.0,False,True,False,True
2022_01_ALO_s1,2022_01,ALO,Alpine,1,SOFT,SOFTEST,False,1.0,11.0,11.0,True,False,True,False
2022_01_ALO_s2,2022_01,ALO,Alpine,2,MEDIUM,MIDDLE,True,12.0,25.0,14.0,True,False,True,True
2022_01_ALO_s3,2022_01,ALO,Alpine,3,HARD,HARDEST,True,26.0,42.0,17.0,True,False,True,False
2022_01_ALO_s4,2022_01,ALO,Alpine,4,SOFT,SOFTEST,True,43.0,57.0,15.0,False,True,False,True
2022_01_BOT_s1,2022_01,BOT,Alfa Romeo,1,SOFT,SOFTEST,False,1.0,14.0,14.0,True,False,True,True
2022_01_BOT_s2,2022_01,BOT,Alfa Romeo,2,MEDIUM,MIDDLE,True,15.0,36.0,22.0,True,False,True,False
2022_01_BOT_s3,2022_01,BOT,Alfa Romeo,3,MEDIUM,MIDDLE,True,37.0,45.0,9.0,True,False,True,True
2022_01_BOT_s4,2022_01,BOT,Alfa Romeo,4,SOFT,SOFTEST,False,46.0,57.0,12.0,False,True,False,True
2022_01_GAS_s1,2022_01,GAS,AlphaTauri,1,SOFT,SOFTEST,False,1.0,14.0,14.0,True,False,True,True
2022_01_GAS_s2,2022_01,GAS,AlphaTauri,2,MEDIUM,MIDDLE,True,15.0,32.0,18.0,True,False,True,False
2022_01_GAS_s3,2022_01,GAS,AlphaTauri,3,HARD,HARDEST,True,33.0,45.0,13.0,False,False,False,True
2022_01_HAM_s1,2022_01,HAM,Mercedes,1,SOFT,SOFTEST,False,1.0,11.0,11.0,True,False,True,False
2022_01_HAM_s2,2022_01,HAM,Mercedes,2,HARD,HARDEST,False,12.0,27.0,16.0,True,False,True,True
2022_01_HAM_s3,2022_01,HAM,Mercedes,3,MEDIUM,MIDDLE,True,28.0,44.0,17.0,True,False,True,False
2022_01_HAM_s4,2022_01,HAM,Mercedes,4,SOFT,SOFTEST,False,45.0,57.0,13.0,False,True,False,True
2022_01_HUL_s1,2022_01,HUL,Aston Martin,1,SOFT,SOFTEST,True,1.0,19.0,19.0,True,False,True,True
2022_01_HUL_s2,2022_01,HUL,Aston Martin,2,SOFT,SOFTEST,True,20.0,37.0,18.0,True,False,True,False
2022_01_HUL_s3,2022_01,HUL,Aston Martin,3,MEDIUM,MIDDLE,True,38.0,44.0,7.0,True,False,True,True
2022_01_HUL_s4,2022_01,HUL,Aston Martin,4,SOFT,SOFTEST,True,45.0,57.0,13.0,False,True,False,True
2022_01_LAT_s1,2022_01,LAT,Williams,1,SOFT,SOFTEST,True,1.0,14.0,14.0,True,False,True,True
2022_01_LAT_s2,2022_01,LAT,Williams,2,SOFT,SOFTEST,True,15.0,32.0,18.0,True,False,True,False
2022_01_LAT_s3,2022_01,LAT,Williams,3,MEDIUM,MIDDLE,True,33.0,45.0,13.0,True,False,True,True
2022_01_LAT_s4,2022_01,LAT,Williams,4,SOFT,SOFTEST,False,46.0,57.0,12.0,False,True,False,True
2022_01_LEC_s1,2022_01,LEC,Ferrari,1,SOFT,SOFTEST,True,1.0,15.0,15.0,True,False,True,True
2022_01_LEC_s2,2022_01,LEC,Ferrari,2,SOFT,SOFTEST,False,16.0,31.0,16.0,True,False,True,False
2022_01_LEC_s3,2022_01,LEC,Ferrari,3,MEDIUM,MIDDLE,True,32.0,46.0,15.0,True,False,True,True
2022_01_LEC_s4,2022_01,LEC,Ferrari,4,SOFT,SOFTEST,False,47.0,57.0,11.0,False,True,False,True
2022_01_MAG_s1,2022_01,MAG,Haas F1 Team,1,SOFT,SOFTEST,True,1.0,14.0,14.0,True,False,True,True
2022_01_MAG_s2,2022_01,MAG,Haas F1 Team,2,SOFT,SOFTEST,False,15.0,34.0,20.0,True,False,True,False
2022_01_MAG_s3,2022_01,MAG,Haas F1 Team,3,MEDIUM,MIDDLE,True,35.0,46.0,12.0,True,False,True,True
2022_01_MAG_s4,2022_01,MAG,Haas F1 Team,4,SOFT,SOFTEST,False,47.0,57.0,11.0,False,True,False,True
2022_01_MSC_s1,2022_01,MSC,Haas F1 Team,1,SOFT,SOFTEST,True,1.0,12.0,12.0,True,False,True,False
2022_01_MSC_s2,2022_01,MSC,Haas F1 Team,2,MEDIUM,MIDDLE,True,13.0,35.0,23.0,True,False,True,True
2022_01_MSC_s3,2022_01,MSC,Haas F1 Team,3,SOFT,SOFTEST,False,36.0,57.0,22.0,False,True,False,True
2022_01_NOR_s1,2022_01,NOR,McLaren,1,MEDIUM,MIDDLE,True,1.0,24.0,24.0,True,False,True,True
2022_01_NOR_s2,2022_01,NOR,McLaren,2,HARD,HARDEST,True,25.0,41.0,17.0,True,False,True,False
2022_01_NOR_s3,2022_01,NOR,McLaren,3,SOFT,SOFTEST,True,42.0,45.0,4.0,True,False,True,True
2022_01_NOR_s4,2022_01,NOR,McLaren,4,SOFT,SOFTEST,False,46.0,57.0,12.0,False,True,False,True
2022_01_OCO_s1,2022_01,OCO,Alpine,1,SOFT,SOFTEST,True,1.0,14.0,14.0,True,False,True,True
2022_01_OCO_s2,2022_01,OCO,Alpine,2,MEDIUM,MIDDLE,True,15.0,30.0,16.0,True,False,True,False
2022_01_OCO_s3,2022_01,OCO,Alpine,3,HARD,HARDEST,True,31.0,43.0,13.0,True,False,True,False
2022_01_OCO_s4,2022_01,OCO,Alpine,4,SOFT,SOFTEST,False,44.0,57.0,14.0,False,True,False,True
2022_01_PER_s1,2022_01,PER,Red Bull Racing,1,SOFT,SOFTEST,False,1.0,15.0,15.0,True,False,True,True
2022_01_PER_s2,2022_01,PER,Red Bull Racing,2,MEDIUM,MIDDLE,True,16.0,33.0,18.0,True,False,True,False
2022_01_PER_s3,2022_01,PER,Red Bull Racing,3,SOFT,SOFTEST,False,34.0,43.0,10.0,True,False,True,False
2022_01_PER_s4,2022_01,PER,Red Bull Racing,4,SOFT,SOFTEST,False,44.0,57.0,14.0,False,True,False,True
2022_01_RIC_s1,2022_01,RIC,McLaren,1,MEDIUM,MIDDLE,True,1.0,17.0,17.0,True,False,True,True
2022_01_RIC_s2,2022_01,RIC,McLaren,2,SOFT,SOFTEST,True,18.0,33.0,16.0,True,False,True,False
2022_01_RIC_s3,2022_01,RIC,McLaren,3,HARD,HARDEST,True,34.0,44.0,11.0,True,False,True,True
2022_01_RIC_s4,2022_01,RIC,McLaren,4,SOFT,SOFTEST,True,45.0,57.0,13.0,False,True,False,True
2022_01_RUS_s1,2022_01,RUS,Mercedes,1,SOFT,SOFTEST,False,1.0,15.0,15.0,True,False,True,True
2022_01_RUS_s2,2022_01,RUS,Mercedes,2,HARD,HARDEST,False,16.0,33.0,18.0,True,False,True,False
2022_01_RUS_s3,2022_01,RUS,Mercedes,3,MEDIUM,MIDDLE,True,34.0,45.0,12.0,True,False,True,True
2022_01_RUS_s4,2022_01,RUS,Mercedes,4,SOFT,SOFTEST,False,46.0,57.0,12.0,False,True,False,True
2022_01_SAI_s1,2022_01,SAI,Ferrari,1,SOFT,SOFTEST,False,1.0,14.0,14.0,True,False,True,True
2022_01_SAI_s2,2022_01,SAI,Ferrari,2,SOFT,SOFTEST,True,15.0,33.0,19.0,True,False,True,True
2022_01_SAI_s3,2022_01,SAI,Ferrari,3,MEDIUM,MIDDLE,True,34.0,44.0,11.0,True,False,True,False
2022_01_SAI_s4,2022_01,SAI,Ferrari,4,SOFT,SOFTEST,False,45.0,57.0,13.0,False,True,False,True
2022_01_STR_s1,2022_01,STR,Aston Martin,1,SOFT,SOFTEST,True,1.0,18.0,18.0,True,False,True,True
2022_01_STR_s2,2022_01,STR,Aston Martin,2,SOFT,SOFTEST,True,19.0,38.0,20.0,True,False,True,False
2022_01_STR_s3,2022_01,STR,Aston Martin,3,MEDIUM,MIDDLE,True,39.0,45.0,7.0,True,False,True,True
2022_01_STR_s4,2022_01,STR,Aston Martin,4,SOFT,SOFTEST,True,46.0,57.0,12.0,False,True,False,True
2022_01_TSU_s1,2022_01,TSU,AlphaTauri,1,SOFT,SOFTEST,True,1.0,15.0,15.0,True,False,True,True
2022_01_TSU_s2,2022_01,TSU,AlphaTauri,2,MEDIUM,MIDDLE,True,16.0,29.0,14.0,True,False,True,False
2022_01_TSU_s3,2022_01,TSU,AlphaTauri,3,SOFT,SOFTEST,True,30.0,44.0,15.0,True,False,True,False
2022_01_TSU_s4,2022_01,TSU,AlphaTauri,4,SOFT,SOFTEST,False,45.0,57.0,13.0,False,True,False,True
2022_01_VER_s1,2022_01,VER,Red Bull Racing,1,SOFT,SOFTEST,False,1.0,14.0,14.0,True,False,True,False
2022_01_VER_s2,2022_01,VER,Red Bull Racing,2,SOFT,SOFTEST,True,15.0,30.0,16.0,True,False,True,True
2022_01_VER_s3,2022_01,VER,Red Bull Racing,3,MEDIUM,MIDDLE,True,31.0,43.0,13.0,True,False,True,False
2022_01_VER_s4,2022_01,VER,Red Bull Racing,4,SOFT,SOFTEST,False,44.0,54.0,11.0,True,False,True,True
2022_01_ZHO_s1,2022_01,ZHO,Alfa Romeo,1,SOFT,SOFTEST,True,1.0,15.0,15.0,True,False,True,True
2022_01_ZHO_s2,2022_01,ZHO,Alfa Romeo,2,MEDIUM,MIDDLE,True,16.0,37.0,22.0,True,False,True,False
2022_01_ZHO_s3,2022_01,ZHO,Alfa Romeo,3,MEDIUM,MIDDLE,True,38.0,45.0,8.0,True,False,True,True
2022_01_ZHO_s4,2022_01,ZHO,Alfa Romeo,4,SOFT,SOFTEST,False,46.0,57.0,12.0,False,True,False,True
2022_02_ALB_s1,2022_02,ALB,Williams,1,MEDIUM,SOFTEST,True,1.0,13.0,13.0,True,False,True,False
2022_02_ALB_s2,2022_02,ALB,Williams,2,HARD,MIDDLE,True,14.0,48.0,35.0,False,False,False,True
2022_02_ALO_s1,2022_02,ALO,Alpine,1,MEDIUM,SOFTEST,True,1.0,16.0,16.0,True,False,True,True
2022_02_ALO_s2,2022_02,ALO,Alpine,2,HARD,MIDDLE,True,17.0,36.0,20.0,False,False,False,True
2022_02_BOT_s1,2022_02,BOT,Alfa Romeo,1,MEDIUM,SOFTEST,True,1.0,16.0,16.0,True,False,True,True
2022_02_BOT_s2,2022_02,BOT,Alfa Romeo,2,HARD,MIDDLE,True,17.0,35.0,19.0,True,False,True,True
2022_02_BOT_s3,2022_02,BOT,Alfa Romeo,3,MEDIUM,SOFTEST,True,36.0,36.0,1.0,True,False,True,False
2022_02_GAS_s1,2022_02,GAS,AlphaTauri,1,MEDIUM,SOFTEST,True,1.0,15.0,15.0,True,False,True,False
2022_02_GAS_s2,2022_02,GAS,AlphaTauri,2,HARD,MIDDLE,True,16.0,50.0,35.0,False,True,False,True
2022_02_HAM_s1,2022_02,HAM,Mercedes,1,HARD,MIDDLE,False,1.0,40.0,40.0,True,False,True,True
2022_02_HAM_s2,2022_02,HAM,Mercedes,2,MEDIUM,SOFTEST,True,41.0,50.0,10.0,False,True,False,True
2022_02_HUL_s1,2022_02,HUL,Aston Martin,1,HARD,MIDDLE,False,1.0,37.0,37.0,True,False,True,True
2022_02_HUL_s2,2022_02,HUL,Aston Martin,2,MEDIUM,SOFTEST,False,38.0,50.0,13.0,False,True,False,True
2022_02_LAT_s1,2022_02,LAT,Williams,1,MEDIUM,SOFTEST,True,1.0,15.0,15.0,False,False,False,True
2022_02_LEC_s1,2022_02,LEC,Ferrari,1,MEDIUM,SOFTEST,True,1.0,16.0,16.0,True,False,True,True
2022_02_LEC_s2,2022_02,LEC,Ferrari,2,HARD,MIDDLE,True,17.0,50.0,34.0,False,True,False,True
2022_02_MAG_s1,2022_02,MAG,Haas F1 Team,1,HARD,MIDDLE,False,1.0,37.0,37.0,True,False,True,True
2022_02_MAG_s2,2022_02,MAG,Haas F1 Team,2,MEDIUM,SOFTEST,False,38.0,50.0,13.0,False,True,False,True
2022_02_NOR_s1,2022_02,NOR,McLaren,1,MEDIUM,SOFTEST,True,1.0,16.0,16.0,True,False,True,True
2022_02_NOR_s2,2022_02,NOR,McLaren,2,HARD,MIDDLE,True,17.0,50.0,34.0,False,True,False,True
2022_02_OCO_s1,2022_02,OCO,Alpine,1,MEDIUM,SOFTEST,True,1.0,16.0,16.0,True,False,True,True
2022_02_OCO_s2,2022_02,OCO,Alpine,2,HARD,MIDDLE,True,17.0,50.0,34.0,False,True,False,True
2022_02_PER_s1,2022_02,PER,Red Bull Racing,1,MEDIUM,SOFTEST,True,1.0,15.0,15.0,True,False,True,False
2022_02_PER_s2,2022_02,PER,Red Bull Racing,2,HARD,MIDDLE,True,16.0,50.0,35.0,False,True,False,True
2022_02_RIC_s1,2022_02,RIC,McLaren,1,MEDIUM,SOFTEST,True,1.0,8.0,8.0,True,False,True,False
2022_02_RIC_s2,2022_02,RIC,McLaren,2,HARD,MIDDLE,True,9.0,36.0,28.0,True,False,True,True
2022_02_RUS_s1,2022_02,RUS,Mercedes,1,MEDIUM,SOFTEST,True,1.0,16.0,16.0,True,False,True,True
2022_02_RUS_s2,2022_02,RUS,Mercedes,2,HARD,MIDDLE,True,17.0,50.0,34.0,False,True,False,True
2022_02_SAI_s1,2022_02,SAI,Ferrari,1,MEDIUM,SOFTEST,True,1.0,16.0,16.0,True,False,True,True
2022_02_SAI_s2,2022_02,SAI,Ferrari,2,HARD,MIDDLE,True,17.0,50.0,34.0,False,True,False,True
2022_02_STR_s1,2022_02,STR,Aston Martin,1,MEDIUM,SOFTEST,False,1.0,13.0,13.0,True,False,True,False
2022_02_STR_s2,2022_02,STR,Aston Martin,2,HARD,MIDDLE,False,14.0,49.0,36.0,False,True,False,True
2022_02_VER_s1,2022_02,VER,Red Bull Racing,1,MEDIUM,SOFTEST,True,1.0,16.0,16.0,True,False,True,True
2022_02_VER_s2,2022_02,VER,Red Bull Racing,2,HARD,MIDDLE,True,17.0,50.0,34.0,False,True,False,True
2022_02_ZHO_s1,2022_02,ZHO,Alfa Romeo,1,MEDIUM,SOFTEST,True,1.0,16.0,16.0,True,False,True,True
2022_02_ZHO_s2,2022_02,ZHO,Alfa Romeo,2,HARD,MIDDLE,True,17.0,27.0,11.0,True,False,True,True
2022_02_ZHO_s3,2022_02,ZHO,Alfa Romeo,3,HARD,MIDDLE,False,28.0,50.0,23.0,False,True,False,True
2022_03_ALB_s1,2022_03,ALB,Williams,1,HARD,HARDEST,True,1.0,57.0,57.0,True,True,False,True
2022_03_ALB_s2,2022_03,ALB,Williams,2,SOFT,SOFTEST,True,58.0,58.0,1.0,False,True,False,False
2022_03_ALO_s1,2022_03,ALO,Alpine,1,HARD,HARDEST,True,1.0,39.0,39.0,True,False,True,True
2022_03_ALO_s2,2022_03,ALO,Alpine,2,MEDIUM,MIDDLE,True,40.0,53.0,14.0,True,False,True,True
2022_03_ALO_s3,2022_03,ALO,Alpine,3,MEDIUM,MIDDLE,True,54.0,57.0,4.0,False,True,False,False
2022_03_BOT_s1,2022_03,BOT,Alfa Romeo,1,MEDIUM,MIDDLE,True,1.0,22.0,22.0,True,False,True,True
2022_03_BOT_s2,2022_03,BOT,Alfa Romeo,2,HARD,HARDEST,True,23.0,58.0,36.0,False,True,False,True
2022_03_GAS_s1,2022_03,GAS,AlphaTauri,1,MEDIUM,MIDDLE,True,1.0,21.0,21.0,True,False,True,True
2022_03_GAS_s2,2022_03,GAS,AlphaTauri,2,HARD,HARDEST,True,22.0,58.0,37.0,False,True,False,True
2022_03_HAM_s1,2022_03,HAM,Mercedes,1,MEDIUM,MIDDLE,True,1.0,22.0,22.0,True,False,True,True
2022_03_HAM_s2,2022_03,HAM,Mercedes,2,HARD,HARDEST,True,23.0,58.0,36.0,False,True,False,True
2022_03_LAT_s1,2022_03,LAT,Williams,1,MEDIUM,MIDDLE,True,1.0,13.0,13.0,True,False,True,True
2022_03_LAT_s2,2022_03,LAT,Williams,2,HARD,HARDEST,False,14.0,23.0,10.0,True,False,True,True
2022_03_LAT_s3,2022_03,LAT,Williams,3,HARD,HARDEST,True,24.0,57.0,34.0,False,True,False,True
2022_03_LEC_s1,2022_03,LEC,Ferrari,1,MEDIUM,MIDDLE,True,1.0,22.0,22.0,True,False,True,True
2022_03_LEC_s2,2022_03,LEC,Ferrari,2,HARD,HARDEST,True,23.0,58.0,36.0,False,True,False,True
2022_03_MAG_s1,2022_03,MAG,Haas F1 Team,1,HARD,HARDEST,True,1.0,39.0,39.0,True,False,True,True
2022_03_MAG_s2,2022_03,MAG,Haas F1 Team,2,MEDIUM,MIDDLE,False,40.0,57.0,18.0,False,True,False,True
2022_03_MSC_s1,2022_03,MSC,Haas F1 Team,1,MEDIUM,MIDDLE,False,1.0,14.0,14.0,True,False,True,True
2022_03_MSC_s2,2022_03,MSC,Haas F1 Team,2,HARD,HARDEST,True,15.0,57.0,43.0,False,True,False,True
2022_03_NOR_s1,2022_03,NOR,McLaren,1,MEDIUM,MIDDLE,True,1.0,20.0,20.0,True,False,True,True
2022_03_NOR_s2,2022_03,NOR,McLaren,2,HARD,HARDEST,True,21.0,58.0,38.0,False,True,False,True
2022_03_OCO_s1,2022_03,OCO,Alpine,1,MEDIUM,MIDDLE,True,1.0,17.0,17.0,True,False,True,True
2022_03_OCO_s2,2022_03,OCO,Alpine,2,HARD,HARDEST,True,18.0,58.0,41.0,False,True,False,True
2022_03_PER_s1,2022_03,PER,Red Bull Racing,1,MEDIUM,MIDDLE,True,1.0,20.0,20.0,True,False,True,True
2022_03_PER_s2,2022_03,PER,Red Bull Racing,2,HARD,HARDEST,True,21.0,58.0,38.0,False,True,False,True
2022_03_RIC_s1,2022_03,RIC,McLaren,1,MEDIUM,MIDDLE,True,1.0,21.0,21.0,True,False,True,True
2022_03_RIC_s2,2022_03,RIC,McLaren,2,HARD,HARDEST,True,22.0,58.0,37.0,False,True,False,True
2022_03_RUS_s1,2022_03,RUS,Mercedes,1,MEDIUM,MIDDLE,True,1.0,23.0,23.0,True,False,True,True
2022_03_RUS_s2,2022_03,RUS,Mercedes,2,HARD,HARDEST,True,24.0,58.0,35.0,False,True,False,True
2022_03_SAI_s1,2022_03,SAI,Ferrari,1,HARD,HARDEST,False,1.0,2.0,2.0,False,False,False,True
2022_03_STR_s1,2022_03,STR,Aston Martin,1,HARD,HARDEST,False,1.0,3.0,3.0,True,False,True,True
2022_03_STR_s2,2022_03,STR,Aston Martin,2,MEDIUM,MIDDLE,False,4.0,4.0,1.0,True,False,True,True
2022_03_STR_s3,2022_03,STR,Aston Martin,3,HARD,HARDEST,False,5.0,23.0,19.0,True,False,True,True
2022_03_STR_s4,2022_03,STR,Aston Martin,4,HARD,HARDEST,False,24.0,58.0,35.0,False,True,False,True
2022_03_TSU_s1,2022_03,TSU,AlphaTauri,1,MEDIUM,MIDDLE,True,1.0,18.0,18.0,True,False,True,True
2022_03_TSU_s2,2022_03,TSU,AlphaTauri,2,HARD,HARDEST,True,19.0,57.0,39.0,False,True,False,True
2022_03_VER_s1,2022_03,VER,Red Bull Racing,1,MEDIUM,MIDDLE,True,1.0,18.0,18.0,True,False,True,True
2022_03_VER_s2,2022_03,VER,Red Bull Racing,2,HARD,HARDEST,True,19.0,39.0,21.0,False,False,False,True
2022_03_VET_s1,2022_03,VET,Aston Martin,1,HARD,HARDEST,False,1.0,23.0,23.0,False,False,False,True
2022_03_ZHO_s1,2022_03,ZHO,Alfa Romeo,1,MEDIUM,MIDDLE,True,1.0,21.0,21.0,True,False,True,True
2022_03_ZHO_s2,2022_03,ZHO,Alfa Romeo,2,HARD,HARDEST,True,22.0,58.0,37.0,False,True,False,True
2022_04_ALB_s1,2022_04,ALB,Williams,1,WET,WET,True,1.0,17.0,17.0,True,False,True,True
2022_04_ALB_s2,2022_04,ALB,Williams,2,MEDIUM,MIDDLE,True,18.0,62.0,45.0,False,True,False,True
2022_04_ALO_s1,2022_04,ALO,Alpine,1,WET,WET,True,1.0,6.0,6.0,True,False,True,True
2022_04_BOT_s1,2022_04,BOT,Alfa Romeo,1,WET,WET,True,1.0,18.0,18.0,True,False,True,True
2022_04_BOT_s2,2022_04,BOT,Alfa Romeo,2,MEDIUM,MIDDLE,True,19.0,63.0,45.0,False,True,False,True
2022_04_GAS_s1,2022_04,GAS,AlphaTauri,1,WET,WET,True,1.0,17.0,17.0,True,False,True,True
2022_04_GAS_s2,2022_04,GAS,AlphaTauri,2,MEDIUM,MIDDLE,True,18.0,62.0,45.0,False,True,False,True
2022_04_HAM_s1,2022_04,HAM,Mercedes,1,WET,WET,False,1.0,18.0,18.0,True,False,True,True
2022_04_HAM_s2,2022_04,HAM,Mercedes,2,MEDIUM,MIDDLE,True,19.0,62.0,44.0,False,True,False,True
2022_04_LAT_s1,2022_04,LAT,Williams,1,WET,WET,True,1.0,18.0,18.0,True,False,True,True
2022_04_LAT_s2,2022_04,LAT,Williams,2,MEDIUM,MIDDLE,True,19.0,62.0,44.0,False,True,False,True
2022_04_LEC_s1,2022_04,LEC,Ferrari,1,WET,WET,True,1.0,19.0,19.0,True,False,True,True
2022_04_LEC_s2,2022_04,LEC,Ferrari,2,MEDIUM,MIDDLE,True,20.0,49.0,30.0,True,False,True,True
2022_04_LEC_s3,2022_04,LEC,Ferrari,3,SOFT,SOFTEST,True,50.0,53.0,4.0,True,False,True,True
2022_04_LEC_s4,2022_04,LEC,Ferrari,4,SOFT,SOFTEST,False,54.0,63.0,10.0,False,True,False,False
2022_04_MAG_s1,2022_04,MAG,Haas F1 Team,1,WET,WET,True,1.0,18.0,18.0,True,False,True,True
2022_04_MAG_s2,2022_04,MAG,Haas F1 Team,2,MEDIUM,MIDDLE,False,19.0,63.0,45.0,False,True,False,True
2022_04_MSC_s1,2022_04,MSC,Haas F1 Team,1,WET,WET,True,1.0,18.0,18.0,True,False,True,True
2022_04_MSC_s2,2022_04,MSC,Haas F1 Team,2,MEDIUM,MIDDLE,False,19.0,52.0,34.0,True,False,True,True
2022_04_MSC_s3,2022_04,MSC,Haas F1 Team,3,SOFT,SOFTEST,True,53.0,62.0,10.0,False,True,False,False
2022_04_NOR_s1,2022_04,NOR,McLaren,1,WET,WET,True,1.0,19.0,19.0,True,False,True,True
2022_04_NOR_s2,2022_04,NOR,McLaren,2,MEDIUM,MIDDLE,True,20.0,63.0,44.0,False,True,False,True
2022_04_OCO_s1,2022_04,OCO,Alpine,1,WET,WET,True,1.0,18.0,18.0,True,False,True,True
2022_04_OCO_s2,2022_04,OCO,Alpine,2,MEDIUM,MIDDLE,True,19.0,62.0,44.0,False,True,False,True
2022_04_PER_s1,2022_04,PER,Red Bull Racing,1,WET,WET,True,1.0,18.0,18.0,True,False,True,True
2022_04_PER_s2,2022_04,PER,Red Bull Racing,2,MEDIUM,MIDDLE,True,19.0,50.0,32.0,True,False,True,True
2022_04_PER_s3,2022_04,PER,Red Bull Racing,3,SOFT,SOFTEST,True,51.0,63.0,13.0,False,True,False,True
2022_04_RIC_s1,2022_04,RIC,McLaren,1,WET,WET,True,1.0,2.0,2.0,True,False,True,True
2022_04_RIC_s2,2022_04,RIC,McLaren,2,WET,WET,False,3.0,16.0,14.0,True,False,True,True
2022_04_RIC_s3,2022_04,RIC,McLaren,3,MEDIUM,MIDDLE,True,17.0,30.0,14.0,True,False,True,True
2022_04_RIC_s4,2022_04,RIC,McLaren,4,HARD,HARDEST,True,31.0,62.0,32.0,False,True,False,True
2022_04_RUS_s1,2022_04,RUS,Mercedes,1,WET,WET,True,1.0,18.0,18.0,True,False,True,True
2022_04_RUS_s2,2022_04,RUS,Mercedes,2,MEDIUM,MIDDLE,True,19.0,63.0,45.0,False,True,False,True
2022_04_SAI_s1,2022_04,SAI,Ferrari,1,WET,WET,True,1.0,1.0,1.0,False,False,False,True
2022_04_STR_s1,2022_04,STR,Aston Martin,1,WET,WET,True,1.0,18.0,18.0,True,False,True,True
2022_04_STR_s2,2022_04,STR,Aston Martin,2,MEDIUM,MIDDLE,False,19.0,62.0,44.0,False,True,False,True
2022_04_TSU_s1,2022_04,TSU,AlphaTauri,1,WET,WET,True,1.0,18.0,18.0,True,False,True,True
2022_04_TSU_s2,2022_04,TSU,AlphaTauri,2,MEDIUM,MIDDLE,True,19.0,63.0,45.0,False,True,False,True
2022_04_VER_s1,2022_04,VER,Red Bull Racing,1,WET,WET,True,1.0,19.0,19.0,True,False,True,True
2022_04_VER_s2,2022_04,VER,Red Bull Racing,2,MEDIUM,MIDDLE,True,20.0,51.0,32.0,True,False,True,True
2022_04_VER_s3,2022_04,VER,Red Bull Racing,3,SOFT,SOFTEST,True,52.0,63.0,12.0,False,True,False,True
2022_04_VET_s1,2022_04,VET,Aston Martin,1,WET,WET,True,1.0,17.0,17.0,True,False,True,True
2022_04_VET_s2,2022_04,VET,Aston Martin,2,MEDIUM,MIDDLE,False,18.0,63.0,46.0,False,True,False,True
2022_04_ZHO_s1,2022_04,ZHO,Alfa Romeo,1,WET,WET,True,1.0,18.0,18.0,True,False,True,True
2022_04_ZHO_s2,2022_04,ZHO,Alfa Romeo,2,MEDIUM,MIDDLE,True,19.0,62.0,44.0,False,True,False,True
2022_05_ALB_s1,2022_05,ALB,Williams,1,MEDIUM,MIDDLE,True,1.0,16.0,16.0,True,False,True,False
2022_05_ALB_s2,2022_05,ALB,Williams,2,HARD,HARDEST,True,17.0,57.0,41.0,False,True,False,True
2022_05_ALO_s1,2022_05,ALO,Alpine,1,MEDIUM,MIDDLE,True,1.0,15.0,15.0,True,False,True,False
2022_05_ALO_s2,2022_05,ALO,Alpine,2,HARD,HARDEST,False,16.0,57.0,42.0,False,True,False,True
2022_05_BOT_s1,2022_05,BOT,Alfa Romeo,1,MEDIUM,MIDDLE,True,1.0,26.0,26.0,True,False,True,True
2022_05_BOT_s2,2022_05,BOT,Alfa Romeo,2,HARD,HARDEST,True,27.0,57.0,31.0,False,True,False,True
2022_05_GAS_s1,2022_05,GAS,AlphaTauri,1,MEDIUM,MIDDLE,True,1.0,16.0,16.0,True,False,True,False
2022_05_GAS_s2,2022_05,GAS,AlphaTauri,2,HARD,HARDEST,True,17.0,40.0,24.0,True,False,True,True
2022_05_GAS_s3,2022_05,GAS,AlphaTauri,3,SOFT,SOFTEST,False,41.0,45.0,5.0,True,False,True,True
2022_05_HAM_s1,2022_05,HAM,Mercedes,1,MEDIUM,MIDDLE,True,1.0,22.0,22.0,True,False,True,True
2022_05_HAM_s2,2022_05,HAM,Mercedes,2,HARD,HARDEST,True,23.0,57.0,35.0,False,True,False,True
2022_05_LAT_s1,2022_05,LAT,Williams,1,HARD,HARDEST,True,1.0,34.0,34.0,True,False,True,True
2022_05_LAT_s2,2022_05,LAT,Williams,2,MEDIUM,MIDDLE,True,35.0,57.0,23.0,False,True,False,True
2022_05_LEC_s1,2022_05,LEC,Ferrari,1,MEDIUM,MIDDLE,True,1.0,24.0,24.0,True,False,True,True
2022_05_LEC_s2,2022_05,LEC,Ferrari,2,HARD,HARDEST,True,25.0,57.0,33.0,False,True,False,True
2022_05_MAG_s1,2022_05,MAG,Haas F1 Team,1,MEDIUM,MIDDLE,True,1.0,12.0,12.0,True,False,True,False
2022_05_MAG_s2,2022_05,MAG,Haas F1 Team,2,HARD,HARDEST,True,13.0,42.0,30.0,True,False,True,True
2022_05_MAG_s3,2022_05,MAG,Haas F1 Team,3,MEDIUM,MIDDLE,True,43.0,57.0,15.0,True,True,False,True
2022_05_MSC_s1,2022_05,MSC,Haas F1 Team,1,MEDIUM,MIDDLE,True,1.0,14.0,14.0,True,False,True,False
2022_05_MSC_s2,2022_05,MSC,Haas F1 Team,2,HARD,HARDEST,True,15.0,54.0,40.0,True,False,True,True
2022_05_MSC_s3,2022_05,MSC,Haas F1 Team,3,MEDIUM,MIDDLE,True,55.0,57.0,3.0,False,True,False,True
2022_05_NOR_s1,2022_05,NOR,McLaren,1,MEDIUM,MIDDLE,True,1.0,18.0,18.0,True,False,True,False
2022_05_NOR_s2,2022_05,NOR,McLaren,2,HARD,HARDEST,True,19.0,40.0,22.0,False,False,False,True
2022_05_OCO_s1,2022_05,OCO,Alpine,1,HARD,HARDEST,True,1.0,41.0,41.0,True,False,True,True
2022_05_OCO_s2,2022_05,OCO,Alpine,2,SOFT,SOFTEST,True,42.0,57.0,16.0,False,True,False,True
2022_05_PER_s1,2022_05,PER,Red Bull Racing,1,MEDIUM,MIDDLE,True,1.0,27.0,27.0,True,False,True,True
2022_05_PER_s2,2022_05,PER,Red Bull Racing,2,HARD,HARDEST,True,28.0,41.0,14.0,True,False,True,True
2022_05_PER_s3,2022_05,PER,Red Bull Racing,3,MEDIUM,MIDDLE,True,42.0,57.0,16.0,False,True,False,True
2022_05_RIC_s1,2022_05,RIC,McLaren,1,MEDIUM,MIDDLE,True,1.0,30.0,30.0,True,False,True,True
2022_05_RIC_s2,2022_05,RIC,McLaren,2,HARD,HARDEST,True,31.0,41.0,11.0,True,False,True,True
2022_05_RIC_s3,2022_05,RIC,McLaren,3,SOFT,SOFTEST,True,42.0,57.0,16.0,False,True,False,True
2022_05_RUS_s1,2022_05,RUS,Mercedes,1,HARD,HARDEST,True,1.0,40.0,40.0,True,False,True,True
2022_05_RUS_s2,2022_05,RUS,Mercedes,2,MEDIUM,MIDDLE,True,41.0,57.0,17.0,False,True,False,True
2022_05_SAI_s1,2022_05,SAI,Ferrari,1,MEDIUM,MIDDLE,True,1.0,27.0,27.0,True,False,True,True
2022_05_SAI_s2,2022_05,SAI,Ferrari,2,HARD,HARDEST,True,28.0,57.0,30.0,False,True,False,True
2022_05_STR_s1,2022_05,STR,Aston Martin,1,HARD,HARDEST,False,1.0,40.0,40.0,True,False,True,True
2022_05_STR_s2,2022_05,STR,Aston Martin,2,MEDIUM,MIDDLE,False,41.0,57.0,17.0,False,True,False,True
2022_05_TSU_s1,2022_05,TSU,AlphaTauri,1,MEDIUM,MIDDLE,True,1.0,11.0,11.0,True,False,True,False
2022_05_TSU_s2,2022_05,TSU,AlphaTauri,2,HARD,HARDEST,True,12.0,41.0,30.0,True,False,True,True
2022_05_TSU_s3,2022_05,TSU,AlphaTauri,3,SOFT,SOFTEST,False,42.0,57.0,16.0,False,True,False,True
2022_05_VER_s1,2022_05,VER,Red Bull Racing,1,MEDIUM,MIDDLE,True,1.0,26.0,26.0,True,False,True,True
2022_05_VER_s2,2022_05,VER,Red Bull Racing,2,HARD,HARDEST,True,27.0,57.0,31.0,False,True,False,True
2022_05_VET_s1,2022_05,VET,Aston Martin,1,HARD,HARDEST,False,1.0,41.0,41.0,True,False,True,True
2022_05_VET_s2,2022_05,VET,Aston Martin,2,MEDIUM,MIDDLE,False,42.0,54.0,13.0,True,False,True,True
2022_05_ZHO_s1,2022_05,ZHO,Alfa Romeo,1,MEDIUM,MIDDLE,True,1.0,6.0,6.0,True,False,True,False
2022_06_ALB_s1,2022_06,ALB,Williams,1,SOFT,SOFTEST,True,1.0,11.0,11.0,True,False,True,True
2022_06_ALB_s2,2022_06,ALB,Williams,2,MEDIUM,MIDDLE,True,12.0,25.0,14.0,True,False,True,False
2022_06_ALB_s3,2022_06,ALB,Williams,3,SOFT,SOFTEST,True,26.0,45.0,20.0,True,False,True,False
2022_06_ALB_s4,2022_06,ALB,Williams,4,MEDIUM,MIDDLE,True,46.0,54.0,9.0,True,False,True,False
2022_06_ALB_s5,2022_06,ALB,Williams,5,SOFT,SOFTEST,False,55.0,64.0,10.0,False,False,False,False
2022_06_ALO_s1,2022_06,ALO,Alpine,1,SOFT,SOFTEST,True,1.0,10.0,10.0,True,False,True,True
2022_06_ALO_s2,2022_06,ALO,Alpine,2,MEDIUM,MIDDLE,True,11.0,31.0,21.0,True,False,True,False
2022_06_ALO_s3,2022_06,ALO,Alpine,3,SOFT,SOFTEST,True,32.0,53.0,22.0,True,False,True,False
2022_06_ALO_s4,2022_06,ALO,Alpine,4,SOFT,SOFTEST,False,54.0,65.0,12.0,False,True,False,False
2022_06_BOT_s1,2022_06,BOT,Alfa Romeo,1,SOFT,SOFTEST,False,1.0,14.0,14.0,True,False,True,True
2022_06_BOT_s2,2022_06,BOT,Alfa Romeo,2,MEDIUM,MIDDLE,True,15.0,34.0,20.0,True,False,True,False
2022_06_BOT_s3,2022_06,BOT,Alfa Romeo,3,MEDIUM,MIDDLE,True,35.0,66.0,32.0,False,True,False,False
2022_06_GAS_s1,2022_06,GAS,AlphaTauri,1,SOFT,SOFTEST,True,1.0,10.0,10.0,True,False,True,True
2022_06_GAS_s2,2022_06,GAS,AlphaTauri,2,MEDIUM,MIDDLE,True,11.0,29.0,19.0,True,False,True,False
2022_06_GAS_s3,2022_06,GAS,AlphaTauri,3,SOFT,SOFTEST,False,30.0,46.0,17.0,True,False,True,False
2022_06_GAS_s4,2022_06,GAS,AlphaTauri,4,SOFT,SOFTEST,False,47.0,65.0,19.0,False,True,False,False
2022_06_HAM_s1,2022_06,HAM,Mercedes,1,MEDIUM,MIDDLE,True,1.0,1.0,1.0,True,False,True,True
2022_06_HAM_s2,2022_06,HAM,Mercedes,2,SOFT,SOFTEST,False,2.0,22.0,21.0,True,False,True,True
2022_06_HAM_s3,2022_06,HAM,Mercedes,3,MEDIUM,MIDDLE,True,23.0,48.0,26.0,True,False,True,False
2022_06_HAM_s4,2022_06,HAM,Mercedes,4,SOFT,SOFTEST,False,49.0,66.0,18.0,False,True,False,False
2022_06_LAT_s1,2022_06,LAT,Williams,1,SOFT,SOFTEST,True,1.0,12.0,12.0,True,False,True,True
2022_06_LAT_s2,2022_06,LAT,Williams,2,MEDIUM,MIDDLE,True,13.0,26.0,14.0,True,False,True,False
2022_06_LAT_s3,2022_06,LAT,Williams,3,SOFT,SOFTEST,True,27.0,50.0,24.0,True,False,True,False
2022_06_LAT_s4,2022_06,LAT,Williams,4,SOFT,SOFTEST,False,51.0,64.0,14.0,False,False,False,False
2022_06_LEC_s1,2022_06,LEC,Ferrari,1,SOFT,SOFTEST,True,1.0,21.0,21.0,True,False,True,True
2022_06_LEC_s2,2022_06,LEC,Ferrari,2,MEDIUM,MIDDLE,True,22.0,27.0,6.0,True,False,True,False
2022_06_MAG_s1,2022_06,MAG,Haas F1 Team,1,SOFT,SOFTEST,False,1.0,1.0,1.0,True,False,True,True
2022_06_MAG_s2,2022_06,MAG,Haas F1 Team,2,MEDIUM,MIDDLE,True,2.0,29.0,28.0,True,False,True,True
2022_06_MAG_s3,2022_06,MAG,Haas F1 Team,3,HARD,HARDEST,True,30.0,64.0,35.0,False,False,False,False
2022_06_MSC_s1,2022_06,MSC,Haas F1 Team,1,SOFT,SOFTEST,False,1.0,12.0,12.0,True,False,True,True
2022_06_MSC_s2,2022_06,MSC,Haas F1 Team,2,SOFT,SOFTEST,False,13.0,30.0,18.0,True,False,True,False
2022_06_MSC_s3,2022_06,MSC,Haas F1 Team,3,MEDIUM,MIDDLE,True,31.0,65.0,35.0,False,True,False,False
2022_06_NOR_s1,2022_06,NOR,McLaren,1,SOFT,SOFTEST,True,1.0,12.0,12.0,True,False,True,True
2022_06_NOR_s2,2022_06,NOR,McLaren,2,MEDIUM,MIDDLE,True,13.0,33.0,21.0,True,False,True,False
2022_06_NOR_s3,2022_06,NOR,McLaren,3,SOFT,SOFTEST,False,34.0,51.0,18.0,True,False,True,False
2022_06_NOR_s4,2022_06,NOR,McLaren,4,SOFT,SOFTEST,False,52.0,66.0,15.0,False,True,False,False
2022_06_OCO_s1,2022_06,OCO,Alpine,1,SOFT,SOFTEST,True,1.0,13.0,13.0,True,False,True,True
2022_06_OCO_s2,2022_06,OCO,Alpine,2,MEDIUM,MIDDLE,True,14.0,35.0,22.0,True,False,True,False
2022_06_OCO_s3,2022_06,OCO,Alpine,3,SOFT,SOFTEST,False,36.0,52.0,17.0,True,False,True,False
2022_06_OCO_s4,2022_06,OCO,Alpine,4,SOFT,SOFTEST,False,53.0,66.0,14.0,False,True,False,False
2022_06_PER_s1,2022_06,PER,Red Bull Racing,1,SOFT,SOFTEST,False,1.0,17.0,17.0,True,False,True,True
2022_06_PER_s2,2022_06,PER,Red Bull Racing,2,MEDIUM,MIDDLE,True,18.0,37.0,20.0,True,False,True,False
2022_06_PER_s3,2022_06,PER,Red Bull Racing,3,MEDIUM,MIDDLE,True,38.0,53.0,16.0,True,False,True,False
2022_06_PER_s4,2022_06,PER,Red Bull Racing,4,SOFT,SOFTEST,False,54.0,66.0,13.0,False,True,False,False
2022_06_RIC_s1,2022_06,RIC,McLaren,1,SOFT,SOFTEST,False,1.0,11.0,11.0,True,False,True,True
2022_06_RIC_s2,2022_06,RIC,McLaren,2,SOFT,SOFTEST,False,12.0,31.0,20.0,True,False,True,False
2022_06_RIC_s3,2022_06,RIC,McLaren,3,MEDIUM,MIDDLE,True,32.0,48.0,17.0,True,False,True,False
2022_06_RIC_s4,2022_06,RIC,McLaren,4,SOFT,SOFTEST,False,49.0,65.0,17.0,False,True,False,False
2022_06_RUS_s1,2022_06,RUS,Mercedes,1,SOFT,SOFTEST,False,1.0,13.0,13.0,True,False,True,True
2022_06_RUS_s2,2022_06,RUS,Mercedes,2,MEDIUM,MIDDLE,True,14.0,36.0,23.0,True,False,True,False
2022_06_RUS_s3,2022_06,RUS,Mercedes,3,MEDIUM,MIDDLE,True,37.0,51.0,15.0,True,False,True,False
2022_06_RUS_s4,2022_06,RUS,Mercedes,4,SOFT,SOFTEST,False,52.0,66.0,15.0,False,True,False,False
2022_06_SAI_s1,2022_06,SAI,Ferrari,1,SOFT,SOFTEST,False,1.0,10.0,10.0,True,False,True,True
2022_06_SAI_s2,2022_06,SAI,Ferrari,2,MEDIUM,MIDDLE,True,11.0,31.0,21.0,True,False,True,False
2022_06_SAI_s3,2022_06,SAI,Ferrari,3,MEDIUM,MIDDLE,True,32.0,45.0,14.0,True,False,True,False
2022_06_SAI_s4,2022_06,SAI,Ferrari,4,SOFT,SOFTEST,False,46.0,66.0,21.0,False,True,False,False
2022_06_STR_s1,2022_06,STR,Aston Martin,1,SOFT,SOFTEST,False,1.0,14.0,14.0,True,False,True,True
2022_06_STR_s2,2022_06,STR,Aston Martin,2,SOFT,SOFTEST,False,15.0,27.0,13.0,True,False,True,False
2022_06_STR_s3,2022_06,STR,Aston Martin,3,MEDIUM,MIDDLE,False,28.0,46.0,19.0,True,False,True,False
2022_06_STR_s4,2022_06,STR,Aston Martin,4,SOFT,SOFTEST,False,47.0,65.0,19.0,False,True,False,False
2022_06_TSU_s1,2022_06,TSU,AlphaTauri,1,SOFT,SOFTEST,True,1.0,11.0,11.0,True,False,True,True
2022_06_TSU_s2,2022_06,TSU,AlphaTauri,2,MEDIUM,MIDDLE,True,12.0,32.0,21.0,True,False,True,False
2022_06_TSU_s3,2022_06,TSU,AlphaTauri,3,SOFT,SOFTEST,False,33.0,52.0,20.0,True,False,True,False
2022_06_TSU_s4,2022_06,TSU,AlphaTauri,4,SOFT,SOFTEST,False,53.0,65.0,13.0,False,True,False,False
2022_06_VER_s1,2022_06,VER,Red Bull Racing,1,SOFT,SOFTEST,False,1.0,13.0,13.0,True,False,True,True
2022_06_VER_s2,2022_06,VER,Red Bull Racing,2,MEDIUM,MIDDLE,True,14.0,28.0,15.0,True,False,True,False
2022_06_VER_s3,2022_06,VER,Red Bull Racing,3,SOFT,SOFTEST,False,29.0,44.0,16.0,True,False,True,False
2022_06_VER_s4,2022_06,VER,Red Bull Racing,4,MEDIUM,MIDDLE,True,45.0,66.0,22.0,False,True,False,False
2022_06_VET_s1,2022_06,VET,Aston Martin,1,SOFT,SOFTEST,False,1.0,21.0,21.0,True,False,True,True
2022_06_VET_s2,2022_06,VET,Aston Martin,2,SOFT,SOFTEST,False,22.0,42.0,21.0,True,False,True,False
2022_06_VET_s3,2022_06,VET,Aston Martin,3,MEDIUM,MIDDLE,False,43.0,65.0,23.0,False,True,False,False
2022_06_ZHO_s1,2022_06,ZHO,Alfa Romeo,1,SOFT,SOFTEST,True,1.0,10.0,10.0,True,False,True,True
2022_06_ZHO_s2,2022_06,ZHO,Alfa Romeo,2,MEDIUM,MIDDLE,True,11.0,28.0,18.0,True,False,True,False
2022_07_ALB_s1,2022_07,ALB,Williams,1,WET,WET,True,1.0,18.0,18.0,True,False,True,True
2022_07_ALB_s2,2022_07,ALB,Williams,2,HARD,HARDEST,False,19.0,22.0,,True,False,True,True
2022_07_ALB_s3,2022_07,ALB,Williams,3,MEDIUM,MIDDLE,True,23.0,29.0,7.0,True,False,True,True
2022_07_ALB_s4,2022_07,ALB,Williams,4,MEDIUM,MIDDLE,False,30.0,49.0,20.0,True,False,True,False
2022_07_ALO_s1,2022_07,ALO,Alpine,1,WET,WET,True,1.0,21.0,21.0,True,False,True,True
2022_07_ALO_s2,2022_07,ALO,Alpine,2,HARD,HARDEST,False,22.0,30.0,,True,False,True,True
2022_07_ALO_s3,2022_07,ALO,Alpine,3,MEDIUM,MIDDLE,True,31.0,64.0,34.0,False,True,False,True
2022_07_BOT_s1,2022_07,BOT,Alfa Romeo,1,WET,WET,True,1.0,20.0,20.0,True,False,True,True
2022_07_BOT_s2,2022_07,BOT,Alfa Romeo,2,HARD,HARDEST,False,21.0,30.0,,True,False,True,True
2022_07_BOT_s3,2022_07,BOT,Alfa Romeo,3,HARD,HARDEST,False,31.0,64.0,34.0,False,True,False,True
2022_07_GAS_s1,2022_07,GAS,AlphaTauri,1,WET,WET,True,1.0,2.0,2.0,True,False,True,True
2022_07_GAS_s2,2022_07,GAS,AlphaTauri,2,WET,WET,True,3.0,22.0,20.0,True,False,True,True
2022_07_GAS_s3,2022_07,GAS,AlphaTauri,3,HARD,HARDEST,False,23.0,30.0,,True,False,True,True
2022_07_GAS_s4,2022_07,GAS,AlphaTauri,4,HARD,HARDEST,False,31.0,64.0,34.0,False,True,False,True
2022_07_HAM_s1,2022_07,HAM,Mercedes,1,WET,WET,False,1.0,15.0,15.0,True,False,True,True
2022_07_HAM_s2,2022_07,HAM,Mercedes,2,WET,WET,True,16.0,22.0,,True,False,True,True
2022_07_HAM_s3,2022_07,HAM,Mercedes,3,HARD,HARDEST,True,23.0,30.0,8.0,True,False,True,True
2022_07_HAM_s4,2022_07,HAM,Mercedes,4,MEDIUM,MIDDLE,True,31.0,64.0,34.0,False,True,False,True
2022_07_LAT_s1,2022_07,LAT,Williams,1,WET,WET,True,1.0,1.0,1.0,True,False,True,True
2022_07_LAT_s2,2022_07,LAT,Williams,2,WET,WET,True,2.0,2.0,1.0,True,False,True,True
2022_07_LAT_s3,2022_07,LAT,Williams,3,HARD,HARDEST,True,3.0,22.0,20.0,True,False,True,True
2022_07_LAT_s4,2022_07,LAT,Williams,4,MEDIUM,MIDDLE,False,23.0,63.0,,True,True,False,True
2022_07_LEC_s1,2022_07,LEC,Ferrari,1,WET,WET,True,1.0,18.0,18.0,True,False,True,True
2022_07_LEC_s2,2022_07,LEC,Ferrari,2,WET,WET,False,19.0,21.0,,True,False,True,True
2022_07_LEC_s3,2022_07,LEC,Ferrari,3,HARD,HARDEST,True,22.0,30.0,9.0,True,False,True,True
2022_07_LEC_s4,2022_07,LEC,Ferrari,4,HARD,HARDEST,False,31.0,64.0,34.0,False,True,False,True
2022_07_MAG_s1,2022_07,MAG,Haas F1 Team,1,WET,WET,True,1.0,20.0,20.0,True,False,True,True
2022_07_MSC_s1,2022_07,MSC,Haas F1 Team,1,WET,WET,True,1.0,4.0,4.0,True,False,True,True
2022_07_MSC_s2,2022_07,MSC,Haas F1 Team,2,WET,WET,True,5.0,17.0,13.0,True,False,True,True
2022_07_MSC_s3,2022_07,MSC,Haas F1 Team,3,HARD,HARDEST,False,18.0,25.0,,False,False,False,True
2022_07_NOR_s1,2022_07,NOR,McLaren,1,WET,WET,True,1.0,17.0,17.0,True,False,True,True
2022_07_NOR_s2,2022_07,NOR,McLaren,2,WET,WET,False,18.0,22.0,,True,False,True,True
2022_07_NOR_s3,2022_07,NOR,McLaren,3,HARD,HARDEST,True,23.0,30.0,8.0,True,False,True,True
2022_07_NOR_s4,2022_07,NOR,McLaren,4,HARD,HARDEST,False,31.0,51.0,21.0,True,False,True,False
2022_07_NOR_s5,2022_07,NOR,McLaren,5,MEDIUM,MIDDLE,True,52.0,64.0,13.0,False,True,False,True
2022_07_OCO_s1,2022_07,OCO,Alpine,1,WET,WET,True,1.0,21.0,21.0,True,False,True,True
2022_07_OCO_s2,2022_07,OCO,Alpine,2,HARD,HARDEST,False,22.0,30.0,,True,False,True,True
2022_07_OCO_s3,2022_07,OCO,Alpine,3,MEDIUM,MIDDLE,True,31.0,64.0,34.0,False,True,False,True
2022_07_PER_s1,2022_07,PER,Red Bull Racing,1,WET,WET,True,1.0,16.0,16.0,True,False,True,True
2022_07_PER_s2,2022_07,PER,Red Bull Racing,2,WET,WET,False,17.0,22.0,,True,False,True,True
2022_07_PER_s3,2022_07,PER,Red Bull Racing,3,HARD,HARDEST,True,23.0,30.0,8.0,True,False,True,True
2022_07_PER_s4,2022_07,PER,Red Bull Racing,4,MEDIUM,MIDDLE,True,31.0,64.0,34.0,False,True,False,True
2022_07_RIC_s1,2022_07,RIC,McLaren,1,WET,WET,True,1.0,19.0,19.0,True,False,True,True
2022_07_RIC_s2,2022_07,RIC,McLaren,2,HARD,HARDEST,False,20.0,30.0,,True,False,True,True
2022_07_RIC_s3,2022_07,RIC,McLaren,3,HARD,HARDEST,False,31.0,64.0,34.0,False,True,False,True
2022_07_RUS_s1,2022_07,RUS,Mercedes,1,WET,WET,False,1.0,21.0,21.0,True,False,True,True
2022_07_RUS_s2,2022_07,RUS,Mercedes,2,HARD,HARDEST,True,22.0,30.0,,True,False,True,True
2022_07_RUS_s3,2022_07,RUS,Mercedes,3,MEDIUM,MIDDLE,True,31.0,64.0,34.0,False,True,False,True
2022_07_SAI_s1,2022_07,SAI,Ferrari,1,WET,WET,True,1.0,21.0,21.0,True,False,True,True
2022_07_SAI_s2,2022_07,SAI,Ferrari,2,HARD,HARDEST,False,22.0,30.0,,True,False,True,True
2022_07_SAI_s3,2022_07,SAI,Ferrari,3,HARD,HARDEST,False,31.0,64.0,34.0,False,True,False,True
2022_07_STR_s1,2022_07,STR,Aston Martin,1,WET,WET,True,1.0,1.0,1.0,True,False,True,True
2022_07_STR_s2,2022_07,STR,Aston Martin,2,WET,WET,False,2.0,2.0,1.0,True,False,True,True
2022_07_STR_s3,2022_07,STR,Aston Martin,3,WET,WET,True,3.0,24.0,22.0,True,False,True,True
2022_07_STR_s4,2022_07,STR,Aston Martin,4,HARD,HARDEST,False,25.0,29.0,5.0,True,False,True,True
2022_07_STR_s5,2022_07,STR,Aston Martin,5,UNKNOWN,UNKNOWN,False,30.0,64.0,35.0,False,True,False,True
2022_07_TSU_s1,2022_07,TSU,AlphaTauri,1,WET,WET,True,1.0,6.0,6.0,True,False,True,True
2022_07_TSU_s2,2022_07,TSU,AlphaTauri,2,WET,WET,True,7.0,21.0,15.0,True,False,True,True
2022_07_TSU_s3,2022_07,TSU,AlphaTauri,3,HARD,HARDEST,False,22.0,29.0,,True,False,True,True
2022_07_TSU_s4,2022_07,TSU,AlphaTauri,4,MEDIUM,MIDDLE,True,30.0,56.0,27.0,True,False,True,True
2022_07_TSU_s5,2022_07,TSU,AlphaTauri,5,SOFT,SOFTEST,True,57.0,63.0,7.0,False,True,False,True
2022_07_VER_s1,2022_07,VER,Red Bull Racing,1,WET,WET,True,1.0,18.0,18.0,True,False,True,True
2022_07_VER_s2,2022_07,VER,Red Bull Racing,2,WET,WET,False,19.0,22.0,,True,False,True,True
2022_07_VER_s3,2022_07,VER,Red Bull Racing,3,HARD,HARDEST,True,23.0,30.0,8.0,True,False,True,True
2022_07_VER_s4,2022_07,VER,Red Bull Racing,4,MEDIUM,MIDDLE,True,31.0,64.0,34.0,False,True,False,True
2022_07_VET_s1,2022_07,VET,Aston Martin,1,WET,WET,True,1.0,6.0,6.0,True,False,True,True
2022_07_VET_s2,2022_07,VET,Aston Martin,2,WET,WET,True,7.0,23.0,17.0,True,False,True,True
2022_07_VET_s3,2022_07,VET,Aston Martin,3,HARD,HARDEST,False,24.0,30.0,7.0,True,False,True,True
2022_07_VET_s4,2022_07,VET,Aston Martin,4,HARD,HARDEST,False,31.0,64.0,34.0,False,True,False,True
2022_07_ZHO_s1,2022_07,ZHO,Alfa Romeo,1,WET,WET,True,1.0,19.0,19.0,True,False,True,True
2022_07_ZHO_s2,2022_07,ZHO,Alfa Romeo,2,HARD,HARDEST,False,20.0,29.0,,True,False,True,True
2022_07_ZHO_s3,2022_07,ZHO,Alfa Romeo,3,MEDIUM,MIDDLE,True,30.0,63.0,34.0,False,True,False,True
2022_08_ALB_s1,2022_08,ALB,Williams,1,MEDIUM,MIDDLE,True,1.0,9.0,9.0,True,False,True,True
2022_08_ALB_s2,2022_08,ALB,Williams,2,HARD,HARDEST,True,10.0,29.0,20.0,True,False,True,True
2022_08_ALB_s3,2022_08,ALB,Williams,3,HARD,HARDEST,True,30.0,50.0,21.0,False,True,False,True
2022_08_ALO_s1,2022_08,ALO,Alpine,1,MEDIUM,MIDDLE,True,1.0,18.0,18.0,True,False,True,True
2022_08_ALO_s2,2022_08,ALO,Alpine,2,HARD,HARDEST,True,19.0,51.0,33.0,False,True,False,True
2022_08_BOT_s1,2022_08,BOT,Alfa Romeo,1,HARD,HARDEST,True,1.0,33.0,33.0,True,False,True,True
2022_08_BOT_s2,2022_08,BOT,Alfa Romeo,2,MEDIUM,MIDDLE,True,34.0,50.0,17.0,False,True,False,True
2022_08_GAS_s1,2022_08,GAS,AlphaTauri,1,MEDIUM,MIDDLE,True,1.0,9.0,9.0,True,False,True,True
2022_08_GAS_s2,2022_08,GAS,AlphaTauri,2,HARD,HARDEST,False,10.0,51.0,42.0,False,True,False,True
2022_08_HAM_s1,2022_08,HAM,Mercedes,1,MEDIUM,MIDDLE,True,1.0,9.0,9.0,True,False,True,True
2022_08_HAM_s2,2022_08,HAM,Mercedes,2,HARD,HARDEST,True,10.0,33.0,24.0,True,False,True,True
2022_08_HAM_s3,2022_08,HAM,Mercedes,3,HARD,HARDEST,False,34.0,51.0,18.0,False,True,False,True
2022_08_LAT_s1,2022_08,LAT,Williams,1,MEDIUM,MIDDLE,True,1.0,3.0,3.0,True,False,True,False
2022_08_LAT_s2,2022_08,LAT,Williams,2,MEDIUM,MIDDLE,False,4.0,17.0,14.0,True,False,True,True
2022_08_LAT_s3,2022_08,LAT,Williams,3,HARD,HARDEST,True,18.0,50.0,33.0,False,True,False,True
2022_08_LEC_s1,2022_08,LEC,Ferrari,1,MEDIUM,MIDDLE,True,1.0,9.0,9.0,True,False,True,True
2022_08_LEC_s2,2022_08,LEC,Ferrari,2,HARD,HARDEST,True,10.0,21.0,12.0,True,False,True,True
2022_08_MAG_s1,2022_08,MAG,Haas F1 Team,1,MEDIUM,MIDDLE,False,1.0,9.0,9.0,True,False,True,True
2022_08_MAG_s2,2022_08,MAG,Haas F1 Team,2,HARD,HARDEST,True,10.0,32.0,23.0,False,False,False,True
2022_08_MSC_s1,2022_08,MSC,Haas F1 Team,1,HARD,HARDEST,True,1.0,9.0,9.0,True,False,True,True
2022_08_MSC_s2,2022_08,MSC,Haas F1 Team,2,MEDIUM,MIDDLE,False,10.0,23.0,14.0,True,False,True,True
2022_08_MSC_s3,2022_08,MSC,Haas F1 Team,3,HARD,HARDEST,False,24.0,50.0,27.0,False,True,False,True
2022_08_NOR_s1,2022_08,NOR,McLaren,1,MEDIUM,MIDDLE,True,1.0,20.0,20.0,True,False,True,True
2022_08_NOR_s2,2022_08,NOR,McLaren,2,HARD,HARDEST,True,21.0,51.0,31.0,False,True,False,True
2022_08_OCO_s1,2022_08,OCO,Alpine,1,HARD,HARDEST,True,1.0,33.0,33.0,True,False,True,True
2022_08_OCO_s2,2022_08,OCO,Alpine,2,MEDIUM,MIDDLE,True,34.0,51.0,18.0,False,True,False,True
2022_08_PER_s1,2022_08,PER,Red Bull Racing,1,MEDIUM,MIDDLE,True,1.0,16.0,16.0,True,False,True,True
2022_08_PER_s2,2022_08,PER,Red Bull Racing,2,HARD,HARDEST,True,17.0,33.0,17.0,True,False,True,True
2022_08_PER_s3,2022_08,PER,Red Bull Racing,3,HARD,HARDEST,True,34.0,51.0,18.0,False,True,False,True
2022_08_RIC_s1,2022_08,RIC,McLaren,1,HARD,HARDEST,True,1.0,33.0,33.0,True,False,True,True
2022_08_RIC_s2,2022_08,RIC,McLaren,2,MEDIUM,MIDDLE,True,34.0,51.0,18.0,False,True,False,True
2022_08_RUS_s1,2022_08,RUS,Mercedes,1,MEDIUM,MIDDLE,True,1.0,9.0,9.0,True,False,True,True
2022_08_RUS_s2,2022_08,RUS,Mercedes,2,HARD,HARDEST,True,10.0,33.0,24.0,True,False,True,True
2022_08_RUS_s3,2022_08,RUS,Mercedes,3,HARD,HARDEST,False,34.0,51.0,18.0,False,True,False,True
2022_08_SAI_s1,2022_08,SAI,Ferrari,1,MEDIUM,MIDDLE,True,1.0,9.0,9.0,False,False,False,True
2022_08_STR_s1,2022_08,STR,Aston Martin,1,HARD,HARDEST,False,1.0,30.0,30.0,True,False,True,True
2022_08_STR_s2,2022_08,STR,Aston Martin,2,MEDIUM,MIDDLE,False,31.0,46.0,16.0,True,False,True,True
2022_08_TSU_s1,2022_08,TSU,AlphaTauri,1,MEDIUM,MIDDLE,True,1.0,9.0,9.0,True,False,True,True
2022_08_TSU_s2,2022_08,TSU,AlphaTauri,2,HARD,HARDEST,False,10.0,38.0,29.0,True,False,True,True
2022_08_TSU_s3,2022_08,TSU,AlphaTauri,3,SOFT,SOFTEST,False,39.0,50.0,12.0,False,True,False,False
2022_08_VER_s1,2022_08,VER,Red Bull Racing,1,MEDIUM,MIDDLE,True,1.0,18.0,18.0,True,False,True,True
2022_08_VER_s2,2022_08,VER,Red Bull Racing,2,HARD,HARDEST,True,19.0,33.0,15.0,True,False,True,True
2022_08_VER_s3,2022_08,VER,Red Bull Racing,3,HARD,HARDEST,True,34.0,51.0,18.0,False,True,False,True
2022_08_VET_s1,2022_08,VET,Aston Martin,1,MEDIUM,MIDDLE,False,1.0,9.0,9.0,True,False,True,True
2022_08_VET_s2,2022_08,VET,Aston Martin,2,HARD,HARDEST,False,10.0,51.0,42.0,False,True,False,True
2022_08_ZHO_s1,2022_08,ZHO,Alfa Romeo,1,MEDIUM,MIDDLE,True,1.0,9.0,9.0,True,False,True,True
2022_08_ZHO_s2,2022_08,ZHO,Alfa Romeo,2,HARD,HARDEST,True,10.0,23.0,14.0,True,False,True,True
2022_09_ALB_s1,2022_09,ALB,Williams,1,MEDIUM,SOFTEST,True,1.0,18.0,18.0,True,False,True,True
2022_09_ALB_s2,2022_09,ALB,Williams,2,HARD,MIDDLE,True,19.0,48.0,30.0,True,False,True,True
2022_09_ALB_s3,2022_09,ALB,Williams,3,HARD,MIDDLE,True,49.0,70.0,22.0,False,True,False,True
2022_09_ALO_s1,2022_09,ALO,Alpine,1,MEDIUM,SOFTEST,True,1.0,28.0,28.0,True,False,True,True
2022_09_ALO_s2,2022_09,ALO,Alpine,2,HARD,MIDDLE,True,29.0,49.0,21.0,True,False,True,True
2022_09_ALO_s3,2022_09,ALO,Alpine,3,MEDIUM,SOFTEST,True,50.0,70.0,21.0,False,True,False,True
2022_09_BOT_s1,2022_09,BOT,Alfa Romeo,1,HARD,MIDDLE,True,1.0,49.0,49.0,True,False,True,True
2022_09_BOT_s2,2022_09,BOT,Alfa Romeo,2,MEDIUM,SOFTEST,True,50.0,70.0,21.0,False,True,False,True
2022_09_GAS_s1,2022_09,GAS,AlphaTauri,1,MEDIUM,SOFTEST,True,1.0,5.0,5.0,True,False,True,False
2022_09_GAS_s2,2022_09,GAS,AlphaTauri,2,HARD,MIDDLE,True,6.0,36.0,31.0,True,False,True,True
2022_09_GAS_s3,2022_09,GAS,AlphaTauri,3,HARD,MIDDLE,True,37.0,70.0,34.0,False,True,False,True
2022_09_HAM_s1,2022_09,HAM,Mercedes,1,MEDIUM,SOFTEST,True,1.0,9.0,9.0,True,False,True,True
2022_09_HAM_s2,2022_09,HAM,Mercedes,2,HARD,MIDDLE,True,10.0,44.0,35.0,True,False,True,True
2022_09_HAM_s3,2022_09,HAM,Mercedes,3,HARD,MIDDLE,True,45.0,70.0,26.0,False,True,False,True
2022_09_LAT_s1,2022_09,LAT,Williams,1,MEDIUM,SOFTEST,True,1.0,9.0,9.0,True,False,True,True
2022_09_LAT_s2,2022_09,LAT,Williams,2,HARD,MIDDLE,True,10.0,37.0,28.0,True,False,True,True
2022_09_LAT_s3,2022_09,LAT,Williams,3,HARD,MIDDLE,True,38.0,70.0,33.0,False,True,False,True
2022_09_LEC_s1,2022_09,LEC,Ferrari,1,HARD,MIDDLE,True,1.0,41.0,41.0,True,False,True,True
2022_09_LEC_s2,2022_09,LEC,Ferrari,2,MEDIUM,SOFTEST,True,42.0,70.0,29.0,False,True,False,True
2022_09_MAG_s1,2022_09,MAG,Haas F1 Team,1,MEDIUM,SOFTEST,True,1.0,7.0,7.0,True,False,True,False
2022_09_MAG_s2,2022_09,MAG,Haas F1 Team,2,HARD,MIDDLE,True,8.0,70.0,63.0,False,True,False,True
2022_09_MSC_s1,2022_09,MSC,Haas F1 Team,1,MEDIUM,SOFTEST,True,1.0,19.0,19.0,False,False,False,True
2022_09_NOR_s1,2022_09,NOR,McLaren,1,HARD,MIDDLE,True,1.0,19.0,19.0,True,False,True,True
2022_09_NOR_s2,2022_09,NOR,McLaren,2,HARD,MIDDLE,True,20.0,42.0,23.0,True,False,True,True
2022_09_NOR_s3,2022_09,NOR,McLaren,3,MEDIUM,SOFTEST,True,43.0,70.0,28.0,False,True,False,True
2022_09_OCO_s1,2022_09,OCO,Alpine,1,MEDIUM,SOFTEST,True,1.0,19.0,19.0,True,False,True,True
2022_09_OCO_s2,2022_09,OCO,Alpine,2,HARD,MIDDLE,True,20.0,49.0,30.0,True,False,True,True
2022_09_OCO_s3,2022_09,OCO,Alpine,3,MEDIUM,SOFTEST,True,50.0,70.0,21.0,False,True,False,True
2022_09_PER_s1,2022_09,PER,Red Bull Racing,1,HARD,MIDDLE,True,1.0,8.0,8.0,False,False,False,True
2022_09_RIC_s1,2022_09,RIC,McLaren,1,MEDIUM,SOFTEST,True,1.0,19.0,19.0,True,False,True,True
2022_09_RIC_s2,2022_09,RIC,McLaren,2,HARD,MIDDLE,True,20.0,49.0,30.0,True,False,True,True
2022_09_RIC_s3,2022_09,RIC,McLaren,3,HARD,MIDDLE,True,50.0,70.0,21.0,False,True,False,True
2022_09_RUS_s1,2022_09,RUS,Mercedes,1,MEDIUM,SOFTEST,True,1.0,19.0,19.0,True,False,True,True
2022_09_RUS_s2,2022_09,RUS,Mercedes,2,HARD,MIDDLE,True,20.0,45.0,26.0,True,False,True,True
2022_09_RUS_s3,2022_09,RUS,Mercedes,3,HARD,MIDDLE,True,46.0,70.0,25.0,False,True,False,True
2022_09_SAI_s1,2022_09,SAI,Ferrari,1,MEDIUM,SOFTEST,True,1.0,20.0,20.0,True,False,True,True
2022_09_SAI_s2,2022_09,SAI,Ferrari,2,HARD,MIDDLE,True,21.0,49.0,29.0,True,False,True,True
2022_09_SAI_s3,2022_09,SAI,Ferrari,3,HARD,MIDDLE,True,50.0,70.0,21.0,False,True,False,True
2022_09_STR_s1,2022_09,STR,Aston Martin,1,HARD,MIDDLE,True,1.0,47.0,47.0,True,False,True,True
2022_09_STR_s2,2022_09,STR,Aston Martin,2,MEDIUM,SOFTEST,False,48.0,70.0,23.0,False,True,False,True
2022_09_TSU_s1,2022_09,TSU,AlphaTauri,1,MEDIUM,SOFTEST,True,1.0,9.0,9.0,True,False,True,True
2022_09_TSU_s2,2022_09,TSU,AlphaTauri,2,HARD,MIDDLE,True,10.0,47.0,38.0,True,False,True,True
2022_09_VER_s1,2022_09,VER,Red Bull Racing,1,MEDIUM,SOFTEST,True,1.0,9.0,9.0,True,False,True,True
2022_09_VER_s2,2022_09,VER,Red Bull Racing,2,HARD,MIDDLE,True,10.0,43.0,34.0,True,False,True,True
2022_09_VER_s3,2022_09,VER,Red Bull Racing,3,HARD,MIDDLE,True,44.0,70.0,27.0,False,True,False,True
2022_09_VET_s1,2022_09,VET,Aston Martin,1,MEDIUM,SOFTEST,False,1.0,5.0,5.0,True,False,True,False
2022_09_VET_s2,2022_09,VET,Aston Martin,2,HARD,MIDDLE,False,6.0,19.0,14.0,True,False,True,True
2022_09_VET_s3,2022_09,VET,Aston Martin,3,HARD,MIDDLE,False,20.0,70.0,51.0,False,True,False,True
2022_09_ZHO_s1,2022_09,ZHO,Alfa Romeo,1,MEDIUM,SOFTEST,True,1.0,19.0,19.0,True,False,True,True
2022_09_ZHO_s2,2022_09,ZHO,Alfa Romeo,2,HARD,MIDDLE,True,20.0,49.0,30.0,True,False,True,True
2022_09_ZHO_s3,2022_09,ZHO,Alfa Romeo,3,HARD,MIDDLE,True,50.0,70.0,21.0,False,True,False,True
2022_10_ALB_s1,2022_10,ALB,Williams,1,SOFT,SOFTEST,True,1.0,1.0,1.0,False,False,False,True
2022_10_ALO_s1,2022_10,ALO,Alpine,1,MEDIUM,MIDDLE,True,1.0,1.0,1.0,True,False,True,True
2022_10_ALO_s2,2022_10,ALO,Alpine,2,MEDIUM,MIDDLE,True,2.0,33.0,32.0,True,False,True,True
2022_10_ALO_s3,2022_10,ALO,Alpine,3,HARD,HARDEST,True,34.0,39.0,6.0,True,False,True,True
2022_10_ALO_s4,2022_10,ALO,Alpine,4,SOFT,SOFTEST,True,40.0,52.0,13.0,False,True,False,True
2022_10_BOT_s1,2022_10,BOT,Alfa Romeo,1,MEDIUM,MIDDLE,True,1.0,1.0,1.0,True,False,True,True
2022_10_BOT_s2,2022_10,BOT,Alfa Romeo,2,MEDIUM,MIDDLE,True,2.0,20.0,19.0,True,False,True,True
2022_10_GAS_s1,2022_10,GAS,AlphaTauri,1,MEDIUM,MIDDLE,True,1.0,1.0,1.0,True,False,True,True
2022_10_GAS_s2,2022_10,GAS,AlphaTauri,2,SOFT,SOFTEST,True,2.0,16.0,15.0,True,False,True,True
2022_10_GAS_s3,2022_10,GAS,AlphaTauri,3,HARD,HARDEST,False,17.0,26.0,10.0,True,False,True,False
2022_10_HAM_s1,2022_10,HAM,Mercedes,1,MEDIUM,MIDDLE,True,1.0,1.0,1.0,True,False,True,True
2022_10_HAM_s2,2022_10,HAM,Mercedes,2,MEDIUM,MIDDLE,True,2.0,33.0,32.0,True,False,True,True
2022_10_HAM_s3,2022_10,HAM,Mercedes,3,HARD,HARDEST,True,34.0,39.0,6.0,True,False,True,True
2022_10_HAM_s4,2022_10,HAM,Mercedes,4,SOFT,SOFTEST,True,40.0,52.0,13.0,False,True,False,True
2022_10_LAT_s1,2022_10,LAT,Williams,1,SOFT,SOFTEST,True,1.0,1.0,1.0,True,False,True,True
2022_10_LAT_s2,2022_10,LAT,Williams,2,SOFT,SOFTEST,True,2.0,19.0,18.0,True,False,True,True
2022_10_LAT_s3,2022_10,LAT,Williams,3,MEDIUM,MIDDLE,True,20.0,39.0,20.0,True,False,True,True
2022_10_LAT_s4,2022_10,LAT,Williams,4,SOFT,SOFTEST,False,40.0,52.0,13.0,False,True,False,True
2022_10_LEC_s1,2022_10,LEC,Ferrari,1,MEDIUM,MIDDLE,True,1.0,1.0,1.0,True,False,True,True
2022_10_LEC_s2,2022_10,LEC,Ferrari,2,MEDIUM,MIDDLE,True,2.0,25.0,24.0,True,False,True,True
2022_10_LEC_s3,2022_10,LEC,Ferrari,3,HARD,HARDEST,True,26.0,52.0,27.0,False,True,False,True
2022_10_MAG_s1,2022_10,MAG,Haas F1 Team,1,SOFT,SOFTEST,True,1.0,1.0,1.0,True,False,True,True
2022_10_MAG_s2,2022_10,MAG,Haas F1 Team,2,MEDIUM,MIDDLE,False,2.0,22.0,21.0,True,False,True,True
2022_10_MAG_s3,2022_10,MAG,Haas F1 Team,3,MEDIUM,MIDDLE,True,23.0,52.0,30.0,False,True,False,True
2022_10_MSC_s1,2022_10,MSC,Haas F1 Team,1,MEDIUM,MIDDLE,False,1.0,1.0,1.0,True,False,True,True
2022_10_MSC_s2,2022_10,MSC,Haas F1 Team,2,MEDIUM,MIDDLE,True,2.0,19.0,18.0,True,False,True,True
2022_10_MSC_s3,2022_10,MSC,Haas F1 Team,3,HARD,HARDEST,True,20.0,39.0,20.0,True,False,True,True
2022_10_MSC_s4,2022_10,MSC,Haas F1 Team,4,SOFT,SOFTEST,True,40.0,52.0,13.0,False,True,False,True
2022_10_NOR_s1,2022_10,NOR,McLaren,1,MEDIUM,MIDDLE,True,1.0,1.0,1.0,True,False,True,True
2022_10_NOR_s2,2022_10,NOR,McLaren,2,MEDIUM,MIDDLE,False,2.0,34.0,33.0,True,False,True,True
2022_10_NOR_s3,2022_10,NOR,McLaren,3,HARD,HARDEST,True,35.0,40.0,6.0,True,False,True,True
2022_10_NOR_s4,2022_10,NOR,McLaren,4,SOFT,SOFTEST,True,41.0,52.0,12.0,False,True,False,True
2022_10_OCO_s1,2022_10,OCO,Alpine,1,MEDIUM,MIDDLE,True,1.0,1.0,1.0,True,False,True,True
2022_10_OCO_s2,2022_10,OCO,Alpine,2,SOFT,SOFTEST,True,2.0,22.0,21.0,True,False,True,True
2022_10_OCO_s3,2022_10,OCO,Alpine,3,HARD,HARDEST,True,23.0,38.0,16.0,False,False,False,True
2022_10_PER_s1,2022_10,PER,Red Bull Racing,1,MEDIUM,MIDDLE,True,1.0,1.0,1.0,True,False,True,True
2022_10_PER_s2,2022_10,PER,Red Bull Racing,2,MEDIUM,MIDDLE,True,2.0,5.0,4.0,True,False,True,False
2022_10_PER_s3,2022_10,PER,Red Bull Racing,3,MEDIUM,MIDDLE,False,6.0,39.0,34.0,True,False,True,True
2022_10_PER_s4,2022_10,PER,Red Bull Racing,4,SOFT,SOFTEST,True,40.0,52.0,13.0,False,True,False,True
2022_10_RIC_s1,2022_10,RIC,McLaren,1,MEDIUM,MIDDLE,True,1.0,1.0,1.0,True,False,True,True
2022_10_RIC_s2,2022_10,RIC,McLaren,2,MEDIUM,MIDDLE,False,2.0,20.0,19.0,True,False,True,True
2022_10_RIC_s3,2022_10,RIC,McLaren,3,HARD,HARDEST,True,21.0,32.0,12.0,True,False,True,False
2022_10_RIC_s4,2022_10,RIC,McLaren,4,SOFT,SOFTEST,True,33.0,38.0,6.0,True,False,True,True
2022_10_RIC_s5,2022_10,RIC,McLaren,5,SOFT,SOFTEST,True,39.0,52.0,14.0,False,True,False,True
2022_10_RUS_s1,2022_10,RUS,Mercedes,1,HARD,HARDEST,True,1.0,1.0,1.0,False,False,False,True
2022_10_SAI_s1,2022_10,SAI,Ferrari,1,MEDIUM,MIDDLE,True,1.0,1.0,1.0,True,False,True,True
2022_10_SAI_s2,2022_10,SAI,Ferrari,2,MEDIUM,MIDDLE,True,2.0,20.0,19.0,True,False,True,True
2022_10_SAI_s3,2022_10,SAI,Ferrari,3,HARD,HARDEST,True,21.0,39.0,19.0,True,False,True,True
2022_10_SAI_s4,2022_10,SAI,Ferrari,4,SOFT,SOFTEST,True,40.0,52.0,13.0,False,True,False,True
2022_10_STR_s1,2022_10,STR,Aston Martin,1,MEDIUM,MIDDLE,False,1.0,1.0,1.0,True,False,True,True
2022_10_STR_s2,2022_10,STR,Aston Martin,2,MEDIUM,MIDDLE,False,2.0,15.0,14.0,True,False,True,True
2022_10_STR_s3,2022_10,STR,Aston Martin,3,HARD,HARDEST,False,16.0,40.0,25.0,True,False,True,True
2022_10_STR_s4,2022_10,STR,Aston Martin,4,MEDIUM,MIDDLE,False,41.0,52.0,12.0,False,True,False,True
2022_10_TSU_s1,2022_10,TSU,AlphaTauri,1,MEDIUM,MIDDLE,True,1.0,1.0,1.0,True,False,True,True
2022_10_TSU_s2,2022_10,TSU,AlphaTauri,2,SOFT,SOFTEST,True,2.0,18.0,17.0,True,False,True,True
2022_10_TSU_s3,2022_10,TSU,AlphaTauri,3,HARD,HARDEST,False,19.0,38.0,20.0,True,False,True,True
2022_10_TSU_s4,2022_10,TSU,AlphaTauri,4,SOFT,SOFTEST,True,39.0,52.0,14.0,False,True,False,True
2022_10_VER_s1,2022_10,VER,Red Bull Racing,1,SOFT,SOFTEST,True,1.0,1.0,1.0,True,False,True,True
2022_10_VER_s2,2022_10,VER,Red Bull Racing,2,MEDIUM,MIDDLE,True,2.0,12.0,11.0,True,False,True,True
2022_10_VER_s3,2022_10,VER,Red Bull Racing,3,MEDIUM,MIDDLE,True,13.0,23.0,11.0,True,False,True,False
2022_10_VER_s4,2022_10,VER,Red Bull Racing,4,HARD,HARDEST,True,24.0,39.0,16.0,True,False,True,True
2022_10_VER_s5,2022_10,VER,Red Bull Racing,5,SOFT,SOFTEST,True,40.0,52.0,13.0,False,True,False,True
2022_10_VET_s1,2022_10,VET,Aston Martin,1,SOFT,SOFTEST,True,1.0,1.0,1.0,True,False,True,True
2022_10_VET_s2,2022_10,VET,Aston Martin,2,SOFT,SOFTEST,True,2.0,6.0,5.0,True,False,True,False
2022_10_VET_s3,2022_10,VET,Aston Martin,3,MEDIUM,MIDDLE,False,7.0,39.0,33.0,True,False,True,True
2022_10_VET_s4,2022_10,VET,Aston Martin,4,MEDIUM,MIDDLE,False,40.0,52.0,13.0,False,True,False,True
2022_10_ZHO_s1,2022_10,ZHO,Alfa Romeo,1,MEDIUM,MIDDLE,True,1.0,1.0,1.0,False,False,False,True
2022_11_ALB_s1,2022_11,ALB,Williams,1,MEDIUM,SOFTEST,True,1.0,11.0,11.0,True,False,True,False
2022_11_ALB_s2,2022_11,ALB,Williams,2,HARD,MIDDLE,True,12.0,42.0,31.0,True,False,True,True
2022_11_ALB_s3,2022_11,ALB,Williams,3,UNKNOWN,UNKNOWN,False,43.0,70.0,,False,True,False,True
2022_11_ALO_s1,2022_11,ALO,Alpine,1,HARD,MIDDLE,True,1.0,27.0,27.0,True,False,True,False
2022_11_ALO_s2,2022_11,ALO,Alpine,2,HARD,MIDDLE,True,28.0,57.0,30.0,True,False,True,True
2022_11_ALO_s3,2022_11,ALO,Alpine,3,MEDIUM,SOFTEST,False,58.0,58.0,,True,False,True,True
2022_11_ALO_s4,2022_11,ALO,Alpine,4,MEDIUM,SOFTEST,True,59.0,70.0,12.0,False,True,False,True
2022_11_BOT_s1,2022_11,BOT,Alfa Romeo,1,MEDIUM,SOFTEST,True,1.0,6.0,6.0,True,False,True,False
2022_11_BOT_s2,2022_11,BOT,Alfa Romeo,2,HARD,MIDDLE,True,7.0,40.0,34.0,True,False,True,True
2022_11_BOT_s3,2022_11,BOT,Alfa Romeo,3,UNKNOWN,UNKNOWN,False,41.0,70.0,,False,True,False,True
2022_11_GAS_s1,2022_11,GAS,AlphaTauri,1,MEDIUM,SOFTEST,True,1.0,12.0,12.0,True,False,True,False
2022_11_GAS_s2,2022_11,GAS,AlphaTauri,2,HARD,MIDDLE,True,13.0,40.0,28.0,True,False,True,True
2022_11_GAS_s3,2022_11,GAS,AlphaTauri,3,UNKNOWN,UNKNOWN,False,41.0,70.0,,False,True,False,True
2022_11_HAM_s1,2022_11,HAM,Mercedes,1,MEDIUM,SOFTEST,True,1.0,28.0,28.0,True,False,True,False
2022_11_HAM_s2,2022_11,HAM,Mercedes,2,HARD,MIDDLE,True,29.0,51.0,23.0,True,False,True,True
2022_11_HAM_s3,2022_11,HAM,Mercedes,3,MEDIUM,SOFTEST,True,52.0,71.0,,False,True,False,True
2022_11_LAT_s1,2022_11,LAT,Williams,1,MEDIUM,SOFTEST,True,1.0,12.0,12.0,True,False,True,False
2022_11_LAT_s2,2022_11,LAT,Williams,2,HARD,MIDDLE,True,13.0,35.0,23.0,True,False,True,False
2022_11_LAT_s3,2022_11,LAT,Williams,3,UNKNOWN,UNKNOWN,False,36.0,48.0,,True,False,True,True
2022_11_LEC_s1,2022_11,LEC,Ferrari,1,MEDIUM,SOFTEST,True,1.0,26.0,26.0,True,False,True,False
2022_11_LEC_s2,2022_11,LEC,Ferrari,2,HARD,MIDDLE,True,27.0,49.0,23.0,True,False,True,True
2022_11_LEC_s3,2022_11,LEC,Ferrari,3,HARD,MIDDLE,True,50.0,58.0,,True,False,True,True
2022_11_LEC_s4,2022_11,LEC,Ferrari,4,MEDIUM,SOFTEST,True,59.0,71.0,13.0,False,True,False,True
2022_11_MAG_s1,2022_11,MAG,Haas F1 Team,1,MEDIUM,SOFTEST,True,1.0,15.0,15.0,True,False,True,False
2022_11_MAG_s2,2022_11,MAG,Haas F1 Team,2,HARD,MIDDLE,True,16.0,41.0,26.0,True,False,True,True
2022_11_MAG_s3,2022_11,MAG,Haas F1 Team,3,UNKNOWN,UNKNOWN,False,42.0,70.0,,False,True,False,True
2022_11_MSC_s1,2022_11,MSC,Haas F1 Team,1,MEDIUM,SOFTEST,True,1.0,16.0,16.0,True,False,True,False
2022_11_MSC_s2,2022_11,MSC,Haas F1 Team,2,HARD,MIDDLE,True,17.0,43.0,27.0,True,False,True,True
2022_11_MSC_s3,2022_11,MSC,Haas F1 Team,3,UNKNOWN,UNKNOWN,False,44.0,70.0,,False,True,False,True
2022_11_NOR_s1,2022_11,NOR,McLaren,1,MEDIUM,SOFTEST,True,1.0,14.0,14.0,True,False,True,False
2022_11_NOR_s2,2022_11,NOR,McLaren,2,HARD,MIDDLE,True,15.0,43.0,29.0,True,False,True,True
2022_11_NOR_s3,2022_11,NOR,McLaren,3,UNKNOWN,UNKNOWN,False,44.0,70.0,,False,True,False,True
2022_11_OCO_s1,2022_11,OCO,Alpine,1,MEDIUM,SOFTEST,True,1.0,16.0,16.0,True,False,True,False
2022_11_OCO_s2,2022_11,OCO,Alpine,2,HARD,MIDDLE,True,17.0,44.0,28.0,True,False,True,True
2022_11_OCO_s3,2022_11,OCO,Alpine,3,UNKNOWN,UNKNOWN,False,45.0,71.0,,False,True,False,True
2022_11_PER_s1,2022_11,PER,Red Bull Racing,1,MEDIUM,SOFTEST,True,1.0,1.0,1.0,True,False,True,False
2022_11_PER_s2,2022_11,PER,Red Bull Racing,2,HARD,MIDDLE,True,2.0,24.0,23.0,True,False,True,False
2022_11_RIC_s1,2022_11,RIC,McLaren,1,MEDIUM,SOFTEST,True,1.0,12.0,12.0,True,False,True,False
2022_11_RIC_s2,2022_11,RIC,McLaren,2,HARD,MIDDLE,True,13.0,44.0,32.0,True,False,True,True
2022_11_RIC_s3,2022_11,RIC,McLaren,3,UNKNOWN,UNKNOWN,False,45.0,70.0,,False,True,False,True
2022_11_RUS_s1,2022_11,RUS,Mercedes,1,MEDIUM,SOFTEST,True,1.0,11.0,11.0,True,False,True,False
2022_11_RUS_s2,2022_11,RUS,Mercedes,2,HARD,MIDDLE,True,12.0,40.0,29.0,True,False,True,True
2022_11_RUS_s3,2022_11,RUS,Mercedes,3,UNKNOWN,UNKNOWN,False,41.0,71.0,31.0,False,True,False,True
2022_11_SAI_s1,2022_11,SAI,Ferrari,1,MEDIUM,SOFTEST,True,1.0,27.0,27.0,True,False,True,False
2022_11_SAI_s2,2022_11,SAI,Ferrari,2,HARD,MIDDLE,True,28.0,51.0,24.0,True,False,True,True
2022_11_SAI_s3,2022_11,SAI,Ferrari,3,UNKNOWN,UNKNOWN,False,52.0,57.0,,False,False,False,True
2022_11_STR_s1,2022_11,STR,Aston Martin,1,MEDIUM,SOFTEST,False,1.0,29.0,29.0,True,False,True,False
2022_11_STR_s2,2022_11,STR,Aston Martin,2,HARD,MIDDLE,True,30.0,48.0,19.0,True,False,True,True
2022_11_STR_s3,2022_11,STR,Aston Martin,3,MEDIUM,SOFTEST,False,49.0,70.0,22.0,False,True,False,True
2022_11_TSU_s1,2022_11,TSU,AlphaTauri,1,HARD,MIDDLE,True,1.0,26.0,26.0,True,False,True,False
2022_11_TSU_s2,2022_11,TSU,AlphaTauri,2,MEDIUM,SOFTEST,True,27.0,46.0,20.0,True,False,True,True
2022_11_TSU_s3,2022_11,TSU,AlphaTauri,3,HARD,MIDDLE,True,47.0,70.0,,False,True,False,True
2022_11_VER_s1,2022_11,VER,Red Bull Racing,1,MEDIUM,SOFTEST,True,1.0,13.0,13.0,True,False,True,False
2022_11_VER_s2,2022_11,VER,Red Bull Racing,2,HARD,MIDDLE,True,14.0,36.0,23.0,True,False,True,False
2022_11_VER_s3,2022_11,VER,Red Bull Racing,3,HARD,MIDDLE,True,37.0,58.0,22.0,True,False,True,True
2022_11_VER_s4,2022_11,VER,Red Bull Racing,4,MEDIUM,SOFTEST,False,59.0,71.0,,False,True,False,True
2022_11_VET_s1,2022_11,VET,Aston Martin,1,HARD,MIDDLE,False,1.0,20.0,20.0,True,False,True,False
2022_11_VET_s2,2022_11,VET,Aston Martin,2,MEDIUM,SOFTEST,False,21.0,45.0,25.0,True,False,True,True
2022_11_VET_s3,2022_11,VET,Aston Martin,3,UNKNOWN,UNKNOWN,False,46.0,70.0,,False,True,False,True
2022_11_ZHO_s1,2022_11,ZHO,Alfa Romeo,1,HARD,MIDDLE,True,1.0,24.0,24.0,True,False,True,False
2022_11_ZHO_s2,2022_11,ZHO,Alfa Romeo,2,HARD,MIDDLE,True,25.0,46.0,22.0,True,False,True,True
2022_11_ZHO_s3,2022_11,ZHO,Alfa Romeo,3,MEDIUM,SOFTEST,True,47.0,70.0,,False,True,False,True
2022_12_ALB_s1,2022_12,ALB,Williams,1,MEDIUM,SOFTEST,True,1.0,18.0,18.0,True,False,True,True
2022_12_ALB_s2,2022_12,ALB,Williams,2,HARD,MIDDLE,True,19.0,53.0,35.0,False,True,False,True
2022_12_ALO_s1,2022_12,ALO,Alpine,1,MEDIUM,SOFTEST,True,1.0,18.0,18.0,True,False,True,True
2022_12_ALO_s2,2022_12,ALO,Alpine,2,HARD,MIDDLE,True,19.0,53.0,35.0,False,True,False,True
2022_12_BOT_s1,2022_12,BOT,Alfa Romeo,1,HARD,MIDDLE,True,1.0,18.0,18.0,True,False,True,True
2022_12_BOT_s2,2022_12,BOT,Alfa Romeo,2,HARD,MIDDLE,True,19.0,36.0,18.0,True,False,True,True
2022_12_BOT_s3,2022_12,BOT,Alfa Romeo,3,MEDIUM,SOFTEST,True,37.0,53.0,17.0,False,True,False,True
2022_12_GAS_s1,2022_12,GAS,AlphaTauri,1,HARD,MIDDLE,True,1.0,18.0,18.0,True,False,True,True
2022_12_GAS_s2,2022_12,GAS,AlphaTauri,2,MEDIUM,SOFTEST,True,19.0,53.0,35.0,False,True,False,True
2022_12_HAM_s1,2022_12,HAM,Mercedes,1,MEDIUM,SOFTEST,True,1.0,18.0,18.0,True,False,True,True
2022_12_HAM_s2,2022_12,HAM,Mercedes,2,HARD,MIDDLE,True,19.0,53.0,35.0,False,True,False,True
2022_12_LAT_s1,2022_12,LAT,Williams,1,MEDIUM,SOFTEST,True,1.0,19.0,19.0,True,False,True,True
2022_12_LAT_s2,2022_12,LAT,Williams,2,HARD,MIDDLE,True,20.0,38.0,19.0,True,False,True,True
2022_12_LAT_s3,2022_12,LAT,Williams,3,MEDIUM,SOFTEST,True,39.0,41.0,3.0,True,False,True,False
2022_12_LEC_s1,2022_12,LEC,Ferrari,1,MEDIUM,SOFTEST,True,1.0,18.0,18.0,False,False,False,True
2022_12_MAG_s1,2022_12,MAG,Haas F1 Team,1,MEDIUM,SOFTEST,True,1.0,8.0,8.0,True,False,True,True
2022_12_MAG_s2,2022_12,MAG,Haas F1 Team,2,HARD,MIDDLE,True,9.0,18.0,10.0,True,False,True,True
2022_12_MAG_s3,2022_12,MAG,Haas F1 Team,3,HARD,MIDDLE,True,19.0,38.0,20.0,True,False,True,True
2022_12_MSC_s1,2022_12,MSC,Haas F1 Team,1,MEDIUM,SOFTEST,True,1.0,9.0,9.0,True,False,True,True
2022_12_MSC_s2,2022_12,MSC,Haas F1 Team,2,HARD,MIDDLE,True,10.0,18.0,9.0,True,False,True,True
2022_12_MSC_s3,2022_12,MSC,Haas F1 Team,3,HARD,MIDDLE,True,19.0,53.0,35.0,False,True,False,True
2022_12_NOR_s1,2022_12,NOR,McLaren,1,MEDIUM,SOFTEST,True,1.0,18.0,18.0,True,False,True,True
2022_12_NOR_s2,2022_12,NOR,McLaren,2,HARD,MIDDLE,True,19.0,53.0,35.0,False,True,False,True
2022_12_OCO_s1,2022_12,OCO,Alpine,1,MEDIUM,SOFTEST,True,1.0,18.0,18.0,True,False,True,True
2022_12_OCO_s2,2022_12,OCO,Alpine,2,HARD,MIDDLE,True,19.0,53.0,35.0,False,True,False,True
2022_12_PER_s1,2022_12,PER,Red Bull Racing,1,MEDIUM,SOFTEST,True,1.0,18.0,18.0,True,False,True,True
2022_12_PER_s2,2022_12,PER,Red Bull Racing,2,HARD,MIDDLE,True,19.0,53.0,35.0,False,True,False,True
2022_12_RIC_s1,2022_12,RIC,McLaren,1,MEDIUM,SOFTEST,True,1.0,18.0,18.0,True,False,True,True
2022_12_RIC_s2,2022_12,RIC,McLaren,2,HARD,MIDDLE,True,19.0,53.0,35.0,False,True,False,True
2022_12_RUS_s1,2022_12,RUS,Mercedes,1,MEDIUM,SOFTEST,True,1.0,18.0,18.0,True,False,True,True
2022_12_RUS_s2,2022_12,RUS,Mercedes,2,HARD,MIDDLE,False,19.0,53.0,35.0,False,True,False,True
2022_12_SAI_s1,2022_12,SAI,Ferrari,1,HARD,MIDDLE,True,1.0,18.0,18.0,True,False,True,True
2022_12_SAI_s2,2022_12,SAI,Ferrari,2,MEDIUM,SOFTEST,True,19.0,42.0,24.0,True,False,True,True
2022_12_SAI_s3,2022_12,SAI,Ferrari,3,MEDIUM,SOFTEST,True,43.0,53.0,11.0,False,True,False,True
2022_12_STR_s1,2022_12,STR,Aston Martin,1,MEDIUM,SOFTEST,False,1.0,18.0,18.0,True,False,True,True
2022_12_STR_s2,2022_12,STR,Aston Martin,2,HARD,MIDDLE,False,19.0,53.0,35.0,False,True,False,True
2022_12_TSU_s1,2022_12,TSU,AlphaTauri,1,MEDIUM,SOFTEST,True,1.0,11.0,11.0,True,False,True,True
2022_12_TSU_s2,2022_12,TSU,AlphaTauri,2,HARD,MIDDLE,True,12.0,18.0,7.0,True,False,True,True
2022_12_VER_s1,2022_12,VER,Red Bull Racing,1,MEDIUM,SOFTEST,True,1.0,16.0,16.0,True,False,True,True
2022_12_VER_s2,2022_12,VER,Red Bull Racing,2,HARD,MIDDLE,True,17.0,53.0,37.0,False,True,False,True
2022_12_VET_s1,2022_12,VET,Aston Martin,1,MEDIUM,SOFTEST,False,1.0,19.0,19.0,True,False,True,True
2022_12_VET_s2,2022_12,VET,Aston Martin,2,HARD,MIDDLE,False,20.0,53.0,34.0,False,True,False,True
2022_12_ZHO_s1,2022_12,ZHO,Alfa Romeo,1,MEDIUM,SOFTEST,True,1.0,9.0,9.0,True,False,True,True
2022_12_ZHO_s2,2022_12,ZHO,Alfa Romeo,2,HARD,MIDDLE,True,10.0,22.0,13.0,True,False,True,True
2022_12_ZHO_s3,2022_12,ZHO,Alfa Romeo,3,HARD,MIDDLE,True,23.0,48.0,26.0,False,False,False,True
2022_13_ALB_s1,2022_13,ALB,Williams,1,SOFT,SOFTEST,True,1.0,2.0,2.0,True,False,True,True
2022_13_ALB_s2,2022_13,ALB,Williams,2,MEDIUM,MIDDLE,True,3.0,21.0,19.0,True,False,True,True
2022_13_ALB_s3,2022_13,ALB,Williams,3,MEDIUM,MIDDLE,True,22.0,40.0,19.0,True,False,True,True
2022_13_ALB_s4,2022_13,ALB,Williams,4,SOFT,SOFTEST,True,41.0,69.0,29.0,False,True,False,True
2022_13_ALO_s1,2022_13,ALO,Alpine,1,MEDIUM,MIDDLE,True,1.0,21.0,21.0,True,False,True,True
2022_13_ALO_s2,2022_13,ALO,Alpine,2,HARD,HARDEST,True,22.0,69.0,48.0,False,True,False,True
2022_13_BOT_s1,2022_13,BOT,Alfa Romeo,1,MEDIUM,MIDDLE,True,1.0,26.0,26.0,True,False,True,True
2022_13_BOT_s2,2022_13,BOT,Alfa Romeo,2,HARD,HARDEST,True,27.0,66.0,40.0,False,False,False,True
2022_13_GAS_s1,2022_13,GAS,AlphaTauri,1,SOFT,SOFTEST,True,1.0,16.0,16.0,True,False,True,True
2022_13_GAS_s2,2022_13,GAS,AlphaTauri,2,MEDIUM,MIDDLE,True,17.0,46.0,30.0,True,False,True,True
2022_13_GAS_s3,2022_13,GAS,AlphaTauri,3,SOFT,SOFTEST,True,47.0,69.0,23.0,False,True,False,True
2022_13_HAM_s1,2022_13,HAM,Mercedes,1,MEDIUM,MIDDLE,True,1.0,19.0,19.0,True,False,True,True
2022_13_HAM_s2,2022_13,HAM,Mercedes,2,MEDIUM,MIDDLE,True,20.0,51.0,32.0,True,False,True,True
2022_13_HAM_s3,2022_13,HAM,Mercedes,3,SOFT,SOFTEST,False,52.0,70.0,19.0,False,True,False,True
2022_13_LAT_s1,2022_13,LAT,Williams,1,MEDIUM,MIDDLE,True,1.0,18.0,18.0,True,False,True,True
2022_13_LAT_s2,2022_13,LAT,Williams,2,MEDIUM,MIDDLE,True,19.0,39.0,21.0,True,False,True,True
2022_13_LAT_s3,2022_13,LAT,Williams,3,SOFT,SOFTEST,True,40.0,56.0,17.0,True,False,True,True
2022_13_LAT_s4,2022_13,LAT,Williams,4,SOFT,SOFTEST,True,57.0,69.0,13.0,False,True,False,True
2022_13_LEC_s1,2022_13,LEC,Ferrari,1,MEDIUM,MIDDLE,True,1.0,21.0,21.0,True,False,True,True
2022_13_LEC_s2,2022_13,LEC,Ferrari,2,MEDIUM,MIDDLE,True,22.0,39.0,18.0,True,False,True,True
2022_13_LEC_s3,2022_13,LEC,Ferrari,3,HARD,HARDEST,True,40.0,54.0,15.0,True,False,True,True
2022_13_LEC_s4,2022_13,LEC,Ferrari,4,SOFT,SOFTEST,False,55.0,70.0,16.0,False,True,False,True
2022_13_MAG_s1,2022_13,MAG,Haas F1 Team,1,MEDIUM,MIDDLE,True,1.0,6.0,6.0,True,False,True,True
2022_13_MAG_s2,2022_13,MAG,Haas F1 Team,2,HARD,HARDEST,True,7.0,35.0,29.0,True,False,True,True
2022_13_MAG_s3,2022_13,MAG,Haas F1 Team,3,MEDIUM,MIDDLE,True,36.0,67.0,32.0,True,False,True,True
2022_13_MAG_s4,2022_13,MAG,Haas F1 Team,4,SOFT,SOFTEST,True,68.0,69.0,2.0,False,True,False,True
2022_13_MSC_s1,2022_13,MSC,Haas F1 Team,1,MEDIUM,MIDDLE,True,1.0,21.0,21.0,True,False,True,True
2022_13_MSC_s2,2022_13,MSC,Haas F1 Team,2,HARD,HARDEST,True,22.0,41.0,20.0,True,False,True,True
2022_13_MSC_s3,2022_13,MSC,Haas F1 Team,3,MEDIUM,MIDDLE,True,42.0,69.0,28.0,False,True,False,True
2022_13_NOR_s1,2022_13,NOR,McLaren,1,SOFT,SOFTEST,False,1.0,14.0,14.0,True,False,True,True
2022_13_NOR_s2,2022_13,NOR,McLaren,2,MEDIUM,MIDDLE,True,15.0,42.0,28.0,True,False,True,True
2022_13_NOR_s3,2022_13,NOR,McLaren,3,HARD,HARDEST,True,43.0,70.0,28.0,False,True,False,True
2022_13_OCO_s1,2022_13,OCO,Alpine,1,MEDIUM,MIDDLE,True,1.0,23.0,23.0,True,False,True,True
2022_13_OCO_s2,2022_13,OCO,Alpine,2,HARD,HARDEST,True,24.0,69.0,46.0,False,True,False,True
2022_13_PER_s1,2022_13,PER,Red Bull Racing,1,SOFT,SOFTEST,True,1.0,18.0,18.0,True,False,True,True
2022_13_PER_s2,2022_13,PER,Red Bull Racing,2,MEDIUM,MIDDLE,True,19.0,42.0,24.0,True,False,True,True
2022_13_PER_s3,2022_13,PER,Red Bull Racing,3,MEDIUM,MIDDLE,True,43.0,70.0,28.0,False,True,False,True
2022_13_RIC_s1,2022_13,RIC,McLaren,1,SOFT,SOFTEST,False,1.0,15.0,15.0,True,False,True,True
2022_13_RIC_s2,2022_13,RIC,McLaren,2,MEDIUM,MIDDLE,True,16.0,46.0,31.0,True,False,True,True
2022_13_RIC_s3,2022_13,RIC,McLaren,3,HARD,HARDEST,True,47.0,69.0,23.0,False,True,False,True
2022_13_RUS_s1,2022_13,RUS,Mercedes,1,SOFT,SOFTEST,False,1.0,16.0,16.0,True,False,True,True
2022_13_RUS_s2,2022_13,RUS,Mercedes,2,MEDIUM,MIDDLE,True,17.0,39.0,23.0,True,False,True,True
2022_13_RUS_s3,2022_13,RUS,Mercedes,3,MEDIUM,MIDDLE,True,40.0,70.0,31.0,False,True,False,True
2022_13_SAI_s1,2022_13,SAI,Ferrari,1,MEDIUM,MIDDLE,True,1.0,17.0,17.0,True,False,True,True
2022_13_SAI_s2,2022_13,SAI,Ferrari,2,MEDIUM,MIDDLE,True,18.0,47.0,30.0,True,False,True,True
2022_13_SAI_s3,2022_13,SAI,Ferrari,3,SOFT,SOFTEST,False,48.0,70.0,23.0,False,True,False,True
2022_13_STR_s1,2022_13,STR,Aston Martin,1,SOFT,SOFTEST,False,1.0,14.0,14.0,True,False,True,True
2022_13_STR_s2,2022_13,STR,Aston Martin,2,MEDIUM,MIDDLE,False,15.0,46.0,32.0,True,False,True,True
2022_13_STR_s3,2022_13,STR,Aston Martin,3,SOFT,SOFTEST,False,47.0,69.0,23.0,False,True,False,True
2022_13_TSU_s1,2022_13,TSU,AlphaTauri,1,SOFT,SOFTEST,True,1.0,13.0,13.0,True,False,True,True
2022_13_TSU_s2,2022_13,TSU,AlphaTauri,2,MEDIUM,MIDDLE,True,14.0,33.0,20.0,True,False,True,False
2022_13_TSU_s3,2022_13,TSU,AlphaTauri,3,SOFT,SOFTEST,True,34.0,51.0,18.0,True,False,True,True
2022_13_TSU_s4,2022_13,TSU,AlphaTauri,4,SOFT,SOFTEST,False,52.0,68.0,17.0,False,False,False,True
2022_13_VER_s1,2022_13,VER,Red Bull Racing,1,SOFT,SOFTEST,False,1.0,16.0,16.0,True,False,True,True
2022_13_VER_s2,2022_13,VER,Red Bull Racing,2,MEDIUM,MIDDLE,True,17.0,38.0,22.0,True,False,True,True
2022_13_VER_s3,2022_13,VER,Red Bull Racing,3,MEDIUM,MIDDLE,True,39.0,70.0,32.0,False,True,False,True
2022_13_VET_s1,2022_13,VET,Aston Martin,1,SOFT,SOFTEST,True,1.0,15.0,15.0,True,False,True,True
2022_13_VET_s2,2022_13,VET,Aston Martin,2,MEDIUM,MIDDLE,False,16.0,46.0,31.0,True,False,True,True
2022_13_VET_s3,2022_13,VET,Aston Martin,3,MEDIUM,MIDDLE,True,47.0,69.0,23.0,False,True,False,True
2022_13_ZHO_s1,2022_13,ZHO,Alfa Romeo,1,MEDIUM,MIDDLE,True,1.0,27.0,27.0,True,False,True,True
2022_13_ZHO_s2,2022_13,ZHO,Alfa Romeo,2,HARD,HARDEST,True,28.0,51.0,24.0,True,False,True,True
2022_13_ZHO_s3,2022_13,ZHO,Alfa Romeo,3,SOFT,SOFTEST,True,52.0,69.0,18.0,False,True,False,True
2022_14_ALB_s1,2022_14,ALB,Williams,1,MEDIUM,MIDDLE,True,1.0,10.0,10.0,True,False,True,True
2022_14_ALB_s2,2022_14,ALB,Williams,2,HARD,HARDEST,True,11.0,26.0,16.0,True,False,True,False
2022_14_ALB_s3,2022_14,ALB,Williams,3,MEDIUM,MIDDLE,True,27.0,44.0,18.0,False,True,False,True
2022_14_ALO_s1,2022_14,ALO,Alpine,1,MEDIUM,MIDDLE,True,1.0,11.0,11.0,True,False,True,True
2022_14_ALO_s2,2022_14,ALO,Alpine,2,MEDIUM,MIDDLE,True,12.0,25.0,14.0,True,False,True,False
2022_14_ALO_s3,2022_14,ALO,Alpine,3,HARD,HARDEST,True,26.0,44.0,19.0,False,True,False,True
2022_14_BOT_s1,2022_14,BOT,Alfa Romeo,1,SOFT,SOFTEST,True,1.0,2.0,2.0,False,False,False,True
2022_14_GAS_s1,2022_14,GAS,AlphaTauri,1,MEDIUM,MIDDLE,True,1.0,10.0,10.0,True,False,True,True
2022_14_GAS_s2,2022_14,GAS,AlphaTauri,2,HARD,HARDEST,True,11.0,22.0,12.0,True,False,True,False
2022_14_GAS_s3,2022_14,GAS,AlphaTauri,3,SOFT,SOFTEST,True,23.0,44.0,22.0,False,True,False,True
2022_14_HAM_s1,2022_14,HAM,Mercedes,1,MEDIUM,MIDDLE,True,1.0,1.0,1.0,False,False,False,True
2022_14_LAT_s1,2022_14,LAT,Williams,1,MEDIUM,MIDDLE,True,1.0,3.0,3.0,True,False,True,True
2022_14_LAT_s2,2022_14,LAT,Williams,2,MEDIUM,MIDDLE,False,4.0,15.0,12.0,True,False,True,True
2022_14_LAT_s3,2022_14,LAT,Williams,3,HARD,HARDEST,True,16.0,34.0,19.0,True,False,True,False
2022_14_LAT_s4,2022_14,LAT,Williams,4,SOFT,SOFTEST,True,35.0,43.0,9.0,False,True,False,True
2022_14_LEC_s1,2022_14,LEC,Ferrari,1,SOFT,SOFTEST,True,1.0,3.0,3.0,True,False,True,True
2022_14_LEC_s2,2022_14,LEC,Ferrari,2,MEDIUM,MIDDLE,True,4.0,25.0,22.0,True,False,True,True
2022_14_LEC_s3,2022_14,LEC,Ferrari,3,MEDIUM,MIDDLE,True,26.0,42.0,17.0,True,False,True,False
2022_14_LEC_s4,2022_14,LEC,Ferrari,4,SOFT,SOFTEST,False,43.0,44.0,2.0,False,True,False,True
2022_14_MAG_s1,2022_14,MAG,Haas F1 Team,1,MEDIUM,MIDDLE,True,1.0,11.0,11.0,True,False,True,True
2022_14_MAG_s2,2022_14,MAG,Haas F1 Team,2,HARD,HARDEST,True,12.0,27.0,16.0,True,False,True,False
2022_14_MAG_s3,2022_14,MAG,Haas F1 Team,3,MEDIUM,MIDDLE,True,28.0,43.0,16.0,False,True,False,False
2022_14_MSC_s1,2022_14,MSC,Haas F1 Team,1,MEDIUM,MIDDLE,True,1.0,14.0,14.0,True,False,True,True
2022_14_MSC_s2,2022_14,MSC,Haas F1 Team,2,HARD,HARDEST,True,15.0,30.0,16.0,True,False,True,False
2022_14_MSC_s3,2022_14,MSC,Haas F1 Team,3,MEDIUM,MIDDLE,True,31.0,43.0,13.0,False,True,False,True
2022_14_NOR_s1,2022_14,NOR,McLaren,1,MEDIUM,MIDDLE,True,1.0,13.0,13.0,True,False,True,True
2022_14_NOR_s2,2022_14,NOR,McLaren,2,HARD,HARDEST,True,14.0,29.0,16.0,True,False,True,False
2022_14_NOR_s3,2022_14,NOR,McLaren,3,MEDIUM,MIDDLE,True,30.0,44.0,15.0,False,True,False,True
2022_14_OCO_s1,2022_14,OCO,Alpine,1,MEDIUM,MIDDLE,True,1.0,12.0,12.0,True,False,True,True
2022_14_OCO_s2,2022_14,OCO,Alpine,2,HARD,HARDEST,True,13.0,32.0,20.0,True,False,True,False
2022_14_OCO_s3,2022_14,OCO,Alpine,3,MEDIUM,MIDDLE,True,33.0,44.0,12.0,False,True,False,True
2022_14_PER_s1,2022_14,PER,Red Bull Racing,1,MEDIUM,MIDDLE,True,1.0,14.0,14.0,True,False,True,True
2022_14_PER_s2,2022_14,PER,Red Bull Racing,2,MEDIUM,MIDDLE,True,15.0,27.0,13.0,True,False,True,False
2022_14_PER_s3,2022_14,PER,Red Bull Racing,3,HARD,HARDEST,True,28.0,44.0,17.0,False,True,False,True
2022_14_RIC_s1,2022_14,RIC,McLaren,1,MEDIUM,MIDDLE,True,1.0,12.0,12.0,True,False,True,True
2022_14_RIC_s2,2022_14,RIC,McLaren,2,HARD,HARDEST,True,13.0,32.0,20.0,True,False,True,False
2022_14_RIC_s3,2022_14,RIC,McLaren,3,MEDIUM,MIDDLE,True,33.0,44.0,12.0,False,True,False,True
2022_14_RUS_s1,2022_14,RUS,Mercedes,1,MEDIUM,MIDDLE,True,1.0,13.0,13.0,True,False,True,True
2022_14_RUS_s2,2022_14,RUS,Mercedes,2,MEDIUM,MIDDLE,True,14.0,29.0,16.0,True,False,True,False
2022_14_RUS_s3,2022_14,RUS,Mercedes,3,HARD,HARDEST,True,30.0,44.0,15.0,False,True,False,True
2022_14_SAI_s1,2022_14,SAI,Ferrari,1,SOFT,SOFTEST,False,1.0,11.0,11.0,True,False,True,True
2022_14_SAI_s2,2022_14,SAI,Ferrari,2,MEDIUM,MIDDLE,True,12.0,25.0,14.0,True,False,True,False
2022_14_SAI_s3,2022_14,SAI,Ferrari,3,HARD,HARDEST,True,26.0,44.0,19.0,False,True,False,True
2022_14_STR_s1,2022_14,STR,Aston Martin,1,MEDIUM,MIDDLE,False,1.0,15.0,15.0,True,False,True,True
2022_14_STR_s2,2022_14,STR,Aston Martin,2,MEDIUM,MIDDLE,False,16.0,26.0,11.0,True,False,True,False
2022_14_STR_s3,2022_14,STR,Aston Martin,3,HARD,HARDEST,False,27.0,44.0,18.0,False,True,False,True
2022_14_TSU_s1,2022_14,TSU,AlphaTauri,1,HARD,HARDEST,True,1.0,18.0,18.0,True,False,True,True
2022_14_TSU_s2,2022_14,TSU,AlphaTauri,2,MEDIUM,MIDDLE,True,19.0,30.0,12.0,True,False,True,False
2022_14_TSU_s3,2022_14,TSU,AlphaTauri,3,SOFT,SOFTEST,True,31.0,44.0,14.0,False,True,False,True
2022_14_VER_s1,2022_14,VER,Red Bull Racing,1,SOFT,SOFTEST,True,1.0,15.0,15.0,True,False,True,True
2022_14_VER_s2,2022_14,VER,Red Bull Racing,2,MEDIUM,MIDDLE,True,16.0,30.0,15.0,True,False,True,False
2022_14_VER_s3,2022_14,VER,Red Bull Racing,3,MEDIUM,MIDDLE,True,31.0,44.0,14.0,False,True,False,False
2022_14_VET_s1,2022_14,VET,Aston Martin,1,MEDIUM,MIDDLE,False,1.0,14.0,14.0,True,False,True,True
2022_14_VET_s2,2022_14,VET,Aston Martin,2,HARD,HARDEST,False,15.0,33.0,19.0,True,False,True,False
2022_14_VET_s3,2022_14,VET,Aston Martin,3,MEDIUM,MIDDLE,False,34.0,44.0,11.0,False,True,False,True
2022_14_ZHO_s1,2022_14,ZHO,Alfa Romeo,1,MEDIUM,MIDDLE,True,1.0,14.0,14.0,True,False,True,True
2022_14_ZHO_s2,2022_14,ZHO,Alfa Romeo,2,MEDIUM,MIDDLE,True,15.0,28.0,14.0,True,False,True,False
2022_14_ZHO_s3,2022_14,ZHO,Alfa Romeo,3,SOFT,SOFTEST,True,29.0,44.0,16.0,False,True,False,True
2022_15_ALB_s1,2022_15,ALB,Williams,1,MEDIUM,MIDDLE,True,1.0,21.0,21.0,True,False,True,True
2022_15_ALB_s2,2022_15,ALB,Williams,2,MEDIUM,MIDDLE,True,22.0,42.0,21.0,True,False,True,False
2022_15_ALB_s3,2022_15,ALB,Williams,3,HARD,HARDEST,True,43.0,55.0,13.0,True,False,True,True
2022_15_ALB_s4,2022_15,ALB,Williams,4,SOFT,SOFTEST,True,56.0,56.0,1.0,True,False,True,True
2022_15_ALB_s5,2022_15,ALB,Williams,5,SOFT,SOFTEST,False,57.0,72.0,16.0,False,True,False,True
2022_15_ALO_s1,2022_15,ALO,Alpine,1,SOFT,SOFTEST,True,1.0,12.0,12.0,True,False,True,True
2022_15_ALO_s2,2022_15,ALO,Alpine,2,HARD,HARDEST,True,13.0,47.0,35.0,True,False,True,True
2022_15_ALO_s3,2022_15,ALO,Alpine,3,SOFT,SOFTEST,True,48.0,57.0,10.0,True,False,True,True
2022_15_ALO_s4,2022_15,ALO,Alpine,4,SOFT,SOFTEST,False,58.0,72.0,15.0,False,True,False,True
2022_15_BOT_s1,2022_15,BOT,Alfa Romeo,1,SOFT,SOFTEST,True,1.0,16.0,16.0,True,False,True,True
2022_15_BOT_s2,2022_15,BOT,Alfa Romeo,2,SOFT,SOFTEST,True,17.0,34.0,18.0,True,False,True,False
2022_15_BOT_s3,2022_15,BOT,Alfa Romeo,3,MEDIUM,MIDDLE,True,35.0,54.0,20.0,False,False,False,True
2022_15_GAS_s1,2022_15,GAS,AlphaTauri,1,SOFT,SOFTEST,False,1.0,11.0,11.0,True,False,True,True
2022_15_GAS_s2,2022_15,GAS,AlphaTauri,2,MEDIUM,MIDDLE,False,12.0,32.0,21.0,True,False,True,False
2022_15_GAS_s3,2022_15,GAS,AlphaTauri,3,HARD,HARDEST,False,33.0,56.0,24.0,True,False,True,True
2022_15_GAS_s4,2022_15,GAS,AlphaTauri,4,SOFT,SOFTEST,True,57.0,57.0,1.0,True,False,True,True
2022_15_GAS_s5,2022_15,GAS,AlphaTauri,5,SOFT,SOFTEST,False,58.0,72.0,15.0,False,True,False,True
2022_15_HAM_s1,2022_15,HAM,Mercedes,1,MEDIUM,MIDDLE,True,1.0,29.0,29.0,True,False,True,True
2022_15_HAM_s2,2022_15,HAM,Mercedes,2,HARD,HARDEST,True,30.0,48.0,19.0,True,False,True,True
2022_15_HAM_s3,2022_15,HAM,Mercedes,3,MEDIUM,MIDDLE,True,49.0,57.0,9.0,True,False,True,True
2022_15_HAM_s4,2022_15,HAM,Mercedes,4,MEDIUM,MIDDLE,False,58.0,72.0,15.0,False,True,False,True
2022_15_LAT_s1,2022_15,LAT,Williams,1,SOFT,SOFTEST,True,1.0,13.0,13.0,True,False,True,True
2022_15_LAT_s2,2022_15,LAT,Williams,2,MEDIUM,MIDDLE,True,14.0,26.0,13.0,True,False,True,False
2022_15_LAT_s3,2022_15,LAT,Williams,3,HARD,HARDEST,True,27.0,54.0,28.0,True,False,True,True
2022_15_LAT_s4,2022_15,LAT,Williams,4,SOFT,SOFTEST,True,55.0,55.0,1.0,True,False,True,True
2022_15_LAT_s5,2022_15,LAT,Williams,5,SOFT,SOFTEST,False,56.0,71.0,16.0,False,True,False,True
2022_15_LEC_s1,2022_15,LEC,Ferrari,1,SOFT,SOFTEST,False,1.0,17.0,17.0,True,False,True,True
2022_15_LEC_s2,2022_15,LEC,Ferrari,2,MEDIUM,MIDDLE,True,18.0,45.0,28.0,True,False,True,True
2022_15_LEC_s3,2022_15,LEC,Ferrari,3,HARD,HARDEST,True,46.0,56.0,11.0,True,False,True,True
2022_15_LEC_s4,2022_15,LEC,Ferrari,4,SOFT,SOFTEST,False,57.0,57.0,1.0,True,False,True,True
2022_15_LEC_s5,2022_15,LEC,Ferrari,5,SOFT,SOFTEST,False,58.0,72.0,15.0,False,True,False,True
2022_15_MAG_s1,2022_15,MAG,Haas F1 Team,1,MEDIUM,MIDDLE,True,1.0,14.0,14.0,True,False,True,True
2022_15_MAG_s2,2022_15,MAG,Haas F1 Team,2,MEDIUM,MIDDLE,True,15.0,34.0,20.0,True,False,True,False
2022_15_MAG_s3,2022_15,MAG,Haas F1 Team,3,HARD,HARDEST,True,35.0,47.0,13.0,True,False,True,True
2022_15_MAG_s4,2022_15,MAG,Haas F1 Team,4,SOFT,SOFTEST,False,48.0,56.0,9.0,True,False,True,True
2022_15_MAG_s5,2022_15,MAG,Haas F1 Team,5,SOFT,SOFTEST,False,57.0,72.0,16.0,False,True,False,True
2022_15_MSC_s1,2022_15,MSC,Haas F1 Team,1,MEDIUM,MIDDLE,True,1.0,13.0,13.0,True,False,True,True
2022_15_MSC_s2,2022_15,MSC,Haas F1 Team,2,MEDIUM,MIDDLE,True,14.0,33.0,20.0,True,False,True,False
2022_15_MSC_s3,2022_15,MSC,Haas F1 Team,3,HARD,HARDEST,True,34.0,47.0,14.0,True,False,True,True
2022_15_MSC_s4,2022_15,MSC,Haas F1 Team,4,SOFT,SOFTEST,False,48.0,56.0,9.0,True,False,True,True
2022_15_MSC_s5,2022_15,MSC,Haas F1 Team,5,SOFT,SOFTEST,False,57.0,72.0,16.0,False,True,False,True
2022_15_NOR_s1,2022_15,NOR,McLaren,1,MEDIUM,MIDDLE,True,1.0,17.0,17.0,True,False,True,True
2022_15_NOR_s2,2022_15,NOR,McLaren,2,HARD,HARDEST,True,18.0,47.0,30.0,True,False,True,True
2022_15_NOR_s3,2022_15,NOR,McLaren,3,SOFT,SOFTEST,False,48.0,57.0,10.0,True,False,True,True
2022_15_NOR_s4,2022_15,NOR,McLaren,4,SOFT,SOFTEST,False,58.0,72.0,15.0,False,True,False,True
2022_15_OCO_s1,2022_15,OCO,Alpine,1,SOFT,SOFTEST,True,1.0,18.0,18.0,True,False,True,True
2022_15_OCO_s2,2022_15,OCO,Alpine,2,HARD,HARDEST,True,19.0,56.0,38.0,True,False,True,True
2022_15_OCO_s3,2022_15,OCO,Alpine,3,SOFT,SOFTEST,False,57.0,57.0,1.0,True,False,True,True
2022_15_OCO_s4,2022_15,OCO,Alpine,4,SOFT,SOFTEST,False,58.0,72.0,15.0,False,True,False,True
2022_15_PER_s1,2022_15,PER,Red Bull Racing,1,SOFT,SOFTEST,False,1.0,14.0,14.0,True,False,True,True
2022_15_PER_s2,2022_15,PER,Red Bull Racing,2,MEDIUM,MIDDLE,True,15.0,40.0,26.0,True,False,True,False
2022_15_PER_s3,2022_15,PER,Red Bull Racing,3,HARD,HARDEST,True,41.0,56.0,16.0,True,False,True,True
2022_15_PER_s4,2022_15,PER,Red Bull Racing,4,MEDIUM,MIDDLE,True,57.0,57.0,1.0,True,False,True,True
2022_15_PER_s5,2022_15,PER,Red Bull Racing,5,MEDIUM,MIDDLE,False,58.0,72.0,15.0,False,True,False,True
2022_15_RIC_s1,2022_15,RIC,McLaren,1,SOFT,SOFTEST,True,1.0,11.0,11.0,True,False,True,True
2022_15_RIC_s2,2022_15,RIC,McLaren,2,MEDIUM,MIDDLE,True,12.0,27.0,16.0,True,False,True,False
2022_15_RIC_s3,2022_15,RIC,McLaren,3,HARD,HARDEST,True,28.0,47.0,20.0,True,False,True,True
2022_15_RIC_s4,2022_15,RIC,McLaren,4,SOFT,SOFTEST,True,48.0,55.0,8.0,True,False,True,True
2022_15_RIC_s5,2022_15,RIC,McLaren,5,SOFT,SOFTEST,True,56.0,56.0,1.0,True,False,True,True
2022_15_RIC_s6,2022_15,RIC,McLaren,6,SOFT,SOFTEST,False,57.0,72.0,16.0,False,True,False,True
2022_15_RUS_s1,2022_15,RUS,Mercedes,1,MEDIUM,MIDDLE,True,1.0,31.0,31.0,True,False,True,True
2022_15_RUS_s2,2022_15,RUS,Mercedes,2,HARD,HARDEST,True,32.0,48.0,17.0,True,False,True,True
2022_15_RUS_s3,2022_15,RUS,Mercedes,3,MEDIUM,MIDDLE,True,49.0,57.0,9.0,True,False,True,True
2022_15_RUS_s4,2022_15,RUS,Mercedes,4,SOFT,SOFTEST,False,58.0,72.0,15.0,False,True,False,True
2022_15_SAI_s1,2022_15,SAI,Ferrari,1,SOFT,SOFTEST,False,1.0,14.0,14.0,True,False,True,True
2022_15_SAI_s2,2022_15,SAI,Ferrari,2,MEDIUM,MIDDLE,True,15.0,43.0,29.0,True,False,True,False
2022_15_SAI_s3,2022_15,SAI,Ferrari,3,HARD,HARDEST,True,44.0,57.0,14.0,True,False,True,True
2022_15_SAI_s4,2022_15,SAI,Ferrari,4,SOFT,SOFTEST,False,58.0,72.0,15.0,False,True,False,True
2022_15_STR_s1,2022_15,STR,Aston Martin,1,SOFT,SOFTEST,True,1.0,16.0,16.0,True,False,True,True
2022_15_STR_s2,2022_15,STR,Aston Martin,2,MEDIUM,MIDDLE,False,17.0,38.0,22.0,True,False,True,False
2022_15_STR_s3,2022_15,STR,Aston Martin,3,HARD,HARDEST,False,39.0,56.0,18.0,True,False,True,True
2022_15_STR_s4,2022_15,STR,Aston Martin,4,SOFT,SOFTEST,False,57.0,57.0,1.0,True,False,True,True
2022_15_STR_s5,2022_15,STR,Aston Martin,5,SOFT,SOFTEST,False,58.0,72.0,15.0,False,True,False,True
2022_15_TSU_s1,2022_15,TSU,AlphaTauri,1,SOFT,SOFTEST,False,1.0,13.0,13.0,True,False,True,True
2022_15_TSU_s2,2022_15,TSU,AlphaTauri,2,MEDIUM,MIDDLE,False,14.0,42.0,29.0,True,False,True,False
2022_15_TSU_s3,2022_15,TSU,AlphaTauri,3,HARD,HARDEST,False,43.0,43.0,1.0,True,False,True,True
2022_15_VER_s1,2022_15,VER,Red Bull Racing,1,SOFT,SOFTEST,True,1.0,18.0,18.0,True,False,True,True
2022_15_VER_s2,2022_15,VER,Red Bull Racing,2,MEDIUM,MIDDLE,True,19.0,48.0,30.0,True,False,True,True
2022_15_VER_s3,2022_15,VER,Red Bull Racing,3,HARD,HARDEST,True,49.0,56.0,8.0,True,False,True,True
2022_15_VER_s4,2022_15,VER,Red Bull Racing,4,SOFT,SOFTEST,False,57.0,57.0,1.0,True,False,True,True
2022_15_VER_s5,2022_15,VER,Red Bull Racing,5,SOFT,SOFTEST,False,58.0,72.0,15.0,False,True,False,True
2022_15_VET_s1,2022_15,VET,Aston Martin,1,SOFT,SOFTEST,True,1.0,9.0,9.0,True,False,True,True
2022_15_VET_s2,2022_15,VET,Aston Martin,2,MEDIUM,MIDDLE,False,10.0,35.0,26.0,True,False,True,False
2022_15_VET_s3,2022_15,VET,Aston Martin,3,HARD,HARDEST,False,36.0,48.0,13.0,True,False,True,True
2022_15_VET_s4,2022_15,VET,Aston Martin,4,SOFT,SOFTEST,True,49.0,56.0,8.0,True,False,True,True
2022_15_VET_s5,2022_15,VET,Aston Martin,5,SOFT,SOFTEST,False,57.0,72.0,16.0,False,True,False,True
2022_15_ZHO_s1,2022_15,ZHO,Alfa Romeo,1,SOFT,SOFTEST,True,1.0,12.0,12.0,True,False,True,True
2022_15_ZHO_s2,2022_15,ZHO,Alfa Romeo,2,SOFT,SOFTEST,False,13.0,37.0,25.0,True,False,True,False
2022_15_ZHO_s3,2022_15,ZHO,Alfa Romeo,3,MEDIUM,MIDDLE,True,38.0,55.0,18.0,True,False,True,True
2022_15_ZHO_s4,2022_15,ZHO,Alfa Romeo,4,SOFT,SOFTEST,False,56.0,56.0,1.0,True,False,True,True
2022_15_ZHO_s5,2022_15,ZHO,Alfa Romeo,5,SOFT,SOFTEST,False,57.0,72.0,16.0,False,True,False,True
2022_16_ALO_s1,2022_16,ALO,Alpine,1,MEDIUM,MIDDLE,True,1.0,31.0,31.0,True,False,True,True
2022_16_BOT_s1,2022_16,BOT,Alfa Romeo,1,MEDIUM,MIDDLE,True,1.0,35.0,35.0,True,False,True,True
2022_16_BOT_s2,2022_16,BOT,Alfa Romeo,2,SOFT,SOFTEST,True,36.0,52.0,17.0,False,True,False,True
2022_16_DEV_s1,2022_16,DEV,Williams,1,SOFT,SOFTEST,True,1.0,19.0,19.0,True,False,True,True
2022_16_DEV_s2,2022_16,DEV,Williams,2,MEDIUM,MIDDLE,True,20.0,53.0,34.0,False,True,False,True
2022_16_GAS_s1,2022_16,GAS,AlphaTauri,1,MEDIUM,MIDDLE,True,1.0,18.0,18.0,True,False,True,True
2022_16_GAS_s2,2022_16,GAS,AlphaTauri,2,HARD,HARDEST,False,19.0,53.0,35.0,False,True,False,True
2022_16_HAM_s1,2022_16,HAM,Mercedes,1,MEDIUM,MIDDLE,True,1.0,33.0,33.0,True,False,True,True
2022_16_HAM_s2,2022_16,HAM,Mercedes,2,SOFT,SOFTEST,True,34.0,53.0,20.0,False,True,False,True
2022_16_LAT_s1,2022_16,LAT,Williams,1,MEDIUM,MIDDLE,True,1.0,15.0,15.0,True,False,True,True
2022_16_LAT_s2,2022_16,LAT,Williams,2,HARD,HARDEST,True,16.0,47.0,32.0,True,False,True,True
2022_16_LAT_s3,2022_16,LAT,Williams,3,SOFT,SOFTEST,True,48.0,52.0,5.0,False,True,False,True
2022_16_LEC_s1,2022_16,LEC,Ferrari,1,SOFT,SOFTEST,True,1.0,12.0,12.0,True,False,True,True
2022_16_LEC_s2,2022_16,LEC,Ferrari,2,MEDIUM,MIDDLE,True,13.0,33.0,21.0,True,False,True,True
2022_16_LEC_s3,2022_16,LEC,Ferrari,3,SOFT,SOFTEST,True,34.0,48.0,15.0,True,False,True,True
2022_16_LEC_s4,2022_16,LEC,Ferrari,4,SOFT,SOFTEST,False,49.0,53.0,5.0,False,True,False,True
2022_16_MAG_s1,2022_16,MAG,Haas F1 Team,1,MEDIUM,MIDDLE,True,1.0,24.0,24.0,True,False,True,True
2022_16_MAG_s2,2022_16,MAG,Haas F1 Team,2,HARD,HARDEST,True,25.0,46.0,22.0,True,False,True,True
2022_16_MAG_s3,2022_16,MAG,Haas F1 Team,3,SOFT,SOFTEST,True,47.0,52.0,6.0,False,True,False,True
2022_16_MSC_s1,2022_16,MSC,Haas F1 Team,1,MEDIUM,MIDDLE,True,1.0,33.0,33.0,True,False,True,True
2022_16_MSC_s2,2022_16,MSC,Haas F1 Team,2,SOFT,SOFTEST,True,34.0,53.0,20.0,False,True,False,True
2022_16_NOR_s1,2022_16,NOR,McLaren,1,MEDIUM,MIDDLE,True,1.0,35.0,35.0,True,False,True,True
2022_16_NOR_s2,2022_16,NOR,McLaren,2,SOFT,SOFTEST,False,36.0,47.0,12.0,True,False,True,True
2022_16_NOR_s3,2022_16,NOR,McLaren,3,SOFT,SOFTEST,False,48.0,53.0,6.0,False,True,False,True
2022_16_OCO_s1,2022_16,OCO,Alpine,1,SOFT,SOFTEST,True,1.0,19.0,19.0,True,False,True,True
2022_16_OCO_s2,2022_16,OCO,Alpine,2,HARD,HARDEST,True,20.0,53.0,34.0,False,True,False,True
2022_16_PER_s1,2022_16,PER,Red Bull Racing,1,MEDIUM,MIDDLE,True,1.0,7.0,7.0,True,False,True,False
2022_16_PER_s2,2022_16,PER,Red Bull Racing,2,HARD,HARDEST,True,8.0,42.0,35.0,True,False,True,True
2022_16_PER_s3,2022_16,PER,Red Bull Racing,3,SOFT,SOFTEST,True,43.0,53.0,11.0,False,True,False,True
2022_16_RIC_s1,2022_16,RIC,McLaren,1,MEDIUM,MIDDLE,True,1.0,19.0,19.0,True,False,True,True
2022_16_RIC_s2,2022_16,RIC,McLaren,2,HARD,HARDEST,True,20.0,46.0,27.0,False,False,False,True
2022_16_RUS_s1,2022_16,RUS,Mercedes,1,SOFT,SOFTEST,True,1.0,23.0,23.0,True,False,True,True
2022_16_RUS_s2,2022_16,RUS,Mercedes,2,HARD,HARDEST,True,24.0,47.0,24.0,True,False,True,True
2022_16_RUS_s3,2022_16,RUS,Mercedes,3,SOFT,SOFTEST,False,48.0,53.0,6.0,False,True,False,True
2022_16_SAI_s1,2022_16,SAI,Ferrari,1,MEDIUM,MIDDLE,True,1.0,30.0,30.0,True,False,True,True
2022_16_SAI_s2,2022_16,SAI,Ferrari,2,SOFT,SOFTEST,True,31.0,47.0,17.0,True,False,True,True
2022_16_SAI_s3,2022_16,SAI,Ferrari,3,SOFT,SOFTEST,True,48.0,53.0,6.0,False,True,False,True
2022_16_STR_s1,2022_16,STR,Aston Martin,1,MEDIUM,MIDDLE,False,1.0,18.0,18.0,True,False,True,True
2022_16_STR_s2,2022_16,STR,Aston Martin,2,HARD,HARDEST,False,19.0,39.0,21.0,True,False,True,False
2022_16_TSU_s1,2022_16,TSU,AlphaTauri,1,MEDIUM,MIDDLE,True,1.0,19.0,19.0,True,False,True,True
2022_16_TSU_s2,2022_16,TSU,AlphaTauri,2,HARD,HARDEST,False,20.0,47.0,28.0,True,False,True,True
2022_16_TSU_s3,2022_16,TSU,AlphaTauri,3,SOFT,SOFTEST,True,48.0,52.0,5.0,False,True,False,True
2022_16_VER_s1,2022_16,VER,Red Bull Racing,1,SOFT,SOFTEST,True,1.0,25.0,25.0,True,False,True,True
2022_16_VER_s2,2022_16,VER,Red Bull Racing,2,MEDIUM,MIDDLE,True,26.0,48.0,23.0,True,False,True,True
2022_16_VER_s3,2022_16,VER,Red Bull Racing,3,SOFT,SOFTEST,True,49.0,53.0,5.0,False,True,False,True
2022_16_VET_s1,2022_16,VET,Aston Martin,1,MEDIUM,MIDDLE,False,1.0,11.0,11.0,False,False,False,True
2022_16_ZHO_s1,2022_16,ZHO,Alfa Romeo,1,MEDIUM,MIDDLE,True,1.0,18.0,18.0,True,False,True,True
2022_16_ZHO_s2,2022_16,ZHO,Alfa Romeo,2,HARD,HARDEST,True,19.0,53.0,35.0,False,True,False,True
2022_17_ALB_s1,2022_17,ALB,Williams,1,WET,WET,True,1.0,25.0,25.0,True,False,True,True
2022_17_ALO_s1,2022_17,ALO,Alpine,1,WET,WET,True,1.0,21.0,21.0,False,False,False,True
2022_17_BOT_s1,2022_17,BOT,Alfa Romeo,1,WET,WET,True,1.0,33.0,33.0,True,False,True,True
2022_17_BOT_s2,2022_17,BOT,Alfa Romeo,2,SOFT,SOFTEST,True,34.0,59.0,26.0,False,True,False,True
2022_17_GAS_s1,2022_17,GAS,AlphaTauri,1,WET,WET,False,1.0,33.0,33.0,True,False,True,True
2022_17_GAS_s2,2022_17,GAS,AlphaTauri,2,MEDIUM,MIDDLE,True,34.0,59.0,26.0,False,True,False,True
2022_17_HAM_s1,2022_17,HAM,Mercedes,1,WET,WET,True,1.0,34.0,34.0,True,False,True,True
2022_17_HAM_s2,2022_17,HAM,Mercedes,2,MEDIUM,MIDDLE,True,35.0,59.0,25.0,False,True,False,True
2022_17_LAT_s1,2022_17,LAT,Williams,1,WET,WET,True,1.0,7.0,7.0,True,False,True,True
2022_17_LEC_s1,2022_17,LEC,Ferrari,1,WET,WET,True,1.0,34.0,34.0,True,False,True,True
2022_17_LEC_s2,2022_17,LEC,Ferrari,2,MEDIUM,MIDDLE,True,35.0,59.0,25.0,False,True,False,True
2022_17_MAG_s1,2022_17,MAG,Haas F1 Team,1,WET,WET,True,1.0,7.0,7.0,True,False,True,True
2022_17_MAG_s2,2022_17,MAG,Haas F1 Team,2,WET,WET,False,8.0,33.0,26.0,True,False,True,True
2022_17_MAG_s3,2022_17,MAG,Haas F1 Team,3,MEDIUM,MIDDLE,True,34.0,59.0,26.0,False,True,False,True
2022_17_MSC_s1,2022_17,MSC,Haas F1 Team,1,WET,WET,True,1.0,34.0,34.0,True,False,True,True
2022_17_MSC_s2,2022_17,MSC,Haas F1 Team,2,MEDIUM,MIDDLE,True,35.0,41.0,7.0,True,False,True,True
2022_17_MSC_s3,2022_17,MSC,Haas F1 Team,3,SOFT,SOFTEST,True,42.0,58.0,17.0,False,True,False,False
2022_17_NOR_s1,2022_17,NOR,McLaren,1,WET,WET,True,1.0,36.0,36.0,True,False,True,True
2022_17_NOR_s2,2022_17,NOR,McLaren,2,MEDIUM,MIDDLE,True,37.0,59.0,23.0,False,True,False,True
2022_17_OCO_s1,2022_17,OCO,Alpine,1,WET,WET,True,1.0,27.0,27.0,False,False,False,True
2022_17_PER_s1,2022_17,PER,Red Bull Racing,1,WET,WET,True,1.0,35.0,35.0,True,False,True,True
2022_17_PER_s2,2022_17,PER,Red Bull Racing,2,MEDIUM,MIDDLE,True,36.0,59.0,24.0,False,True,False,True
2022_17_RIC_s1,2022_17,RIC,McLaren,1,WET,WET,True,1.0,36.0,36.0,True,False,True,True
2022_17_RIC_s2,2022_17,RIC,McLaren,2,SOFT,SOFTEST,True,37.0,59.0,23.0,False,True,False,True
2022_17_RUS_s1,2022_17,RUS,Mercedes,1,WET,WET,True,1.0,21.0,21.0,True,False,True,True
2022_17_RUS_s2,2022_17,RUS,Mercedes,2,MEDIUM,MIDDLE,True,22.0,35.0,14.0,True,False,True,True
2022_17_RUS_s3,2022_17,RUS,Mercedes,3,MEDIUM,MIDDLE,True,36.0,41.0,6.0,True,False,True,True
2022_17_RUS_s4,2022_17,RUS,Mercedes,4,SOFT,SOFTEST,True,42.0,51.0,10.0,True,False,True,False
2022_17_RUS_s5,2022_17,RUS,Mercedes,5,SOFT,SOFTEST,True,52.0,57.0,6.0,False,False,False,False
2022_17_SAI_s1,2022_17,SAI,Ferrari,1,WET,WET,True,1.0,35.0,35.0,True,False,True,True
2022_17_SAI_s2,2022_17,SAI,Ferrari,2,MEDIUM,MIDDLE,True,36.0,59.0,24.0,False,True,False,True
2022_17_STR_s1,2022_17,STR,Aston Martin,1,WET,WET,True,1.0,35.0,35.0,True,False,True,True
2022_17_STR_s2,2022_17,STR,Aston Martin,2,MEDIUM,MIDDLE,True,36.0,59.0,24.0,False,True,False,True
2022_17_TSU_s1,2022_17,TSU,AlphaTauri,1,WET,WET,False,1.0,33.0,33.0,True,False,True,True
2022_17_TSU_s2,2022_17,TSU,AlphaTauri,2,MEDIUM,MIDDLE,True,34.0,35.0,2.0,False,False,False,True
2022_17_VER_s1,2022_17,VER,Red Bull Racing,1,WET,WET,True,1.0,35.0,35.0,True,False,True,True
2022_17_VER_s2,2022_17,VER,Red Bull Racing,2,MEDIUM,MIDDLE,True,36.0,40.0,5.0,True,False,True,True
2022_17_VER_s3,2022_17,VER,Red Bull Racing,3,SOFT,SOFTEST,True,41.0,59.0,19.0,False,True,False,False
2022_17_VET_s1,2022_17,VET,Aston Martin,1,WET,WET,True,1.0,34.0,34.0,True,False,True,True
2022_17_VET_s2,2022_17,VET,Aston Martin,2,MEDIUM,MIDDLE,True,35.0,59.0,25.0,False,True,False,True
2022_17_ZHO_s1,2022_17,ZHO,Alfa Romeo,1,WET,WET,True,1.0,7.0,7.0,False,False,False,True
2022_18_ALB_s1,2022_18,ALB,Williams,1,WET,WET,True,1.0,1.0,1.0,False,False,False,True
2022_18_ALO_s1,2022_18,ALO,Alpine,1,WET,WET,True,1.0,2.0,2.0,True,False,True,True
2022_18_ALO_s2,2022_18,ALO,Alpine,2,WET,WET,True,3.0,8.0,6.0,True,False,True,False
2022_18_ALO_s3,2022_18,ALO,Alpine,3,WET,WET,True,9.0,22.0,14.0,True,False,True,False
2022_18_ALO_s4,2022_18,ALO,Alpine,4,WET,WET,True,23.0,28.0,6.0,False,True,False,False
2022_18_BOT_s1,2022_18,BOT,Alfa Romeo,1,WET,WET,True,1.0,2.0,2.0,True,False,True,True
2022_18_BOT_s2,2022_18,BOT,Alfa Romeo,2,WET,WET,True,3.0,6.0,4.0,True,False,True,False
2022_18_BOT_s3,2022_18,BOT,Alfa Romeo,3,WET,WET,True,7.0,28.0,22.0,False,True,False,False
2022_18_GAS_s1,2022_18,GAS,AlphaTauri,1,WET,WET,True,1.0,1.0,1.0,True,False,True,True
2022_18_GAS_s2,2022_18,GAS,AlphaTauri,2,WET,WET,True,2.0,2.0,1.0,True,False,True,True
2022_18_GAS_s3,2022_18,GAS,AlphaTauri,3,WET,WET,True,3.0,7.0,5.0,True,False,True,False
2022_18_GAS_s4,2022_18,GAS,AlphaTauri,4,WET,WET,True,8.0,19.0,12.0,True,False,True,False
2022_18_GAS_s5,2022_18,GAS,AlphaTauri,5,WET,WET,True,20.0,28.0,9.0,False,True,False,False
2022_18_HAM_s1,2022_18,HAM,Mercedes,1,WET,WET,False,1.0,2.0,2.0,True,False,True,True
2022_18_HAM_s2,2022_18,HAM,Mercedes,2,WET,WET,False,3.0,7.0,5.0,True,False,True,False
2022_18_HAM_s3,2022_18,HAM,Mercedes,3,WET,WET,False,8.0,28.0,21.0,False,True,False,False
2022_18_LAT_s1,2022_18,LAT,Williams,1,WET,WET,True,1.0,2.0,2.0,True,False,True,True
2022_18_LAT_s2,2022_18,LAT,Williams,2,WET,WET,True,3.0,5.0,3.0,True,False,True,False
2022_18_LAT_s3,2022_18,LAT,Williams,3,WET,WET,True,6.0,28.0,23.0,False,True,False,False
2022_18_LEC_s1,2022_18,LEC,Ferrari,1,WET,WET,True,1.0,2.0,2.0,True,False,True,True
2022_18_LEC_s2,2022_18,LEC,Ferrari,2,WET,WET,True,3.0,7.0,5.0,True,False,True,False
2022_18_LEC_s3,2022_18,LEC,Ferrari,3,WET,WET,True,8.0,28.0,21.0,False,True,False,False
2022_18_MAG_s1,2022_18,MAG,Haas F1 Team,1,WET,WET,True,1.0,2.0,2.0,True,False,True,True
2022_18_MAG_s2,2022_18,MAG,Haas F1 Team,2,WET,WET,True,3.0,7.0,5.0,True,False,True,False
2022_18_MAG_s3,2022_18,MAG,Haas F1 Team,3,WET,WET,True,8.0,28.0,21.0,False,True,False,False
2022_18_MSC_s1,2022_18,MSC,Haas F1 Team,1,WET,WET,True,1.0,2.0,2.0,True,False,True,True
2022_18_MSC_s2,2022_18,MSC,Haas F1 Team,2,WET,WET,True,3.0,11.0,9.0,True,False,True,False
2022_18_MSC_s3,2022_18,MSC,Haas F1 Team,3,WET,WET,True,12.0,28.0,17.0,False,True,False,False
2022_18_NOR_s1,2022_18,NOR,McLaren,1,WET,WET,True,1.0,2.0,2.0,True,False,True,True
2022_18_NOR_s2,2022_18,NOR,McLaren,2,WET,WET,True,3.0,6.0,4.0,True,False,True,False
2022_18_NOR_s3,2022_18,NOR,McLaren,3,WET,WET,True,7.0,28.0,22.0,False,True,False,False
2022_18_OCO_s1,2022_18,OCO,Alpine,1,WET,WET,True,1.0,2.0,2.0,True,False,True,True
2022_18_OCO_s2,2022_18,OCO,Alpine,2,WET,WET,True,3.0,7.0,5.0,True,False,True,False
2022_18_OCO_s3,2022_18,OCO,Alpine,3,WET,WET,True,8.0,28.0,21.0,False,True,False,False
2022_18_PER_s1,2022_18,PER,Red Bull Racing,1,WET,WET,True,1.0,2.0,2.0,True,False,True,True
2022_18_PER_s2,2022_18,PER,Red Bull Racing,2,WET,WET,True,3.0,7.0,5.0,True,False,True,False
2022_18_PER_s3,2022_18,PER,Red Bull Racing,3,WET,WET,True,8.0,28.0,21.0,False,True,False,False
2022_18_RIC_s1,2022_18,RIC,McLaren,1,WET,WET,True,1.0,2.0,2.0,True,False,True,True
2022_18_RIC_s2,2022_18,RIC,McLaren,2,WET,WET,True,3.0,8.0,6.0,True,False,True,False
2022_18_RIC_s3,2022_18,RIC,McLaren,3,WET,WET,True,9.0,28.0,20.0,False,True,False,False
2022_18_RUS_s1,2022_18,RUS,Mercedes,1,WET,WET,True,1.0,2.0,2.0,True,False,True,True
2022_18_RUS_s2,2022_18,RUS,Mercedes,2,WET,WET,True,3.0,7.0,5.0,True,False,True,False
2022_18_RUS_s3,2022_18,RUS,Mercedes,3,WET,WET,False,8.0,28.0,21.0,False,True,False,False
2022_18_SAI_s1,2022_18,SAI,Ferrari,1,WET,WET,True,1.0,1.0,1.0,False,False,False,True
2022_18_STR_s1,2022_18,STR,Aston Martin,1,WET,WET,True,1.0,2.0,2.0,True,False,True,True
2022_18_STR_s2,2022_18,STR,Aston Martin,2,WET,WET,True,3.0,7.0,5.0,True,False,True,False
2022_18_STR_s3,2022_18,STR,Aston Martin,3,WET,WET,True,8.0,19.0,12.0,True,False,True,False
2022_18_STR_s4,2022_18,STR,Aston Martin,4,WET,WET,True,20.0,28.0,9.0,False,True,False,False
2022_18_TSU_s1,2022_18,TSU,AlphaTauri,1,WET,WET,True,1.0,2.0,2.0,True,False,True,True
2022_18_TSU_s2,2022_18,TSU,AlphaTauri,2,WET,WET,True,3.0,7.0,5.0,True,False,True,False
2022_18_TSU_s3,2022_18,TSU,AlphaTauri,3,WET,WET,True,8.0,20.0,13.0,True,False,True,False
2022_18_TSU_s4,2022_18,TSU,AlphaTauri,4,WET,WET,True,21.0,28.0,8.0,False,True,False,False
2022_18_VER_s1,2022_18,VER,Red Bull Racing,1,WET,WET,True,1.0,2.0,2.0,True,False,True,True
2022_18_VER_s2,2022_18,VER,Red Bull Racing,2,WET,WET,True,3.0,7.0,5.0,True,False,True,False
2022_18_VER_s3,2022_18,VER,Red Bull Racing,3,WET,WET,True,8.0,29.0,22.0,False,True,False,False
2022_18_VET_s1,2022_18,VET,Aston Martin,1,WET,WET,True,1.0,2.0,2.0,True,False,True,True
2022_18_VET_s2,2022_18,VET,Aston Martin,2,WET,WET,True,3.0,5.0,3.0,True,False,True,False
2022_18_VET_s3,2022_18,VET,Aston Martin,3,WET,WET,True,6.0,28.0,23.0,False,True,False,False
2022_18_ZHO_s1,2022_18,ZHO,Alfa Romeo,1,WET,WET,True,1.0,2.0,2.0,True,False,True,True
2022_18_ZHO_s2,2022_18,ZHO,Alfa Romeo,2,WET,WET,True,3.0,9.0,7.0,True,False,True,False
2022_18_ZHO_s3,2022_18,ZHO,Alfa Romeo,3,WET,WET,True,10.0,18.0,9.0,True,False,True,False
2022_18_ZHO_s4,2022_18,ZHO,Alfa Romeo,4,WET,WET,True,19.0,28.0,10.0,False,True,False,False
2022_19_ALB_s1,2022_19,ALB,Williams,1,MEDIUM,MIDDLE,True,1.0,9.0,9.0,True,False,True,True
2022_19_ALB_s2,2022_19,ALB,Williams,2,MEDIUM,MIDDLE,True,10.0,18.0,9.0,True,False,True,True
2022_19_ALB_s3,2022_19,ALB,Williams,3,HARD,HARDEST,True,19.0,56.0,38.0,False,True,False,True
2022_19_ALO_s1,2022_19,ALO,Alpine,1,HARD,HARDEST,True,1.0,18.0,18.0,True,False,True,True
2022_19_ALO_s2,2022_19,ALO,Alpine,2,MEDIUM,MIDDLE,True,19.0,22.0,4.0,True,False,True,True
2022_19_ALO_s3,2022_19,ALO,Alpine,3,HARD,HARDEST,True,23.0,56.0,34.0,False,True,False,True
2022_19_BOT_s1,2022_19,BOT,Alfa Romeo,1,MEDIUM,MIDDLE,True,1.0,10.0,10.0,True,False,True,True
2022_19_BOT_s2,2022_19,BOT,Alfa Romeo,2,HARD,HARDEST,True,11.0,17.0,7.0,False,False,False,True
2022_19_GAS_s1,2022_19,GAS,AlphaTauri,1,MEDIUM,MIDDLE,True,1.0,11.0,11.0,True,False,True,True
2022_19_GAS_s2,2022_19,GAS,AlphaTauri,2,HARD,HARDEST,False,12.0,32.0,21.0,True,False,True,True
2022_19_GAS_s3,2022_19,GAS,AlphaTauri,3,HARD,HARDEST,False,33.0,56.0,24.0,False,True,False,False
2022_19_HAM_s1,2022_19,HAM,Mercedes,1,MEDIUM,MIDDLE,True,1.0,12.0,12.0,True,False,True,True
2022_19_HAM_s2,2022_19,HAM,Mercedes,2,HARD,HARDEST,True,13.0,34.0,22.0,True,False,True,True
2022_19_HAM_s3,2022_19,HAM,Mercedes,3,HARD,HARDEST,True,35.0,56.0,22.0,False,True,False,False
2022_19_LAT_s1,2022_19,LAT,Williams,1,MEDIUM,MIDDLE,True,1.0,5.0,5.0,True,False,True,True
2022_19_LAT_s2,2022_19,LAT,Williams,2,MEDIUM,MIDDLE,True,6.0,18.0,13.0,True,False,True,True
2022_19_LAT_s3,2022_19,LAT,Williams,3,HARD,HARDEST,True,19.0,56.0,38.0,False,True,False,True
2022_19_LEC_s1,2022_19,LEC,Ferrari,1,MEDIUM,MIDDLE,True,1.0,18.0,18.0,True,False,True,True
2022_19_LEC_s2,2022_19,LEC,Ferrari,2,HARD,HARDEST,True,19.0,35.0,17.0,True,False,True,True
2022_19_LEC_s3,2022_19,LEC,Ferrari,3,MEDIUM,MIDDLE,True,36.0,56.0,21.0,False,True,False,False
2022_19_MAG_s1,2022_19,MAG,Haas F1 Team,1,HARD,HARDEST,True,1.0,18.0,18.0,True,False,True,True
2022_19_MAG_s2,2022_19,MAG,Haas F1 Team,2,MEDIUM,MIDDLE,True,19.0,56.0,38.0,False,True,False,True
2022_19_MSC_s1,2022_19,MSC,Haas F1 Team,1,HARD,HARDEST,True,1.0,18.0,18.0,True,False,True,True
2022_19_MSC_s2,2022_19,MSC,Haas F1 Team,2,MEDIUM,MIDDLE,True,19.0,33.0,15.0,True,False,True,True
2022_19_MSC_s3,2022_19,MSC,Haas F1 Team,3,HARD,HARDEST,True,34.0,56.0,23.0,False,True,False,False
2022_19_NOR_s1,2022_19,NOR,McLaren,1,MEDIUM,MIDDLE,True,1.0,14.0,14.0,True,False,True,True
2022_19_NOR_s2,2022_19,NOR,McLaren,2,HARD,HARDEST,True,15.0,34.0,20.0,True,False,True,True
2022_19_NOR_s3,2022_19,NOR,McLaren,3,HARD,HARDEST,True,35.0,56.0,22.0,False,True,False,False
2022_19_OCO_s1,2022_19,OCO,Alpine,1,HARD,HARDEST,True,1.0,18.0,18.0,True,False,True,True
2022_19_OCO_s2,2022_19,OCO,Alpine,2,HARD,HARDEST,True,19.0,45.0,27.0,True,False,True,True
2022_19_OCO_s3,2022_19,OCO,Alpine,3,MEDIUM,MIDDLE,True,46.0,56.0,11.0,False,True,False,False
2022_19_PER_s1,2022_19,PER,Red Bull Racing,1,MEDIUM,MIDDLE,True,1.0,14.0,14.0,True,False,True,True
2022_19_PER_s2,2022_19,PER,Red Bull Racing,2,HARD,HARDEST,True,15.0,38.0,24.0,True,False,True,True
2022_19_PER_s3,2022_19,PER,Red Bull Racing,3,MEDIUM,MIDDLE,True,39.0,56.0,18.0,False,True,False,False
2022_19_RIC_s1,2022_19,RIC,McLaren,1,MEDIUM,MIDDLE,True,1.0,10.0,10.0,True,False,True,True
2022_19_RIC_s2,2022_19,RIC,McLaren,2,HARD,HARDEST,True,11.0,35.0,25.0,True,False,True,True
2022_19_RIC_s3,2022_19,RIC,McLaren,3,HARD,HARDEST,True,36.0,56.0,21.0,False,True,False,False
2022_19_RUS_s1,2022_19,RUS,Mercedes,1,MEDIUM,MIDDLE,True,1.0,13.0,13.0,True,False,True,True
2022_19_RUS_s2,2022_19,RUS,Mercedes,2,HARD,HARDEST,True,14.0,36.0,23.0,True,False,True,True
2022_19_RUS_s3,2022_19,RUS,Mercedes,3,HARD,HARDEST,True,37.0,54.0,18.0,True,False,True,False
2022_19_RUS_s4,2022_19,RUS,Mercedes,4,SOFT,SOFTEST,False,55.0,56.0,2.0,False,True,False,False
2022_19_SAI_s1,2022_19,SAI,Ferrari,1,MEDIUM,MIDDLE,True,1.0,1.0,1.0,True,False,True,True
2022_19_STR_s1,2022_19,STR,Aston Martin,1,MEDIUM,MIDDLE,False,1.0,15.0,15.0,True,False,True,True
2022_19_STR_s2,2022_19,STR,Aston Martin,2,MEDIUM,MIDDLE,False,16.0,22.0,7.0,False,False,False,True
2022_19_TSU_s1,2022_19,TSU,AlphaTauri,1,MEDIUM,MIDDLE,True,1.0,10.0,10.0,True,False,True,True
2022_19_TSU_s2,2022_19,TSU,AlphaTauri,2,MEDIUM,MIDDLE,True,11.0,33.0,23.0,True,False,True,True
2022_19_TSU_s3,2022_19,TSU,AlphaTauri,3,HARD,HARDEST,True,34.0,56.0,23.0,False,True,False,False
2022_19_VER_s1,2022_19,VER,Red Bull Racing,1,MEDIUM,MIDDLE,True,1.0,13.0,13.0,True,False,True,True
2022_19_VER_s2,2022_19,VER,Red Bull Racing,2,HARD,HARDEST,True,14.0,35.0,22.0,True,False,True,True
2022_19_VER_s3,2022_19,VER,Red Bull Racing,3,MEDIUM,MIDDLE,True,36.0,56.0,21.0,False,True,False,False
2022_19_VET_s1,2022_19,VET,Aston Martin,1,MEDIUM,MIDDLE,False,1.0,18.0,18.0,True,False,True,True
2022_19_VET_s2,2022_19,VET,Aston Martin,2,MEDIUM,MIDDLE,False,19.0,41.0,23.0,True,False,True,True
2022_19_VET_s3,2022_19,VET,Aston Martin,3,HARD,HARDEST,False,42.0,56.0,15.0,False,True,False,False
2022_19_ZHO_s1,2022_19,ZHO,Alfa Romeo,1,MEDIUM,MIDDLE,True,1.0,9.0,9.0,True,False,True,True
2022_19_ZHO_s2,2022_19,ZHO,Alfa Romeo,2,HARD,HARDEST,True,10.0,23.0,14.0,True,False,True,True
2022_19_ZHO_s3,2022_19,ZHO,Alfa Romeo,3,HARD,HARDEST,True,24.0,56.0,33.0,False,True,False,True
2022_20_ALB_s1,2022_20,ALB,Williams,1,MEDIUM,MIDDLE,True,1.0,38.0,38.0,True,False,True,False
2022_20_ALB_s2,2022_20,ALB,Williams,2,SOFT,SOFTEST,True,39.0,70.0,32.0,False,True,False,True
2022_20_ALO_s1,2022_20,ALO,Alpine,1,MEDIUM,MIDDLE,True,1.0,40.0,40.0,True,False,True,False
2022_20_ALO_s2,2022_20,ALO,Alpine,2,HARD,HARDEST,True,41.0,64.0,24.0,False,False,False,True
2022_20_BOT_s1,2022_20,BOT,Alfa Romeo,1,MEDIUM,MIDDLE,True,1.0,39.0,39.0,True,False,True,False
2022_20_BOT_s2,2022_20,BOT,Alfa Romeo,2,HARD,HARDEST,False,40.0,70.0,31.0,False,True,False,True
2022_20_GAS_s1,2022_20,GAS,AlphaTauri,1,MEDIUM,MIDDLE,True,1.0,40.0,40.0,True,False,True,False
2022_20_GAS_s2,2022_20,GAS,AlphaTauri,2,SOFT,SOFTEST,True,41.0,70.0,30.0,False,True,False,True
2022_20_HAM_s1,2022_20,HAM,Mercedes,1,MEDIUM,MIDDLE,True,1.0,29.0,29.0,True,False,True,False
2022_20_HAM_s2,2022_20,HAM,Mercedes,2,HARD,HARDEST,True,30.0,71.0,42.0,False,True,False,True
2022_20_LAT_s1,2022_20,LAT,Williams,1,SOFT,SOFTEST,True,1.0,23.0,23.0,True,False,True,False
2022_20_LAT_s2,2022_20,LAT,Williams,2,HARD,HARDEST,True,24.0,52.0,29.0,True,False,True,False
2022_20_LAT_s3,2022_20,LAT,Williams,3,SOFT,SOFTEST,True,53.0,69.0,17.0,False,False,False,True
2022_20_LEC_s1,2022_20,LEC,Ferrari,1,SOFT,SOFTEST,False,1.0,28.0,28.0,True,False,True,False
2022_20_LEC_s2,2022_20,LEC,Ferrari,2,MEDIUM,MIDDLE,True,29.0,71.0,43.0,False,True,False,True
2022_20_MAG_s1,2022_20,MAG,Haas F1 Team,1,MEDIUM,MIDDLE,True,1.0,38.0,38.0,True,False,True,False
2022_20_MAG_s2,2022_20,MAG,Haas F1 Team,2,SOFT,SOFTEST,False,39.0,70.0,32.0,False,True,False,True
2022_20_MSC_s1,2022_20,MSC,Haas F1 Team,1,SOFT,SOFTEST,False,1.0,24.0,24.0,True,False,True,False
2022_20_MSC_s2,2022_20,MSC,Haas F1 Team,2,MEDIUM,MIDDLE,True,25.0,70.0,46.0,False,True,False,True
2022_20_NOR_s1,2022_20,NOR,McLaren,1,MEDIUM,MIDDLE,True,1.0,31.0,31.0,True,False,True,False
2022_20_NOR_s2,2022_20,NOR,McLaren,2,HARD,HARDEST,True,32.0,70.0,39.0,False,True,False,True
2022_20_OCO_s1,2022_20,OCO,Alpine,1,MEDIUM,MIDDLE,True,1.0,33.0,33.0,True,False,True,False
2022_20_OCO_s2,2022_20,OCO,Alpine,2,HARD,HARDEST,True,34.0,70.0,37.0,False,True,False,True
2022_20_PER_s1,2022_20,PER,Red Bull Racing,1,SOFT,SOFTEST,False,1.0,23.0,23.0,True,False,True,False
2022_20_PER_s2,2022_20,PER,Red Bull Racing,2,MEDIUM,MIDDLE,True,24.0,71.0,48.0,False,True,False,True
2022_20_RIC_s1,2022_20,RIC,McLaren,1,MEDIUM,MIDDLE,True,1.0,44.0,44.0,True,False,True,False
2022_20_RIC_s2,2022_20,RIC,McLaren,2,SOFT,SOFTEST,True,45.0,70.0,26.0,False,True,False,True
2022_20_RUS_s1,2022_20,RUS,Mercedes,1,MEDIUM,MIDDLE,True,1.0,34.0,34.0,True,False,True,False
2022_20_RUS_s2,2022_20,RUS,Mercedes,2,HARD,HARDEST,True,35.0,69.0,35.0,True,False,True,True
2022_20_RUS_s3,2022_20,RUS,Mercedes,3,SOFT,SOFTEST,False,70.0,71.0,2.0,False,True,False,False
2022_20_SAI_s1,2022_20,SAI,Ferrari,1,SOFT,SOFTEST,False,1.0,29.0,29.0,True,False,True,False
2022_20_SAI_s2,2022_20,SAI,Ferrari,2,MEDIUM,MIDDLE,True,30.0,71.0,42.0,False,True,False,True
2022_20_STR_s1,2022_20,STR,Aston Martin,1,MEDIUM,MIDDLE,False,1.0,17.0,17.0,True,False,True,False
2022_20_STR_s2,2022_20,STR,Aston Martin,2,SOFT,SOFTEST,False,18.0,40.0,23.0,True,False,True,False
2022_20_STR_s3,2022_20,STR,Aston Martin,3,SOFT,SOFTEST,True,41.0,70.0,30.0,False,True,False,True
2022_20_TSU_s1,2022_20,TSU,AlphaTauri,1,SOFT,SOFTEST,True,1.0,29.0,29.0,True,False,True,False
2022_20_TSU_s2,2022_20,TSU,AlphaTauri,2,MEDIUM,MIDDLE,True,30.0,50.0,21.0,True,False,True,False
2022_20_VER_s1,2022_20,VER,Red Bull Racing,1,SOFT,SOFTEST,False,1.0,25.0,25.0,True,False,True,False
2022_20_VER_s2,2022_20,VER,Red Bull Racing,2,MEDIUM,MIDDLE,True,26.0,71.0,46.0,False,True,False,True
2022_20_VET_s1,2022_20,VET,Aston Martin,1,SOFT,SOFTEST,True,1.0,38.0,38.0,True,False,True,False
2022_20_VET_s2,2022_20,VET,Aston Martin,2,MEDIUM,MIDDLE,False,39.0,70.0,32.0,False,True,False,True
2022_20_ZHO_s1,2022_20,ZHO,Alfa Romeo,1,MEDIUM,MIDDLE,True,1.0,45.0,45.0,True,False,True,False
2022_20_ZHO_s2,2022_20,ZHO,Alfa Romeo,2,SOFT,SOFTEST,True,46.0,70.0,25.0,False,True,False,True
2022_21_ALB_s1,2022_21,ALB,Williams,1,HARD,HARDEST,True,1.0,4.0,4.0,True,False,True,True
2022_21_ALB_s2,2022_21,ALB,Williams,2,MEDIUM,MIDDLE,True,5.0,25.0,21.0,True,False,True,True
2022_21_ALB_s3,2022_21,ALB,Williams,3,MEDIUM,MIDDLE,True,26.0,47.0,22.0,True,False,True,False
2022_21_ALB_s4,2022_21,ALB,Williams,4,MEDIUM,MIDDLE,True,48.0,71.0,24.0,False,True,False,True
2022_21_ALO_s1,2022_21,ALO,Alpine,1,MEDIUM,MIDDLE,True,1.0,14.0,14.0,True,False,True,True
2022_21_ALO_s2,2022_21,ALO,Alpine,2,MEDIUM,MIDDLE,True,15.0,35.0,21.0,True,False,True,False
2022_21_ALO_s3,2022_21,ALO,Alpine,3,MEDIUM,MIDDLE,True,36.0,52.0,17.0,True,False,True,True
2022_21_ALO_s4,2022_21,ALO,Alpine,4,SOFT,SOFTEST,True,53.0,71.0,19.0,False,True,False,True
2022_21_BOT_s1,2022_21,BOT,Alfa Romeo,1,SOFT,SOFTEST,False,1.0,24.0,24.0,True,False,True,True
2022_21_BOT_s2,2022_21,BOT,Alfa Romeo,2,MEDIUM,MIDDLE,True,25.0,45.0,21.0,True,False,True,False
2022_21_BOT_s3,2022_21,BOT,Alfa Romeo,3,SOFT,SOFTEST,True,46.0,71.0,26.0,False,True,False,True
2022_21_GAS_s1,2022_21,GAS,AlphaTauri,1,SOFT,SOFTEST,True,1.0,19.0,19.0,True,False,True,True
2022_21_GAS_s2,2022_21,GAS,AlphaTauri,2,MEDIUM,MIDDLE,True,20.0,35.0,16.0,True,False,True,False
2022_21_GAS_s3,2022_21,GAS,AlphaTauri,3,SOFT,SOFTEST,False,36.0,52.0,17.0,True,False,True,True
2022_21_GAS_s4,2022_21,GAS,AlphaTauri,4,MEDIUM,MIDDLE,True,53.0,71.0,19.0,False,True,False,True
2022_21_HAM_s1,2022_21,HAM,Mercedes,1,SOFT,SOFTEST,True,1.0,29.0,29.0,True,False,True,True
2022_21_HAM_s2,2022_21,HAM,Mercedes,2,MEDIUM,MIDDLE,True,30.0,48.0,19.0,True,False,True,False
2022_21_HAM_s3,2022_21,HAM,Mercedes,3,SOFT,SOFTEST,False,49.0,71.0,23.0,False,True,False,True
2022_21_LAT_s1,2022_21,LAT,Williams,1,MEDIUM,MIDDLE,True,1.0,20.0,20.0,True,False,True,True
2022_21_LAT_s2,2022_21,LAT,Williams,2,HARD,HARDEST,True,21.0,32.0,12.0,True,False,True,False
2022_21_LAT_s3,2022_21,LAT,Williams,3,MEDIUM,MIDDLE,True,33.0,52.0,20.0,True,False,True,True
2022_21_LAT_s4,2022_21,LAT,Williams,4,SOFT,SOFTEST,True,53.0,71.0,19.0,False,True,False,True
2022_21_LEC_s1,2022_21,LEC,Ferrari,1,MEDIUM,MIDDLE,True,1.0,7.0,7.0,True,False,True,True
2022_21_LEC_s2,2022_21,LEC,Ferrari,2,MEDIUM,MIDDLE,True,8.0,21.0,14.0,True,False,True,False
2022_21_LEC_s3,2022_21,LEC,Ferrari,3,SOFT,SOFTEST,True,22.0,44.0,23.0,True,False,True,False
2022_21_LEC_s4,2022_21,LEC,Ferrari,4,SOFT,SOFTEST,False,45.0,71.0,27.0,False,True,False,True
2022_21_MAG_s1,2022_21,MAG,Haas F1 Team,1,MEDIUM,MIDDLE,True,1.0,1.0,1.0,False,False,False,True
2022_21_MSC_s1,2022_21,MSC,Haas F1 Team,1,MEDIUM,MIDDLE,True,1.0,24.0,24.0,True,False,True,True
2022_21_MSC_s2,2022_21,MSC,Haas F1 Team,2,SOFT,SOFTEST,False,25.0,46.0,22.0,True,False,True,False
2022_21_MSC_s3,2022_21,MSC,Haas F1 Team,3,SOFT,SOFTEST,False,47.0,71.0,25.0,False,True,False,True
2022_21_NOR_s1,2022_21,NOR,McLaren,1,SOFT,SOFTEST,True,1.0,24.0,24.0,True,False,True,True
2022_21_NOR_s2,2022_21,NOR,McLaren,2,MEDIUM,MIDDLE,True,25.0,45.0,21.0,True,False,True,False
2022_21_NOR_s3,2022_21,NOR,McLaren,3,SOFT,SOFTEST,False,46.0,51.0,6.0,False,False,False,True
2022_21_OCO_s1,2022_21,OCO,Alpine,1,SOFT,SOFTEST,True,1.0,24.0,24.0,True,False,True,True
2022_21_OCO_s2,2022_21,OCO,Alpine,2,MEDIUM,MIDDLE,True,25.0,47.0,23.0,True,False,True,False
2022_21_OCO_s3,2022_21,OCO,Alpine,3,SOFT,SOFTEST,False,48.0,71.0,24.0,False,True,False,True
2022_21_PER_s1,2022_21,PER,Red Bull Racing,1,SOFT,SOFTEST,True,1.0,23.0,23.0,True,False,True,True
2022_21_PER_s2,2022_21,PER,Red Bull Racing,2,MEDIUM,MIDDLE,True,24.0,47.0,24.0,True,False,True,False
2022_21_PER_s3,2022_21,PER,Red Bull Racing,3,MEDIUM,MIDDLE,True,48.0,71.0,24.0,False,True,False,True
2022_21_RIC_s1,2022_21,RIC,McLaren,1,SOFT,SOFTEST,True,1.0,1.0,1.0,False,False,False,True
2022_21_RUS_s1,2022_21,RUS,Mercedes,1,SOFT,SOFTEST,True,1.0,24.0,24.0,True,False,True,True
2022_21_RUS_s2,2022_21,RUS,Mercedes,2,MEDIUM,MIDDLE,True,25.0,49.0,25.0,True,False,True,False
2022_21_RUS_s3,2022_21,RUS,Mercedes,3,SOFT,SOFTEST,False,50.0,71.0,22.0,False,True,False,True
2022_21_SAI_s1,2022_21,SAI,Ferrari,1,MEDIUM,MIDDLE,True,1.0,17.0,17.0,True,False,True,True
2022_21_SAI_s2,2022_21,SAI,Ferrari,2,SOFT,SOFTEST,True,18.0,36.0,19.0,True,False,True,False
2022_21_SAI_s3,2022_21,SAI,Ferrari,3,MEDIUM,MIDDLE,True,37.0,53.0,17.0,True,False,True,True
2022_21_SAI_s4,2022_21,SAI,Ferrari,4,SOFT,SOFTEST,False,54.0,71.0,18.0,False,True,False,True
2022_21_STR_s1,2022_21,STR,Aston Martin,1,MEDIUM,MIDDLE,False,1.0,29.0,29.0,True,False,True,True
2022_21_STR_s2,2022_21,STR,Aston Martin,2,MEDIUM,MIDDLE,False,30.0,48.0,19.0,True,False,True,False
2022_21_STR_s3,2022_21,STR,Aston Martin,3,SOFT,SOFTEST,False,49.0,71.0,23.0,False,True,False,True
2022_21_TSU_s1,2022_21,TSU,AlphaTauri,1,MEDIUM,MIDDLE,True,1.0,20.0,20.0,True,False,True,True
2022_21_TSU_s2,2022_21,TSU,AlphaTauri,2,SOFT,SOFTEST,True,21.0,40.0,20.0,True,False,True,False
2022_21_TSU_s3,2022_21,TSU,AlphaTauri,3,SOFT,SOFTEST,True,41.0,54.0,14.0,True,False,True,True
2022_21_TSU_s4,2022_21,TSU,AlphaTauri,4,MEDIUM,MIDDLE,True,55.0,70.0,16.0,False,True,False,True
2022_21_VER_s1,2022_21,VER,Red Bull Racing,1,SOFT,SOFTEST,True,1.0,7.0,7.0,True,False,True,True
2022_21_VER_s2,2022_21,VER,Red Bull Racing,2,MEDIUM,MIDDLE,True,8.0,23.0,16.0,True,False,True,False
2022_21_VER_s3,2022_21,VER,Red Bull Racing,3,SOFT,SOFTEST,False,24.0,48.0,25.0,True,False,True,False
2022_21_VER_s4,2022_21,VER,Red Bull Racing,4,SOFT,SOFTEST,True,49.0,71.0,23.0,False,True,False,True
2022_21_VET_s1,2022_21,VET,Aston Martin,1,SOFT,SOFTEST,True,1.0,26.0,26.0,True,False,True,True
2022_21_VET_s2,2022_21,VET,Aston Martin,2,MEDIUM,MIDDLE,False,27.0,45.0,19.0,True,False,True,False
2022_21_VET_s3,2022_21,VET,Aston Martin,3,MEDIUM,MIDDLE,False,46.0,71.0,26.0,False,True,False,True
2022_21_ZHO_s1,2022_21,ZHO,Alfa Romeo,1,SOFT,SOFTEST,False,1.0,16.0,16.0,True,False,True,True
2022_21_ZHO_s2,2022_21,ZHO,Alfa Romeo,2,MEDIUM,MIDDLE,True,17.0,37.0,21.0,True,False,True,False
2022_21_ZHO_s3,2022_21,ZHO,Alfa Romeo,3,SOFT,SOFTEST,True,38.0,71.0,34.0,False,True,False,True
2022_22_ALB_s1,2022_22,ALB,Williams,1,MEDIUM,MIDDLE,True,1.0,12.0,12.0,True,False,True,False
2022_22_ALB_s2,2022_22,ALB,Williams,2,HARD,HARDEST,True,13.0,35.0,23.0,True,False,True,False
2022_22_ALB_s3,2022_22,ALB,Williams,3,MEDIUM,MIDDLE,True,36.0,57.0,22.0,False,True,False,True
2022_22_ALO_s1,2022_22,ALO,Alpine,1,MEDIUM,MIDDLE,True,1.0,19.0,19.0,True,False,True,False
2022_22_ALO_s2,2022_22,ALO,Alpine,2,HARD,HARDEST,True,20.0,27.0,8.0,True,False,True,False
2022_22_BOT_s1,2022_22,BOT,Alfa Romeo,1,HARD,HARDEST,True,1.0,30.0,30.0,True,False,True,False
2022_22_BOT_s2,2022_22,BOT,Alfa Romeo,2,MEDIUM,MIDDLE,True,31.0,57.0,27.0,False,True,False,True
2022_22_GAS_s1,2022_22,GAS,AlphaTauri,1,SOFT,SOFTEST,True,1.0,14.0,14.0,True,False,True,False
2022_22_GAS_s2,2022_22,GAS,AlphaTauri,2,HARD,HARDEST,True,15.0,57.0,43.0,False,True,False,True
2022_22_HAM_s1,2022_22,HAM,Mercedes,1,MEDIUM,MIDDLE,True,1.0,18.0,18.0,True,False,True,False
2022_22_HAM_s2,2022_22,HAM,Mercedes,2,HARD,HARDEST,True,19.0,55.0,37.0,True,False,True,True
2022_22_LAT_s1,2022_22,LAT,Williams,1,MEDIUM,MIDDLE,True,1.0,15.0,15.0,True,False,True,False
2022_22_LAT_s2,2022_22,LAT,Williams,2,HARD,HARDEST,True,16.0,38.0,23.0,True,False,True,True
2022_22_LAT_s3,2022_22,LAT,Williams,3,MEDIUM,MIDDLE,True,39.0,55.0,17.0,True,False,True,False
2022_22_LEC_s1,2022_22,LEC,Ferrari,1,MEDIUM,MIDDLE,True,1.0,21.0,21.0,True,False,True,False
2022_22_LEC_s2,2022_22,LEC,Ferrari,2,HARD,HARDEST,True,22.0,58.0,37.0,False,True,False,True
2022_22_MAG_s1,2022_22,MAG,Haas F1 Team,1,HARD,HARDEST,True,1.0,28.0,28.0,True,False,True,False
2022_22_MAG_s2,2022_22,MAG,Haas F1 Team,2,MEDIUM,MIDDLE,True,29.0,57.0,29.0,False,True,False,True
2022_22_MSC_s1,2022_22,MSC,Haas F1 Team,1,MEDIUM,MIDDLE,True,1.0,14.0,14.0,True,False,True,False
2022_22_MSC_s2,2022_22,MSC,Haas F1 Team,2,HARD,HARDEST,True,15.0,34.0,20.0,True,False,True,False
2022_22_MSC_s3,2022_22,MSC,Haas F1 Team,3,MEDIUM,MIDDLE,False,35.0,57.0,23.0,False,True,False,True
2022_22_NOR_s1,2022_22,NOR,McLaren,1,MEDIUM,MIDDLE,True,1.0,15.0,15.0,True,False,True,False
2022_22_NOR_s2,2022_22,NOR,McLaren,2,HARD,HARDEST,True,16.0,42.0,27.0,True,False,True,True
2022_22_NOR_s3,2022_22,NOR,McLaren,3,MEDIUM,MIDDLE,True,43.0,58.0,16.0,False,True,False,False
2022_22_OCO_s1,2022_22,OCO,Alpine,1,MEDIUM,MIDDLE,True,1.0,14.0,14.0,True,False,True,False
2022_22_OCO_s2,2022_22,OCO,Alpine,2,HARD,HARDEST,True,15.0,41.0,27.0,True,False,True,True
2022_22_OCO_s3,2022_22,OCO,Alpine,3,HARD,HARDEST,True,42.0,58.0,17.0,False,True,False,False
2022_22_PER_s1,2022_22,PER,Red Bull Racing,1,MEDIUM,MIDDLE,True,1.0,15.0,15.0,True,False,True,False
2022_22_PER_s2,2022_22,PER,Red Bull Racing,2,HARD,HARDEST,True,16.0,33.0,18.0,True,False,True,False
2022_22_PER_s3,2022_22,PER,Red Bull Racing,3,HARD,HARDEST,True,34.0,58.0,25.0,False,True,False,True
2022_22_RIC_s1,2022_22,RIC,McLaren,1,MEDIUM,MIDDLE,True,1.0,19.0,19.0,True,False,True,False
2022_22_RIC_s2,2022_22,RIC,McLaren,2,HARD,HARDEST,True,20.0,58.0,39.0,False,True,False,True
2022_22_RUS_s1,2022_22,RUS,Mercedes,1,MEDIUM,MIDDLE,True,1.0,15.0,15.0,True,False,True,False
2022_22_RUS_s2,2022_22,RUS,Mercedes,2,HARD,HARDEST,True,16.0,39.0,24.0,True,False,True,True
2022_22_RUS_s3,2022_22,RUS,Mercedes,3,MEDIUM,MIDDLE,True,40.0,58.0,19.0,False,True,False,False
2022_22_SAI_s1,2022_22,SAI,Ferrari,1,MEDIUM,MIDDLE,True,1.0,17.0,17.0,True,False,True,False
2022_22_SAI_s2,2022_22,SAI,Ferrari,2,HARD,HARDEST,True,18.0,39.0,22.0,True,False,True,True
2022_22_SAI_s3,2022_22,SAI,Ferrari,3,HARD,HARDEST,True,40.0,58.0,19.0,False,True,False,False
2022_22_STR_s1,2022_22,STR,Aston Martin,1,MEDIUM,MIDDLE,True,1.0,13.0,13.0,True,False,True,False
2022_22_STR_s2,2022_22,STR,Aston Martin,2,HARD,HARDEST,False,14.0,40.0,27.0,True,False,True,True
2022_22_STR_s3,2022_22,STR,Aston Martin,3,MEDIUM,MIDDLE,False,41.0,58.0,18.0,False,True,False,False
2022_22_TSU_s1,2022_22,TSU,AlphaTauri,1,MEDIUM,MIDDLE,True,1.0,14.0,14.0,True,False,True,False
2022_22_TSU_s2,2022_22,TSU,AlphaTauri,2,HARD,HARDEST,True,15.0,38.0,24.0,True,False,True,True
2022_22_TSU_s3,2022_22,TSU,AlphaTauri,3,SOFT,SOFTEST,True,39.0,58.0,20.0,False,True,False,False
2022_22_VER_s1,2022_22,VER,Red Bull Racing,1,MEDIUM,MIDDLE,True,1.0,20.0,20.0,True,False,True,False
2022_22_VER_s2,2022_22,VER,Red Bull Racing,2,HARD,HARDEST,True,21.0,58.0,38.0,False,True,False,True
2022_22_VET_s1,2022_22,VET,Aston Martin,1,MEDIUM,MIDDLE,True,1.0,25.0,25.0,True,False,True,False
2022_22_VET_s2,2022_22,VET,Aston Martin,2,HARD,HARDEST,False,26.0,58.0,33.0,False,True,False,True
2022_22_ZHO_s1,2022_22,ZHO,Alfa Romeo,1,MEDIUM,MIDDLE,True,1.0,15.0,15.0,True,False,True,False
2022_22_ZHO_s2,2022_22,ZHO,Alfa Romeo,2,HARD,HARDEST,True,16.0,44.0,29.0,True,False,True,True
2022_22_ZHO_s3,2022_22,ZHO,Alfa Romeo,3,SOFT,SOFTEST,True,45.0,57.0,13.0,False,True,False,False
2023_01_ALB_s1,2023_01,ALB,Williams,1,SOFT,SOFTEST,True,1.0,11.0,11.0,True,False,True,True
2023_01_ALB_s2,2023_01,ALB,Williams,2,SOFT,SOFTEST,True,12.0,26.0,15.0,True,False,True,False
2023_01_ALB_s3,2023_01,ALB,Williams,3,HARD,HARDEST,True,27.0,40.0,14.0,True,False,True,True
2023_01_ALB_s4,2023_01,ALB,Williams,4,SOFT,SOFTEST,False,41.0,57.0,17.0,False,True,False,True
2023_01_ALO_s1,2023_01,ALO,Aston Martin,1,SOFT,SOFTEST,False,1.0,14.0,14.0,True,False,True,True
2023_01_ALO_s2,2023_01,ALO,Aston Martin,2,HARD,HARDEST,True,15.0,34.0,20.0,True,False,True,False
2023_01_ALO_s3,2023_01,ALO,Aston Martin,3,HARD,HARDEST,True,35.0,57.0,23.0,False,True,False,True
2023_01_BOT_s1,2023_01,BOT,Alfa Romeo,1,SOFT,SOFTEST,True,1.0,11.0,11.0,True,False,True,True
2023_01_BOT_s2,2023_01,BOT,Alfa Romeo,2,HARD,HARDEST,True,12.0,29.0,18.0,True,False,True,False
2023_01_BOT_s3,2023_01,BOT,Alfa Romeo,3,HARD,HARDEST,True,30.0,57.0,28.0,False,True,False,True
2023_01_DEV_s1,2023_01,DEV,AlphaTauri,1,SOFT,SOFTEST,True,1.0,11.0,11.0,True,False,True,True
2023_01_DEV_s2,2023_01,DEV,AlphaTauri,2,HARD,HARDEST,True,12.0,27.0,16.0,True,False,True,False
2023_01_DEV_s3,2023_01,DEV,AlphaTauri,3,HARD,HARDEST,True,28.0,56.0,29.0,False,True,False,True
2023_01_GAS_s1,2023_01,GAS,Alpine,1,SOFT,SOFTEST,True,1.0,9.0,9.0,True,False,True,True
2023_01_GAS_s2,2023_01,GAS,Alpine,2,HARD,HARDEST,True,10.0,25.0,16.0,True,False,True,False
2023_01_GAS_s3,2023_01,GAS,Alpine,3,HARD,HARDEST,True,26.0,40.0,15.0,True,False,True,True
2023_01_GAS_s4,2023_01,GAS,Alpine,4,SOFT,SOFTEST,True,41.0,57.0,17.0,False,True,False,True
2023_01_HAM_s1,2023_01,HAM,Mercedes,1,SOFT,SOFTEST,False,1.0,12.0,12.0,True,False,True,True
2023_01_HAM_s2,2023_01,HAM,Mercedes,2,HARD,HARDEST,True,13.0,30.0,18.0,True,False,True,False
2023_01_HAM_s3,2023_01,HAM,Mercedes,3,HARD,HARDEST,True,31.0,57.0,27.0,False,True,False,True
2023_01_HUL_s1,2023_01,HUL,Haas F1 Team,1,SOFT,SOFTEST,False,1.0,11.0,11.0,True,False,True,True
2023_01_HUL_s2,2023_01,HUL,Haas F1 Team,2,HARD,HARDEST,True,12.0,26.0,15.0,True,False,True,False
2023_01_HUL_s3,2023_01,HUL,Haas F1 Team,3,HARD,HARDEST,True,27.0,40.0,14.0,True,False,True,True
2023_01_HUL_s4,2023_01,HUL,Haas F1 Team,4,SOFT,SOFTEST,False,41.0,56.0,16.0,False,True,False,True
2023_01_LEC_s1,2023_01,LEC,Ferrari,1,SOFT,SOFTEST,True,1.0,13.0,13.0,True,False,True,True
2023_01_LEC_s2,2023_01,LEC,Ferrari,2,HARD,HARDEST,True,14.0,33.0,20.0,True,False,True,False
2023_01_LEC_s3,2023_01,LEC,Ferrari,3,HARD,HARDEST,True,34.0,40.0,7.0,False,False,False,True
2023_01_MAG_s1,2023_01,MAG,Haas F1 Team,1,HARD,HARDEST,True,1.0,15.0,15.0,True,False,True,True
2023_01_MAG_s2,2023_01,MAG,Haas F1 Team,2,HARD,HARDEST,True,16.0,29.0,14.0,True,False,True,False
2023_01_MAG_s3,2023_01,MAG,Haas F1 Team,3,SOFT,SOFTEST,True,30.0,40.0,11.0,True,False,True,True
2023_01_MAG_s4,2023_01,MAG,Haas F1 Team,4,SOFT,SOFTEST,True,41.0,56.0,16.0,False,True,False,True
2023_01_NOR_s1,2023_01,NOR,McLaren,1,SOFT,SOFTEST,True,1.0,10.0,10.0,True,False,True,True
2023_01_NOR_s2,2023_01,NOR,McLaren,2,HARD,HARDEST,True,11.0,17.0,7.0,True,False,True,False
2023_01_NOR_s3,2023_01,NOR,McLaren,3,SOFT,SOFTEST,False,18.0,27.0,10.0,True,False,True,False
2023_01_NOR_s4,2023_01,NOR,McLaren,4,MEDIUM,MIDDLE,True,28.0,37.0,10.0,True,False,True,False
2023_01_NOR_s5,2023_01,NOR,McLaren,5,HARD,HARDEST,True,38.0,47.0,10.0,True,False,True,True
2023_01_NOR_s6,2023_01,NOR,McLaren,6,SOFT,SOFTEST,False,48.0,54.0,7.0,True,False,True,False
2023_01_NOR_s7,2023_01,NOR,McLaren,7,SOFT,SOFTEST,False,55.0,55.0,1.0,False,False,False,False
2023_01_OCO_s1,2023_01,OCO,Alpine,1,SOFT,SOFTEST,False,1.0,12.0,12.0,True,False,True,True
2023_01_OCO_s2,2023_01,OCO,Alpine,2,HARD,HARDEST,True,13.0,15.0,3.0,True,False,True,False
2023_01_OCO_s3,2023_01,OCO,Alpine,3,HARD,HARDEST,False,16.0,32.0,17.0,True,False,True,False
2023_01_OCO_s4,2023_01,OCO,Alpine,4,HARD,HARDEST,True,33.0,41.0,9.0,True,False,True,True
2023_01_PER_s1,2023_01,PER,Red Bull Racing,1,SOFT,SOFTEST,False,1.0,17.0,17.0,True,False,True,True
2023_01_PER_s2,2023_01,PER,Red Bull Racing,2,SOFT,SOFTEST,False,18.0,34.0,17.0,True,False,True,False
2023_01_PER_s3,2023_01,PER,Red Bull Racing,3,HARD,HARDEST,True,35.0,57.0,23.0,False,True,False,True
2023_01_PIA_s1,2023_01,PIA,McLaren,1,SOFT,SOFTEST,True,1.0,13.0,13.0,True,False,True,True
2023_01_RUS_s1,2023_01,RUS,Mercedes,1,SOFT,SOFTEST,False,1.0,13.0,13.0,True,False,True,True
2023_01_RUS_s2,2023_01,RUS,Mercedes,2,HARD,HARDEST,True,14.0,31.0,18.0,True,False,True,False
2023_01_RUS_s3,2023_01,RUS,Mercedes,3,HARD,HARDEST,True,32.0,57.0,26.0,False,True,False,True
2023_01_SAI_s1,2023_01,SAI,Ferrari,1,SOFT,SOFTEST,False,1.0,13.0,13.0,True,False,True,True
2023_01_SAI_s2,2023_01,SAI,Ferrari,2,HARD,HARDEST,True,14.0,31.0,18.0,True,False,True,False
2023_01_SAI_s3,2023_01,SAI,Ferrari,3,HARD,HARDEST,True,32.0,57.0,26.0,False,True,False,True
2023_01_SAR_s1,2023_01,SAR,Williams,1,SOFT,SOFTEST,True,1.0,12.0,12.0,True,False,True,True
2023_01_SAR_s2,2023_01,SAR,Williams,2,SOFT,SOFTEST,True,13.0,30.0,18.0,True,False,True,False
2023_01_SAR_s3,2023_01,SAR,Williams,3,HARD,HARDEST,True,31.0,40.0,10.0,True,False,True,True
2023_01_SAR_s4,2023_01,SAR,Williams,4,SOFT,SOFTEST,True,41.0,56.0,16.0,False,True,False,True
2023_01_STR_s1,2023_01,STR,Aston Martin,1,SOFT,SOFTEST,False,1.0,15.0,15.0,True,False,True,True
2023_01_STR_s2,2023_01,STR,Aston Martin,2,HARD,HARDEST,True,16.0,30.0,15.0,True,False,True,False
2023_01_STR_s3,2023_01,STR,Aston Martin,3,HARD,HARDEST,True,31.0,57.0,27.0,False,True,False,True
2023_01_TSU_s1,2023_01,TSU,AlphaTauri,1,SOFT,SOFTEST,True,1.0,10.0,10.0,True,False,True,True
2023_01_TSU_s2,2023_01,TSU,AlphaTauri,2,HARD,HARDEST,True,11.0,26.0,16.0,True,False,True,False
2023_01_TSU_s3,2023_01,TSU,AlphaTauri,3,HARD,HARDEST,True,27.0,40.0,14.0,True,False,True,True
2023_01_TSU_s4,2023_01,TSU,AlphaTauri,4,SOFT,SOFTEST,False,41.0,57.0,17.0,False,True,False,True
2023_01_VER_s1,2023_01,VER,Red Bull Racing,1,SOFT,SOFTEST,False,1.0,14.0,14.0,True,False,True,True
2023_01_VER_s2,2023_01,VER,Red Bull Racing,2,SOFT,SOFTEST,False,15.0,36.0,22.0,True,False,True,False
2023_01_VER_s3,2023_01,VER,Red Bull Racing,3,HARD,HARDEST,True,37.0,57.0,21.0,False,True,False,True
2023_01_ZHO_s1,2023_01,ZHO,Alfa Romeo,1,SOFT,SOFTEST,True,1.0,12.0,12.0,True,False,True,True
2023_01_ZHO_s2,2023_01,ZHO,Alfa Romeo,2,HARD,HARDEST,True,13.0,32.0,20.0,True,False,True,False
2023_01_ZHO_s3,2023_01,ZHO,Alfa Romeo,3,SOFT,SOFTEST,False,33.0,54.0,22.0,True,False,True,True
2023_01_ZHO_s4,2023_01,ZHO,Alfa Romeo,4,SOFT,SOFTEST,False,55.0,56.0,2.0,False,True,False,False
2023_02_ALB_s1,2023_02,ALB,Williams,1,MEDIUM,MIDDLE,True,1.0,17.0,17.0,True,False,True,True
2023_02_ALB_s2,2023_02,ALB,Williams,2,HARD,HARDEST,True,18.0,27.0,10.0,True,False,True,True
2023_02_ALO_s1,2023_02,ALO,Aston Martin,1,MEDIUM,MIDDLE,True,1.0,18.0,18.0,True,False,True,True
2023_02_ALO_s2,2023_02,ALO,Aston Martin,2,HARD,HARDEST,False,19.0,50.0,32.0,False,True,False,True
2023_02_BOT_s1,2023_02,BOT,Alfa Romeo,1,MEDIUM,MIDDLE,True,1.0,9.0,9.0,True,False,True,False
2023_02_BOT_s2,2023_02,BOT,Alfa Romeo,2,HARD,HARDEST,True,10.0,17.0,8.0,True,False,True,True
2023_02_BOT_s3,2023_02,BOT,Alfa Romeo,3,MEDIUM,MIDDLE,True,18.0,35.0,18.0,True,False,True,True
2023_02_BOT_s4,2023_02,BOT,Alfa Romeo,4,SOFT,SOFTEST,True,36.0,49.0,14.0,False,True,False,False
2023_02_DEV_s1,2023_02,DEV,AlphaTauri,1,MEDIUM,MIDDLE,True,1.0,17.0,17.0,True,False,True,True
2023_02_DEV_s2,2023_02,DEV,AlphaTauri,2,HARD,HARDEST,True,18.0,50.0,33.0,False,True,False,True
2023_02_GAS_s1,2023_02,GAS,Alpine,1,MEDIUM,MIDDLE,True,1.0,14.0,14.0,True,False,True,False
2023_02_GAS_s2,2023_02,GAS,Alpine,2,HARD,HARDEST,True,15.0,50.0,36.0,False,True,False,True
2023_02_HAM_s1,2023_02,HAM,Mercedes,1,HARD,HARDEST,True,1.0,18.0,18.0,True,False,True,True
2023_02_HAM_s2,2023_02,HAM,Mercedes,2,MEDIUM,MIDDLE,True,19.0,50.0,32.0,False,True,False,True
2023_02_HUL_s1,2023_02,HUL,Haas F1 Team,1,MEDIUM,MIDDLE,True,1.0,11.0,11.0,True,False,True,False
2023_02_HUL_s2,2023_02,HUL,Haas F1 Team,2,HARD,HARDEST,True,12.0,50.0,39.0,False,True,False,True
2023_02_LEC_s1,2023_02,LEC,Ferrari,1,SOFT,SOFTEST,True,1.0,16.0,16.0,True,False,True,False
2023_02_LEC_s2,2023_02,LEC,Ferrari,2,HARD,HARDEST,True,17.0,50.0,34.0,False,True,False,True
2023_02_MAG_s1,2023_02,MAG,Haas F1 Team,1,MEDIUM,MIDDLE,True,1.0,8.0,8.0,True,False,True,False
2023_02_MAG_s2,2023_02,MAG,Haas F1 Team,2,HARD,HARDEST,True,9.0,50.0,42.0,False,True,False,True
2023_02_NOR_s1,2023_02,NOR,McLaren,1,SOFT,SOFTEST,True,1.0,2.0,2.0,True,False,True,False
2023_02_NOR_s2,2023_02,NOR,McLaren,2,HARD,HARDEST,True,3.0,19.0,17.0,True,False,True,True
2023_02_NOR_s3,2023_02,NOR,McLaren,3,MEDIUM,MIDDLE,True,20.0,50.0,31.0,False,True,False,True
2023_02_OCO_s1,2023_02,OCO,Alpine,1,MEDIUM,MIDDLE,True,1.0,16.0,16.0,True,False,True,False
2023_02_OCO_s2,2023_02,OCO,Alpine,2,HARD,HARDEST,True,17.0,50.0,34.0,False,True,False,True
2023_02_PER_s1,2023_02,PER,Red Bull Racing,1,MEDIUM,MIDDLE,True,1.0,18.0,18.0,True,False,True,True
2023_02_PER_s2,2023_02,PER,Red Bull Racing,2,HARD,HARDEST,True,19.0,50.0,32.0,False,True,False,True
2023_02_PIA_s1,2023_02,PIA,McLaren,1,MEDIUM,MIDDLE,True,1.0,1.0,1.0,True,False,True,False
2023_02_PIA_s2,2023_02,PIA,McLaren,2,HARD,HARDEST,True,2.0,50.0,49.0,False,True,False,True
2023_02_RUS_s1,2023_02,RUS,Mercedes,1,MEDIUM,MIDDLE,True,1.0,18.0,18.0,True,False,True,True
2023_02_RUS_s2,2023_02,RUS,Mercedes,2,HARD,HARDEST,True,19.0,50.0,32.0,False,True,False,True
2023_02_SAI_s1,2023_02,SAI,Ferrari,1,MEDIUM,MIDDLE,True,1.0,15.0,15.0,True,False,True,False
2023_02_SAI_s2,2023_02,SAI,Ferrari,2,HARD,HARDEST,True,16.0,50.0,35.0,False,True,False,True
2023_02_SAR_s1,2023_02,SAR,Williams,1,HARD,HARDEST,True,1.0,18.0,18.0,True,False,True,True
2023_02_SAR_s2,2023_02,SAR,Williams,2,MEDIUM,MIDDLE,True,19.0,50.0,32.0,False,True,False,True
2023_02_STR_s1,2023_02,STR,Aston Martin,1,MEDIUM,MIDDLE,True,1.0,13.0,13.0,True,False,True,False
2023_02_STR_s2,2023_02,STR,Aston Martin,2,HARD,HARDEST,False,14.0,17.0,4.0,False,False,False,True
2023_02_TSU_s1,2023_02,TSU,AlphaTauri,1,MEDIUM,MIDDLE,True,1.0,17.0,17.0,True,False,True,True
2023_02_TSU_s2,2023_02,TSU,AlphaTauri,2,HARD,HARDEST,True,18.0,50.0,33.0,False,True,False,True
2023_02_VER_s1,2023_02,VER,Red Bull Racing,1,MEDIUM,MIDDLE,True,1.0,18.0,18.0,True,False,True,True
2023_02_VER_s2,2023_02,VER,Red Bull Racing,2,HARD,HARDEST,True,19.0,50.0,32.0,False,True,False,True
2023_02_ZHO_s1,2023_02,ZHO,Alfa Romeo,1,MEDIUM,MIDDLE,True,1.0,11.0,11.0,True,False,True,False
2023_02_ZHO_s2,2023_02,ZHO,Alfa Romeo,2,HARD,HARDEST,True,12.0,18.0,7.0,True,False,True,True
2023_02_ZHO_s3,2023_02,ZHO,Alfa Romeo,3,MEDIUM,MIDDLE,True,19.0,50.0,32.0,False,True,False,True
2023_03_ALB_s1,2023_03,ALB,Williams,1,MEDIUM,MIDDLE,True,1.0,7.0,7.0,False,False,False,True
2023_03_ALO_s1,2023_03,ALO,Aston Martin,1,MEDIUM,MIDDLE,False,1.0,8.0,8.0,True,False,True,True
2023_03_ALO_s2,2023_03,ALO,Aston Martin,2,HARD,HARDEST,True,9.0,55.0,47.0,True,False,True,True
2023_03_ALO_s3,2023_03,ALO,Aston Martin,3,SOFT,SOFTEST,False,56.0,57.0,2.0,True,True,False,True
2023_03_ALO_s4,2023_03,ALO,Aston Martin,4,SOFT,SOFTEST,False,58.0,58.0,1.0,False,True,False,False
2023_03_BOT_s1,2023_03,BOT,Alfa Romeo,1,SOFT,SOFTEST,True,1.0,1.0,1.0,True,False,True,True
2023_03_BOT_s2,2023_03,BOT,Alfa Romeo,2,HARD,HARDEST,True,2.0,8.0,7.0,True,False,True,True
2023_03_BOT_s3,2023_03,BOT,Alfa Romeo,3,HARD,HARDEST,False,9.0,53.0,45.0,True,False,True,True
2023_03_BOT_s4,2023_03,BOT,Alfa Romeo,4,SOFT,SOFTEST,True,54.0,54.0,1.0,True,False,True,True
2023_03_BOT_s5,2023_03,BOT,Alfa Romeo,5,SOFT,SOFTEST,False,55.0,55.0,1.0,True,False,True,True
2023_03_BOT_s6,2023_03,BOT,Alfa Romeo,6,SOFT,SOFTEST,False,56.0,57.0,2.0,True,True,False,True
2023_03_BOT_s7,2023_03,BOT,Alfa Romeo,7,SOFT,SOFTEST,False,58.0,58.0,1.0,False,True,False,False
2023_03_DEV_s1,2023_03,DEV,AlphaTauri,1,HARD,HARDEST,True,1.0,8.0,8.0,True,False,True,True
2023_03_DEV_s2,2023_03,DEV,AlphaTauri,2,MEDIUM,MIDDLE,True,9.0,45.0,37.0,True,False,True,True
2023_03_DEV_s3,2023_03,DEV,AlphaTauri,3,SOFT,SOFTEST,True,46.0,54.0,9.0,True,False,True,True
2023_03_DEV_s4,2023_03,DEV,AlphaTauri,4,SOFT,SOFTEST,False,55.0,55.0,1.0,True,False,True,True
2023_03_DEV_s5,2023_03,DEV,AlphaTauri,5,SOFT,SOFTEST,False,56.0,57.0,2.0,False,True,False,True
2023_03_GAS_s1,2023_03,GAS,Alpine,1,SOFT,SOFTEST,True,1.0,8.0,8.0,True,False,True,True
2023_03_GAS_s2,2023_03,GAS,Alpine,2,HARD,HARDEST,True,9.0,55.0,47.0,True,False,True,True
2023_03_GAS_s3,2023_03,GAS,Alpine,3,SOFT,SOFTEST,False,56.0,57.0,2.0,False,True,False,True
2023_03_HAM_s1,2023_03,HAM,Mercedes,1,MEDIUM,MIDDLE,True,1.0,8.0,8.0,True,False,True,True
2023_03_HAM_s2,2023_03,HAM,Mercedes,2,HARD,HARDEST,True,9.0,55.0,47.0,True,False,True,True
2023_03_HAM_s3,2023_03,HAM,Mercedes,3,SOFT,SOFTEST,False,56.0,57.0,2.0,True,True,False,True
2023_03_HAM_s4,2023_03,HAM,Mercedes,4,SOFT,SOFTEST,False,58.0,58.0,1.0,False,True,False,False
2023_03_HUL_s1,2023_03,HUL,Haas F1 Team,1,MEDIUM,MIDDLE,True,1.0,8.0,8.0,True,False,True,True
2023_03_HUL_s2,2023_03,HUL,Haas F1 Team,2,HARD,HARDEST,True,9.0,55.0,47.0,True,False,True,True
2023_03_HUL_s3,2023_03,HUL,Haas F1 Team,3,SOFT,SOFTEST,False,56.0,57.0,2.0,True,True,False,True
2023_03_HUL_s4,2023_03,HUL,Haas F1 Team,4,SOFT,SOFTEST,False,58.0,58.0,1.0,False,True,False,False
2023_03_LEC_s1,2023_03,LEC,Ferrari,1,MEDIUM,MIDDLE,True,1.0,1.0,1.0,False,False,False,True
2023_03_MAG_s1,2023_03,MAG,Haas F1 Team,1,MEDIUM,MIDDLE,True,1.0,7.0,7.0,True,False,True,True
2023_03_MAG_s2,2023_03,MAG,Haas F1 Team,2,HARD,HARDEST,True,8.0,8.0,1.0,True,False,True,True
2023_03_MAG_s3,2023_03,MAG,Haas F1 Team,3,HARD,HARDEST,False,9.0,53.0,45.0,False,False,False,True
2023_03_NOR_s1,2023_03,NOR,McLaren,1,MEDIUM,MIDDLE,True,1.0,8.0,8.0,True,False,True,True
2023_03_NOR_s2,2023_03,NOR,McLaren,2,HARD,HARDEST,True,9.0,55.0,47.0,True,False,True,True
2023_03_NOR_s3,2023_03,NOR,McLaren,3,SOFT,SOFTEST,True,56.0,57.0,2.0,True,True,False,True
2023_03_NOR_s4,2023_03,NOR,McLaren,4,SOFT,SOFTEST,False,58.0,58.0,1.0,False,True,False,False
2023_03_OCO_s1,2023_03,OCO,Alpine,1,SOFT,SOFTEST,True,1.0,1.0,1.0,True,False,True,True
2023_03_OCO_s2,2023_03,OCO,Alpine,2,HARD,HARDEST,True,2.0,8.0,7.0,True,False,True,True
2023_03_OCO_s3,2023_03,OCO,Alpine,3,HARD,HARDEST,False,9.0,55.0,47.0,True,False,True,True
2023_03_OCO_s4,2023_03,OCO,Alpine,4,SOFT,SOFTEST,True,56.0,57.0,2.0,False,True,False,True
2023_03_PER_s1,2023_03,PER,Red Bull Racing,1,HARD,HARDEST,True,1.0,1.0,1.0,True,False,True,True
2023_03_PER_s2,2023_03,PER,Red Bull Racing,2,MEDIUM,MIDDLE,True,2.0,2.0,1.0,True,False,True,True
2023_03_PER_s3,2023_03,PER,Red Bull Racing,3,HARD,HARDEST,True,3.0,8.0,6.0,True,False,True,True
2023_03_PER_s4,2023_03,PER,Red Bull Racing,4,HARD,HARDEST,False,9.0,55.0,47.0,True,False,True,True
2023_03_PER_s5,2023_03,PER,Red Bull Racing,5,SOFT,SOFTEST,True,56.0,57.0,2.0,True,True,False,True
2023_03_PER_s6,2023_03,PER,Red Bull Racing,6,SOFT,SOFTEST,True,58.0,58.0,1.0,False,True,False,False
2023_03_PIA_s1,2023_03,PIA,McLaren,1,MEDIUM,MIDDLE,True,1.0,8.0,8.0,True,False,True,True
2023_03_PIA_s2,2023_03,PIA,McLaren,2,HARD,HARDEST,True,9.0,54.0,46.0,True,False,True,True
2023_03_PIA_s3,2023_03,PIA,McLaren,3,SOFT,SOFTEST,True,55.0,55.0,1.0,True,False,True,True
2023_03_PIA_s4,2023_03,PIA,McLaren,4,SOFT,SOFTEST,True,56.0,57.0,2.0,True,True,False,True
2023_03_PIA_s5,2023_03,PIA,McLaren,5,SOFT,SOFTEST,True,58.0,58.0,1.0,False,True,False,False
2023_03_RUS_s1,2023_03,RUS,Mercedes,1,MEDIUM,MIDDLE,True,1.0,7.0,7.0,True,False,True,True
2023_03_RUS_s2,2023_03,RUS,Mercedes,2,HARD,HARDEST,True,8.0,8.0,1.0,True,False,True,True
2023_03_RUS_s3,2023_03,RUS,Mercedes,3,HARD,HARDEST,False,9.0,18.0,10.0,False,False,False,True
2023_03_SAI_s1,2023_03,SAI,Ferrari,1,MEDIUM,MIDDLE,False,1.0,7.0,7.0,True,False,True,True
2023_03_SAI_s2,2023_03,SAI,Ferrari,2,HARD,HARDEST,True,8.0,8.0,1.0,True,False,True,True
2023_03_SAI_s3,2023_03,SAI,Ferrari,3,HARD,HARDEST,False,9.0,55.0,47.0,True,False,True,True
2023_03_SAI_s4,2023_03,SAI,Ferrari,4,SOFT,SOFTEST,False,56.0,57.0,2.0,True,True,False,True
2023_03_SAI_s5,2023_03,SAI,Ferrari,5,SOFT,SOFTEST,False,58.0,58.0,1.0,False,True,False,False
2023_03_SAR_s1,2023_03,SAR,Williams,1,HARD,HARDEST,True,1.0,1.0,1.0,True,False,True,True
2023_03_SAR_s2,2023_03,SAR,Williams,2,MEDIUM,MIDDLE,True,2.0,2.0,1.0,True,False,True,True
2023_03_SAR_s3,2023_03,SAR,Williams,3,HARD,HARDEST,False,3.0,8.0,6.0,True,False,True,True
2023_03_SAR_s4,2023_03,SAR,Williams,4,MEDIUM,MIDDLE,True,9.0,36.0,28.0,True,False,True,True
2023_03_SAR_s5,2023_03,SAR,Williams,5,HARD,HARDEST,False,37.0,54.0,18.0,True,False,True,True
2023_03_SAR_s6,2023_03,SAR,Williams,6,SOFT,SOFTEST,True,55.0,55.0,1.0,True,False,True,True
2023_03_SAR_s7,2023_03,SAR,Williams,7,SOFT,SOFTEST,False,56.0,57.0,2.0,False,True,False,True
2023_03_STR_s1,2023_03,STR,Aston Martin,1,MEDIUM,MIDDLE,False,1.0,8.0,8.0,True,False,True,True
2023_03_STR_s2,2023_03,STR,Aston Martin,2,HARD,HARDEST,True,9.0,55.0,47.0,True,False,True,True
2023_03_STR_s3,2023_03,STR,Aston Martin,3,SOFT,SOFTEST,False,56.0,57.0,2.0,True,True,False,True
2023_03_STR_s4,2023_03,STR,Aston Martin,4,SOFT,SOFTEST,False,58.0,58.0,1.0,False,True,False,False
2023_03_TSU_s1,2023_03,TSU,AlphaTauri,1,MEDIUM,MIDDLE,True,1.0,8.0,8.0,True,False,True,True
2023_03_TSU_s2,2023_03,TSU,AlphaTauri,2,HARD,HARDEST,True,9.0,54.0,46.0,True,False,True,True
2023_03_TSU_s3,2023_03,TSU,AlphaTauri,3,SOFT,SOFTEST,True,55.0,55.0,1.0,True,False,True,True
2023_03_TSU_s4,2023_03,TSU,AlphaTauri,4,SOFT,SOFTEST,False,56.0,57.0,2.0,True,True,False,True
2023_03_TSU_s5,2023_03,TSU,AlphaTauri,5,SOFT,SOFTEST,False,58.0,58.0,1.0,False,True,False,False
2023_03_VER_s1,2023_03,VER,Red Bull Racing,1,MEDIUM,MIDDLE,True,1.0,8.0,8.0,True,False,True,True
2023_03_VER_s2,2023_03,VER,Red Bull Racing,2,HARD,HARDEST,True,9.0,55.0,47.0,True,False,True,True
2023_03_VER_s3,2023_03,VER,Red Bull Racing,3,SOFT,SOFTEST,False,56.0,57.0,2.0,True,True,False,True
2023_03_VER_s4,2023_03,VER,Red Bull Racing,4,SOFT,SOFTEST,False,58.0,58.0,1.0,False,True,False,False
2023_03_ZHO_s1,2023_03,ZHO,Alfa Romeo,1,SOFT,SOFTEST,True,1.0,1.0,1.0,True,False,True,True
2023_03_ZHO_s2,2023_03,ZHO,Alfa Romeo,2,HARD,HARDEST,True,2.0,8.0,7.0,True,False,True,True
2023_03_ZHO_s3,2023_03,ZHO,Alfa Romeo,3,HARD,HARDEST,False,9.0,54.0,46.0,True,False,True,True
2023_03_ZHO_s4,2023_03,ZHO,Alfa Romeo,4,SOFT,SOFTEST,True,55.0,55.0,1.0,True,False,True,True
2023_03_ZHO_s5,2023_03,ZHO,Alfa Romeo,5,SOFT,SOFTEST,True,56.0,57.0,2.0,True,True,False,True
2023_03_ZHO_s6,2023_03,ZHO,Alfa Romeo,6,SOFT,SOFTEST,False,58.0,58.0,1.0,False,True,False,False
2023_04_ALB_s1,2023_04,ALB,Williams,1,MEDIUM,MIDDLE,True,1.0,7.0,7.0,True,False,True,True
2023_04_ALB_s2,2023_04,ALB,Williams,2,HARD,HARDEST,True,8.0,51.0,44.0,False,True,False,True
2023_04_ALO_s1,2023_04,ALO,Aston Martin,1,MEDIUM,MIDDLE,False,1.0,11.0,11.0,True,False,True,True
2023_04_ALO_s2,2023_04,ALO,Aston Martin,2,HARD,HARDEST,False,12.0,51.0,40.0,False,True,False,True
2023_04_BOT_s1,2023_04,BOT,Alfa Romeo,1,MEDIUM,MIDDLE,True,1.0,6.0,6.0,True,False,True,True
2023_04_BOT_s2,2023_04,BOT,Alfa Romeo,2,HARD,HARDEST,True,7.0,12.0,6.0,True,False,True,True
2023_04_BOT_s3,2023_04,BOT,Alfa Romeo,3,HARD,HARDEST,True,13.0,34.0,22.0,True,False,True,True
2023_04_BOT_s4,2023_04,BOT,Alfa Romeo,4,MEDIUM,MIDDLE,True,35.0,50.0,16.0,False,True,False,True
2023_04_DEV_s1,2023_04,DEV,AlphaTauri,1,HARD,HARDEST,False,1.0,10.0,10.0,False,False,False,True
2023_04_GAS_s1,2023_04,GAS,Alpine,1,MEDIUM,MIDDLE,True,1.0,5.0,5.0,True,False,True,True
2023_04_GAS_s2,2023_04,GAS,Alpine,2,HARD,HARDEST,True,6.0,23.0,18.0,True,False,True,True
2023_04_GAS_s3,2023_04,GAS,Alpine,3,HARD,HARDEST,True,24.0,51.0,28.0,False,True,False,True
2023_04_HAM_s1,2023_04,HAM,Mercedes,1,MEDIUM,MIDDLE,True,1.0,9.0,9.0,True,False,True,True
2023_04_HAM_s2,2023_04,HAM,Mercedes,2,HARD,HARDEST,True,10.0,51.0,42.0,False,True,False,True
2023_04_HUL_s1,2023_04,HUL,Haas F1 Team,1,HARD,HARDEST,True,1.0,49.0,49.0,True,False,True,True
2023_04_HUL_s2,2023_04,HUL,Haas F1 Team,2,SOFT,SOFTEST,True,50.0,50.0,1.0,False,True,False,False
2023_04_LEC_s1,2023_04,LEC,Ferrari,1,MEDIUM,MIDDLE,True,1.0,11.0,11.0,True,False,True,True
2023_04_LEC_s2,2023_04,LEC,Ferrari,2,HARD,HARDEST,True,12.0,51.0,40.0,False,True,False,True
2023_04_MAG_s1,2023_04,MAG,Haas F1 Team,1,MEDIUM,MIDDLE,True,1.0,10.0,10.0,True,False,True,True
2023_04_MAG_s2,2023_04,MAG,Haas F1 Team,2,HARD,HARDEST,True,11.0,51.0,41.0,False,True,False,True
2023_04_NOR_s1,2023_04,NOR,McLaren,1,MEDIUM,MIDDLE,True,1.0,9.0,9.0,True,False,True,True
2023_04_NOR_s2,2023_04,NOR,McLaren,2,HARD,HARDEST,True,10.0,51.0,42.0,False,True,False,True
2023_04_OCO_s1,2023_04,OCO,Alpine,1,HARD,HARDEST,True,1.0,50.0,50.0,True,True,False,True
2023_04_OCO_s2,2023_04,OCO,Alpine,2,SOFT,SOFTEST,True,51.0,51.0,1.0,False,True,False,False
2023_04_PER_s1,2023_04,PER,Red Bull Racing,1,MEDIUM,MIDDLE,True,1.0,11.0,11.0,True,False,True,True
2023_04_PER_s2,2023_04,PER,Red Bull Racing,2,HARD,HARDEST,True,12.0,51.0,40.0,False,True,False,True
2023_04_PIA_s1,2023_04,PIA,McLaren,1,MEDIUM,MIDDLE,True,1.0,8.0,8.0,True,False,True,True
2023_04_PIA_s2,2023_04,PIA,McLaren,2,HARD,HARDEST,True,9.0,51.0,43.0,False,True,False,True
2023_04_RUS_s1,2023_04,RUS,Mercedes,1,MEDIUM,MIDDLE,True,1.0,11.0,11.0,True,False,True,True
2023_04_RUS_s2,2023_04,RUS,Mercedes,2,HARD,HARDEST,True,12.0,49.0,38.0,True,False,True,True
2023_04_RUS_s3,2023_04,RUS,Mercedes,3,SOFT,SOFTEST,True,50.0,51.0,2.0,False,True,False,False
2023_04_SAI_s1,2023_04,SAI,Ferrari,1,MEDIUM,MIDDLE,True,1.0,11.0,11.0,True,False,True,True
2023_04_SAI_s2,2023_04,SAI,Ferrari,2,HARD,HARDEST,True,12.0,51.0,40.0,False,True,False,True
2023_04_SAR_s1,2023_04,SAR,Williams,1,MEDIUM,MIDDLE,True,1.0,8.0,8.0,True,False,True,True
2023_04_SAR_s2,2023_04,SAR,Williams,2,HARD,HARDEST,True,9.0,51.0,43.0,False,True,False,True
2023_04_STR_s1,2023_04,STR,Aston Martin,1,MEDIUM,MIDDLE,False,1.0,11.0,11.0,True,False,True,True
2023_04_STR_s2,2023_04,STR,Aston Martin,2,HARD,HARDEST,False,12.0,51.0,40.0,False,True,False,True
2023_04_TSU_s1,2023_04,TSU,AlphaTauri,1,MEDIUM,MIDDLE,True,1.0,8.0,8.0,True,False,True,True
2023_04_TSU_s2,2023_04,TSU,AlphaTauri,2,HARD,HARDEST,False,9.0,51.0,43.0,False,True,False,True
2023_04_VER_s1,2023_04,VER,Red Bull Racing,1,MEDIUM,MIDDLE,True,1.0,10.0,10.0,True,False,True,True
2023_04_VER_s2,2023_04,VER,Red Bull Racing,2,HARD,HARDEST,True,11.0,51.0,41.0,False,True,False,True
2023_04_ZHO_s1,2023_04,ZHO,Alfa Romeo,1,MEDIUM,MIDDLE,True,1.0,11.0,11.0,True,False,True,True
2023_04_ZHO_s2,2023_04,ZHO,Alfa Romeo,2,HARD,HARDEST,True,12.0,36.0,25.0,True,False,True,True
2023_05_ALB_s1,2023_05,ALB,Williams,1,MEDIUM,MIDDLE,True,1.0,22.0,22.0,True,False,True,False
2023_05_ALB_s2,2023_05,ALB,Williams,2,HARD,HARDEST,True,23.0,57.0,35.0,False,True,False,False
2023_05_ALO_s1,2023_05,ALO,Aston Martin,1,MEDIUM,MIDDLE,False,1.0,24.0,24.0,True,False,True,False
2023_05_ALO_s2,2023_05,ALO,Aston Martin,2,HARD,HARDEST,False,25.0,57.0,33.0,False,True,False,False
2023_05_BOT_s1,2023_05,BOT,Alfa Romeo,1,MEDIUM,MIDDLE,True,1.0,15.0,15.0,True,False,True,False
2023_05_BOT_s2,2023_05,BOT,Alfa Romeo,2,HARD,HARDEST,True,16.0,57.0,42.0,False,True,False,False
2023_05_DEV_s1,2023_05,DEV,AlphaTauri,1,MEDIUM,MIDDLE,True,1.0,15.0,15.0,True,False,True,False
2023_05_DEV_s2,2023_05,DEV,AlphaTauri,2,HARD,HARDEST,True,16.0,57.0,42.0,False,True,False,False
2023_05_GAS_s1,2023_05,GAS,Alpine,1,MEDIUM,MIDDLE,True,1.0,15.0,15.0,True,False,True,False
2023_05_GAS_s2,2023_05,GAS,Alpine,2,HARD,HARDEST,True,16.0,57.0,42.0,False,True,False,False
2023_05_HAM_s1,2023_05,HAM,Mercedes,1,HARD,HARDEST,False,1.0,37.0,37.0,True,False,True,False
2023_05_HAM_s2,2023_05,HAM,Mercedes,2,MEDIUM,MIDDLE,True,38.0,57.0,20.0,False,True,False,False
2023_05_HUL_s1,2023_05,HUL,Haas F1 Team,1,HARD,HARDEST,True,1.0,33.0,33.0,True,False,True,False
2023_05_HUL_s2,2023_05,HUL,Haas F1 Team,2,MEDIUM,MIDDLE,True,34.0,57.0,24.0,False,True,False,False
2023_05_LEC_s1,2023_05,LEC,Ferrari,1,MEDIUM,MIDDLE,True,1.0,17.0,17.0,True,False,True,False
2023_05_LEC_s2,2023_05,LEC,Ferrari,2,HARD,HARDEST,True,18.0,57.0,40.0,False,True,False,False
2023_05_MAG_s1,2023_05,MAG,Haas F1 Team,1,MEDIUM,MIDDLE,True,1.0,14.0,14.0,True,False,True,False
2023_05_MAG_s2,2023_05,MAG,Haas F1 Team,2,HARD,HARDEST,True,15.0,57.0,43.0,False,True,False,False
2023_05_NOR_s1,2023_05,NOR,McLaren,1,SOFT,SOFTEST,True,1.0,4.0,4.0,True,False,True,False
2023_05_NOR_s2,2023_05,NOR,McLaren,2,HARD,HARDEST,True,5.0,57.0,53.0,False,True,False,False
2023_05_OCO_s1,2023_05,OCO,Alpine,1,HARD,HARDEST,True,1.0,39.0,39.0,True,False,True,False
2023_05_OCO_s2,2023_05,OCO,Alpine,2,MEDIUM,MIDDLE,True,40.0,57.0,18.0,False,True,False,False
2023_05_PER_s1,2023_05,PER,Red Bull Racing,1,MEDIUM,MIDDLE,True,1.0,20.0,20.0,True,False,True,False
2023_05_PER_s2,2023_05,PER,Red Bull Racing,2,HARD,HARDEST,True,21.0,57.0,37.0,False,True,False,False
2023_05_PIA_s1,2023_05,PIA,McLaren,1,SOFT,SOFTEST,True,1.0,5.0,5.0,True,False,True,False
2023_05_PIA_s2,2023_05,PIA,McLaren,2,HARD,HARDEST,True,6.0,56.0,51.0,False,True,False,False
2023_05_RUS_s1,2023_05,RUS,Mercedes,1,MEDIUM,MIDDLE,True,1.0,17.0,17.0,True,False,True,False
2023_05_RUS_s2,2023_05,RUS,Mercedes,2,HARD,HARDEST,True,18.0,57.0,40.0,False,True,False,False
2023_05_SAI_s1,2023_05,SAI,Ferrari,1,MEDIUM,MIDDLE,True,1.0,18.0,18.0,True,False,True,False
2023_05_SAI_s2,2023_05,SAI,Ferrari,2,HARD,HARDEST,True,19.0,57.0,39.0,False,True,False,False
2023_05_SAR_s1,2023_05,SAR,Williams,1,MEDIUM,MIDDLE,True,1.0,2.0,2.0,True,False,True,False
2023_05_SAR_s2,2023_05,SAR,Williams,2,HARD,HARDEST,True,3.0,56.0,54.0,False,True,False,False
2023_05_STR_s1,2023_05,STR,Aston Martin,1,HARD,HARDEST,False,1.0,42.0,42.0,True,False,True,False
2023_05_STR_s2,2023_05,STR,Aston Martin,2,MEDIUM,MIDDLE,False,43.0,57.0,15.0,False,True,False,False
2023_05_TSU_s1,2023_05,TSU,AlphaTauri,1,HARD,HARDEST,True,1.0,36.0,36.0,True,False,True,False
2023_05_TSU_s2,2023_05,TSU,AlphaTauri,2,MEDIUM,MIDDLE,True,37.0,57.0,21.0,False,True,False,False
2023_05_VER_s1,2023_05,VER,Red Bull Racing,1,HARD,HARDEST,True,1.0,45.0,45.0,True,False,True,False
2023_05_VER_s2,2023_05,VER,Red Bull Racing,2,MEDIUM,MIDDLE,True,46.0,57.0,12.0,False,True,False,False
2023_05_ZHO_s1,2023_05,ZHO,Alfa Romeo,1,HARD,HARDEST,True,1.0,31.0,31.0,True,False,True,False
2023_05_ZHO_s2,2023_05,ZHO,Alfa Romeo,2,MEDIUM,MIDDLE,True,32.0,57.0,26.0,False,True,False,False
2023_06_ALB_s1,2023_06,ALB,Williams,1,MEDIUM,MIDDLE,True,1.0,18.0,18.0,True,False,True,True
2023_06_ALB_s2,2023_06,ALB,Williams,2,HARD,HARDEST,True,19.0,52.0,34.0,True,False,True,False
2023_06_ALB_s3,2023_06,ALB,Williams,3,WET,WET,True,53.0,77.0,25.0,False,True,False,True
2023_06_ALO_s1,2023_06,ALO,Aston Martin,1,HARD,HARDEST,False,1.0,54.0,54.0,True,False,True,True
2023_06_ALO_s2,2023_06,ALO,Aston Martin,2,MEDIUM,MIDDLE,False,55.0,55.0,1.0,True,False,True,True
2023_06_ALO_s3,2023_06,ALO,Aston Martin,3,WET,WET,True,56.0,78.0,23.0,False,True,False,True
2023_06_BOT_s1,2023_06,BOT,Alfa Romeo,1,HARD,HARDEST,True,1.0,51.0,51.0,True,False,True,True
2023_06_BOT_s2,2023_06,BOT,Alfa Romeo,2,WET,WET,True,52.0,77.0,26.0,False,True,False,True
2023_06_DEV_s1,2023_06,DEV,AlphaTauri,1,MEDIUM,MIDDLE,True,1.0,53.0,53.0,True,False,True,True
2023_06_DEV_s2,2023_06,DEV,AlphaTauri,2,WET,WET,True,54.0,77.0,24.0,False,True,False,True
2023_06_GAS_s1,2023_06,GAS,Alpine,1,HARD,HARDEST,True,1.0,47.0,47.0,True,False,True,True
2023_06_GAS_s2,2023_06,GAS,Alpine,2,MEDIUM,MIDDLE,True,48.0,54.0,7.0,True,False,True,True
2023_06_GAS_s3,2023_06,GAS,Alpine,3,WET,WET,True,55.0,78.0,24.0,False,True,False,True
2023_06_HAM_s1,2023_06,HAM,Mercedes,1,MEDIUM,MIDDLE,True,1.0,31.0,31.0,True,False,True,True
2023_06_HAM_s2,2023_06,HAM,Mercedes,2,HARD,HARDEST,True,32.0,54.0,23.0,True,False,True,False
2023_06_HAM_s3,2023_06,HAM,Mercedes,3,WET,WET,True,55.0,78.0,24.0,False,True,False,True
2023_06_HUL_s1,2023_06,HUL,Haas F1 Team,1,MEDIUM,MIDDLE,True,1.0,1.0,1.0,True,False,True,True
2023_06_HUL_s2,2023_06,HUL,Haas F1 Team,2,HARD,HARDEST,True,2.0,54.0,53.0,True,False,True,True
2023_06_HUL_s3,2023_06,HUL,Haas F1 Team,3,WET,WET,True,55.0,59.0,5.0,True,False,True,True
2023_06_HUL_s4,2023_06,HUL,Haas F1 Team,4,WET,WET,True,60.0,76.0,17.0,False,False,False,True
2023_06_LEC_s1,2023_06,LEC,Ferrari,1,HARD,HARDEST,True,1.0,44.0,44.0,True,False,True,True
2023_06_LEC_s2,2023_06,LEC,Ferrari,2,MEDIUM,MIDDLE,True,45.0,55.0,11.0,True,False,True,True
2023_06_LEC_s3,2023_06,LEC,Ferrari,3,WET,WET,True,56.0,78.0,23.0,False,True,False,True
2023_06_MAG_s1,2023_06,MAG,Haas F1 Team,1,HARD,HARDEST,True,1.0,56.0,56.0,True,False,True,True
2023_06_MAG_s2,2023_06,MAG,Haas F1 Team,2,WET,WET,True,57.0,71.0,15.0,True,False,True,True
2023_06_NOR_s1,2023_06,NOR,McLaren,1,MEDIUM,MIDDLE,True,1.0,50.0,50.0,True,False,True,True
2023_06_NOR_s2,2023_06,NOR,McLaren,2,HARD,HARDEST,True,51.0,54.0,4.0,True,False,True,True
2023_06_NOR_s3,2023_06,NOR,McLaren,3,WET,WET,True,55.0,77.0,23.0,False,True,False,True
2023_06_OCO_s1,2023_06,OCO,Alpine,1,MEDIUM,MIDDLE,True,1.0,32.0,32.0,True,False,True,True
2023_06_OCO_s2,2023_06,OCO,Alpine,2,HARD,HARDEST,True,33.0,54.0,22.0,True,False,True,False
2023_06_OCO_s3,2023_06,OCO,Alpine,3,WET,WET,True,55.0,78.0,24.0,False,True,False,True
2023_06_PER_s1,2023_06,PER,Red Bull Racing,1,MEDIUM,MIDDLE,True,1.0,1.0,1.0,True,False,True,True
2023_06_PER_s2,2023_06,PER,Red Bull Racing,2,HARD,HARDEST,True,2.0,34.0,33.0,True,False,True,True
2023_06_PER_s3,2023_06,PER,Red Bull Racing,3,MEDIUM,MIDDLE,False,35.0,53.0,19.0,True,False,True,False
2023_06_PER_s4,2023_06,PER,Red Bull Racing,4,WET,WET,True,54.0,57.0,4.0,True,False,True,True
2023_06_PER_s5,2023_06,PER,Red Bull Racing,5,WET,WET,True,58.0,70.0,13.0,True,False,True,True
2023_06_PER_s6,2023_06,PER,Red Bull Racing,6,WET,WET,True,71.0,76.0,6.0,False,False,False,False
2023_06_PIA_s1,2023_06,PIA,McLaren,1,HARD,HARDEST,True,1.0,54.0,54.0,True,False,True,True
2023_06_PIA_s2,2023_06,PIA,McLaren,2,WET,WET,True,55.0,77.0,23.0,False,True,False,True
2023_06_RUS_s1,2023_06,RUS,Mercedes,1,HARD,HARDEST,True,1.0,54.0,54.0,True,False,True,True
2023_06_RUS_s2,2023_06,RUS,Mercedes,2,WET,WET,True,55.0,78.0,24.0,False,True,False,True
2023_06_SAI_s1,2023_06,SAI,Ferrari,1,HARD,HARDEST,True,1.0,33.0,33.0,True,False,True,True
2023_06_SAI_s2,2023_06,SAI,Ferrari,2,MEDIUM,MIDDLE,True,34.0,55.0,22.0,True,False,True,True
2023_06_SAI_s3,2023_06,SAI,Ferrari,3,WET,WET,True,56.0,78.0,23.0,False,True,False,True
2023_06_SAR_s1,2023_06,SAR,Williams,1,MEDIUM,MIDDLE,True,1.0,20.0,20.0,True,False,True,True
2023_06_SAR_s2,2023_06,SAR,Williams,2,HARD,HARDEST,True,21.0,23.0,3.0,True,False,True,False
2023_06_SAR_s3,2023_06,SAR,Williams,3,SOFT,SOFTEST,True,24.0,52.0,29.0,True,False,True,False
2023_06_SAR_s4,2023_06,SAR,Williams,4,WET,WET,True,53.0,76.0,24.0,False,False,False,True
2023_06_STR_s1,2023_06,STR,Aston Martin,1,HARD,HARDEST,False,1.0,51.0,51.0,True,False,True,True
2023_06_STR_s2,2023_06,STR,Aston Martin,2,WET,WET,True,52.0,54.0,3.0,False,False,False,True
2023_06_TSU_s1,2023_06,TSU,AlphaTauri,1,MEDIUM,MIDDLE,True,1.0,53.0,53.0,True,False,True,True
2023_06_TSU_s2,2023_06,TSU,AlphaTauri,2,WET,WET,True,54.0,76.0,23.0,False,False,False,True
2023_06_VER_s1,2023_06,VER,Red Bull Racing,1,MEDIUM,MIDDLE,True,1.0,55.0,55.0,True,False,True,True
2023_06_VER_s2,2023_06,VER,Red Bull Racing,2,WET,WET,True,56.0,78.0,23.0,False,True,False,True
2023_06_ZHO_s1,2023_06,ZHO,Alfa Romeo,1,SOFT,SOFTEST,True,1.0,1.0,1.0,True,False,True,True
2023_06_ZHO_s2,2023_06,ZHO,Alfa Romeo,2,HARD,HARDEST,True,2.0,52.0,51.0,True,False,True,True
2023_06_ZHO_s3,2023_06,ZHO,Alfa Romeo,3,WET,WET,True,53.0,77.0,25.0,False,True,False,True
2023_07_ALB_s1,2023_07,ALB,Williams,1,SOFT,SOFTEST,True,1.0,16.0,16.0,True,False,True,False
2023_07_ALB_s2,2023_07,ALB,Williams,2,HARD,HARDEST,True,17.0,37.0,21.0,True,False,True,False
2023_07_ALB_s3,2023_07,ALB,Williams,3,MEDIUM,MIDDLE,True,38.0,65.0,28.0,False,True,False,False
2023_07_ALO_s1,2023_07,ALO,Aston Martin,1,SOFT,SOFTEST,False,1.0,19.0,19.0,True,False,True,False
2023_07_ALO_s2,2023_07,ALO,Aston Martin,2,SOFT,SOFTEST,False,20.0,44.0,25.0,True,False,True,False
2023_07_ALO_s3,2023_07,ALO,Aston Martin,3,HARD,HARDEST,False,45.0,66.0,22.0,False,True,False,False
2023_07_BOT_s1,2023_07,BOT,Alfa Romeo,1,SOFT,SOFTEST,True,1.0,5.0,5.0,True,False,True,False
2023_07_BOT_s2,2023_07,BOT,Alfa Romeo,2,HARD,HARDEST,True,6.0,39.0,34.0,True,False,True,False
2023_07_BOT_s3,2023_07,BOT,Alfa Romeo,3,HARD,HARDEST,True,40.0,65.0,26.0,False,True,False,False
2023_07_DEV_s1,2023_07,DEV,AlphaTauri,1,SOFT,SOFTEST,True,1.0,9.0,9.0,True,False,True,False
2023_07_DEV_s2,2023_07,DEV,AlphaTauri,2,HARD,HARDEST,True,10.0,38.0,29.0,True,False,True,False
2023_07_DEV_s3,2023_07,DEV,AlphaTauri,3,MEDIUM,MIDDLE,True,39.0,65.0,27.0,False,True,False,False
2023_07_GAS_s1,2023_07,GAS,Alpine,1,SOFT,SOFTEST,False,1.0,19.0,19.0,True,False,True,False
2023_07_GAS_s2,2023_07,GAS,Alpine,2,MEDIUM,MIDDLE,True,20.0,39.0,20.0,True,False,True,False
2023_07_GAS_s3,2023_07,GAS,Alpine,3,HARD,HARDEST,True,40.0,66.0,27.0,False,True,False,False
2023_07_HAM_s1,2023_07,HAM,Mercedes,1,SOFT,SOFTEST,False,1.0,24.0,24.0,True,False,True,False
2023_07_HAM_s2,2023_07,HAM,Mercedes,2,MEDIUM,MIDDLE,True,25.0,50.0,26.0,True,False,True,False
2023_07_HAM_s3,2023_07,HAM,Mercedes,3,SOFT,SOFTEST,False,51.0,66.0,16.0,False,True,False,False
2023_07_HUL_s1,2023_07,HUL,Haas F1 Team,1,SOFT,SOFTEST,False,1.0,8.0,8.0,True,False,True,False
2023_07_HUL_s2,2023_07,HUL,Haas F1 Team,2,MEDIUM,MIDDLE,True,9.0,26.0,18.0,True,False,True,False
2023_07_HUL_s3,2023_07,HUL,Haas F1 Team,3,HARD,HARDEST,True,27.0,43.0,17.0,True,False,True,False
2023_07_HUL_s4,2023_07,HUL,Haas F1 Team,4,MEDIUM,MIDDLE,True,44.0,65.0,22.0,False,True,False,False
2023_07_LEC_s1,2023_07,LEC,Ferrari,1,HARD,HARDEST,True,1.0,16.0,16.0,True,False,True,False
2023_07_LEC_s2,2023_07,LEC,Ferrari,2,SOFT,SOFTEST,True,17.0,41.0,25.0,True,False,True,False
2023_07_LEC_s3,2023_07,LEC,Ferrari,3,HARD,HARDEST,False,42.0,66.0,25.0,False,True,False,False
2023_07_MAG_s1,2023_07,MAG,Haas F1 Team,1,SOFT,SOFTEST,True,1.0,10.0,10.0,True,False,True,False
2023_07_MAG_s2,2023_07,MAG,Haas F1 Team,2,MEDIUM,MIDDLE,True,11.0,24.0,14.0,True,False,True,False
2023_07_MAG_s3,2023_07,MAG,Haas F1 Team,3,HARD,HARDEST,True,25.0,42.0,18.0,True,False,True,False
2023_07_MAG_s4,2023_07,MAG,Haas F1 Team,4,MEDIUM,MIDDLE,True,43.0,65.0,23.0,False,True,False,False
2023_07_NOR_s1,2023_07,NOR,McLaren,1,SOFT,SOFTEST,False,1.0,1.0,1.0,True,False,True,False
2023_07_NOR_s2,2023_07,NOR,McLaren,2,HARD,HARDEST,True,2.0,22.0,21.0,True,False,True,False
2023_07_NOR_s3,2023_07,NOR,McLaren,3,MEDIUM,MIDDLE,True,23.0,50.0,28.0,True,False,True,False
2023_07_NOR_s4,2023_07,NOR,McLaren,4,SOFT,SOFTEST,False,51.0,65.0,15.0,False,True,False,False
2023_07_OCO_s1,2023_07,OCO,Alpine,1,SOFT,SOFTEST,False,1.0,13.0,13.0,True,False,True,False
2023_07_OCO_s2,2023_07,OCO,Alpine,2,MEDIUM,MIDDLE,True,14.0,35.0,22.0,True,False,True,False
2023_07_OCO_s3,2023_07,OCO,Alpine,3,HARD,HARDEST,True,36.0,66.0,31.0,False,True,False,False
2023_07_PER_s1,2023_07,PER,Red Bull Racing,1,MEDIUM,MIDDLE,True,1.0,27.0,27.0,True,False,True,False
2023_07_PER_s2,2023_07,PER,Red Bull Racing,2,HARD,HARDEST,True,28.0,50.0,23.0,True,False,True,False
2023_07_PER_s3,2023_07,PER,Red Bull Racing,3,SOFT,SOFTEST,True,51.0,66.0,16.0,False,True,False,False
2023_07_PIA_s1,2023_07,PIA,McLaren,1,SOFT,SOFTEST,False,1.0,17.0,17.0,True,False,True,False
2023_07_PIA_s2,2023_07,PIA,McLaren,2,HARD,HARDEST,True,18.0,39.0,22.0,True,False,True,False
2023_07_PIA_s3,2023_07,PIA,McLaren,3,MEDIUM,MIDDLE,True,40.0,65.0,26.0,False,True,False,False
2023_07_RUS_s1,2023_07,RUS,Mercedes,1,SOFT,SOFTEST,True,1.0,25.0,25.0,True,False,True,False
2023_07_RUS_s2,2023_07,RUS,Mercedes,2,MEDIUM,MIDDLE,True,26.0,45.0,20.0,True,False,True,False
2023_07_RUS_s3,2023_07,RUS,Mercedes,3,SOFT,SOFTEST,False,46.0,66.0,21.0,False,True,False,False
2023_07_SAI_s1,2023_07,SAI,Ferrari,1,SOFT,SOFTEST,False,1.0,15.0,15.0,True,False,True,False
2023_07_SAI_s2,2023_07,SAI,Ferrari,2,MEDIUM,MIDDLE,True,16.0,41.0,26.0,True,False,True,False
2023_07_SAI_s3,2023_07,SAI,Ferrari,3,HARD,HARDEST,True,42.0,66.0,25.0,False,True,False,False
2023_07_SAR_s1,2023_07,SAR,Williams,1,MEDIUM,MIDDLE,True,1.0,17.0,17.0,True,False,True,False
2023_07_SAR_s2,2023_07,SAR,Williams,2,HARD,HARDEST,True,18.0,36.0,19.0,True,False,True,False
2023_07_SAR_s3,2023_07,SAR,Williams,3,HARD,HARDEST,True,37.0,65.0,29.0,False,True,False,False
2023_07_STR_s1,2023_07,STR,Aston Martin,1,SOFT,SOFTEST,False,1.0,14.0,14.0,True,False,True,False
2023_07_STR_s2,2023_07,STR,Aston Martin,2,SOFT,SOFTEST,False,15.0,34.0,20.0,True,False,True,False
2023_07_STR_s3,2023_07,STR,Aston Martin,3,HARD,HARDEST,False,35.0,66.0,32.0,False,True,False,False
2023_07_TSU_s1,2023_07,TSU,AlphaTauri,1,SOFT,SOFTEST,True,1.0,10.0,10.0,True,False,True,False
2023_07_TSU_s2,2023_07,TSU,AlphaTauri,2,HARD,HARDEST,True,11.0,34.0,24.0,True,False,True,False
2023_07_TSU_s3,2023_07,TSU,AlphaTauri,3,MEDIUM,MIDDLE,True,35.0,66.0,32.0,False,True,False,False
2023_07_VER_s1,2023_07,VER,Red Bull Racing,1,MEDIUM,MIDDLE,True,1.0,26.0,26.0,True,False,True,False
2023_07_VER_s2,2023_07,VER,Red Bull Racing,2,HARD,HARDEST,True,27.0,52.0,26.0,True,False,True,False
2023_07_VER_s3,2023_07,VER,Red Bull Racing,3,SOFT,SOFTEST,False,53.0,66.0,14.0,False,True,False,False
2023_07_ZHO_s1,2023_07,ZHO,Alfa Romeo,1,SOFT,SOFTEST,True,1.0,9.0,9.0,True,False,True,False
2023_07_ZHO_s2,2023_07,ZHO,Alfa Romeo,2,HARD,HARDEST,True,10.0,36.0,27.0,True,False,True,False
2023_07_ZHO_s3,2023_07,ZHO,Alfa Romeo,3,HARD,HARDEST,True,37.0,66.0,30.0,False,True,False,False
2023_08_ALB_s1,2023_08,ALB,Williams,1,MEDIUM,MIDDLE,False,1.0,12.0,12.0,True,False,True,True
2023_08_ALB_s2,2023_08,ALB,Williams,2,HARD,HARDEST,True,13.0,70.0,58.0,False,True,False,True
2023_08_ALO_s1,2023_08,ALO,Aston Martin,1,MEDIUM,MIDDLE,True,1.0,12.0,12.0,True,False,True,True
2023_08_ALO_s2,2023_08,ALO,Aston Martin,2,HARD,HARDEST,False,13.0,41.0,29.0,True,False,True,True
2023_08_ALO_s3,2023_08,ALO,Aston Martin,3,HARD,HARDEST,True,42.0,70.0,29.0,False,True,False,False
2023_08_BOT_s1,2023_08,BOT,Alfa Romeo,1,HARD,HARDEST,True,1.0,36.0,36.0,True,False,True,True
2023_08_BOT_s2,2023_08,BOT,Alfa Romeo,2,MEDIUM,MIDDLE,True,37.0,70.0,34.0,False,True,False,False
2023_08_DEV_s1,2023_08,DEV,AlphaTauri,1,MEDIUM,MIDDLE,True,1.0,11.0,11.0,True,False,True,True
2023_08_DEV_s2,2023_08,DEV,AlphaTauri,2,HARD,HARDEST,True,12.0,50.0,39.0,True,False,True,True
2023_08_DEV_s3,2023_08,DEV,AlphaTauri,3,HARD,HARDEST,True,51.0,69.0,19.0,False,True,False,False
2023_08_GAS_s1,2023_08,GAS,Alpine,1,SOFT,SOFTEST,True,1.0,10.0,10.0,True,False,True,True
2023_08_GAS_s2,2023_08,GAS,Alpine,2,HARD,HARDEST,False,11.0,33.0,23.0,True,False,True,True
2023_08_GAS_s3,2023_08,GAS,Alpine,3,HARD,HARDEST,True,34.0,70.0,37.0,False,True,False,True
2023_08_HAM_s1,2023_08,HAM,Mercedes,1,MEDIUM,MIDDLE,True,1.0,12.0,12.0,True,False,True,True
2023_08_HAM_s2,2023_08,HAM,Mercedes,2,HARD,HARDEST,True,13.0,40.0,28.0,True,False,True,True
2023_08_HAM_s3,2023_08,HAM,Mercedes,3,MEDIUM,MIDDLE,True,41.0,70.0,30.0,False,True,False,False
2023_08_HUL_s1,2023_08,HUL,Haas F1 Team,1,MEDIUM,MIDDLE,True,1.0,11.0,11.0,True,False,True,True
2023_08_HUL_s2,2023_08,HUL,Haas F1 Team,2,HARD,HARDEST,True,12.0,31.0,20.0,True,False,True,True
2023_08_HUL_s3,2023_08,HUL,Haas F1 Team,3,HARD,HARDEST,True,32.0,69.0,38.0,False,True,False,True
2023_08_LEC_s1,2023_08,LEC,Ferrari,1,MEDIUM,MIDDLE,True,1.0,39.0,39.0,True,False,True,True
2023_08_LEC_s2,2023_08,LEC,Ferrari,2,HARD,HARDEST,True,40.0,70.0,31.0,False,True,False,False
2023_08_MAG_s1,2023_08,MAG,Haas F1 Team,1,HARD,HARDEST,True,1.0,35.0,35.0,True,False,True,True
2023_08_MAG_s2,2023_08,MAG,Haas F1 Team,2,MEDIUM,MIDDLE,True,36.0,53.0,18.0,True,False,True,False
2023_08_MAG_s3,2023_08,MAG,Haas F1 Team,3,MEDIUM,MIDDLE,True,54.0,69.0,16.0,False,True,False,False
2023_08_NOR_s1,2023_08,NOR,McLaren,1,MEDIUM,MIDDLE,True,1.0,12.0,12.0,True,False,True,True
2023_08_NOR_s2,2023_08,NOR,McLaren,2,HARD,HARDEST,True,13.0,35.0,23.0,True,False,True,True
2023_08_NOR_s3,2023_08,NOR,McLaren,3,HARD,HARDEST,False,36.0,70.0,35.0,False,True,False,False
2023_08_OCO_s1,2023_08,OCO,Alpine,1,MEDIUM,MIDDLE,True,1.0,12.0,12.0,True,False,True,True
2023_08_OCO_s2,2023_08,OCO,Alpine,2,HARD,HARDEST,True,13.0,36.0,24.0,True,False,True,True
2023_08_OCO_s3,2023_08,OCO,Alpine,3,HARD,HARDEST,True,37.0,70.0,34.0,False,True,False,False
2023_08_PER_s1,2023_08,PER,Red Bull Racing,1,HARD,HARDEST,True,1.0,37.0,37.0,True,False,True,True
2023_08_PER_s2,2023_08,PER,Red Bull Racing,2,MEDIUM,MIDDLE,True,38.0,68.0,31.0,True,False,True,False
2023_08_PER_s3,2023_08,PER,Red Bull Racing,3,SOFT,SOFTEST,True,69.0,70.0,2.0,False,True,False,False
2023_08_PIA_s1,2023_08,PIA,McLaren,1,MEDIUM,MIDDLE,True,1.0,12.0,12.0,True,False,True,True
2023_08_PIA_s2,2023_08,PIA,McLaren,2,HARD,HARDEST,True,13.0,37.0,25.0,True,False,True,True
2023_08_PIA_s3,2023_08,PIA,McLaren,3,HARD,HARDEST,False,38.0,70.0,33.0,False,True,False,False
2023_08_RUS_s1,2023_08,RUS,Mercedes,1,MEDIUM,MIDDLE,True,1.0,12.0,12.0,True,False,True,True
2023_08_RUS_s2,2023_08,RUS,Mercedes,2,HARD,HARDEST,True,13.0,54.0,42.0,True,False,True,True
2023_08_SAI_s1,2023_08,SAI,Ferrari,1,MEDIUM,MIDDLE,True,1.0,38.0,38.0,True,False,True,True
2023_08_SAI_s2,2023_08,SAI,Ferrari,2,HARD,HARDEST,True,39.0,70.0,32.0,False,True,False,False
2023_08_SAR_s1,2023_08,SAR,Williams,1,MEDIUM,MIDDLE,True,1.0,7.0,7.0,False,False,False,True
2023_08_STR_s1,2023_08,STR,Aston Martin,1,MEDIUM,MIDDLE,True,1.0,11.0,11.0,True,False,True,True
2023_08_STR_s2,2023_08,STR,Aston Martin,2,HARD,HARDEST,False,12.0,27.0,16.0,True,False,True,True
2023_08_STR_s3,2023_08,STR,Aston Martin,3,HARD,HARDEST,True,28.0,70.0,43.0,False,True,False,True
2023_08_TSU_s1,2023_08,TSU,AlphaTauri,1,MEDIUM,MIDDLE,True,1.0,1.0,1.0,True,False,True,False
2023_08_TSU_s2,2023_08,TSU,AlphaTauri,2,HARD,HARDEST,True,2.0,35.0,34.0,True,False,True,True
2023_08_TSU_s3,2023_08,TSU,AlphaTauri,3,UNKNOWN,UNKNOWN,False,36.0,70.0,,False,True,False,False
2023_08_VER_s1,2023_08,VER,Red Bull Racing,1,MEDIUM,MIDDLE,True,1.0,12.0,12.0,True,False,True,True
2023_08_VER_s2,2023_08,VER,Red Bull Racing,2,HARD,HARDEST,True,13.0,42.0,30.0,True,False,True,True
2023_08_VER_s3,2023_08,VER,Red Bull Racing,3,MEDIUM,MIDDLE,True,43.0,70.0,28.0,False,True,False,False
2023_08_ZHO_s1,2023_08,ZHO,Alfa Romeo,1,MEDIUM,MIDDLE,True,1.0,12.0,12.0,True,False,True,True
2023_08_ZHO_s2,2023_08,ZHO,Alfa Romeo,2,HARD,HARDEST,True,13.0,32.0,20.0,True,False,True,True
2023_08_ZHO_s3,2023_08,ZHO,Alfa Romeo,3,HARD,HARDEST,True,33.0,69.0,37.0,False,True,False,True
2023_09_ALB_s1,2023_09,ALB,Williams,1,MEDIUM,MIDDLE,True,1.0,2.0,2.0,True,False,True,True
2023_09_ALB_s2,2023_09,ALB,Williams,2,MEDIUM,MIDDLE,False,3.0,14.0,12.0,True,False,True,True
2023_09_ALB_s3,2023_09,ALB,Williams,3,HARD,HARDEST,True,15.0,41.0,27.0,True,False,True,True
2023_09_ALB_s4,2023_09,ALB,Williams,4,HARD,HARDEST,True,42.0,71.0,30.0,False,True,False,False
2023_09_ALO_s1,2023_09,ALO,Aston Martin,1,HARD,HARDEST,True,1.0,2.0,2.0,True,False,True,True
2023_09_ALO_s2,2023_09,ALO,Aston Martin,2,HARD,HARDEST,False,3.0,15.0,13.0,True,False,True,True
2023_09_ALO_s3,2023_09,ALO,Aston Martin,3,MEDIUM,MIDDLE,False,16.0,44.0,29.0,True,False,True,True
2023_09_ALO_s4,2023_09,ALO,Aston Martin,4,MEDIUM,MIDDLE,True,45.0,71.0,27.0,False,True,False,False
2023_09_BOT_s1,2023_09,BOT,Alfa Romeo,1,HARD,HARDEST,True,1.0,2.0,2.0,True,False,True,True
2023_09_BOT_s2,2023_09,BOT,Alfa Romeo,2,HARD,HARDEST,False,3.0,21.0,19.0,True,False,True,True
2023_09_BOT_s3,2023_09,BOT,Alfa Romeo,3,MEDIUM,MIDDLE,True,22.0,40.0,19.0,True,False,True,False
2023_09_BOT_s4,2023_09,BOT,Alfa Romeo,4,HARD,HARDEST,True,41.0,70.0,30.0,False,True,False,False
2023_09_DEV_s1,2023_09,DEV,AlphaTauri,1,MEDIUM,MIDDLE,True,1.0,2.0,2.0,True,False,True,True
2023_09_DEV_s2,2023_09,DEV,AlphaTauri,2,MEDIUM,MIDDLE,False,3.0,12.0,10.0,True,False,True,True
2023_09_DEV_s3,2023_09,DEV,AlphaTauri,3,HARD,HARDEST,True,13.0,37.0,25.0,True,False,True,True
2023_09_DEV_s4,2023_09,DEV,AlphaTauri,4,MEDIUM,MIDDLE,True,38.0,70.0,33.0,False,True,False,False
2023_09_GAS_s1,2023_09,GAS,Alpine,1,MEDIUM,MIDDLE,True,1.0,2.0,2.0,True,False,True,True
2023_09_GAS_s2,2023_09,GAS,Alpine,2,MEDIUM,MIDDLE,False,3.0,14.0,12.0,True,False,True,True
2023_09_GAS_s3,2023_09,GAS,Alpine,3,HARD,HARDEST,True,15.0,44.0,30.0,True,False,True,True
2023_09_GAS_s4,2023_09,GAS,Alpine,4,MEDIUM,MIDDLE,True,45.0,71.0,27.0,False,True,False,False
2023_09_HAM_s1,2023_09,HAM,Mercedes,1,MEDIUM,MIDDLE,True,1.0,2.0,2.0,True,False,True,True
2023_09_HAM_s2,2023_09,HAM,Mercedes,2,MEDIUM,MIDDLE,False,3.0,14.0,12.0,True,False,True,True
2023_09_HAM_s3,2023_09,HAM,Mercedes,3,HARD,HARDEST,True,15.0,42.0,28.0,True,False,True,True
2023_09_HAM_s4,2023_09,HAM,Mercedes,4,MEDIUM,MIDDLE,True,43.0,71.0,29.0,False,True,False,False
2023_09_HUL_s1,2023_09,HUL,Haas F1 Team,1,MEDIUM,MIDDLE,False,1.0,2.0,2.0,True,False,True,True
2023_09_HUL_s2,2023_09,HUL,Haas F1 Team,2,MEDIUM,MIDDLE,False,3.0,11.0,9.0,True,False,True,True
2023_09_HUL_s3,2023_09,HUL,Haas F1 Team,3,HARD,HARDEST,True,12.0,13.0,2.0,False,False,False,True
2023_09_LEC_s1,2023_09,LEC,Ferrari,1,MEDIUM,MIDDLE,True,1.0,2.0,2.0,True,False,True,True
2023_09_LEC_s2,2023_09,LEC,Ferrari,2,MEDIUM,MIDDLE,False,3.0,15.0,13.0,True,False,True,True
2023_09_LEC_s3,2023_09,LEC,Ferrari,3,MEDIUM,MIDDLE,True,16.0,47.0,32.0,True,False,True,True
2023_09_LEC_s4,2023_09,LEC,Ferrari,4,HARD,HARDEST,True,48.0,71.0,24.0,False,True,False,False
2023_09_MAG_s1,2023_09,MAG,Haas F1 Team,1,HARD,HARDEST,True,1.0,1.0,1.0,True,False,True,True
2023_09_MAG_s2,2023_09,MAG,Haas F1 Team,2,MEDIUM,MIDDLE,True,2.0,2.0,1.0,True,False,True,True
2023_09_MAG_s3,2023_09,MAG,Haas F1 Team,3,HARD,HARDEST,True,3.0,34.0,32.0,True,False,True,True
2023_09_MAG_s4,2023_09,MAG,Haas F1 Team,4,HARD,HARDEST,False,35.0,70.0,36.0,False,True,False,False
2023_09_NOR_s1,2023_09,NOR,McLaren,1,MEDIUM,MIDDLE,True,1.0,2.0,2.0,True,False,True,True
2023_09_NOR_s2,2023_09,NOR,McLaren,2,MEDIUM,MIDDLE,False,3.0,14.0,12.0,True,False,True,True
2023_09_NOR_s3,2023_09,NOR,McLaren,3,HARD,HARDEST,True,15.0,41.0,27.0,True,False,True,True
2023_09_NOR_s4,2023_09,NOR,McLaren,4,HARD,HARDEST,True,42.0,71.0,30.0,False,True,False,False
2023_09_OCO_s1,2023_09,OCO,Alpine,1,MEDIUM,MIDDLE,True,1.0,2.0,2.0,True,False,True,True
2023_09_OCO_s2,2023_09,OCO,Alpine,2,MEDIUM,MIDDLE,False,3.0,14.0,12.0,True,False,True,True
2023_09_OCO_s3,2023_09,OCO,Alpine,3,HARD,HARDEST,True,15.0,40.0,26.0,True,False,True,True
2023_09_OCO_s4,2023_09,OCO,Alpine,4,HARD,HARDEST,True,41.0,70.0,30.0,False,True,False,False
2023_09_PER_s1,2023_09,PER,Red Bull Racing,1,MEDIUM,MIDDLE,True,1.0,2.0,2.0,True,False,True,True
2023_09_PER_s2,2023_09,PER,Red Bull Racing,2,MEDIUM,MIDDLE,False,3.0,25.0,23.0,True,False,True,True
2023_09_PER_s3,2023_09,PER,Red Bull Racing,3,MEDIUM,MIDDLE,True,26.0,50.0,25.0,True,False,True,False
2023_09_PER_s4,2023_09,PER,Red Bull Racing,4,HARD,HARDEST,True,51.0,71.0,21.0,False,True,False,False
2023_09_PIA_s1,2023_09,PIA,McLaren,1,MEDIUM,MIDDLE,True,1.0,2.0,2.0,True,False,True,True
2023_09_PIA_s2,2023_09,PIA,McLaren,2,MEDIUM,MIDDLE,False,3.0,14.0,12.0,True,False,True,True
2023_09_PIA_s3,2023_09,PIA,McLaren,3,HARD,HARDEST,True,15.0,22.0,8.0,True,False,True,True
2023_09_PIA_s4,2023_09,PIA,McLaren,4,HARD,HARDEST,True,23.0,41.0,19.0,True,False,True,False
2023_09_PIA_s5,2023_09,PIA,McLaren,5,MEDIUM,MIDDLE,True,42.0,70.0,29.0,False,True,False,False
2023_09_RUS_s1,2023_09,RUS,Mercedes,1,MEDIUM,MIDDLE,True,1.0,2.0,2.0,True,False,True,True
2023_09_RUS_s2,2023_09,RUS,Mercedes,2,MEDIUM,MIDDLE,False,3.0,14.0,12.0,True,False,True,True
2023_09_RUS_s3,2023_09,RUS,Mercedes,3,HARD,HARDEST,True,15.0,41.0,27.0,True,False,True,True
2023_09_RUS_s4,2023_09,RUS,Mercedes,4,MEDIUM,MIDDLE,True,42.0,71.0,30.0,False,True,False,False
2023_09_SAI_s1,2023_09,SAI,Ferrari,1,MEDIUM,MIDDLE,True,1.0,2.0,2.0,True,False,True,True
2023_09_SAI_s2,2023_09,SAI,Ferrari,2,MEDIUM,MIDDLE,False,3.0,15.0,13.0,True,False,True,True
2023_09_SAI_s3,2023_09,SAI,Ferrari,3,MEDIUM,MIDDLE,True,16.0,45.0,30.0,True,False,True,True
2023_09_SAI_s4,2023_09,SAI,Ferrari,4,HARD,HARDEST,True,46.0,71.0,26.0,False,True,False,False
2023_09_SAR_s1,2023_09,SAR,Williams,1,MEDIUM,MIDDLE,True,1.0,2.0,2.0,True,False,True,True
2023_09_SAR_s2,2023_09,SAR,Williams,2,MEDIUM,MIDDLE,False,3.0,14.0,12.0,True,False,True,True
2023_09_SAR_s3,2023_09,SAR,Williams,3,HARD,HARDEST,True,15.0,43.0,29.0,True,False,True,True
2023_09_SAR_s4,2023_09,SAR,Williams,4,HARD,HARDEST,True,44.0,70.0,27.0,False,True,False,False
2023_09_STR_s1,2023_09,STR,Aston Martin,1,MEDIUM,MIDDLE,True,1.0,2.0,2.0,True,False,True,True
2023_09_STR_s2,2023_09,STR,Aston Martin,2,MEDIUM,MIDDLE,False,3.0,15.0,13.0,True,False,True,True
2023_09_STR_s3,2023_09,STR,Aston Martin,3,HARD,HARDEST,False,16.0,36.0,21.0,True,False,True,True
2023_09_STR_s4,2023_09,STR,Aston Martin,4,HARD,HARDEST,True,37.0,54.0,18.0,True,False,True,False
2023_09_STR_s5,2023_09,STR,Aston Martin,5,MEDIUM,MIDDLE,True,55.0,71.0,17.0,False,True,False,False
2023_09_TSU_s1,2023_09,TSU,AlphaTauri,1,MEDIUM,MIDDLE,True,1.0,1.0,1.0,True,False,True,True
2023_09_TSU_s2,2023_09,TSU,AlphaTauri,2,HARD,HARDEST,True,2.0,2.0,1.0,True,False,True,True
2023_09_TSU_s3,2023_09,TSU,AlphaTauri,3,HARD,HARDEST,False,3.0,23.0,21.0,True,False,True,True
2023_09_TSU_s4,2023_09,TSU,AlphaTauri,4,HARD,HARDEST,True,24.0,43.0,20.0,True,False,True,False
2023_09_TSU_s5,2023_09,TSU,AlphaTauri,5,MEDIUM,MIDDLE,True,44.0,70.0,27.0,False,True,False,False
2023_09_VER_s1,2023_09,VER,Red Bull Racing,1,MEDIUM,MIDDLE,True,1.0,2.0,2.0,True,False,True,True
2023_09_VER_s2,2023_09,VER,Red Bull Racing,2,MEDIUM,MIDDLE,False,3.0,24.0,22.0,True,False,True,True
2023_09_VER_s3,2023_09,VER,Red Bull Racing,3,HARD,HARDEST,True,25.0,49.0,25.0,True,False,True,False
2023_09_VER_s4,2023_09,VER,Red Bull Racing,4,MEDIUM,MIDDLE,True,50.0,69.0,20.0,True,False,True,False
2023_09_VER_s5,2023_09,VER,Red Bull Racing,5,SOFT,SOFTEST,False,70.0,71.0,2.0,False,True,False,False
2023_09_ZHO_s1,2023_09,ZHO,Alfa Romeo,1,MEDIUM,MIDDLE,True,1.0,2.0,2.0,True,False,True,True
2023_09_ZHO_s2,2023_09,ZHO,Alfa Romeo,2,MEDIUM,MIDDLE,False,3.0,8.0,6.0,True,False,True,True
2023_09_ZHO_s3,2023_09,ZHO,Alfa Romeo,3,HARD,HARDEST,True,9.0,38.0,30.0,True,False,True,True
2023_09_ZHO_s4,2023_09,ZHO,Alfa Romeo,4,HARD,HARDEST,True,39.0,70.0,32.0,False,True,False,False
2023_10_ALB_s1,2023_10,ALB,Williams,1,MEDIUM,MIDDLE,True,1.0,32.0,32.0,True,False,True,True
2023_10_ALB_s2,2023_10,ALB,Williams,2,SOFT,SOFTEST,False,33.0,52.0,20.0,False,True,False,True
2023_10_ALO_s1,2023_10,ALO,Aston Martin,1,MEDIUM,MIDDLE,False,1.0,33.0,33.0,True,False,True,True
2023_10_ALO_s2,2023_10,ALO,Aston Martin,2,SOFT,SOFTEST,False,34.0,52.0,19.0,False,True,False,True
2023_10_BOT_s1,2023_10,BOT,Alfa Romeo,1,HARD,HARDEST,True,1.0,32.0,32.0,True,False,True,True
2023_10_BOT_s2,2023_10,BOT,Alfa Romeo,2,SOFT,SOFTEST,True,33.0,52.0,20.0,False,True,False,True
2023_10_DEV_s1,2023_10,DEV,AlphaTauri,1,SOFT,SOFTEST,True,1.0,27.0,27.0,True,False,True,False
2023_10_DEV_s2,2023_10,DEV,AlphaTauri,2,MEDIUM,MIDDLE,True,28.0,32.0,5.0,True,False,True,True
2023_10_DEV_s3,2023_10,DEV,AlphaTauri,3,SOFT,SOFTEST,True,33.0,52.0,20.0,False,True,False,True
2023_10_GAS_s1,2023_10,GAS,Alpine,1,MEDIUM,MIDDLE,True,1.0,31.0,31.0,True,False,True,False
2023_10_GAS_s2,2023_10,GAS,Alpine,2,SOFT,SOFTEST,False,32.0,46.0,15.0,True,False,True,True
2023_10_HAM_s1,2023_10,HAM,Mercedes,1,MEDIUM,MIDDLE,True,1.0,33.0,33.0,True,False,True,True
2023_10_HAM_s2,2023_10,HAM,Mercedes,2,SOFT,SOFTEST,False,34.0,52.0,19.0,False,True,False,True
2023_10_HUL_s1,2023_10,HUL,Haas F1 Team,1,HARD,HARDEST,True,1.0,7.0,7.0,True,False,True,False
2023_10_HUL_s2,2023_10,HUL,Haas F1 Team,2,MEDIUM,MIDDLE,True,8.0,32.0,25.0,True,False,True,True
2023_10_HUL_s3,2023_10,HUL,Haas F1 Team,3,SOFT,SOFTEST,True,33.0,52.0,20.0,False,True,False,True
2023_10_LEC_s1,2023_10,LEC,Ferrari,1,MEDIUM,MIDDLE,True,1.0,18.0,18.0,True,False,True,False
2023_10_LEC_s2,2023_10,LEC,Ferrari,2,HARD,HARDEST,True,19.0,32.0,14.0,True,False,True,True
2023_10_LEC_s3,2023_10,LEC,Ferrari,3,MEDIUM,MIDDLE,True,33.0,52.0,20.0,False,True,False,True
2023_10_MAG_s1,2023_10,MAG,Haas F1 Team,1,MEDIUM,MIDDLE,True,1.0,32.0,32.0,False,False,False,True
2023_10_NOR_s1,2023_10,NOR,McLaren,1,MEDIUM,MIDDLE,True,1.0,33.0,33.0,True,False,True,True
2023_10_NOR_s2,2023_10,NOR,McLaren,2,HARD,HARDEST,True,34.0,52.0,19.0,False,True,False,True
2023_10_OCO_s1,2023_10,OCO,Alpine,1,SOFT,SOFTEST,True,1.0,9.0,9.0,True,False,True,False
2023_10_PER_s1,2023_10,PER,Red Bull Racing,1,MEDIUM,MIDDLE,True,1.0,28.0,28.0,True,False,True,False
2023_10_PER_s2,2023_10,PER,Red Bull Racing,2,SOFT,SOFTEST,True,29.0,52.0,24.0,False,True,False,True
2023_10_PIA_s1,2023_10,PIA,McLaren,1,MEDIUM,MIDDLE,True,1.0,29.0,29.0,True,False,True,False
2023_10_PIA_s2,2023_10,PIA,McLaren,2,HARD,HARDEST,True,30.0,52.0,23.0,False,True,False,True
2023_10_RUS_s1,2023_10,RUS,Mercedes,1,SOFT,SOFTEST,False,1.0,28.0,28.0,True,False,True,False
2023_10_RUS_s2,2023_10,RUS,Mercedes,2,MEDIUM,MIDDLE,True,29.0,52.0,24.0,False,True,False,True
2023_10_SAI_s1,2023_10,SAI,Ferrari,1,MEDIUM,MIDDLE,True,1.0,26.0,26.0,True,False,True,False
2023_10_SAI_s2,2023_10,SAI,Ferrari,2,HARD,HARDEST,True,27.0,52.0,26.0,False,True,False,True
2023_10_SAR_s1,2023_10,SAR,Williams,1,MEDIUM,MIDDLE,True,1.0,29.0,29.0,True,False,True,False
2023_10_SAR_s2,2023_10,SAR,Williams,2,SOFT,SOFTEST,True,30.0,52.0,23.0,False,True,False,True
2023_10_STR_s1,2023_10,STR,Aston Martin,1,MEDIUM,MIDDLE,False,1.0,31.0,31.0,True,False,True,False
2023_10_STR_s2,2023_10,STR,Aston Martin,2,SOFT,SOFTEST,False,32.0,52.0,21.0,False,True,False,True
2023_10_TSU_s1,2023_10,TSU,AlphaTauri,1,SOFT,SOFTEST,True,1.0,14.0,14.0,True,False,True,False
2023_10_TSU_s2,2023_10,TSU,AlphaTauri,2,HARD,HARDEST,True,15.0,32.0,18.0,True,False,True,True
2023_10_TSU_s3,2023_10,TSU,AlphaTauri,3,SOFT,SOFTEST,True,33.0,52.0,20.0,False,True,False,True
2023_10_VER_s1,2023_10,VER,Red Bull Racing,1,MEDIUM,MIDDLE,True,1.0,33.0,33.0,True,False,True,True
2023_10_VER_s2,2023_10,VER,Red Bull Racing,2,SOFT,SOFTEST,False,34.0,52.0,19.0,False,True,False,True
2023_10_ZHO_s1,2023_10,ZHO,Alfa Romeo,1,MEDIUM,MIDDLE,True,1.0,24.0,24.0,True,False,True,False
2023_10_ZHO_s2,2023_10,ZHO,Alfa Romeo,2,HARD,HARDEST,True,25.0,33.0,9.0,True,False,True,True
2023_10_ZHO_s3,2023_10,ZHO,Alfa Romeo,3,SOFT,SOFTEST,True,34.0,36.0,3.0,True,False,True,True
2023_10_ZHO_s4,2023_10,ZHO,Alfa Romeo,4,SOFT,SOFTEST,False,37.0,52.0,16.0,False,True,False,True
2023_11_ALB_s1,2023_11,ALB,Williams,1,MEDIUM,MIDDLE,True,1.0,8.0,8.0,True,False,True,True
2023_11_ALB_s2,2023_11,ALB,Williams,2,HARD,HARDEST,False,9.0,31.0,23.0,True,False,True,False
2023_11_ALB_s3,2023_11,ALB,Williams,3,HARD,HARDEST,True,32.0,69.0,38.0,False,True,False,True
2023_11_ALO_s1,2023_11,ALO,Aston Martin,1,MEDIUM,MIDDLE,False,1.0,20.0,20.0,True,False,True,True
2023_11_ALO_s2,2023_11,ALO,Aston Martin,2,HARD,HARDEST,False,21.0,43.0,23.0,True,False,True,False
2023_11_ALO_s3,2023_11,ALO,Aston Martin,3,HARD,HARDEST,True,44.0,70.0,27.0,False,True,False,True
2023_11_BOT_s1,2023_11,BOT,Alfa Romeo,1,MEDIUM,MIDDLE,False,1.0,9.0,9.0,True,False,True,True
2023_11_BOT_s2,2023_11,BOT,Alfa Romeo,2,HARD,HARDEST,False,10.0,40.0,31.0,True,False,True,False
2023_11_BOT_s3,2023_11,BOT,Alfa Romeo,3,HARD,HARDEST,False,41.0,69.0,29.0,False,True,False,True
2023_11_GAS_s1,2023_11,GAS,Alpine,1,SOFT,SOFTEST,True,1.0,1.0,1.0,True,False,True,True
2023_11_HAM_s1,2023_11,HAM,Mercedes,1,MEDIUM,MIDDLE,False,1.0,16.0,16.0,True,False,True,True
2023_11_HAM_s2,2023_11,HAM,Mercedes,2,HARD,HARDEST,True,17.0,49.0,33.0,True,False,True,False
2023_11_HAM_s3,2023_11,HAM,Mercedes,3,MEDIUM,MIDDLE,False,50.0,70.0,21.0,False,True,False,True
2023_11_HUL_s1,2023_11,HUL,Haas F1 Team,1,MEDIUM,MIDDLE,False,1.0,16.0,16.0,True,False,True,True
2023_11_HUL_s2,2023_11,HUL,Haas F1 Team,2,HARD,HARDEST,False,17.0,38.0,22.0,True,False,True,False
2023_11_HUL_s3,2023_11,HUL,Haas F1 Team,3,HARD,HARDEST,False,39.0,69.0,31.0,False,True,False,True
2023_11_LEC_s1,2023_11,LEC,Ferrari,1,MEDIUM,MIDDLE,False,1.0,17.0,17.0,True,False,True,True
2023_11_LEC_s2,2023_11,LEC,Ferrari,2,HARD,HARDEST,True,18.0,43.0,26.0,True,False,True,False
2023_11_LEC_s3,2023_11,LEC,Ferrari,3,HARD,HARDEST,False,44.0,70.0,27.0,False,True,False,True
2023_11_MAG_s1,2023_11,MAG,Haas F1 Team,1,MEDIUM,MIDDLE,True,1.0,14.0,14.0,True,False,True,True
2023_11_MAG_s2,2023_11,MAG,Haas F1 Team,2,HARD,HARDEST,False,15.0,41.0,27.0,True,False,True,False
2023_11_MAG_s3,2023_11,MAG,Haas F1 Team,3,HARD,HARDEST,False,42.0,69.0,28.0,False,True,False,True
2023_11_NOR_s1,2023_11,NOR,McLaren,1,MEDIUM,MIDDLE,True,1.0,17.0,17.0,True,False,True,True
2023_11_NOR_s2,2023_11,NOR,McLaren,2,HARD,HARDEST,True,18.0,44.0,27.0,True,False,True,False
2023_11_NOR_s3,2023_11,NOR,McLaren,3,MEDIUM,MIDDLE,False,45.0,70.0,26.0,False,True,False,True
2023_11_OCO_s1,2023_11,OCO,Alpine,1,MEDIUM,MIDDLE,False,1.0,2.0,2.0,True,False,True,True
2023_11_PER_s1,2023_11,PER,Red Bull Racing,1,HARD,HARDEST,False,1.0,24.0,24.0,True,False,True,True
2023_11_PER_s2,2023_11,PER,Red Bull Racing,2,MEDIUM,MIDDLE,False,25.0,42.0,18.0,True,False,True,False
2023_11_PER_s3,2023_11,PER,Red Bull Racing,3,MEDIUM,MIDDLE,False,43.0,70.0,28.0,False,True,False,True
2023_11_PIA_s1,2023_11,PIA,McLaren,1,MEDIUM,MIDDLE,False,1.0,18.0,18.0,True,False,True,True
2023_11_PIA_s2,2023_11,PIA,McLaren,2,HARD,HARDEST,True,19.0,42.0,24.0,True,False,True,False
2023_11_PIA_s3,2023_11,PIA,McLaren,3,MEDIUM,MIDDLE,False,43.0,70.0,28.0,False,True,False,True
2023_11_RIC_s1,2023_11,RIC,AlphaTauri,1,MEDIUM,MIDDLE,False,1.0,18.0,18.0,True,False,True,True
2023_11_RIC_s2,2023_11,RIC,AlphaTauri,2,HARD,HARDEST,False,19.0,29.0,11.0,True,False,True,False
2023_11_RIC_s3,2023_11,RIC,AlphaTauri,3,MEDIUM,MIDDLE,False,30.0,69.0,40.0,False,True,False,True
2023_11_RUS_s1,2023_11,RUS,Mercedes,1,HARD,HARDEST,True,1.0,28.0,28.0,True,False,True,True
2023_11_RUS_s2,2023_11,RUS,Mercedes,2,MEDIUM,MIDDLE,True,29.0,46.0,18.0,True,False,True,False
2023_11_RUS_s3,2023_11,RUS,Mercedes,3,MEDIUM,MIDDLE,True,47.0,70.0,24.0,False,True,False,True
2023_11_SAI_s1,2023_11,SAI,Ferrari,1,SOFT,SOFTEST,True,1.0,15.0,15.0,True,False,True,True
2023_11_SAI_s2,2023_11,SAI,Ferrari,2,HARD,HARDEST,True,16.0,44.0,29.0,True,False,True,False
2023_11_SAI_s3,2023_11,SAI,Ferrari,3,HARD,HARDEST,False,45.0,70.0,26.0,False,True,False,True
2023_11_SAR_s1,2023_11,SAR,Williams,1,MEDIUM,MIDDLE,True,1.0,13.0,13.0,True,False,True,True
2023_11_SAR_s2,2023_11,SAR,Williams,2,HARD,HARDEST,False,14.0,34.0,21.0,True,False,True,False
2023_11_SAR_s3,2023_11,SAR,Williams,3,HARD,HARDEST,True,35.0,67.0,33.0,True,False,True,True
2023_11_STR_s1,2023_11,STR,Aston Martin,1,SOFT,SOFTEST,True,1.0,9.0,9.0,True,False,True,True
2023_11_STR_s2,2023_11,STR,Aston Martin,2,HARD,HARDEST,False,10.0,34.0,25.0,True,False,True,False
2023_11_STR_s3,2023_11,STR,Aston Martin,3,HARD,HARDEST,False,35.0,69.0,35.0,False,True,False,True
2023_11_TSU_s1,2023_11,TSU,AlphaTauri,1,SOFT,SOFTEST,True,1.0,9.0,9.0,True,False,True,True
2023_11_TSU_s2,2023_11,TSU,AlphaTauri,2,HARD,HARDEST,False,10.0,44.0,35.0,True,False,True,False
2023_11_TSU_s3,2023_11,TSU,AlphaTauri,3,MEDIUM,MIDDLE,True,45.0,69.0,25.0,False,True,False,True
2023_11_VER_s1,2023_11,VER,Red Bull Racing,1,MEDIUM,MIDDLE,False,1.0,23.0,23.0,True,False,True,True
2023_11_VER_s2,2023_11,VER,Red Bull Racing,2,HARD,HARDEST,True,24.0,51.0,28.0,True,False,True,False
2023_11_VER_s3,2023_11,VER,Red Bull Racing,3,MEDIUM,MIDDLE,False,52.0,70.0,19.0,False,True,False,True
2023_11_ZHO_s1,2023_11,ZHO,Alfa Romeo,1,MEDIUM,MIDDLE,False,1.0,10.0,10.0,True,False,True,True
2023_11_ZHO_s2,2023_11,ZHO,Alfa Romeo,2,HARD,HARDEST,False,11.0,38.0,28.0,True,False,True,False
2023_11_ZHO_s3,2023_11,ZHO,Alfa Romeo,3,HARD,HARDEST,False,39.0,69.0,31.0,False,True,False,True
2023_12_ALB_s1,2023_12,ALB,Williams,1,SOFT,SOFTEST,True,1.0,7.0,7.0,True,False,True,True
2023_12_ALB_s2,2023_12,ALB,Williams,2,MEDIUM,MIDDLE,True,8.0,23.0,16.0,True,False,True,False
2023_12_ALB_s3,2023_12,ALB,Williams,3,MEDIUM,MIDDLE,True,24.0,33.0,10.0,True,False,True,False
2023_12_ALB_s4,2023_12,ALB,Williams,4,SOFT,SOFTEST,True,34.0,44.0,11.0,False,True,False,True
2023_12_ALO_s1,2023_12,ALO,Aston Martin,1,MEDIUM,MIDDLE,True,1.0,10.0,10.0,True,False,True,True
2023_12_ALO_s2,2023_12,ALO,Aston Martin,2,MEDIUM,MIDDLE,True,11.0,29.0,19.0,True,False,True,False
2023_12_ALO_s3,2023_12,ALO,Aston Martin,3,SOFT,SOFTEST,True,30.0,44.0,15.0,False,True,False,True
2023_12_BOT_s1,2023_12,BOT,Alfa Romeo,1,SOFT,SOFTEST,True,1.0,6.0,6.0,True,False,True,True
2023_12_BOT_s2,2023_12,BOT,Alfa Romeo,2,MEDIUM,MIDDLE,True,7.0,24.0,18.0,True,False,True,False
2023_12_BOT_s3,2023_12,BOT,Alfa Romeo,3,MEDIUM,MIDDLE,True,25.0,44.0,20.0,False,True,False,True
2023_12_GAS_s1,2023_12,GAS,Alpine,1,SOFT,SOFTEST,True,1.0,23.0,23.0,True,False,True,True
2023_12_GAS_s2,2023_12,GAS,Alpine,2,MEDIUM,MIDDLE,True,24.0,44.0,21.0,False,True,False,True
2023_12_HAM_s1,2023_12,HAM,Mercedes,1,SOFT,SOFTEST,True,1.0,12.0,12.0,True,False,True,True
2023_12_HAM_s2,2023_12,HAM,Mercedes,2,MEDIUM,MIDDLE,True,13.0,27.0,15.0,True,False,True,False
2023_12_HAM_s3,2023_12,HAM,Mercedes,3,SOFT,SOFTEST,True,28.0,42.0,15.0,True,False,True,False
2023_12_HAM_s4,2023_12,HAM,Mercedes,4,MEDIUM,MIDDLE,True,43.0,44.0,2.0,False,True,False,True
2023_12_HUL_s1,2023_12,HUL,Haas F1 Team,1,MEDIUM,MIDDLE,True,1.0,12.0,12.0,True,False,True,True
2023_12_HUL_s2,2023_12,HUL,Haas F1 Team,2,SOFT,SOFTEST,True,13.0,24.0,12.0,True,False,True,False
2023_12_HUL_s3,2023_12,HUL,Haas F1 Team,3,SOFT,SOFTEST,True,25.0,44.0,20.0,False,True,False,True
2023_12_LEC_s1,2023_12,LEC,Ferrari,1,SOFT,SOFTEST,True,1.0,13.0,13.0,True,False,True,True
2023_12_LEC_s2,2023_12,LEC,Ferrari,2,MEDIUM,MIDDLE,True,14.0,28.0,15.0,True,False,True,False
2023_12_LEC_s3,2023_12,LEC,Ferrari,3,SOFT,SOFTEST,True,29.0,44.0,16.0,False,True,False,True
2023_12_MAG_s1,2023_12,MAG,Haas F1 Team,1,SOFT,SOFTEST,True,1.0,5.0,5.0,True,False,True,True
2023_12_MAG_s2,2023_12,MAG,Haas F1 Team,2,MEDIUM,MIDDLE,True,6.0,25.0,20.0,True,False,True,False
2023_12_MAG_s3,2023_12,MAG,Haas F1 Team,3,MEDIUM,MIDDLE,True,26.0,44.0,19.0,False,True,False,True
2023_12_NOR_s1,2023_12,NOR,McLaren,1,MEDIUM,MIDDLE,True,1.0,5.0,5.0,True,False,True,True
2023_12_NOR_s2,2023_12,NOR,McLaren,2,HARD,HARDEST,True,6.0,17.0,12.0,True,False,True,False
2023_12_NOR_s3,2023_12,NOR,McLaren,3,SOFT,SOFTEST,True,18.0,44.0,27.0,False,True,False,True
2023_12_OCO_s1,2023_12,OCO,Alpine,1,SOFT,SOFTEST,True,1.0,6.0,6.0,True,False,True,True
2023_12_OCO_s2,2023_12,OCO,Alpine,2,MEDIUM,MIDDLE,True,7.0,25.0,19.0,True,False,True,False
2023_12_OCO_s3,2023_12,OCO,Alpine,3,SOFT,SOFTEST,True,26.0,44.0,19.0,False,True,False,True
2023_12_PER_s1,2023_12,PER,Red Bull Racing,1,SOFT,SOFTEST,True,1.0,13.0,13.0,True,False,True,True
2023_12_PER_s2,2023_12,PER,Red Bull Racing,2,MEDIUM,MIDDLE,True,14.0,29.0,16.0,True,False,True,False
2023_12_PER_s3,2023_12,PER,Red Bull Racing,3,SOFT,SOFTEST,True,30.0,44.0,15.0,False,True,False,True
2023_12_PIA_s1,2023_12,PIA,McLaren,1,MEDIUM,MIDDLE,True,1.0,1.0,1.0,False,False,False,False
2023_12_RIC_s1,2023_12,RIC,AlphaTauri,1,SOFT,SOFTEST,True,1.0,5.0,5.0,True,False,True,True
2023_12_RIC_s2,2023_12,RIC,AlphaTauri,2,MEDIUM,MIDDLE,True,6.0,22.0,17.0,True,False,True,False
2023_12_RIC_s3,2023_12,RIC,AlphaTauri,3,MEDIUM,MIDDLE,True,23.0,44.0,22.0,False,True,False,True
2023_12_RUS_s1,2023_12,RUS,Mercedes,1,MEDIUM,MIDDLE,True,1.0,22.0,22.0,True,False,True,True
2023_12_RUS_s2,2023_12,RUS,Mercedes,2,SOFT,SOFTEST,True,23.0,44.0,22.0,False,True,False,True
2023_12_SAI_s1,2023_12,SAI,Ferrari,1,SOFT,SOFTEST,True,1.0,7.0,7.0,True,False,True,True
2023_12_SAI_s2,2023_12,SAI,Ferrari,2,MEDIUM,MIDDLE,True,8.0,23.0,16.0,True,False,True,False
2023_12_SAR_s1,2023_12,SAR,Williams,1,SOFT,SOFTEST,True,1.0,8.0,8.0,True,False,True,True
2023_12_SAR_s2,2023_12,SAR,Williams,2,MEDIUM,MIDDLE,True,9.0,24.0,16.0,True,False,True,False
2023_12_SAR_s3,2023_12,SAR,Williams,3,MEDIUM,MIDDLE,True,25.0,34.0,10.0,True,False,True,False
2023_12_SAR_s4,2023_12,SAR,Williams,4,SOFT,SOFTEST,True,35.0,44.0,10.0,False,True,False,True
2023_12_STR_s1,2023_12,STR,Aston Martin,1,MEDIUM,MIDDLE,True,1.0,20.0,20.0,True,False,True,True
2023_12_STR_s2,2023_12,STR,Aston Martin,2,SOFT,SOFTEST,True,21.0,44.0,24.0,False,True,False,True
2023_12_TSU_s1,2023_12,TSU,AlphaTauri,1,MEDIUM,MIDDLE,True,1.0,9.0,9.0,True,False,True,True
2023_12_TSU_s2,2023_12,TSU,AlphaTauri,2,MEDIUM,MIDDLE,True,10.0,24.0,15.0,True,False,True,False
2023_12_TSU_s3,2023_12,TSU,AlphaTauri,3,SOFT,SOFTEST,True,25.0,44.0,20.0,False,True,False,True
2023_12_VER_s1,2023_12,VER,Red Bull Racing,1,SOFT,SOFTEST,True,1.0,14.0,14.0,True,False,True,True
2023_12_VER_s2,2023_12,VER,Red Bull Racing,2,MEDIUM,MIDDLE,True,15.0,30.0,16.0,True,False,True,False
2023_12_VER_s3,2023_12,VER,Red Bull Racing,3,SOFT,SOFTEST,True,31.0,44.0,14.0,False,True,False,False
2023_12_ZHO_s1,2023_12,ZHO,Alfa Romeo,1,SOFT,SOFTEST,True,1.0,7.0,7.0,True,False,True,True
2023_12_ZHO_s2,2023_12,ZHO,Alfa Romeo,2,MEDIUM,MIDDLE,True,8.0,25.0,18.0,True,False,True,False
2023_12_ZHO_s3,2023_12,ZHO,Alfa Romeo,3,SOFT,SOFTEST,True,26.0,44.0,19.0,False,True,False,True
2023_13_ALB_s1,2023_13,ALB,Williams,1,SOFT,SOFTEST,True,1.0,44.0,44.0,True,False,True,True
2023_13_ALB_s2,2023_13,ALB,Williams,2,MEDIUM,MIDDLE,True,45.0,61.0,17.0,True,False,True,False
2023_13_ALB_s3,2023_13,ALB,Williams,3,WET,WET,False,62.0,63.0,2.0,True,False,True,True
2023_13_ALB_s4,2023_13,ALB,Williams,4,WET,WET,False,64.0,64.0,1.0,True,False,True,True
2023_13_ALB_s5,2023_13,ALB,Williams,5,WET,WET,False,65.0,72.0,8.0,False,True,False,True
2023_13_ALO_s1,2023_13,ALO,Aston Martin,1,SOFT,SOFTEST,True,1.0,2.0,2.0,True,False,True,False
2023_13_ALO_s2,2023_13,ALO,Aston Martin,2,WET,WET,True,3.0,10.0,8.0,True,False,True,False
2023_13_ALO_s3,2023_13,ALO,Aston Martin,3,SOFT,SOFTEST,True,11.0,48.0,38.0,True,False,True,True
2023_13_ALO_s4,2023_13,ALO,Aston Martin,4,SOFT,SOFTEST,False,49.0,61.0,13.0,True,False,True,False
2023_13_ALO_s5,2023_13,ALO,Aston Martin,5,WET,WET,False,62.0,64.0,3.0,True,False,True,True
2023_13_ALO_s6,2023_13,ALO,Aston Martin,6,WET,WET,False,65.0,72.0,8.0,False,True,False,True
2023_13_BOT_s1,2023_13,BOT,Alfa Romeo,1,SOFT,SOFTEST,True,1.0,16.0,16.0,True,False,True,True
2023_13_BOT_s2,2023_13,BOT,Alfa Romeo,2,MEDIUM,MIDDLE,True,17.0,47.0,31.0,True,False,True,True
2023_13_BOT_s3,2023_13,BOT,Alfa Romeo,3,SOFT,SOFTEST,True,48.0,59.0,12.0,True,False,True,False
2023_13_BOT_s4,2023_13,BOT,Alfa Romeo,4,WET,WET,True,60.0,63.0,4.0,True,False,True,True
2023_13_BOT_s5,2023_13,BOT,Alfa Romeo,5,WET,WET,True,64.0,64.0,1.0,True,False,True,True
2023_13_BOT_s6,2023_13,BOT,Alfa Romeo,6,WET,WET,False,65.0,72.0,8.0,False,True,False,True
2023_13_GAS_s1,2023_13,GAS,Alpine,1,SOFT,SOFTEST,True,1.0,1.0,1.0,True,False,True,False
2023_13_GAS_s2,2023_13,GAS,Alpine,2,WET,WET,False,2.0,11.0,10.0,True,False,True,False
2023_13_GAS_s3,2023_13,GAS,Alpine,3,SOFT,SOFTEST,True,12.0,46.0,35.0,True,False,True,True
2023_13_GAS_s4,2023_13,GAS,Alpine,4,SOFT,SOFTEST,True,47.0,60.0,14.0,True,False,True,False
2023_13_GAS_s5,2023_13,GAS,Alpine,5,WET,WET,True,61.0,64.0,4.0,True,False,True,True
2023_13_GAS_s6,2023_13,GAS,Alpine,6,WET,WET,False,65.0,72.0,8.0,False,True,False,True
2023_13_HAM_s1,2023_13,HAM,Mercedes,1,MEDIUM,MIDDLE,True,1.0,3.0,3.0,True,False,True,False
2023_13_HAM_s2,2023_13,HAM,Mercedes,2,WET,WET,True,4.0,9.0,6.0,True,False,True,False
2023_13_HAM_s3,2023_13,HAM,Mercedes,3,SOFT,SOFTEST,True,10.0,45.0,36.0,True,False,True,True
2023_13_HAM_s4,2023_13,HAM,Mercedes,4,SOFT,SOFTEST,True,46.0,60.0,15.0,True,False,True,False
2023_13_HAM_s5,2023_13,HAM,Mercedes,5,WET,WET,False,61.0,64.0,4.0,True,False,True,True
2023_13_HAM_s6,2023_13,HAM,Mercedes,6,WET,WET,False,65.0,72.0,8.0,False,True,False,True
2023_13_HUL_s1,2023_13,HUL,Haas F1 Team,1,SOFT,SOFTEST,True,1.0,16.0,16.0,True,False,True,True
2023_13_HUL_s2,2023_13,HUL,Haas F1 Team,2,MEDIUM,MIDDLE,True,17.0,48.0,32.0,True,False,True,True
2023_13_HUL_s3,2023_13,HUL,Haas F1 Team,3,SOFT,SOFTEST,True,49.0,60.0,12.0,True,False,True,False
2023_13_HUL_s4,2023_13,HUL,Haas F1 Team,4,WET,WET,False,61.0,63.0,3.0,True,False,True,True
2023_13_HUL_s5,2023_13,HUL,Haas F1 Team,5,WET,WET,False,64.0,64.0,1.0,True,False,True,True
2023_13_HUL_s6,2023_13,HUL,Haas F1 Team,6,WET,WET,False,65.0,72.0,8.0,False,True,False,True
2023_13_LAW_s1,2023_13,LAW,AlphaTauri,1,SOFT,SOFTEST,True,1.0,1.0,1.0,True,False,True,False
2023_13_LAW_s2,2023_13,LAW,AlphaTauri,2,WET,WET,False,2.0,10.0,9.0,True,False,True,False
2023_13_LAW_s3,2023_13,LAW,AlphaTauri,3,SOFT,SOFTEST,True,11.0,17.0,7.0,True,False,True,True
2023_13_LAW_s4,2023_13,LAW,AlphaTauri,4,MEDIUM,MIDDLE,True,18.0,46.0,29.0,True,False,True,True
2023_13_LAW_s5,2023_13,LAW,AlphaTauri,5,SOFT,SOFTEST,True,47.0,59.0,13.0,True,False,True,False
2023_13_LAW_s6,2023_13,LAW,AlphaTauri,6,WET,WET,True,60.0,63.0,4.0,True,False,True,True
2023_13_LAW_s7,2023_13,LAW,AlphaTauri,7,WET,WET,False,64.0,64.0,1.0,True,False,True,True
2023_13_LAW_s8,2023_13,LAW,AlphaTauri,8,WET,WET,False,65.0,72.0,8.0,False,True,False,True
2023_13_LEC_s1,2023_13,LEC,Ferrari,1,SOFT,SOFTEST,True,1.0,1.0,1.0,True,False,True,False
2023_13_LEC_s2,2023_13,LEC,Ferrari,2,WET,WET,True,2.0,11.0,10.0,True,False,True,False
2023_13_LEC_s3,2023_13,LEC,Ferrari,3,SOFT,SOFTEST,True,12.0,41.0,30.0,True,False,True,True
2023_13_MAG_s1,2023_13,MAG,Haas F1 Team,1,SOFT,SOFTEST,True,1.0,1.0,1.0,True,False,True,False
2023_13_MAG_s2,2023_13,MAG,Haas F1 Team,2,WET,WET,True,2.0,9.0,8.0,True,False,True,False
2023_13_MAG_s3,2023_13,MAG,Haas F1 Team,3,SOFT,SOFTEST,True,10.0,35.0,26.0,True,False,True,True
2023_13_MAG_s4,2023_13,MAG,Haas F1 Team,4,MEDIUM,MIDDLE,True,36.0,60.0,25.0,True,False,True,False
2023_13_MAG_s5,2023_13,MAG,Haas F1 Team,5,WET,WET,True,61.0,63.0,3.0,True,False,True,True
2023_13_MAG_s6,2023_13,MAG,Haas F1 Team,6,WET,WET,False,64.0,64.0,1.0,True,False,True,True
2023_13_MAG_s7,2023_13,MAG,Haas F1 Team,7,WET,WET,False,65.0,72.0,8.0,False,True,False,True
2023_13_NOR_s1,2023_13,NOR,McLaren,1,SOFT,SOFTEST,True,1.0,3.0,3.0,True,False,True,False
2023_13_NOR_s2,2023_13,NOR,McLaren,2,WET,WET,True,4.0,10.0,7.0,True,False,True,False
2023_13_NOR_s3,2023_13,NOR,McLaren,3,SOFT,SOFTEST,False,11.0,42.0,32.0,True,False,True,True
2023_13_NOR_s4,2023_13,NOR,McLaren,4,SOFT,SOFTEST,False,43.0,60.0,18.0,True,False,True,False
2023_13_NOR_s5,2023_13,NOR,McLaren,5,WET,WET,False,61.0,63.0,3.0,True,False,True,True
2023_13_NOR_s6,2023_13,NOR,McLaren,6,WET,WET,False,64.0,64.0,1.0,True,False,True,True
2023_13_NOR_s7,2023_13,NOR,McLaren,7,WET,WET,False,65.0,72.0,8.0,False,True,False,True
2023_13_OCO_s1,2023_13,OCO,Alpine,1,SOFT,SOFTEST,True,1.0,2.0,2.0,True,False,True,False
2023_13_OCO_s2,2023_13,OCO,Alpine,2,WET,WET,True,3.0,10.0,8.0,True,False,True,False
2023_13_OCO_s3,2023_13,OCO,Alpine,3,SOFT,SOFTEST,True,11.0,43.0,33.0,True,False,True,True
2023_13_OCO_s4,2023_13,OCO,Alpine,4,SOFT,SOFTEST,True,44.0,61.0,18.0,True,False,True,False
2023_13_OCO_s5,2023_13,OCO,Alpine,5,WET,WET,True,62.0,63.0,2.0,True,False,True,True
2023_13_OCO_s6,2023_13,OCO,Alpine,6,WET,WET,True,64.0,64.0,1.0,True,False,True,True
2023_13_OCO_s7,2023_13,OCO,Alpine,7,WET,WET,False,65.0,72.0,8.0,False,True,False,True
2023_13_PER_s1,2023_13,PER,Red Bull Racing,1,SOFT,SOFTEST,True,1.0,1.0,1.0,True,False,True,False
2023_13_PER_s2,2023_13,PER,Red Bull Racing,2,WET,WET,True,2.0,12.0,11.0,True,False,True,False
2023_13_PER_s3,2023_13,PER,Red Bull Racing,3,SOFT,SOFTEST,True,13.0,45.0,33.0,True,False,True,True
2023_13_PER_s4,2023_13,PER,Red Bull Racing,4,SOFT,SOFTEST,False,46.0,60.0,15.0,True,False,True,False
2023_13_PER_s5,2023_13,PER,Red Bull Racing,5,WET,WET,False,61.0,63.0,3.0,True,False,True,True
2023_13_PER_s6,2023_13,PER,Red Bull Racing,6,WET,WET,False,64.0,64.0,1.0,True,False,True,True
2023_13_PER_s7,2023_13,PER,Red Bull Racing,7,WET,WET,False,65.0,72.0,8.0,False,True,False,True
2023_13_PIA_s1,2023_13,PIA,McLaren,1,SOFT,SOFTEST,True,1.0,15.0,15.0,True,False,True,False
2023_13_PIA_s2,2023_13,PIA,McLaren,2,SOFT,SOFTEST,True,16.0,46.0,31.0,True,False,True,True
2023_13_PIA_s3,2023_13,PIA,McLaren,3,MEDIUM,MIDDLE,True,47.0,60.0,14.0,True,False,True,False
2023_13_PIA_s4,2023_13,PIA,McLaren,4,WET,WET,False,61.0,63.0,3.0,True,False,True,True
2023_13_PIA_s5,2023_13,PIA,McLaren,5,WET,WET,False,64.0,64.0,1.0,True,False,True,True
2023_13_PIA_s6,2023_13,PIA,McLaren,6,WET,WET,False,65.0,72.0,8.0,False,True,False,True
2023_13_RUS_s1,2023_13,RUS,Mercedes,1,SOFT,SOFTEST,True,1.0,4.0,4.0,True,False,True,False
2023_13_RUS_s2,2023_13,RUS,Mercedes,2,WET,WET,True,5.0,10.0,6.0,True,False,True,False
2023_13_RUS_s3,2023_13,RUS,Mercedes,3,SOFT,SOFTEST,True,11.0,16.0,6.0,True,False,True,True
2023_13_RUS_s4,2023_13,RUS,Mercedes,4,HARD,HARDEST,True,17.0,60.0,44.0,True,False,True,True
2023_13_RUS_s5,2023_13,RUS,Mercedes,5,WET,WET,False,61.0,63.0,3.0,True,False,True,True
2023_13_RUS_s6,2023_13,RUS,Mercedes,6,WET,WET,False,64.0,64.0,1.0,True,False,True,True
2023_13_RUS_s7,2023_13,RUS,Mercedes,7,WET,WET,False,65.0,67.0,3.0,True,False,True,True
2023_13_RUS_s8,2023_13,RUS,Mercedes,8,WET,WET,False,68.0,72.0,5.0,False,True,False,False
2023_13_SAI_s1,2023_13,SAI,Ferrari,1,SOFT,SOFTEST,True,1.0,2.0,2.0,True,False,True,False
2023_13_SAI_s2,2023_13,SAI,Ferrari,2,WET,WET,True,3.0,10.0,8.0,True,False,True,False
2023_13_SAI_s3,2023_13,SAI,Ferrari,3,SOFT,SOFTEST,True,11.0,41.0,31.0,True,False,True,True
2023_13_SAI_s4,2023_13,SAI,Ferrari,4,SOFT,SOFTEST,False,42.0,60.0,19.0,True,False,True,False
2023_13_SAI_s5,2023_13,SAI,Ferrari,5,WET,WET,False,61.0,64.0,4.0,True,False,True,True
2023_13_SAI_s6,2023_13,SAI,Ferrari,6,WET,WET,False,65.0,72.0,8.0,False,True,False,True
2023_13_SAR_s1,2023_13,SAR,Williams,1,SOFT,SOFTEST,True,1.0,15.0,15.0,False,False,False,True
2023_13_STR_s1,2023_13,STR,Aston Martin,1,SOFT,SOFTEST,True,1.0,4.0,4.0,True,False,True,False
2023_13_STR_s2,2023_13,STR,Aston Martin,2,WET,WET,True,5.0,9.0,5.0,True,False,True,False
2023_13_STR_s3,2023_13,STR,Aston Martin,3,SOFT,SOFTEST,True,10.0,16.0,7.0,True,False,True,True
2023_13_STR_s4,2023_13,STR,Aston Martin,4,MEDIUM,MIDDLE,True,17.0,34.0,18.0,True,False,True,True
2023_13_STR_s5,2023_13,STR,Aston Martin,5,SOFT,SOFTEST,True,35.0,60.0,26.0,True,False,True,False
2023_13_STR_s6,2023_13,STR,Aston Martin,6,WET,WET,False,61.0,63.0,3.0,True,False,True,True
2023_13_STR_s7,2023_13,STR,Aston Martin,7,WET,WET,False,64.0,64.0,1.0,True,False,True,True
2023_13_STR_s8,2023_13,STR,Aston Martin,8,WET,WET,False,65.0,72.0,8.0,False,True,False,True
2023_13_TSU_s1,2023_13,TSU,AlphaTauri,1,SOFT,SOFTEST,True,1.0,1.0,1.0,True,False,True,False
2023_13_TSU_s2,2023_13,TSU,AlphaTauri,2,WET,WET,False,2.0,10.0,9.0,True,False,True,False
2023_13_TSU_s3,2023_13,TSU,AlphaTauri,3,SOFT,SOFTEST,True,11.0,60.0,50.0,True,False,True,True
2023_13_TSU_s4,2023_13,TSU,AlphaTauri,4,WET,WET,False,61.0,63.0,3.0,True,False,True,True
2023_13_TSU_s5,2023_13,TSU,AlphaTauri,5,WET,WET,False,64.0,64.0,1.0,True,False,True,True
2023_13_TSU_s6,2023_13,TSU,AlphaTauri,6,WET,WET,False,65.0,72.0,8.0,False,True,False,True
2023_13_VER_s1,2023_13,VER,Red Bull Racing,1,SOFT,SOFTEST,True,1.0,2.0,2.0,True,False,True,False
2023_13_VER_s2,2023_13,VER,Red Bull Racing,2,WET,WET,True,3.0,11.0,9.0,True,False,True,False
2023_13_VER_s3,2023_13,VER,Red Bull Racing,3,SOFT,SOFTEST,True,12.0,49.0,38.0,True,False,True,True
2023_13_VER_s4,2023_13,VER,Red Bull Racing,4,SOFT,SOFTEST,False,50.0,61.0,12.0,True,False,True,False
2023_13_VER_s5,2023_13,VER,Red Bull Racing,5,WET,WET,False,62.0,63.0,2.0,True,False,True,True
2023_13_VER_s6,2023_13,VER,Red Bull Racing,6,WET,WET,True,64.0,64.0,1.0,True,False,True,True
2023_13_VER_s7,2023_13,VER,Red Bull Racing,7,WET,WET,False,65.0,72.0,8.0,False,True,False,True
2023_13_ZHO_s1,2023_13,ZHO,Alfa Romeo,1,SOFT,SOFTEST,True,1.0,1.0,1.0,True,False,True,False
2023_13_ZHO_s2,2023_13,ZHO,Alfa Romeo,2,WET,WET,True,2.0,10.0,9.0,True,False,True,False
2023_13_ZHO_s3,2023_13,ZHO,Alfa Romeo,3,MEDIUM,MIDDLE,True,11.0,37.0,27.0,True,False,True,True
2023_13_ZHO_s4,2023_13,ZHO,Alfa Romeo,4,SOFT,SOFTEST,True,38.0,60.0,23.0,True,False,True,False
2023_13_ZHO_s5,2023_13,ZHO,Alfa Romeo,5,WET,WET,True,61.0,63.0,3.0,False,False,False,True
2023_14_ALB_s1,2023_14,ALB,Williams,1,MEDIUM,SOFTEST,False,1.0,15.0,15.0,True,False,True,False
2023_14_ALB_s2,2023_14,ALB,Williams,2,HARD,MIDDLE,False,16.0,51.0,36.0,False,True,False,False
2023_14_ALO_s1,2023_14,ALO,Aston Martin,1,MEDIUM,SOFTEST,True,1.0,21.0,21.0,True,False,True,False
2023_14_ALO_s2,2023_14,ALO,Aston Martin,2,HARD,MIDDLE,False,22.0,51.0,30.0,False,True,False,False
2023_14_BOT_s1,2023_14,BOT,Alfa Romeo,1,HARD,MIDDLE,False,1.0,25.0,25.0,True,False,True,False
2023_14_BOT_s2,2023_14,BOT,Alfa Romeo,2,MEDIUM,SOFTEST,False,26.0,51.0,26.0,False,True,False,False
2023_14_GAS_s1,2023_14,GAS,Alpine,1,MEDIUM,SOFTEST,True,1.0,10.0,10.0,True,False,True,False
2023_14_GAS_s2,2023_14,GAS,Alpine,2,HARD,MIDDLE,False,11.0,31.0,21.0,True,False,True,False
2023_14_GAS_s3,2023_14,GAS,Alpine,3,MEDIUM,SOFTEST,True,32.0,51.0,20.0,False,True,False,False
2023_14_HAM_s1,2023_14,HAM,Mercedes,1,HARD,MIDDLE,False,1.0,27.0,27.0,True,False,True,False
2023_14_HAM_s2,2023_14,HAM,Mercedes,2,MEDIUM,SOFTEST,True,28.0,51.0,24.0,False,True,False,False
2023_14_HUL_s1,2023_14,HUL,Haas F1 Team,1,MEDIUM,SOFTEST,False,1.0,14.0,14.0,True,False,True,False
2023_14_HUL_s2,2023_14,HUL,Haas F1 Team,2,HARD,MIDDLE,False,15.0,39.0,25.0,True,False,True,False
2023_14_HUL_s3,2023_14,HUL,Haas F1 Team,3,MEDIUM,SOFTEST,False,40.0,51.0,12.0,False,True,False,False
2023_14_LAW_s1,2023_14,LAW,AlphaTauri,1,MEDIUM,SOFTEST,False,1.0,13.0,13.0,True,False,True,False
2023_14_LAW_s2,2023_14,LAW,AlphaTauri,2,HARD,MIDDLE,False,14.0,33.0,20.0,True,False,True,False
2023_14_LAW_s3,2023_14,LAW,AlphaTauri,3,MEDIUM,SOFTEST,False,34.0,51.0,18.0,False,True,False,False
2023_14_LEC_s1,2023_14,LEC,Ferrari,1,MEDIUM,SOFTEST,True,1.0,20.0,20.0,True,False,True,False
2023_14_LEC_s2,2023_14,LEC,Ferrari,2,HARD,MIDDLE,True,21.0,51.0,31.0,False,True,False,False
2023_14_MAG_s1,2023_14,MAG,Haas F1 Team,1,HARD,MIDDLE,False,1.0,12.0,12.0,True,False,True,False
2023_14_MAG_s2,2023_14,MAG,Haas F1 Team,2,MEDIUM,SOFTEST,True,13.0,33.0,21.0,True,False,True,False
2023_14_MAG_s3,2023_14,MAG,Haas F1 Team,3,MEDIUM,SOFTEST,True,34.0,51.0,18.0,False,True,False,False
2023_14_NOR_s1,2023_14,NOR,McLaren,1,MEDIUM,SOFTEST,True,1.0,22.0,22.0,True,False,True,False
2023_14_NOR_s2,2023_14,NOR,McLaren,2,HARD,MIDDLE,False,23.0,51.0,29.0,False,True,False,False
2023_14_OCO_s1,2023_14,OCO,Alpine,1,MEDIUM,SOFTEST,True,1.0,24.0,24.0,True,False,True,False
2023_14_OCO_s2,2023_14,OCO,Alpine,2,HARD,MIDDLE,False,25.0,39.0,15.0,True,False,True,False
2023_14_PER_s1,2023_14,PER,Red Bull Racing,1,MEDIUM,SOFTEST,True,1.0,21.0,21.0,True,False,True,False
2023_14_PER_s2,2023_14,PER,Red Bull Racing,2,HARD,MIDDLE,True,22.0,51.0,30.0,False,True,False,False
2023_14_PIA_s1,2023_14,PIA,McLaren,1,MEDIUM,SOFTEST,True,1.0,23.0,23.0,True,False,True,False
2023_14_PIA_s2,2023_14,PIA,McLaren,2,HARD,MIDDLE,False,24.0,41.0,18.0,True,False,True,False
2023_14_PIA_s3,2023_14,PIA,McLaren,3,MEDIUM,SOFTEST,False,42.0,51.0,10.0,False,True,False,False
2023_14_RUS_s1,2023_14,RUS,Mercedes,1,MEDIUM,SOFTEST,True,1.0,19.0,19.0,True,False,True,False
2023_14_RUS_s2,2023_14,RUS,Mercedes,2,HARD,MIDDLE,False,20.0,51.0,32.0,False,True,False,False
2023_14_SAI_s1,2023_14,SAI,Ferrari,1,MEDIUM,SOFTEST,True,1.0,19.0,19.0,True,False,True,False
2023_14_SAI_s2,2023_14,SAI,Ferrari,2,HARD,MIDDLE,True,20.0,51.0,32.0,False,True,False,False
2023_14_SAR_s1,2023_14,SAR,Williams,1,MEDIUM,SOFTEST,False,1.0,14.0,14.0,True,False,True,False
2023_14_SAR_s2,2023_14,SAR,Williams,2,HARD,MIDDLE,False,15.0,51.0,37.0,False,True,False,False
2023_14_STR_s1,2023_14,STR,Aston Martin,1,MEDIUM,SOFTEST,True,1.0,20.0,20.0,True,False,True,False
2023_14_STR_s2,2023_14,STR,Aston Martin,2,HARD,MIDDLE,False,21.0,51.0,31.0,False,True,False,False
2023_14_TSU_s1,2023_14,TSU,AlphaTauri,1,MEDIUM,SOFTEST,False,1.0,1.0,1.0,False,False,False,False
2023_14_VER_s1,2023_14,VER,Red Bull Racing,1,MEDIUM,SOFTEST,True,1.0,20.0,20.0,True,False,True,False
2023_14_VER_s2,2023_14,VER,Red Bull Racing,2,HARD,MIDDLE,True,21.0,51.0,31.0,False,True,False,False
2023_14_ZHO_s1,2023_14,ZHO,Alfa Romeo,1,MEDIUM,SOFTEST,True,1.0,11.0,11.0,True,False,True,False
2023_14_ZHO_s2,2023_14,ZHO,Alfa Romeo,2,HARD,MIDDLE,False,12.0,33.0,22.0,True,False,True,False
2023_14_ZHO_s3,2023_14,ZHO,Alfa Romeo,3,MEDIUM,SOFTEST,True,34.0,51.0,18.0,False,True,False,False
2023_15_ALB_s1,2023_15,ALB,Williams,1,MEDIUM,MIDDLE,True,1.0,20.0,20.0,True,False,True,True
2023_15_ALB_s2,2023_15,ALB,Williams,2,HARD,HARDEST,True,21.0,43.0,23.0,True,False,True,True
2023_15_ALB_s3,2023_15,ALB,Williams,3,MEDIUM,MIDDLE,True,44.0,62.0,19.0,False,True,False,True
2023_15_ALO_s1,2023_15,ALO,Aston Martin,1,MEDIUM,MIDDLE,True,1.0,20.0,20.0,True,False,True,True
2023_15_ALO_s2,2023_15,ALO,Aston Martin,2,HARD,HARDEST,True,21.0,44.0,24.0,True,False,True,True
2023_15_ALO_s3,2023_15,ALO,Aston Martin,3,SOFT,SOFTEST,False,45.0,62.0,18.0,False,True,False,True
2023_15_BOT_s1,2023_15,BOT,Alfa Romeo,1,HARD,HARDEST,True,1.0,40.0,40.0,True,False,True,True
2023_15_BOT_s2,2023_15,BOT,Alfa Romeo,2,MEDIUM,MIDDLE,True,41.0,52.0,12.0,False,False,False,True
2023_15_GAS_s1,2023_15,GAS,Alpine,1,MEDIUM,MIDDLE,True,1.0,20.0,20.0,True,False,True,True
2023_15_GAS_s2,2023_15,GAS,Alpine,2,HARD,HARDEST,True,21.0,62.0,42.0,False,True,False,True
2023_15_HAM_s1,2023_15,HAM,Mercedes,1,MEDIUM,MIDDLE,True,1.0,20.0,20.0,True,False,True,True
2023_15_HAM_s2,2023_15,HAM,Mercedes,2,HARD,HARDEST,True,21.0,44.0,24.0,True,False,True,True
2023_15_HAM_s3,2023_15,HAM,Mercedes,3,MEDIUM,MIDDLE,True,45.0,62.0,18.0,False,True,False,True
2023_15_HUL_s1,2023_15,HUL,Haas F1 Team,1,MEDIUM,MIDDLE,True,1.0,20.0,20.0,True,False,True,True
2023_15_HUL_s2,2023_15,HUL,Haas F1 Team,2,HARD,HARDEST,True,21.0,62.0,42.0,False,True,False,True
2023_15_LAW_s1,2023_15,LAW,AlphaTauri,1,MEDIUM,MIDDLE,True,1.0,20.0,20.0,True,False,True,True
2023_15_LAW_s2,2023_15,LAW,AlphaTauri,2,HARD,HARDEST,True,21.0,62.0,42.0,False,True,False,True
2023_15_LEC_s1,2023_15,LEC,Ferrari,1,SOFT,SOFTEST,False,1.0,20.0,20.0,True,False,True,True
2023_15_LEC_s2,2023_15,LEC,Ferrari,2,HARD,HARDEST,True,21.0,62.0,42.0,False,True,False,True
2023_15_MAG_s1,2023_15,MAG,Haas F1 Team,1,MEDIUM,MIDDLE,True,1.0,20.0,20.0,True,False,True,True
2023_15_MAG_s2,2023_15,MAG,Haas F1 Team,2,HARD,HARDEST,True,21.0,43.0,23.0,True,False,True,True
2023_15_MAG_s3,2023_15,MAG,Haas F1 Team,3,SOFT,SOFTEST,False,44.0,62.0,19.0,False,True,False,True
2023_15_NOR_s1,2023_15,NOR,McLaren,1,MEDIUM,MIDDLE,True,1.0,20.0,20.0,True,False,True,True
2023_15_NOR_s2,2023_15,NOR,McLaren,2,HARD,HARDEST,True,21.0,62.0,42.0,False,True,False,True
2023_15_OCO_s1,2023_15,OCO,Alpine,1,MEDIUM,MIDDLE,True,1.0,20.0,20.0,True,False,True,True
2023_15_OCO_s2,2023_15,OCO,Alpine,2,HARD,HARDEST,True,21.0,43.0,23.0,False,False,False,True
2023_15_PER_s1,2023_15,PER,Red Bull Racing,1,HARD,HARDEST,True,1.0,39.0,39.0,True,False,True,True
2023_15_PER_s2,2023_15,PER,Red Bull Racing,2,MEDIUM,MIDDLE,True,40.0,62.0,23.0,False,True,False,True
2023_15_PIA_s1,2023_15,PIA,McLaren,1,MEDIUM,MIDDLE,True,1.0,20.0,20.0,True,False,True,True
2023_15_PIA_s2,2023_15,PIA,McLaren,2,HARD,HARDEST,True,21.0,62.0,42.0,False,True,False,True
2023_15_RUS_s1,2023_15,RUS,Mercedes,1,MEDIUM,MIDDLE,True,1.0,20.0,20.0,True,False,True,True
2023_15_RUS_s2,2023_15,RUS,Mercedes,2,HARD,HARDEST,True,21.0,44.0,24.0,True,False,True,True
2023_15_RUS_s3,2023_15,RUS,Mercedes,3,MEDIUM,MIDDLE,True,45.0,62.0,18.0,False,True,False,True
2023_15_SAI_s1,2023_15,SAI,Ferrari,1,MEDIUM,MIDDLE,True,1.0,20.0,20.0,True,False,True,True
2023_15_SAI_s2,2023_15,SAI,Ferrari,2,HARD,HARDEST,True,21.0,62.0,42.0,False,True,False,True
2023_15_SAR_s1,2023_15,SAR,Williams,1,MEDIUM,MIDDLE,True,1.0,19.0,19.0,True,False,True,True
2023_15_SAR_s2,2023_15,SAR,Williams,2,HARD,HARDEST,True,20.0,43.0,24.0,True,False,True,True
2023_15_SAR_s3,2023_15,SAR,Williams,3,MEDIUM,MIDDLE,True,44.0,62.0,19.0,False,True,False,True
2023_15_TSU_s1,2023_15,TSU,AlphaTauri,1,SOFT,SOFTEST,True,1.0,1.0,1.0,False,False,False,True
2023_15_VER_s1,2023_15,VER,Red Bull Racing,1,HARD,HARDEST,True,1.0,40.0,40.0,True,False,True,True
2023_15_VER_s2,2023_15,VER,Red Bull Racing,2,MEDIUM,MIDDLE,True,41.0,62.0,22.0,False,True,False,True
2023_15_ZHO_s1,2023_15,ZHO,Alfa Romeo,1,SOFT,SOFTEST,True,1.0,2.0,2.0,True,False,True,True
2023_15_ZHO_s2,2023_15,ZHO,Alfa Romeo,2,HARD,HARDEST,True,3.0,20.0,18.0,True,False,True,True
2023_15_ZHO_s3,2023_15,ZHO,Alfa Romeo,3,MEDIUM,MIDDLE,True,21.0,62.0,42.0,False,True,False,True
2023_16_ALB_s1,2023_16,ALB,Williams,1,MEDIUM,MIDDLE,True,1.0,1.0,1.0,True,False,True,True
2023_16_ALB_s2,2023_16,ALB,Williams,2,MEDIUM,MIDDLE,True,2.0,13.0,12.0,True,False,True,True
2023_16_ALB_s3,2023_16,ALB,Williams,3,SOFT,SOFTEST,True,14.0,26.0,13.0,True,False,True,True
2023_16_ALO_s1,2023_16,ALO,Aston Martin,1,SOFT,SOFTEST,False,1.0,11.0,11.0,True,False,True,True
2023_16_ALO_s2,2023_16,ALO,Aston Martin,2,HARD,HARDEST,True,12.0,25.0,14.0,True,False,True,True
2023_16_ALO_s3,2023_16,ALO,Aston Martin,3,HARD,HARDEST,True,26.0,53.0,28.0,False,True,False,False
2023_16_BOT_s1,2023_16,BOT,Alfa Romeo,1,SOFT,SOFTEST,True,1.0,1.0,1.0,True,False,True,True
2023_16_BOT_s2,2023_16,BOT,Alfa Romeo,2,SOFT,SOFTEST,True,2.0,6.0,5.0,True,False,True,True
2023_16_BOT_s3,2023_16,BOT,Alfa Romeo,3,HARD,HARDEST,True,7.0,7.0,1.0,True,False,True,False
2023_16_GAS_s1,2023_16,GAS,Alpine,1,MEDIUM,MIDDLE,True,1.0,18.0,18.0,True,False,True,True
2023_16_GAS_s2,2023_16,GAS,Alpine,2,HARD,HARDEST,True,19.0,34.0,16.0,True,False,True,False
2023_16_GAS_s3,2023_16,GAS,Alpine,3,HARD,HARDEST,True,35.0,53.0,19.0,False,True,False,False
2023_16_HAM_s1,2023_16,HAM,Mercedes,1,MEDIUM,MIDDLE,True,1.0,16.0,16.0,True,False,True,True
2023_16_HAM_s2,2023_16,HAM,Mercedes,2,HARD,HARDEST,True,17.0,34.0,18.0,True,False,True,False
2023_16_HAM_s3,2023_16,HAM,Mercedes,3,HARD,HARDEST,True,35.0,53.0,19.0,False,True,False,False
2023_16_HUL_s1,2023_16,HUL,Haas F1 Team,1,SOFT,SOFTEST,True,1.0,8.0,8.0,True,False,True,True
2023_16_HUL_s2,2023_16,HUL,Haas F1 Team,2,MEDIUM,MIDDLE,True,9.0,21.0,13.0,True,False,True,True
2023_16_HUL_s3,2023_16,HUL,Haas F1 Team,3,HARD,HARDEST,True,22.0,37.0,16.0,True,False,True,False
2023_16_HUL_s4,2023_16,HUL,Haas F1 Team,4,MEDIUM,MIDDLE,True,38.0,52.0,15.0,False,True,False,False
2023_16_LAW_s1,2023_16,LAW,AlphaTauri,1,SOFT,SOFTEST,True,1.0,10.0,10.0,True,False,True,True
2023_16_LAW_s2,2023_16,LAW,AlphaTauri,2,MEDIUM,MIDDLE,True,11.0,25.0,15.0,True,False,True,True
2023_16_LAW_s3,2023_16,LAW,AlphaTauri,3,HARD,HARDEST,True,26.0,52.0,27.0,False,True,False,False
2023_16_LEC_s1,2023_16,LEC,Ferrari,1,MEDIUM,MIDDLE,True,1.0,17.0,17.0,True,False,True,True
2023_16_LEC_s2,2023_16,LEC,Ferrari,2,MEDIUM,MIDDLE,True,18.0,34.0,17.0,True,False,True,False
2023_16_LEC_s3,2023_16,LEC,Ferrari,3,HARD,HARDEST,True,35.0,53.0,19.0,False,True,False,False
2023_16_MAG_s1,2023_16,MAG,Haas F1 Team,1,MEDIUM,MIDDLE,True,1.0,12.0,12.0,True,False,True,True
2023_16_MAG_s2,2023_16,MAG,Haas F1 Team,2,HARD,HARDEST,True,13.0,31.0,19.0,True,False,True,True
2023_16_MAG_s3,2023_16,MAG,Haas F1 Team,3,HARD,HARDEST,True,32.0,52.0,21.0,False,True,False,False
2023_16_NOR_s1,2023_16,NOR,McLaren,1,MEDIUM,MIDDLE,True,1.0,17.0,17.0,True,False,True,True
2023_16_NOR_s2,2023_16,NOR,McLaren,2,HARD,HARDEST,True,18.0,36.0,19.0,True,False,True,False
2023_16_NOR_s3,2023_16,NOR,McLaren,3,HARD,HARDEST,True,37.0,53.0,17.0,False,True,False,False
2023_16_OCO_s1,2023_16,OCO,Alpine,1,MEDIUM,MIDDLE,True,1.0,1.0,1.0,True,False,True,True
2023_16_OCO_s2,2023_16,OCO,Alpine,2,HARD,HARDEST,True,2.0,28.0,27.0,True,False,True,True
2023_16_OCO_s3,2023_16,OCO,Alpine,3,HARD,HARDEST,True,29.0,53.0,25.0,False,True,False,False
2023_16_PER_s1,2023_16,PER,Red Bull Racing,1,MEDIUM,MIDDLE,True,1.0,2.0,2.0,True,False,True,True
2023_16_PER_s2,2023_16,PER,Red Bull Racing,2,HARD,HARDEST,True,3.0,12.0,10.0,True,False,True,True
2023_16_PER_s3,2023_16,PER,Red Bull Racing,3,SOFT,SOFTEST,False,13.0,13.0,1.0,True,False,True,True
2023_16_PER_s4,2023_16,PER,Red Bull Racing,4,SOFT,SOFTEST,False,14.0,14.0,1.0,True,False,True,False
2023_16_PER_s5,2023_16,PER,Red Bull Racing,5,SOFT,SOFTEST,False,15.0,15.0,1.0,True,False,True,False
2023_16_PIA_s1,2023_16,PIA,McLaren,1,MEDIUM,MIDDLE,True,1.0,13.0,13.0,True,False,True,True
2023_16_PIA_s2,2023_16,PIA,McLaren,2,HARD,HARDEST,True,14.0,35.0,22.0,True,False,True,True
2023_16_PIA_s3,2023_16,PIA,McLaren,3,HARD,HARDEST,True,36.0,53.0,18.0,False,True,False,False
2023_16_RUS_s1,2023_16,RUS,Mercedes,1,MEDIUM,MIDDLE,True,1.0,24.0,24.0,True,False,True,True
2023_16_RUS_s2,2023_16,RUS,Mercedes,2,HARD,HARDEST,True,25.0,53.0,29.0,False,True,False,False
2023_16_SAI_s1,2023_16,SAI,Ferrari,1,MEDIUM,MIDDLE,True,1.0,18.0,18.0,True,False,True,True
2023_16_SAI_s2,2023_16,SAI,Ferrari,2,MEDIUM,MIDDLE,True,19.0,38.0,20.0,True,False,True,False
2023_16_SAI_s3,2023_16,SAI,Ferrari,3,HARD,HARDEST,True,39.0,53.0,15.0,False,True,False,False
2023_16_SAR_s1,2023_16,SAR,Williams,1,MEDIUM,MIDDLE,True,1.0,2.0,2.0,True,False,True,True
2023_16_SAR_s2,2023_16,SAR,Williams,2,MEDIUM,MIDDLE,False,3.0,5.0,3.0,True,False,True,True
2023_16_SAR_s3,2023_16,SAR,Williams,3,MEDIUM,MIDDLE,True,6.0,21.0,16.0,True,False,True,True
2023_16_SAR_s4,2023_16,SAR,Williams,4,HARD,HARDEST,True,22.0,22.0,1.0,True,False,True,False
2023_16_STR_s1,2023_16,STR,Aston Martin,1,SOFT,SOFTEST,True,1.0,14.0,14.0,True,False,True,True
2023_16_STR_s2,2023_16,STR,Aston Martin,2,MEDIUM,MIDDLE,True,15.0,20.0,6.0,True,False,True,False
2023_16_TSU_s1,2023_16,TSU,AlphaTauri,1,SOFT,SOFTEST,False,1.0,9.0,9.0,True,False,True,True
2023_16_TSU_s2,2023_16,TSU,AlphaTauri,2,MEDIUM,MIDDLE,True,10.0,30.0,21.0,True,False,True,True
2023_16_TSU_s3,2023_16,TSU,AlphaTauri,3,HARD,HARDEST,True,31.0,52.0,22.0,False,True,False,False
2023_16_VER_s1,2023_16,VER,Red Bull Racing,1,MEDIUM,MIDDLE,True,1.0,16.0,16.0,True,False,True,True
2023_16_VER_s2,2023_16,VER,Red Bull Racing,2,MEDIUM,MIDDLE,True,17.0,37.0,21.0,True,False,True,False
2023_16_VER_s3,2023_16,VER,Red Bull Racing,3,HARD,HARDEST,True,38.0,53.0,16.0,False,True,False,False
2023_16_ZHO_s1,2023_16,ZHO,Alfa Romeo,1,SOFT,SOFTEST,True,1.0,1.0,1.0,True,False,True,True
2023_16_ZHO_s2,2023_16,ZHO,Alfa Romeo,2,SOFT,SOFTEST,True,2.0,10.0,9.0,True,False,True,True
2023_16_ZHO_s3,2023_16,ZHO,Alfa Romeo,3,SOFT,SOFTEST,True,11.0,29.0,19.0,True,False,True,True
2023_16_ZHO_s4,2023_16,ZHO,Alfa Romeo,4,HARD,HARDEST,True,30.0,52.0,23.0,False,True,False,False
2023_17_ALB_s1,2023_17,ALB,Williams,1,MEDIUM,MIDDLE,True,1.0,18.0,18.0,True,False,True,True
2023_17_ALB_s2,2023_17,ALB,Williams,2,MEDIUM,MIDDLE,True,19.0,31.0,13.0,True,False,True,False
2023_17_ALB_s3,2023_17,ALB,Williams,3,HARD,HARDEST,True,32.0,44.0,13.0,True,False,True,True
2023_17_ALB_s4,2023_17,ALB,Williams,4,HARD,HARDEST,True,45.0,57.0,13.0,False,True,False,False
2023_17_ALO_s1,2023_17,ALO,Aston Martin,1,MEDIUM,MIDDLE,False,1.0,11.0,11.0,True,False,True,True
2023_17_ALO_s2,2023_17,ALO,Aston Martin,2,MEDIUM,MIDDLE,False,12.0,26.0,15.0,True,False,True,False
2023_17_ALO_s3,2023_17,ALO,Aston Martin,3,HARD,HARDEST,True,27.0,44.0,18.0,True,False,True,True
2023_17_ALO_s4,2023_17,ALO,Aston Martin,4,MEDIUM,MIDDLE,True,45.0,57.0,13.0,False,True,False,False
2023_17_BOT_s1,2023_17,BOT,Alfa Romeo,1,SOFT,SOFTEST,False,1.0,3.0,3.0,True,False,True,True
2023_17_BOT_s2,2023_17,BOT,Alfa Romeo,2,MEDIUM,MIDDLE,True,4.0,21.0,18.0,True,False,True,True
2023_17_BOT_s3,2023_17,BOT,Alfa Romeo,3,HARD,HARDEST,True,22.0,39.0,18.0,True,False,True,True
2023_17_BOT_s4,2023_17,BOT,Alfa Romeo,4,HARD,HARDEST,False,40.0,57.0,18.0,False,True,False,True
2023_17_GAS_s1,2023_17,GAS,Alpine,1,MEDIUM,MIDDLE,False,1.0,11.0,11.0,True,False,True,True
2023_17_GAS_s2,2023_17,GAS,Alpine,2,MEDIUM,MIDDLE,False,12.0,26.0,15.0,True,False,True,False
2023_17_GAS_s3,2023_17,GAS,Alpine,3,HARD,HARDEST,True,27.0,44.0,18.0,True,False,True,True
2023_17_GAS_s4,2023_17,GAS,Alpine,4,MEDIUM,MIDDLE,True,45.0,57.0,13.0,False,True,False,False
2023_17_HAM_s1,2023_17,HAM,Mercedes,1,SOFT,SOFTEST,True,1.0,1.0,1.0,False,False,False,True
2023_17_HUL_s1,2023_17,HUL,Haas F1 Team,1,MEDIUM,MIDDLE,False,1.0,13.0,13.0,True,False,True,True
2023_17_HUL_s2,2023_17,HUL,Haas F1 Team,2,HARD,HARDEST,True,14.0,27.0,14.0,True,False,True,False
2023_17_HUL_s3,2023_17,HUL,Haas F1 Team,3,MEDIUM,MIDDLE,False,28.0,39.0,12.0,True,False,True,True
2023_17_HUL_s4,2023_17,HUL,Haas F1 Team,4,HARD,HARDEST,True,40.0,56.0,17.0,False,True,False,True
2023_17_LAW_s1,2023_17,LAW,AlphaTauri,1,SOFT,SOFTEST,True,1.0,3.0,3.0,True,False,True,True
2023_17_LAW_s2,2023_17,LAW,AlphaTauri,2,HARD,HARDEST,True,4.0,21.0,18.0,True,False,True,True
2023_17_LAW_s3,2023_17,LAW,AlphaTauri,3,HARD,HARDEST,True,22.0,39.0,18.0,True,False,True,True
2023_17_LAW_s4,2023_17,LAW,AlphaTauri,4,MEDIUM,MIDDLE,True,40.0,56.0,17.0,False,True,False,True
2023_17_LEC_s1,2023_17,LEC,Ferrari,1,MEDIUM,MIDDLE,False,1.0,12.0,12.0,True,False,True,True
2023_17_LEC_s2,2023_17,LEC,Ferrari,2,MEDIUM,MIDDLE,False,13.0,25.0,13.0,True,False,True,False
2023_17_LEC_s3,2023_17,LEC,Ferrari,3,HARD,HARDEST,True,26.0,43.0,18.0,True,False,True,True
2023_17_LEC_s4,2023_17,LEC,Ferrari,4,MEDIUM,MIDDLE,True,44.0,57.0,14.0,False,True,False,False
2023_17_MAG_s1,2023_17,MAG,Haas F1 Team,1,SOFT,SOFTEST,True,1.0,3.0,3.0,True,False,True,True
2023_17_MAG_s2,2023_17,MAG,Haas F1 Team,2,MEDIUM,MIDDLE,True,4.0,21.0,18.0,True,False,True,True
2023_17_MAG_s3,2023_17,MAG,Haas F1 Team,3,HARD,HARDEST,True,22.0,39.0,18.0,True,False,True,True
2023_17_MAG_s4,2023_17,MAG,Haas F1 Team,4,HARD,HARDEST,True,40.0,56.0,17.0,False,True,False,True
2023_17_NOR_s1,2023_17,NOR,McLaren,1,MEDIUM,MIDDLE,False,1.0,13.0,13.0,True,False,True,True
2023_17_NOR_s2,2023_17,NOR,McLaren,2,MEDIUM,MIDDLE,False,14.0,27.0,14.0,True,False,True,False
2023_17_NOR_s3,2023_17,NOR,McLaren,3,MEDIUM,MIDDLE,True,28.0,44.0,17.0,True,False,True,True
2023_17_NOR_s4,2023_17,NOR,McLaren,4,HARD,HARDEST,True,45.0,57.0,13.0,False,True,False,False
2023_17_OCO_s1,2023_17,OCO,Alpine,1,MEDIUM,MIDDLE,False,1.0,10.0,10.0,True,False,True,True
2023_17_OCO_s2,2023_17,OCO,Alpine,2,MEDIUM,MIDDLE,False,11.0,25.0,15.0,True,False,True,False
2023_17_OCO_s3,2023_17,OCO,Alpine,3,HARD,HARDEST,True,26.0,43.0,18.0,True,False,True,True
2023_17_OCO_s4,2023_17,OCO,Alpine,4,MEDIUM,MIDDLE,True,44.0,57.0,14.0,False,True,False,False
2023_17_PER_s1,2023_17,PER,Red Bull Racing,1,HARD,HARDEST,True,1.0,17.0,17.0,True,False,True,True
2023_17_PER_s2,2023_17,PER,Red Bull Racing,2,MEDIUM,MIDDLE,False,18.0,31.0,14.0,True,False,True,False
2023_17_PER_s3,2023_17,PER,Red Bull Racing,3,MEDIUM,MIDDLE,False,32.0,43.0,12.0,True,False,True,True
2023_17_PER_s4,2023_17,PER,Red Bull Racing,4,MEDIUM,MIDDLE,True,44.0,57.0,14.0,False,True,False,False
2023_17_PIA_s1,2023_17,PIA,McLaren,1,MEDIUM,MIDDLE,False,1.0,12.0,12.0,True,False,True,True
2023_17_PIA_s2,2023_17,PIA,McLaren,2,MEDIUM,MIDDLE,False,13.0,25.0,13.0,True,False,True,False
2023_17_PIA_s3,2023_17,PIA,McLaren,3,MEDIUM,MIDDLE,True,26.0,43.0,18.0,True,False,True,True
2023_17_PIA_s4,2023_17,PIA,McLaren,4,HARD,HARDEST,True,44.0,57.0,14.0,False,True,False,False
2023_17_RUS_s1,2023_17,RUS,Mercedes,1,MEDIUM,MIDDLE,False,1.0,1.0,1.0,True,False,True,True
2023_17_RUS_s2,2023_17,RUS,Mercedes,2,MEDIUM,MIDDLE,False,2.0,14.0,13.0,True,False,True,True
2023_17_RUS_s3,2023_17,RUS,Mercedes,3,MEDIUM,MIDDLE,True,15.0,32.0,18.0,True,False,True,False
2023_17_RUS_s4,2023_17,RUS,Mercedes,4,HARD,HARDEST,True,33.0,50.0,18.0,True,False,True,True
2023_17_RUS_s5,2023_17,RUS,Mercedes,5,SOFT,SOFTEST,False,51.0,57.0,7.0,False,True,False,False
2023_17_SAR_s1,2023_17,SAR,Williams,1,MEDIUM,MIDDLE,True,1.0,13.0,13.0,True,False,True,True
2023_17_SAR_s2,2023_17,SAR,Williams,2,MEDIUM,MIDDLE,True,14.0,26.0,13.0,True,False,True,False
2023_17_SAR_s3,2023_17,SAR,Williams,3,HARD,HARDEST,True,27.0,40.0,14.0,True,False,True,True
2023_17_STR_s1,2023_17,STR,Aston Martin,1,MEDIUM,MIDDLE,False,1.0,3.0,3.0,True,False,True,True
2023_17_STR_s2,2023_17,STR,Aston Martin,2,MEDIUM,MIDDLE,True,4.0,21.0,18.0,True,False,True,True
2023_17_STR_s3,2023_17,STR,Aston Martin,3,HARD,HARDEST,True,22.0,39.0,18.0,True,False,True,True
2023_17_STR_s4,2023_17,STR,Aston Martin,4,MEDIUM,MIDDLE,True,40.0,57.0,18.0,False,True,False,True
2023_17_TSU_s1,2023_17,TSU,AlphaTauri,1,MEDIUM,MIDDLE,True,1.0,9.0,9.0,True,False,True,True
2023_17_TSU_s2,2023_17,TSU,AlphaTauri,2,MEDIUM,MIDDLE,True,10.0,22.0,13.0,True,False,True,False
2023_17_TSU_s3,2023_17,TSU,AlphaTauri,3,HARD,HARDEST,True,23.0,40.0,18.0,True,False,True,True
2023_17_TSU_s4,2023_17,TSU,AlphaTauri,4,HARD,HARDEST,True,41.0,56.0,16.0,False,True,False,False
2023_17_VER_s1,2023_17,VER,Red Bull Racing,1,MEDIUM,MIDDLE,False,1.0,17.0,17.0,True,False,True,True
2023_17_VER_s2,2023_17,VER,Red Bull Racing,2,MEDIUM,MIDDLE,False,18.0,34.0,17.0,True,False,True,True
2023_17_VER_s3,2023_17,VER,Red Bull Racing,3,HARD,HARDEST,True,35.0,51.0,17.0,True,False,True,True
2023_17_VER_s4,2023_17,VER,Red Bull Racing,4,MEDIUM,MIDDLE,True,52.0,57.0,6.0,False,True,False,False
2023_17_ZHO_s1,2023_17,ZHO,Alfa Romeo,1,MEDIUM,MIDDLE,True,1.0,18.0,18.0,True,False,True,True
2023_17_ZHO_s2,2023_17,ZHO,Alfa Romeo,2,HARD,HARDEST,True,19.0,35.0,17.0,True,False,True,True
2023_17_ZHO_s3,2023_17,ZHO,Alfa Romeo,3,HARD,HARDEST,True,36.0,52.0,17.0,True,False,True,True
2023_17_ZHO_s4,2023_17,ZHO,Alfa Romeo,4,SOFT,SOFTEST,True,53.0,57.0,5.0,False,True,False,False
2023_18_ALB_s1,2023_18,ALB,Williams,1,MEDIUM,MIDDLE,False,1.0,10.0,10.0,True,False,True,False
2023_18_ALB_s2,2023_18,ALB,Williams,2,HARD,HARDEST,True,11.0,29.0,19.0,True,False,True,False
2023_18_ALB_s3,2023_18,ALB,Williams,3,MEDIUM,MIDDLE,False,30.0,56.0,27.0,False,True,False,True
2023_18_ALO_s1,2023_18,ALO,Aston Martin,1,MEDIUM,MIDDLE,False,1.0,19.0,19.0,True,False,True,False
2023_18_ALO_s2,2023_18,ALO,Aston Martin,2,MEDIUM,MIDDLE,True,20.0,42.0,23.0,True,False,True,False
2023_18_ALO_s3,2023_18,ALO,Aston Martin,3,HARD,HARDEST,True,43.0,49.0,7.0,True,False,True,False
2023_18_BOT_s1,2023_18,BOT,Alfa Romeo,1,MEDIUM,MIDDLE,True,1.0,10.0,10.0,True,False,True,False
2023_18_BOT_s2,2023_18,BOT,Alfa Romeo,2,HARD,HARDEST,True,11.0,28.0,18.0,True,False,True,False
2023_18_BOT_s3,2023_18,BOT,Alfa Romeo,3,HARD,HARDEST,True,29.0,56.0,28.0,False,True,False,True
2023_18_GAS_s1,2023_18,GAS,Alpine,1,MEDIUM,MIDDLE,True,1.0,18.0,18.0,True,False,True,False
2023_18_GAS_s2,2023_18,GAS,Alpine,2,MEDIUM,MIDDLE,True,19.0,37.0,19.0,True,False,True,False
2023_18_GAS_s3,2023_18,GAS,Alpine,3,HARD,HARDEST,True,38.0,56.0,19.0,False,True,False,True
2023_18_HAM_s1,2023_18,HAM,Mercedes,1,MEDIUM,MIDDLE,True,1.0,20.0,20.0,True,False,True,False
2023_18_HAM_s2,2023_18,HAM,Mercedes,2,HARD,HARDEST,True,21.0,38.0,18.0,True,False,True,False
2023_18_HAM_s3,2023_18,HAM,Mercedes,3,MEDIUM,MIDDLE,True,39.0,56.0,18.0,False,True,False,False
2023_18_HUL_s1,2023_18,HUL,Haas F1 Team,1,HARD,HARDEST,True,1.0,19.0,19.0,True,False,True,False
2023_18_HUL_s2,2023_18,HUL,Haas F1 Team,2,MEDIUM,MIDDLE,True,20.0,34.0,15.0,True,False,True,False
2023_18_HUL_s3,2023_18,HUL,Haas F1 Team,3,MEDIUM,MIDDLE,False,35.0,56.0,22.0,False,True,False,True
2023_18_LEC_s1,2023_18,LEC,Ferrari,1,MEDIUM,MIDDLE,True,1.0,23.0,23.0,True,False,True,False
2023_18_LEC_s2,2023_18,LEC,Ferrari,2,HARD,HARDEST,True,24.0,56.0,33.0,False,True,False,False
2023_18_MAG_s1,2023_18,MAG,Haas F1 Team,1,MEDIUM,MIDDLE,True,1.0,10.0,10.0,True,False,True,False
2023_18_MAG_s2,2023_18,MAG,Haas F1 Team,2,HARD,HARDEST,True,11.0,29.0,19.0,True,False,True,False
2023_18_MAG_s3,2023_18,MAG,Haas F1 Team,3,MEDIUM,MIDDLE,True,30.0,55.0,26.0,False,True,False,False
2023_18_NOR_s1,2023_18,NOR,McLaren,1,MEDIUM,MIDDLE,True,1.0,17.0,17.0,True,False,True,False
2023_18_NOR_s2,2023_18,NOR,McLaren,2,HARD,HARDEST,True,18.0,34.0,17.0,True,False,True,False
2023_18_NOR_s3,2023_18,NOR,McLaren,3,HARD,HARDEST,True,35.0,56.0,22.0,False,True,False,False
2023_18_OCO_s1,2023_18,OCO,Alpine,1,MEDIUM,MIDDLE,True,1.0,6.0,6.0,True,False,True,False
2023_18_PER_s1,2023_18,PER,Red Bull Racing,1,MEDIUM,MIDDLE,True,1.0,17.0,17.0,True,False,True,False
2023_18_PER_s2,2023_18,PER,Red Bull Racing,2,MEDIUM,MIDDLE,True,18.0,37.0,20.0,True,False,True,False
2023_18_PER_s3,2023_18,PER,Red Bull Racing,3,HARD,HARDEST,True,38.0,56.0,19.0,False,True,False,False
2023_18_PIA_s1,2023_18,PIA,McLaren,1,MEDIUM,MIDDLE,True,1.0,10.0,10.0,True,False,True,False
2023_18_RIC_s1,2023_18,RIC,AlphaTauri,1,MEDIUM,MIDDLE,True,1.0,22.0,22.0,True,False,True,False
2023_18_RIC_s2,2023_18,RIC,AlphaTauri,2,HARD,HARDEST,True,23.0,47.0,25.0,True,False,True,False
2023_18_RIC_s3,2023_18,RIC,AlphaTauri,3,SOFT,SOFTEST,True,48.0,55.0,8.0,False,True,False,False
2023_18_RUS_s1,2023_18,RUS,Mercedes,1,MEDIUM,MIDDLE,True,1.0,21.0,21.0,True,False,True,False
2023_18_RUS_s2,2023_18,RUS,Mercedes,2,HARD,HARDEST,True,22.0,39.0,18.0,True,False,True,False
2023_18_RUS_s3,2023_18,RUS,Mercedes,3,MEDIUM,MIDDLE,True,40.0,56.0,17.0,False,True,False,False
2023_18_SAI_s1,2023_18,SAI,Ferrari,1,MEDIUM,MIDDLE,True,1.0,17.0,17.0,True,False,True,False
2023_18_SAI_s2,2023_18,SAI,Ferrari,2,MEDIUM,MIDDLE,True,18.0,35.0,18.0,True,False,True,False
2023_18_SAI_s3,2023_18,SAI,Ferrari,3,HARD,HARDEST,True,36.0,56.0,21.0,False,True,False,False
2023_18_SAR_s1,2023_18,SAR,Williams,1,MEDIUM,MIDDLE,True,1.0,11.0,11.0,True,False,True,False
2023_18_SAR_s2,2023_18,SAR,Williams,2,HARD,HARDEST,True,12.0,32.0,21.0,True,False,True,False
2023_18_SAR_s3,2023_18,SAR,Williams,3,MEDIUM,MIDDLE,True,33.0,56.0,24.0,False,True,False,True
2023_18_STR_s1,2023_18,STR,Aston Martin,1,HARD,HARDEST,True,1.0,20.0,20.0,True,False,True,False
2023_18_STR_s2,2023_18,STR,Aston Martin,2,MEDIUM,MIDDLE,False,21.0,40.0,20.0,True,False,True,False
2023_18_STR_s3,2023_18,STR,Aston Martin,3,MEDIUM,MIDDLE,True,41.0,56.0,16.0,False,True,False,True
2023_18_TSU_s1,2023_18,TSU,AlphaTauri,1,MEDIUM,MIDDLE,True,1.0,17.0,17.0,True,False,True,False
2023_18_TSU_s2,2023_18,TSU,AlphaTauri,2,HARD,HARDEST,True,18.0,34.0,17.0,True,False,True,False
2023_18_TSU_s3,2023_18,TSU,AlphaTauri,3,MEDIUM,MIDDLE,True,35.0,54.0,20.0,True,False,True,False
2023_18_TSU_s4,2023_18,TSU,AlphaTauri,4,SOFT,SOFTEST,True,55.0,56.0,2.0,False,True,False,True
2023_18_VER_s1,2023_18,VER,Red Bull Racing,1,MEDIUM,MIDDLE,True,1.0,16.0,16.0,True,False,True,False
2023_18_VER_s2,2023_18,VER,Red Bull Racing,2,MEDIUM,MIDDLE,True,17.0,35.0,19.0,True,False,True,False
2023_18_VER_s3,2023_18,VER,Red Bull Racing,3,HARD,HARDEST,True,36.0,56.0,21.0,False,True,False,False
2023_18_ZHO_s1,2023_18,ZHO,Alfa Romeo,1,MEDIUM,MIDDLE,True,1.0,9.0,9.0,True,False,True,False
2023_18_ZHO_s2,2023_18,ZHO,Alfa Romeo,2,HARD,HARDEST,True,10.0,27.0,18.0,True,False,True,False
2023_18_ZHO_s3,2023_18,ZHO,Alfa Romeo,3,HARD,HARDEST,True,28.0,55.0,28.0,False,True,False,False
2023_19_ALB_s1,2023_19,ALB,Williams,1,HARD,HARDEST,True,1.0,33.0,33.0,True,False,True,True
2023_19_ALB_s2,2023_19,ALB,Williams,2,MEDIUM,MIDDLE,True,34.0,34.0,1.0,True,False,True,True
2023_19_ALB_s3,2023_19,ALB,Williams,3,MEDIUM,MIDDLE,False,35.0,71.0,37.0,False,True,False,True
2023_19_ALO_s1,2023_19,ALO,Aston Martin,1,MEDIUM,MIDDLE,False,1.0,29.0,29.0,True,False,True,True
2023_19_ALO_s2,2023_19,ALO,Aston Martin,2,HARD,HARDEST,False,30.0,34.0,5.0,True,False,True,True
2023_19_ALO_s3,2023_19,ALO,Aston Martin,3,HARD,HARDEST,False,35.0,47.0,13.0,True,False,True,True
2023_19_BOT_s1,2023_19,BOT,Alfa Romeo,1,MEDIUM,MIDDLE,True,1.0,31.0,31.0,True,False,True,True
2023_19_BOT_s2,2023_19,BOT,Alfa Romeo,2,HARD,HARDEST,True,32.0,34.0,3.0,True,False,True,True
2023_19_BOT_s3,2023_19,BOT,Alfa Romeo,3,HARD,HARDEST,False,35.0,71.0,37.0,False,True,False,True
2023_19_GAS_s1,2023_19,GAS,Alpine,1,MEDIUM,MIDDLE,True,1.0,28.0,28.0,True,False,True,True
2023_19_GAS_s2,2023_19,GAS,Alpine,2,HARD,HARDEST,True,29.0,34.0,6.0,True,False,True,True
2023_19_GAS_s3,2023_19,GAS,Alpine,3,HARD,HARDEST,False,35.0,71.0,37.0,False,True,False,True
2023_19_HAM_s1,2023_19,HAM,Mercedes,1,MEDIUM,MIDDLE,True,1.0,24.0,24.0,True,False,True,True
2023_19_HAM_s2,2023_19,HAM,Mercedes,2,HARD,HARDEST,True,25.0,34.0,10.0,True,False,True,True
2023_19_HAM_s3,2023_19,HAM,Mercedes,3,MEDIUM,MIDDLE,False,35.0,71.0,37.0,False,True,False,True
2023_19_HUL_s1,2023_19,HUL,Haas F1 Team,1,MEDIUM,MIDDLE,True,1.0,23.0,23.0,True,False,True,True
2023_19_HUL_s2,2023_19,HUL,Haas F1 Team,2,HARD,HARDEST,True,24.0,34.0,11.0,True,False,True,True
2023_19_HUL_s3,2023_19,HUL,Haas F1 Team,3,MEDIUM,MIDDLE,True,35.0,71.0,37.0,False,True,False,True
2023_19_LEC_s1,2023_19,LEC,Ferrari,1,MEDIUM,MIDDLE,True,1.0,31.0,31.0,True,False,True,True
2023_19_LEC_s2,2023_19,LEC,Ferrari,2,HARD,HARDEST,True,32.0,34.0,3.0,True,False,True,True
2023_19_LEC_s3,2023_19,LEC,Ferrari,3,HARD,HARDEST,False,35.0,71.0,37.0,False,True,False,True
2023_19_MAG_s1,2023_19,MAG,Haas F1 Team,1,MEDIUM,MIDDLE,True,1.0,23.0,23.0,True,False,True,True
2023_19_MAG_s2,2023_19,MAG,Haas F1 Team,2,HARD,HARDEST,True,24.0,32.0,9.0,False,False,False,True
2023_19_NOR_s1,2023_19,NOR,McLaren,1,SOFT,SOFTEST,True,1.0,11.0,11.0,True,False,True,True
2023_19_NOR_s2,2023_19,NOR,McLaren,2,HARD,HARDEST,True,12.0,33.0,22.0,True,False,True,True
2023_19_NOR_s3,2023_19,NOR,McLaren,3,MEDIUM,MIDDLE,True,34.0,34.0,1.0,True,False,True,True
2023_19_NOR_s4,2023_19,NOR,McLaren,4,MEDIUM,MIDDLE,False,35.0,71.0,37.0,False,True,False,True
2023_19_OCO_s1,2023_19,OCO,Alpine,1,HARD,HARDEST,True,1.0,34.0,34.0,True,False,True,True
2023_19_OCO_s2,2023_19,OCO,Alpine,2,MEDIUM,MIDDLE,True,35.0,71.0,37.0,False,True,False,True
2023_19_PER_s1,2023_19,PER,Red Bull Racing,1,MEDIUM,MIDDLE,True,1.0,1.0,1.0,True,False,True,True
2023_19_PIA_s1,2023_19,PIA,McLaren,1,MEDIUM,MIDDLE,True,1.0,25.0,25.0,True,False,True,True
2023_19_PIA_s2,2023_19,PIA,McLaren,2,HARD,HARDEST,True,26.0,34.0,9.0,True,False,True,True
2023_19_PIA_s3,2023_19,PIA,McLaren,3,MEDIUM,MIDDLE,False,35.0,71.0,37.0,False,True,False,True
2023_19_RIC_s1,2023_19,RIC,AlphaTauri,1,MEDIUM,MIDDLE,True,1.0,27.0,27.0,True,False,True,True
2023_19_RIC_s2,2023_19,RIC,AlphaTauri,2,HARD,HARDEST,True,28.0,34.0,7.0,True,False,True,True
2023_19_RIC_s3,2023_19,RIC,AlphaTauri,3,HARD,HARDEST,False,35.0,71.0,37.0,False,True,False,True
2023_19_RUS_s1,2023_19,RUS,Mercedes,1,MEDIUM,MIDDLE,True,1.0,26.0,26.0,True,False,True,True
2023_19_RUS_s2,2023_19,RUS,Mercedes,2,HARD,HARDEST,True,27.0,34.0,8.0,True,False,True,True
2023_19_RUS_s3,2023_19,RUS,Mercedes,3,MEDIUM,MIDDLE,False,35.0,71.0,37.0,False,True,False,True
2023_19_SAI_s1,2023_19,SAI,Ferrari,1,MEDIUM,MIDDLE,True,1.0,30.0,30.0,True,False,True,True
2023_19_SAI_s2,2023_19,SAI,Ferrari,2,HARD,HARDEST,True,31.0,34.0,4.0,True,False,True,True
2023_19_SAI_s3,2023_19,SAI,Ferrari,3,HARD,HARDEST,False,35.0,71.0,37.0,False,True,False,True
2023_19_SAR_s1,2023_19,SAR,Williams,1,MEDIUM,MIDDLE,True,1.0,22.0,22.0,True,False,True,True
2023_19_SAR_s2,2023_19,SAR,Williams,2,HARD,HARDEST,True,23.0,34.0,12.0,True,False,True,True
2023_19_SAR_s3,2023_19,SAR,Williams,3,MEDIUM,MIDDLE,True,35.0,71.0,37.0,True,True,False,True
2023_19_STR_s1,2023_19,STR,Aston Martin,1,MEDIUM,MIDDLE,False,1.0,30.0,30.0,True,False,True,True
2023_19_STR_s2,2023_19,STR,Aston Martin,2,HARD,HARDEST,False,31.0,34.0,4.0,True,False,True,True
2023_19_STR_s3,2023_19,STR,Aston Martin,3,HARD,HARDEST,False,35.0,66.0,32.0,True,False,True,True
2023_19_TSU_s1,2023_19,TSU,AlphaTauri,1,MEDIUM,MIDDLE,True,1.0,9.0,9.0,True,False,True,True
2023_19_TSU_s2,2023_19,TSU,AlphaTauri,2,HARD,HARDEST,True,10.0,34.0,25.0,True,False,True,True
2023_19_TSU_s3,2023_19,TSU,AlphaTauri,3,HARD,HARDEST,True,35.0,71.0,37.0,False,True,False,True
2023_19_VER_s1,2023_19,VER,Red Bull Racing,1,MEDIUM,MIDDLE,True,1.0,19.0,19.0,True,False,True,True
2023_19_VER_s2,2023_19,VER,Red Bull Racing,2,HARD,HARDEST,True,20.0,33.0,14.0,True,False,True,True
2023_19_VER_s3,2023_19,VER,Red Bull Racing,3,HARD,HARDEST,True,34.0,34.0,1.0,True,False,True,True
2023_19_VER_s4,2023_19,VER,Red Bull Racing,4,HARD,HARDEST,False,35.0,71.0,37.0,False,True,False,True
2023_19_ZHO_s1,2023_19,ZHO,Alfa Romeo,1,MEDIUM,MIDDLE,True,1.0,21.0,21.0,True,False,True,True
2023_19_ZHO_s2,2023_19,ZHO,Alfa Romeo,2,HARD,HARDEST,True,22.0,34.0,13.0,True,False,True,True
2023_19_ZHO_s3,2023_19,ZHO,Alfa Romeo,3,HARD,HARDEST,False,35.0,71.0,37.0,False,True,False,True
2023_20_ALB_s1,2023_20,ALB,Williams,1,SOFT,SOFTEST,False,1.0,1.0,1.0,False,False,False,True
2023_20_ALO_s1,2023_20,ALO,Aston Martin,1,SOFT,SOFTEST,False,1.0,1.0,1.0,True,False,True,True
2023_20_ALO_s2,2023_20,ALO,Aston Martin,2,SOFT,SOFTEST,False,2.0,2.0,1.0,True,False,True,True
2023_20_ALO_s3,2023_20,ALO,Aston Martin,3,SOFT,SOFTEST,False,3.0,25.0,23.0,True,False,True,False
2023_20_ALO_s4,2023_20,ALO,Aston Martin,4,MEDIUM,MIDDLE,True,26.0,47.0,22.0,True,False,True,False
2023_20_ALO_s5,2023_20,ALO,Aston Martin,5,SOFT,SOFTEST,True,48.0,71.0,24.0,False,True,False,False
2023_20_BOT_s1,2023_20,BOT,Alfa Romeo,1,SOFT,SOFTEST,True,1.0,1.0,1.0,True,False,True,True
2023_20_BOT_s2,2023_20,BOT,Alfa Romeo,2,SOFT,SOFTEST,False,2.0,2.0,1.0,True,False,True,True
2023_20_BOT_s3,2023_20,BOT,Alfa Romeo,3,SOFT,SOFTEST,True,3.0,18.0,16.0,True,False,True,False
2023_20_BOT_s4,2023_20,BOT,Alfa Romeo,4,MEDIUM,MIDDLE,True,19.0,39.0,21.0,True,False,True,False
2023_20_GAS_s1,2023_20,GAS,Alpine,1,SOFT,SOFTEST,False,1.0,1.0,1.0,True,False,True,True
2023_20_GAS_s2,2023_20,GAS,Alpine,2,SOFT,SOFTEST,False,2.0,2.0,1.0,True,False,True,True
2023_20_GAS_s3,2023_20,GAS,Alpine,3,SOFT,SOFTEST,False,3.0,26.0,24.0,True,False,True,False
2023_20_GAS_s4,2023_20,GAS,Alpine,4,MEDIUM,MIDDLE,True,27.0,46.0,20.0,True,False,True,False
2023_20_GAS_s5,2023_20,GAS,Alpine,5,SOFT,SOFTEST,True,47.0,71.0,25.0,False,True,False,False
2023_20_HAM_s1,2023_20,HAM,Mercedes,1,SOFT,SOFTEST,False,1.0,1.0,1.0,True,False,True,True
2023_20_HAM_s2,2023_20,HAM,Mercedes,2,SOFT,SOFTEST,False,2.0,2.0,1.0,True,False,True,True
2023_20_HAM_s3,2023_20,HAM,Mercedes,3,SOFT,SOFTEST,False,3.0,18.0,16.0,True,False,True,False
2023_20_HAM_s4,2023_20,HAM,Mercedes,4,MEDIUM,MIDDLE,True,19.0,46.0,28.0,True,False,True,False
2023_20_HAM_s5,2023_20,HAM,Mercedes,5,SOFT,SOFTEST,False,47.0,71.0,25.0,False,True,False,False
2023_20_HUL_s1,2023_20,HUL,Haas F1 Team,1,SOFT,SOFTEST,True,1.0,1.0,1.0,True,False,True,True
2023_20_HUL_s2,2023_20,HUL,Haas F1 Team,2,MEDIUM,MIDDLE,True,2.0,2.0,1.0,True,False,True,True
2023_20_HUL_s3,2023_20,HUL,Haas F1 Team,3,SOFT,SOFTEST,False,3.0,21.0,19.0,True,False,True,False
2023_20_HUL_s4,2023_20,HUL,Haas F1 Team,4,SOFT,SOFTEST,False,22.0,46.0,25.0,True,False,True,False
2023_20_HUL_s5,2023_20,HUL,Haas F1 Team,5,SOFT,SOFTEST,False,47.0,70.0,24.0,False,True,False,False
2023_20_LEC_s1,2023_20,LEC,Ferrari,1,SOFT,SOFTEST,True,1.0,1.0,1.0,False,False,False,True
2023_20_MAG_s1,2023_20,MAG,Haas F1 Team,1,SOFT,SOFTEST,True,1.0,1.0,1.0,False,False,False,True
2023_20_NOR_s1,2023_20,NOR,McLaren,1,SOFT,SOFTEST,False,1.0,1.0,1.0,True,False,True,True
2023_20_NOR_s2,2023_20,NOR,McLaren,2,SOFT,SOFTEST,False,2.0,2.0,1.0,True,False,True,True
2023_20_NOR_s3,2023_20,NOR,McLaren,3,SOFT,SOFTEST,True,3.0,27.0,25.0,True,False,True,False
2023_20_NOR_s4,2023_20,NOR,McLaren,4,MEDIUM,MIDDLE,True,28.0,59.0,32.0,True,False,True,False
2023_20_NOR_s5,2023_20,NOR,McLaren,5,SOFT,SOFTEST,False,60.0,71.0,12.0,False,True,False,False
2023_20_OCO_s1,2023_20,OCO,Alpine,1,SOFT,SOFTEST,False,1.0,1.0,1.0,True,False,True,True
2023_20_OCO_s2,2023_20,OCO,Alpine,2,SOFT,SOFTEST,False,2.0,2.0,1.0,True,False,True,True
2023_20_OCO_s3,2023_20,OCO,Alpine,3,SOFT,SOFTEST,False,3.0,14.0,12.0,True,False,True,False
2023_20_OCO_s4,2023_20,OCO,Alpine,4,MEDIUM,MIDDLE,True,15.0,31.0,17.0,True,False,True,False
2023_20_OCO_s5,2023_20,OCO,Alpine,5,SOFT,SOFTEST,False,32.0,51.0,20.0,True,False,True,False
2023_20_OCO_s6,2023_20,OCO,Alpine,6,SOFT,SOFTEST,True,52.0,70.0,19.0,False,True,False,False
2023_20_PER_s1,2023_20,PER,Red Bull Racing,1,SOFT,SOFTEST,False,1.0,1.0,1.0,True,False,True,True
2023_20_PER_s2,2023_20,PER,Red Bull Racing,2,SOFT,SOFTEST,False,2.0,2.0,1.0,True,False,True,True
2023_20_PER_s3,2023_20,PER,Red Bull Racing,3,SOFT,SOFTEST,False,3.0,20.0,18.0,True,False,True,False
2023_20_PER_s4,2023_20,PER,Red Bull Racing,4,MEDIUM,MIDDLE,True,21.0,46.0,26.0,True,False,True,False
2023_20_PER_s5,2023_20,PER,Red Bull Racing,5,SOFT,SOFTEST,False,47.0,71.0,25.0,False,True,False,False
2023_20_PIA_s1,2023_20,PIA,McLaren,1,SOFT,SOFTEST,False,1.0,1.0,1.0,True,False,True,True
2023_20_PIA_s2,2023_20,PIA,McLaren,2,MEDIUM,MIDDLE,True,2.0,2.0,1.0,True,False,True,False
2023_20_PIA_s3,2023_20,PIA,McLaren,3,MEDIUM,MIDDLE,False,3.0,24.0,22.0,True,False,True,False
2023_20_PIA_s4,2023_20,PIA,McLaren,4,SOFT,SOFTEST,False,25.0,52.0,28.0,True,False,True,False
2023_20_PIA_s5,2023_20,PIA,McLaren,5,SOFT,SOFTEST,False,53.0,69.0,17.0,False,False,False,False
2023_20_RIC_s1,2023_20,RIC,AlphaTauri,1,SOFT,SOFTEST,True,1.0,1.0,1.0,True,False,True,True
2023_20_RIC_s2,2023_20,RIC,AlphaTauri,2,SOFT,SOFTEST,False,2.0,2.0,1.0,True,False,True,False
2023_20_RIC_s3,2023_20,RIC,AlphaTauri,3,SOFT,SOFTEST,False,3.0,26.0,24.0,True,False,True,False
2023_20_RIC_s4,2023_20,RIC,AlphaTauri,4,MEDIUM,MIDDLE,True,27.0,55.0,29.0,True,False,True,False
2023_20_RIC_s5,2023_20,RIC,AlphaTauri,5,SOFT,SOFTEST,True,56.0,70.0,15.0,False,True,False,False
2023_20_RUS_s1,2023_20,RUS,Mercedes,1,SOFT,SOFTEST,False,1.0,1.0,1.0,True,False,True,True
2023_20_RUS_s2,2023_20,RUS,Mercedes,2,SOFT,SOFTEST,False,2.0,2.0,1.0,True,False,True,True
2023_20_RUS_s3,2023_20,RUS,Mercedes,3,SOFT,SOFTEST,False,3.0,19.0,17.0,True,False,True,False
2023_20_RUS_s4,2023_20,RUS,Mercedes,4,MEDIUM,MIDDLE,True,20.0,45.0,26.0,True,False,True,False
2023_20_RUS_s5,2023_20,RUS,Mercedes,5,SOFT,SOFTEST,False,46.0,57.0,12.0,True,False,True,False
2023_20_SAI_s1,2023_20,SAI,Ferrari,1,SOFT,SOFTEST,False,1.0,1.0,1.0,True,False,True,True
2023_20_SAI_s2,2023_20,SAI,Ferrari,2,SOFT,SOFTEST,False,2.0,2.0,1.0,True,False,True,True
2023_20_SAI_s3,2023_20,SAI,Ferrari,3,SOFT,SOFTEST,False,3.0,26.0,24.0,True,False,True,False
2023_20_SAI_s4,2023_20,SAI,Ferrari,4,MEDIUM,MIDDLE,True,27.0,51.0,25.0,True,False,True,False
2023_20_SAI_s5,2023_20,SAI,Ferrari,5,SOFT,SOFTEST,False,52.0,71.0,20.0,False,True,False,False
2023_20_SAR_s1,2023_20,SAR,Williams,1,MEDIUM,MIDDLE,True,1.0,1.0,1.0,True,False,True,True
2023_20_SAR_s2,2023_20,SAR,Williams,2,MEDIUM,MIDDLE,False,2.0,2.0,1.0,True,False,True,True
2023_20_SAR_s3,2023_20,SAR,Williams,3,SOFT,SOFTEST,True,3.0,17.0,15.0,True,False,True,False
2023_20_SAR_s4,2023_20,SAR,Williams,4,SOFT,SOFTEST,True,18.0,44.0,27.0,True,False,True,False
2023_20_SAR_s5,2023_20,SAR,Williams,5,SOFT,SOFTEST,True,45.0,70.0,26.0,False,True,False,False
2023_20_STR_s1,2023_20,STR,Aston Martin,1,SOFT,SOFTEST,True,1.0,1.0,1.0,True,False,True,True
2023_20_STR_s2,2023_20,STR,Aston Martin,2,SOFT,SOFTEST,False,2.0,2.0,1.0,True,False,True,True
2023_20_STR_s3,2023_20,STR,Aston Martin,3,SOFT,SOFTEST,False,3.0,22.0,20.0,True,False,True,False
2023_20_STR_s4,2023_20,STR,Aston Martin,4,MEDIUM,MIDDLE,True,23.0,52.0,30.0,True,False,True,False
2023_20_STR_s5,2023_20,STR,Aston Martin,5,SOFT,SOFTEST,False,53.0,71.0,19.0,False,True,False,False
2023_20_TSU_s1,2023_20,TSU,AlphaTauri,1,SOFT,SOFTEST,False,1.0,1.0,1.0,True,False,True,True
2023_20_TSU_s2,2023_20,TSU,AlphaTauri,2,SOFT,SOFTEST,False,2.0,2.0,1.0,True,False,True,True
2023_20_TSU_s3,2023_20,TSU,AlphaTauri,3,SOFT,SOFTEST,True,3.0,26.0,24.0,True,False,True,False
2023_20_TSU_s4,2023_20,TSU,AlphaTauri,4,MEDIUM,MIDDLE,True,27.0,55.0,29.0,True,False,True,False
2023_20_TSU_s5,2023_20,TSU,AlphaTauri,5,SOFT,SOFTEST,False,56.0,71.0,16.0,False,True,False,False
2023_20_VER_s1,2023_20,VER,Red Bull Racing,1,SOFT,SOFTEST,False,1.0,1.0,1.0,True,False,True,True
2023_20_VER_s2,2023_20,VER,Red Bull Racing,2,SOFT,SOFTEST,False,2.0,2.0,1.0,True,False,True,True
2023_20_VER_s3,2023_20,VER,Red Bull Racing,3,SOFT,SOFTEST,False,3.0,27.0,25.0,True,False,True,False
2023_20_VER_s4,2023_20,VER,Red Bull Racing,4,MEDIUM,MIDDLE,True,28.0,56.0,29.0,True,False,True,False
2023_20_VER_s5,2023_20,VER,Red Bull Racing,5,SOFT,SOFTEST,True,57.0,71.0,15.0,False,True,False,False
2023_20_ZHO_s1,2023_20,ZHO,Alfa Romeo,1,SOFT,SOFTEST,True,1.0,1.0,1.0,True,False,True,True
2023_20_ZHO_s2,2023_20,ZHO,Alfa Romeo,2,SOFT,SOFTEST,False,2.0,2.0,1.0,True,False,True,True
2023_20_ZHO_s3,2023_20,ZHO,Alfa Romeo,3,SOFT,SOFTEST,True,3.0,15.0,13.0,True,False,True,False
2023_20_ZHO_s4,2023_20,ZHO,Alfa Romeo,4,MEDIUM,MIDDLE,True,16.0,22.0,7.0,True,False,True,False
2023_21_ALB_s1,2023_21,ALB,Williams,1,MEDIUM,MIDDLE,True,1.0,16.0,16.0,True,False,True,True
2023_21_ALB_s2,2023_21,ALB,Williams,2,HARD,HARDEST,True,17.0,50.0,34.0,False,True,False,True
2023_21_ALO_s1,2023_21,ALO,Aston Martin,1,MEDIUM,MIDDLE,True,1.0,1.0,1.0,True,False,True,True
2023_21_ALO_s2,2023_21,ALO,Aston Martin,2,HARD,HARDEST,False,2.0,26.0,25.0,True,False,True,True
2023_21_ALO_s3,2023_21,ALO,Aston Martin,3,HARD,HARDEST,False,27.0,50.0,24.0,False,True,False,True
2023_21_BOT_s1,2023_21,BOT,Alfa Romeo,1,MEDIUM,MIDDLE,True,1.0,1.0,1.0,True,False,True,True
2023_21_BOT_s2,2023_21,BOT,Alfa Romeo,2,HARD,HARDEST,True,2.0,24.0,23.0,True,False,True,True
2023_21_BOT_s3,2023_21,BOT,Alfa Romeo,3,MEDIUM,MIDDLE,True,25.0,50.0,26.0,False,True,False,True
2023_21_GAS_s1,2023_21,GAS,Alpine,1,MEDIUM,MIDDLE,True,1.0,17.0,17.0,True,False,True,True
2023_21_GAS_s2,2023_21,GAS,Alpine,2,HARD,HARDEST,True,18.0,50.0,33.0,False,True,False,True
2023_21_HAM_s1,2023_21,HAM,Mercedes,1,HARD,HARDEST,False,1.0,17.0,17.0,True,False,True,True
2023_21_HAM_s2,2023_21,HAM,Mercedes,2,MEDIUM,MIDDLE,False,18.0,26.0,9.0,True,False,True,True
2023_21_HAM_s3,2023_21,HAM,Mercedes,3,HARD,HARDEST,True,27.0,50.0,24.0,False,True,False,True
2023_21_HUL_s1,2023_21,HUL,Haas F1 Team,1,MEDIUM,MIDDLE,True,1.0,12.0,12.0,True,False,True,True
2023_21_HUL_s2,2023_21,HUL,Haas F1 Team,2,HARD,HARDEST,True,13.0,26.0,14.0,True,False,True,True
2023_21_HUL_s3,2023_21,HUL,Haas F1 Team,3,HARD,HARDEST,True,27.0,46.0,20.0,False,False,False,True
2023_21_LEC_s1,2023_21,LEC,Ferrari,1,MEDIUM,MIDDLE,True,1.0,21.0,21.0,True,False,True,True
2023_21_LEC_s2,2023_21,LEC,Ferrari,2,HARD,HARDEST,True,22.0,50.0,29.0,False,True,False,True
2023_21_MAG_s1,2023_21,MAG,Haas F1 Team,1,MEDIUM,MIDDLE,True,1.0,14.0,14.0,True,False,True,True
2023_21_MAG_s2,2023_21,MAG,Haas F1 Team,2,HARD,HARDEST,True,15.0,26.0,12.0,True,False,True,True
2023_21_MAG_s3,2023_21,MAG,Haas F1 Team,3,HARD,HARDEST,True,27.0,50.0,24.0,False,True,False,True
2023_21_NOR_s1,2023_21,NOR,McLaren,1,MEDIUM,MIDDLE,False,1.0,3.0,3.0,False,False,False,True
2023_21_OCO_s1,2023_21,OCO,Alpine,1,MEDIUM,MIDDLE,True,1.0,20.0,20.0,True,False,True,True
2023_21_OCO_s2,2023_21,OCO,Alpine,2,HARD,HARDEST,True,21.0,50.0,30.0,False,True,False,True
2023_21_PER_s1,2023_21,PER,Red Bull Racing,1,MEDIUM,MIDDLE,True,1.0,1.0,1.0,True,False,True,True
2023_21_PER_s2,2023_21,PER,Red Bull Racing,2,HARD,HARDEST,True,2.0,26.0,25.0,True,False,True,True
2023_21_PER_s3,2023_21,PER,Red Bull Racing,3,HARD,HARDEST,True,27.0,50.0,24.0,False,True,False,True
2023_21_PIA_s1,2023_21,PIA,McLaren,1,HARD,HARDEST,False,1.0,16.0,16.0,True,False,True,True
2023_21_PIA_s2,2023_21,PIA,McLaren,2,HARD,HARDEST,False,17.0,43.0,27.0,True,False,True,True
2023_21_PIA_s3,2023_21,PIA,McLaren,3,MEDIUM,MIDDLE,False,44.0,50.0,7.0,False,True,False,True
2023_21_RIC_s1,2023_21,RIC,AlphaTauri,1,MEDIUM,MIDDLE,True,1.0,17.0,17.0,True,False,True,True
2023_21_RIC_s2,2023_21,RIC,AlphaTauri,2,HARD,HARDEST,False,18.0,50.0,33.0,False,True,False,True
2023_21_RUS_s1,2023_21,RUS,Mercedes,1,MEDIUM,MIDDLE,True,1.0,15.0,15.0,True,False,True,True
2023_21_RUS_s2,2023_21,RUS,Mercedes,2,HARD,HARDEST,True,16.0,26.0,11.0,True,False,True,True
2023_21_RUS_s3,2023_21,RUS,Mercedes,3,HARD,HARDEST,True,27.0,50.0,24.0,False,True,False,True
2023_21_SAI_s1,2023_21,SAI,Ferrari,1,MEDIUM,MIDDLE,True,1.0,3.0,3.0,True,False,True,True
2023_21_SAI_s2,2023_21,SAI,Ferrari,2,HARD,HARDEST,True,4.0,26.0,23.0,True,False,True,True
2023_21_SAI_s3,2023_21,SAI,Ferrari,3,HARD,HARDEST,True,27.0,50.0,24.0,False,True,False,True
2023_21_SAR_s1,2023_21,SAR,Williams,1,MEDIUM,MIDDLE,True,1.0,15.0,15.0,True,False,True,True
2023_21_SAR_s2,2023_21,SAR,Williams,2,HARD,HARDEST,True,16.0,50.0,35.0,False,True,False,True
2023_21_STR_s1,2023_21,STR,Aston Martin,1,SOFT,SOFTEST,False,1.0,3.0,3.0,True,False,True,True
2023_21_STR_s2,2023_21,STR,Aston Martin,2,HARD,HARDEST,False,4.0,26.0,23.0,True,False,True,True
2023_21_STR_s3,2023_21,STR,Aston Martin,3,HARD,HARDEST,False,27.0,50.0,24.0,False,True,False,True
2023_21_TSU_s1,2023_21,TSU,AlphaTauri,1,SOFT,SOFTEST,True,1.0,10.0,10.0,True,False,True,True
2023_21_TSU_s2,2023_21,TSU,AlphaTauri,2,MEDIUM,MIDDLE,True,11.0,21.0,11.0,True,False,True,True
2023_21_TSU_s3,2023_21,TSU,AlphaTauri,3,HARD,HARDEST,True,22.0,47.0,26.0,False,False,False,True
2023_21_VER_s1,2023_21,VER,Red Bull Racing,1,MEDIUM,MIDDLE,True,1.0,16.0,16.0,True,False,True,True
2023_21_VER_s2,2023_21,VER,Red Bull Racing,2,HARD,HARDEST,True,17.0,26.0,10.0,True,False,True,True
2023_21_VER_s3,2023_21,VER,Red Bull Racing,3,HARD,HARDEST,True,27.0,50.0,24.0,False,True,False,True
2023_21_ZHO_s1,2023_21,ZHO,Alfa Romeo,1,HARD,HARDEST,True,1.0,26.0,26.0,True,False,True,True
2023_21_ZHO_s2,2023_21,ZHO,Alfa Romeo,2,MEDIUM,MIDDLE,True,27.0,50.0,24.0,False,True,False,True
2023_22_ALB_s1,2023_22,ALB,Williams,1,MEDIUM,MIDDLE,False,1.0,16.0,16.0,True,False,True,False
2023_22_ALB_s2,2023_22,ALB,Williams,2,HARD,HARDEST,True,17.0,43.0,27.0,True,False,True,False
2023_22_ALB_s3,2023_22,ALB,Williams,3,HARD,HARDEST,True,44.0,58.0,15.0,False,True,False,False
2023_22_ALO_s1,2023_22,ALO,Aston Martin,1,MEDIUM,MIDDLE,True,1.0,12.0,12.0,True,False,True,False
2023_22_ALO_s2,2023_22,ALO,Aston Martin,2,HARD,HARDEST,False,13.0,36.0,24.0,True,False,True,False
2023_22_ALO_s3,2023_22,ALO,Aston Martin,3,HARD,HARDEST,False,37.0,58.0,22.0,False,True,False,False
2023_22_BOT_s1,2023_22,BOT,Alfa Romeo,1,HARD,HARDEST,True,1.0,29.0,29.0,True,False,True,False
2023_22_BOT_s2,2023_22,BOT,Alfa Romeo,2,MEDIUM,MIDDLE,True,30.0,57.0,28.0,False,True,False,False
2023_22_GAS_s1,2023_22,GAS,Alpine,1,MEDIUM,MIDDLE,True,1.0,17.0,17.0,True,False,True,False
2023_22_GAS_s2,2023_22,GAS,Alpine,2,HARD,HARDEST,True,18.0,32.0,15.0,True,False,True,False
2023_22_GAS_s3,2023_22,GAS,Alpine,3,HARD,HARDEST,True,33.0,58.0,26.0,False,True,False,False
2023_22_HAM_s1,2023_22,HAM,Mercedes,1,MEDIUM,MIDDLE,True,1.0,15.0,15.0,True,False,True,False
2023_22_HAM_s2,2023_22,HAM,Mercedes,2,HARD,HARDEST,True,16.0,35.0,20.0,True,False,True,False
2023_22_HAM_s3,2023_22,HAM,Mercedes,3,HARD,HARDEST,True,36.0,58.0,23.0,False,True,False,False
2023_22_HUL_s1,2023_22,HUL,Haas F1 Team,1,MEDIUM,MIDDLE,True,1.0,13.0,13.0,True,False,True,False
2023_22_HUL_s2,2023_22,HUL,Haas F1 Team,2,HARD,HARDEST,True,14.0,33.0,20.0,True,False,True,False
2023_22_HUL_s3,2023_22,HUL,Haas F1 Team,3,HARD,HARDEST,True,34.0,58.0,25.0,False,True,False,False
2023_22_LEC_s1,2023_22,LEC,Ferrari,1,MEDIUM,MIDDLE,True,1.0,17.0,17.0,True,False,True,False
2023_22_LEC_s2,2023_22,LEC,Ferrari,2,HARD,HARDEST,True,18.0,35.0,18.0,True,False,True,False
2023_22_LEC_s3,2023_22,LEC,Ferrari,3,HARD,HARDEST,True,36.0,58.0,23.0,False,True,False,False
2023_22_MAG_s1,2023_22,MAG,Haas F1 Team,1,MEDIUM,MIDDLE,True,1.0,5.0,5.0,True,False,True,False
2023_22_MAG_s2,2023_22,MAG,Haas F1 Team,2,HARD,HARDEST,True,6.0,22.0,17.0,True,False,True,False
2023_22_MAG_s3,2023_22,MAG,Haas F1 Team,3,HARD,HARDEST,True,23.0,57.0,35.0,False,True,False,False
2023_22_NOR_s1,2023_22,NOR,McLaren,1,MEDIUM,MIDDLE,True,1.0,14.0,14.0,True,False,True,False
2023_22_NOR_s2,2023_22,NOR,McLaren,2,HARD,HARDEST,True,15.0,33.0,19.0,True,False,True,False
2023_22_NOR_s3,2023_22,NOR,McLaren,3,HARD,HARDEST,True,34.0,58.0,25.0,False,True,False,False
2023_22_OCO_s1,2023_22,OCO,Alpine,1,MEDIUM,MIDDLE,True,1.0,15.0,15.0,True,False,True,False
2023_22_OCO_s2,2023_22,OCO,Alpine,2,HARD,HARDEST,True,16.0,58.0,43.0,False,True,False,False
2023_22_PER_s1,2023_22,PER,Red Bull Racing,1,MEDIUM,MIDDLE,True,1.0,17.0,17.0,True,False,True,False
2023_22_PER_s2,2023_22,PER,Red Bull Racing,2,HARD,HARDEST,True,18.0,42.0,25.0,True,False,True,False
2023_22_PER_s3,2023_22,PER,Red Bull Racing,3,HARD,HARDEST,True,43.0,58.0,16.0,False,True,False,False
2023_22_PIA_s1,2023_22,PIA,McLaren,1,MEDIUM,MIDDLE,True,1.0,13.0,13.0,True,False,True,False
2023_22_PIA_s2,2023_22,PIA,McLaren,2,HARD,HARDEST,True,14.0,36.0,23.0,True,False,True,False
2023_22_PIA_s3,2023_22,PIA,McLaren,3,HARD,HARDEST,True,37.0,58.0,22.0,False,True,False,False
2023_22_RIC_s1,2023_22,RIC,AlphaTauri,1,MEDIUM,MIDDLE,True,1.0,7.0,7.0,True,False,True,False
2023_22_RIC_s2,2023_22,RIC,AlphaTauri,2,HARD,HARDEST,True,8.0,31.0,24.0,True,False,True,False
2023_22_RIC_s3,2023_22,RIC,AlphaTauri,3,HARD,HARDEST,True,32.0,58.0,27.0,False,True,False,False
2023_22_RUS_s1,2023_22,RUS,Mercedes,1,MEDIUM,MIDDLE,True,1.0,14.0,14.0,True,False,True,False
2023_22_RUS_s2,2023_22,RUS,Mercedes,2,HARD,HARDEST,True,15.0,34.0,20.0,True,False,True,False
2023_22_RUS_s3,2023_22,RUS,Mercedes,3,HARD,HARDEST,True,35.0,58.0,24.0,False,True,False,False
2023_22_SAI_s1,2023_22,SAI,Ferrari,1,HARD,HARDEST,True,1.0,23.0,23.0,True,False,True,False
2023_22_SAI_s2,2023_22,SAI,Ferrari,2,HARD,HARDEST,True,24.0,56.0,33.0,True,False,True,False
2023_22_SAI_s3,2023_22,SAI,Ferrari,3,SOFT,SOFTEST,True,57.0,57.0,1.0,True,True,False,False
2023_22_SAR_s1,2023_22,SAR,Williams,1,MEDIUM,MIDDLE,False,1.0,15.0,15.0,True,False,True,False
2023_22_SAR_s2,2023_22,SAR,Williams,2,HARD,HARDEST,True,16.0,41.0,26.0,True,False,True,False
2023_22_SAR_s3,2023_22,SAR,Williams,3,HARD,HARDEST,True,42.0,58.0,17.0,False,True,False,False
2023_22_STR_s1,2023_22,STR,Aston Martin,1,HARD,HARDEST,False,1.0,22.0,22.0,True,False,True,False
2023_22_STR_s2,2023_22,STR,Aston Martin,2,HARD,HARDEST,False,23.0,42.0,20.0,True,False,True,False
2023_22_STR_s3,2023_22,STR,Aston Martin,3,MEDIUM,MIDDLE,True,43.0,58.0,16.0,False,True,False,False
2023_22_TSU_s1,2023_22,TSU,AlphaTauri,1,MEDIUM,MIDDLE,True,1.0,22.0,22.0,True,False,True,False
2023_22_TSU_s2,2023_22,TSU,AlphaTauri,2,HARD,HARDEST,True,23.0,58.0,36.0,False,True,False,False
2023_22_VER_s1,2023_22,VER,Red Bull Racing,1,MEDIUM,MIDDLE,True,1.0,16.0,16.0,True,False,True,False
2023_22_VER_s2,2023_22,VER,Red Bull Racing,2,HARD,HARDEST,True,17.0,43.0,27.0,True,False,True,False
2023_22_VER_s3,2023_22,VER,Red Bull Racing,3,HARD,HARDEST,True,44.0,58.0,15.0,False,True,False,False
2023_22_ZHO_s1,2023_22,ZHO,Alfa Romeo,1,MEDIUM,MIDDLE,True,1.0,13.0,13.0,True,False,True,False
2023_22_ZHO_s2,2023_22,ZHO,Alfa Romeo,2,HARD,HARDEST,True,14.0,37.0,24.0,True,False,True,False
2023_22_ZHO_s3,2023_22,ZHO,Alfa Romeo,3,MEDIUM,MIDDLE,True,38.0,58.0,21.0,False,True,False,False
2024_01_ALB_s1,2024_01,ALB,Williams,1,SOFT,SOFTEST,True,1.0,15.0,15.0,True,False,True,True
2024_01_ALB_s2,2024_01,ALB,Williams,2,HARD,MIDDLE,True,16.0,36.0,21.0,True,False,True,False
2024_01_ALB_s3,2024_01,ALB,Williams,3,HARD,MIDDLE,True,37.0,56.0,20.0,False,True,False,False
2024_01_ALO_s1,2024_01,ALO,Aston Martin,1,SOFT,SOFTEST,False,1.0,15.0,15.0,True,False,True,True
2024_01_ALO_s2,2024_01,ALO,Aston Martin,2,HARD,MIDDLE,True,16.0,41.0,26.0,True,False,True,False
2024_01_ALO_s3,2024_01,ALO,Aston Martin,3,HARD,MIDDLE,True,42.0,57.0,16.0,False,True,False,False
2024_01_BOT_s1,2024_01,BOT,Kick Sauber,1,SOFT,SOFTEST,True,1.0,12.0,12.0,True,False,True,True
2024_01_BOT_s2,2024_01,BOT,Kick Sauber,2,HARD,MIDDLE,True,13.0,30.0,18.0,True,False,True,False
2024_01_BOT_s3,2024_01,BOT,Kick Sauber,3,HARD,MIDDLE,True,31.0,56.0,26.0,False,True,False,False
2024_01_GAS_s1,2024_01,GAS,Alpine,1,SOFT,SOFTEST,True,1.0,12.0,12.0,True,False,True,True
2024_01_GAS_s2,2024_01,GAS,Alpine,2,HARD,MIDDLE,True,13.0,31.0,19.0,True,False,True,False
2024_01_GAS_s3,2024_01,GAS,Alpine,3,HARD,MIDDLE,True,32.0,43.0,12.0,True,False,True,False
2024_01_GAS_s4,2024_01,GAS,Alpine,4,SOFT,SOFTEST,True,44.0,56.0,13.0,False,True,False,False
2024_01_HAM_s1,2024_01,HAM,Mercedes,1,SOFT,SOFTEST,False,1.0,12.0,12.0,True,False,True,True
2024_01_HAM_s2,2024_01,HAM,Mercedes,2,HARD,MIDDLE,True,13.0,33.0,21.0,True,False,True,False
2024_01_HAM_s3,2024_01,HAM,Mercedes,3,HARD,MIDDLE,True,34.0,57.0,24.0,False,True,False,False
2024_01_HUL_s1,2024_01,HUL,Haas F1 Team,1,SOFT,SOFTEST,True,1.0,1.0,1.0,True,False,True,True
2024_01_HUL_s2,2024_01,HUL,Haas F1 Team,2,HARD,MIDDLE,True,2.0,20.0,19.0,True,False,True,True
2024_01_HUL_s3,2024_01,HUL,Haas F1 Team,3,HARD,MIDDLE,True,21.0,41.0,21.0,True,False,True,False
2024_01_HUL_s4,2024_01,HUL,Haas F1 Team,4,SOFT,SOFTEST,False,42.0,56.0,15.0,False,True,False,False
2024_01_LEC_s1,2024_01,LEC,Ferrari,1,SOFT,SOFTEST,False,1.0,11.0,11.0,True,False,True,True
2024_01_LEC_s2,2024_01,LEC,Ferrari,2,HARD,MIDDLE,True,12.0,34.0,23.0,True,False,True,False
2024_01_LEC_s3,2024_01,LEC,Ferrari,3,HARD,MIDDLE,True,35.0,57.0,23.0,False,True,False,False
2024_01_MAG_s1,2024_01,MAG,Haas F1 Team,1,SOFT,SOFTEST,True,1.0,11.0,11.0,True,False,True,True
2024_01_MAG_s2,2024_01,MAG,Haas F1 Team,2,HARD,MIDDLE,True,12.0,32.0,21.0,True,False,True,False
2024_01_MAG_s3,2024_01,MAG,Haas F1 Team,3,HARD,MIDDLE,True,33.0,56.0,24.0,False,True,False,False
2024_01_NOR_s1,2024_01,NOR,McLaren,1,SOFT,SOFTEST,False,1.0,13.0,13.0,True,False,True,True
2024_01_NOR_s2,2024_01,NOR,McLaren,2,HARD,MIDDLE,True,14.0,33.0,20.0,True,False,True,False
2024_01_NOR_s3,2024_01,NOR,McLaren,3,HARD,MIDDLE,True,34.0,57.0,24.0,False,True,False,False
2024_01_OCO_s1,2024_01,OCO,Alpine,1,SOFT,SOFTEST,True,1.0,10.0,10.0,True,False,True,True
2024_01_OCO_s2,2024_01,OCO,Alpine,2,HARD,MIDDLE,True,11.0,30.0,20.0,True,False,True,False
2024_01_OCO_s3,2024_01,OCO,Alpine,3,HARD,MIDDLE,True,31.0,56.0,26.0,False,True,False,False
2024_01_PER_s1,2024_01,PER,Red Bull Racing,1,SOFT,SOFTEST,False,1.0,12.0,12.0,True,False,True,True
2024_01_PER_s2,2024_01,PER,Red Bull Racing,2,HARD,MIDDLE,True,13.0,36.0,24.0,True,False,True,False
2024_01_PER_s3,2024_01,PER,Red Bull Racing,3,SOFT,SOFTEST,True,37.0,57.0,21.0,False,True,False,False
2024_01_PIA_s1,2024_01,PIA,McLaren,1,SOFT,SOFTEST,False,1.0,12.0,12.0,True,False,True,True
2024_01_PIA_s2,2024_01,PIA,McLaren,2,HARD,MIDDLE,True,13.0,34.0,22.0,True,False,True,False
2024_01_PIA_s3,2024_01,PIA,McLaren,3,HARD,MIDDLE,True,35.0,57.0,23.0,False,True,False,False
2024_01_RIC_s1,2024_01,RIC,RB,1,SOFT,SOFTEST,False,1.0,13.0,13.0,True,False,True,True
2024_01_RIC_s2,2024_01,RIC,RB,2,HARD,MIDDLE,True,14.0,35.0,22.0,True,False,True,False
2024_01_RIC_s3,2024_01,RIC,RB,3,SOFT,SOFTEST,True,36.0,56.0,21.0,False,True,False,False
2024_01_RUS_s1,2024_01,RUS,Mercedes,1,SOFT,SOFTEST,False,1.0,11.0,11.0,True,False,True,True
2024_01_RUS_s2,2024_01,RUS,Mercedes,2,HARD,MIDDLE,True,12.0,31.0,20.0,True,False,True,False
2024_01_RUS_s3,2024_01,RUS,Mercedes,3,HARD,MIDDLE,True,32.0,57.0,26.0,False,True,False,False
2024_01_SAI_s1,2024_01,SAI,Ferrari,1,SOFT,SOFTEST,False,1.0,14.0,14.0,True,False,True,True
2024_01_SAI_s2,2024_01,SAI,Ferrari,2,HARD,MIDDLE,True,15.0,35.0,21.0,True,False,True,False
2024_01_SAI_s3,2024_01,SAI,Ferrari,3,HARD,MIDDLE,True,36.0,57.0,22.0,False,True,False,False
2024_01_SAR_s1,2024_01,SAR,Williams,1,SOFT,SOFTEST,True,1.0,10.0,10.0,True,False,True,True
2024_01_SAR_s2,2024_01,SAR,Williams,2,HARD,MIDDLE,True,11.0,28.0,18.0,True,False,True,False
2024_01_SAR_s3,2024_01,SAR,Williams,3,HARD,MIDDLE,True,29.0,40.0,12.0,True,False,True,False
2024_01_SAR_s4,2024_01,SAR,Williams,4,SOFT,SOFTEST,True,41.0,55.0,15.0,False,False,False,False
2024_01_STR_s1,2024_01,STR,Aston Martin,1,SOFT,SOFTEST,True,1.0,9.0,9.0,True,False,True,True
2024_01_STR_s2,2024_01,STR,Aston Martin,2,HARD,MIDDLE,True,10.0,27.0,18.0,True,False,True,True
2024_01_STR_s3,2024_01,STR,Aston Martin,3,HARD,MIDDLE,True,28.0,57.0,30.0,False,True,False,False
2024_01_TSU_s1,2024_01,TSU,RB,1,SOFT,SOFTEST,True,1.0,14.0,14.0,True,False,True,True
2024_01_TSU_s2,2024_01,TSU,RB,2,HARD,MIDDLE,True,15.0,34.0,20.0,True,False,True,False
2024_01_TSU_s3,2024_01,TSU,RB,3,HARD,MIDDLE,True,35.0,56.0,22.0,False,True,False,False
2024_01_VER_s1,2024_01,VER,Red Bull Racing,1,SOFT,SOFTEST,False,1.0,17.0,17.0,True,False,True,True
2024_01_VER_s2,2024_01,VER,Red Bull Racing,2,HARD,MIDDLE,True,18.0,37.0,20.0,True,False,True,False
2024_01_VER_s3,2024_01,VER,Red Bull Racing,3,SOFT,SOFTEST,True,38.0,57.0,20.0,False,True,False,False
2024_01_ZHO_s1,2024_01,ZHO,Kick Sauber,1,SOFT,SOFTEST,True,1.0,9.0,9.0,True,False,True,True
2024_01_ZHO_s2,2024_01,ZHO,Kick Sauber,2,HARD,MIDDLE,True,10.0,28.0,19.0,True,False,True,True
2024_01_ZHO_s3,2024_01,ZHO,Kick Sauber,3,HARD,MIDDLE,True,29.0,56.0,28.0,False,True,False,False
2024_02_ALB_s1,2024_02,ALB,Williams,1,MEDIUM,MIDDLE,True,1.0,7.0,7.0,True,False,True,True
2024_02_ALB_s2,2024_02,ALB,Williams,2,HARD,HARDEST,True,8.0,50.0,43.0,False,True,False,True
2024_02_ALO_s1,2024_02,ALO,Aston Martin,1,MEDIUM,MIDDLE,False,1.0,7.0,7.0,True,False,True,True
2024_02_ALO_s2,2024_02,ALO,Aston Martin,2,HARD,HARDEST,False,8.0,50.0,43.0,False,True,False,True
2024_02_BEA_s1,2024_02,BEA,Ferrari,1,SOFT,SOFTEST,True,1.0,7.0,7.0,True,False,True,True
2024_02_BEA_s2,2024_02,BEA,Ferrari,2,HARD,HARDEST,True,8.0,50.0,43.0,False,True,False,True
2024_02_BOT_s1,2024_02,BOT,Kick Sauber,1,SOFT,SOFTEST,True,1.0,7.0,7.0,True,False,True,True
2024_02_BOT_s2,2024_02,BOT,Kick Sauber,2,HARD,HARDEST,True,8.0,35.0,28.0,True,False,True,True
2024_02_BOT_s3,2024_02,BOT,Kick Sauber,3,SOFT,SOFTEST,True,36.0,49.0,14.0,False,True,False,False
2024_02_GAS_s1,2024_02,GAS,Alpine,1,MEDIUM,MIDDLE,True,1.0,1.0,1.0,True,False,True,False
2024_02_HAM_s1,2024_02,HAM,Mercedes,1,MEDIUM,MIDDLE,True,1.0,36.0,36.0,True,False,True,True
2024_02_HAM_s2,2024_02,HAM,Mercedes,2,SOFT,SOFTEST,False,37.0,50.0,14.0,False,True,False,False
2024_02_HUL_s1,2024_02,HUL,Haas F1 Team,1,MEDIUM,MIDDLE,True,1.0,33.0,33.0,True,False,True,True
2024_02_HUL_s2,2024_02,HUL,Haas F1 Team,2,HARD,HARDEST,True,34.0,50.0,17.0,False,True,False,False
2024_02_LEC_s1,2024_02,LEC,Ferrari,1,MEDIUM,MIDDLE,True,1.0,7.0,7.0,True,False,True,True
2024_02_LEC_s2,2024_02,LEC,Ferrari,2,HARD,HARDEST,True,8.0,50.0,43.0,False,True,False,True
2024_02_MAG_s1,2024_02,MAG,Haas F1 Team,1,MEDIUM,MIDDLE,True,1.0,7.0,7.0,True,False,True,True
2024_02_MAG_s2,2024_02,MAG,Haas F1 Team,2,HARD,HARDEST,True,8.0,50.0,43.0,False,True,False,True
2024_02_NOR_s1,2024_02,NOR,McLaren,1,MEDIUM,MIDDLE,True,1.0,37.0,37.0,True,False,True,True
2024_02_NOR_s2,2024_02,NOR,McLaren,2,SOFT,SOFTEST,False,38.0,50.0,13.0,False,True,False,False
2024_02_OCO_s1,2024_02,OCO,Alpine,1,MEDIUM,MIDDLE,True,1.0,7.0,7.0,True,False,True,True
2024_02_OCO_s2,2024_02,OCO,Alpine,2,HARD,HARDEST,True,8.0,49.0,42.0,False,True,False,True
2024_02_PER_s1,2024_02,PER,Red Bull Racing,1,MEDIUM,MIDDLE,True,1.0,7.0,7.0,True,False,True,True
2024_02_PER_s2,2024_02,PER,Red Bull Racing,2,HARD,HARDEST,True,8.0,50.0,43.0,False,True,False,True
2024_02_PIA_s1,2024_02,PIA,McLaren,1,MEDIUM,MIDDLE,True,1.0,7.0,7.0,True,False,True,True
2024_02_PIA_s2,2024_02,PIA,McLaren,2,HARD,HARDEST,False,8.0,50.0,43.0,False,True,False,True
2024_02_RIC_s1,2024_02,RIC,RB,1,MEDIUM,MIDDLE,True,1.0,7.0,7.0,True,False,True,True
2024_02_RIC_s2,2024_02,RIC,RB,2,HARD,HARDEST,True,8.0,49.0,42.0,False,True,False,True
2024_02_RUS_s1,2024_02,RUS,Mercedes,1,MEDIUM,MIDDLE,True,1.0,7.0,7.0,True,False,True,True
2024_02_RUS_s2,2024_02,RUS,Mercedes,2,HARD,HARDEST,True,8.0,50.0,43.0,False,True,False,True
2024_02_SAR_s1,2024_02,SAR,Williams,1,MEDIUM,MIDDLE,True,1.0,7.0,7.0,True,False,True,True
2024_02_SAR_s2,2024_02,SAR,Williams,2,HARD,HARDEST,True,8.0,49.0,42.0,False,True,False,True
2024_02_STR_s1,2024_02,STR,Aston Martin,1,MEDIUM,MIDDLE,False,1.0,6.0,6.0,False,False,False,True
2024_02_TSU_s1,2024_02,TSU,RB,1,MEDIUM,MIDDLE,True,1.0,7.0,7.0,True,False,True,True
2024_02_TSU_s2,2024_02,TSU,RB,2,HARD,HARDEST,True,8.0,49.0,42.0,False,True,False,True
2024_02_VER_s1,2024_02,VER,Red Bull Racing,1,MEDIUM,MIDDLE,True,1.0,7.0,7.0,True,False,True,True
2024_02_VER_s2,2024_02,VER,Red Bull Racing,2,HARD,HARDEST,True,8.0,50.0,43.0,False,True,False,True
2024_02_ZHO_s1,2024_02,ZHO,Kick Sauber,1,MEDIUM,MIDDLE,True,1.0,41.0,41.0,True,False,True,True
2024_02_ZHO_s2,2024_02,ZHO,Kick Sauber,2,SOFT,SOFTEST,True,42.0,49.0,8.0,False,True,False,False
2024_03_ALB_s1,2024_03,ALB,Williams,1,MEDIUM,MIDDLE,True,1.0,6.0,6.0,True,False,True,False
2024_03_ALB_s2,2024_03,ALB,Williams,2,HARD,HARDEST,True,7.0,27.0,21.0,True,False,True,True
2024_03_ALB_s3,2024_03,ALB,Williams,3,HARD,HARDEST,True,28.0,57.0,30.0,False,True,False,True
2024_03_ALO_s1,2024_03,ALO,Aston Martin,1,HARD,HARDEST,False,1.0,17.0,17.0,True,False,True,True
2024_03_ALO_s2,2024_03,ALO,Aston Martin,2,MEDIUM,MIDDLE,False,18.0,41.0,24.0,True,False,True,True
2024_03_ALO_s3,2024_03,ALO,Aston Martin,3,HARD,HARDEST,False,42.0,58.0,17.0,False,True,False,True
2024_03_BOT_s1,2024_03,BOT,Kick Sauber,1,MEDIUM,MIDDLE,False,1.0,8.0,8.0,True,False,True,False
2024_03_BOT_s2,2024_03,BOT,Kick Sauber,2,HARD,HARDEST,False,9.0,36.0,28.0,True,False,True,True
2024_03_BOT_s3,2024_03,BOT,Kick Sauber,3,HARD,HARDEST,True,37.0,57.0,21.0,False,True,False,True
2024_03_GAS_s1,2024_03,GAS,Alpine,1,MEDIUM,MIDDLE,True,1.0,17.0,17.0,True,False,True,True
2024_03_GAS_s2,2024_03,GAS,Alpine,2,HARD,HARDEST,True,18.0,41.0,24.0,True,False,True,False
2024_03_GAS_s3,2024_03,GAS,Alpine,3,HARD,HARDEST,True,42.0,57.0,16.0,False,True,False,True
2024_03_HAM_s1,2024_03,HAM,Mercedes,1,SOFT,SOFTEST,True,1.0,7.0,7.0,True,False,True,False
2024_03_HAM_s2,2024_03,HAM,Mercedes,2,HARD,HARDEST,True,8.0,16.0,9.0,False,False,False,True
2024_03_HUL_s1,2024_03,HUL,Haas F1 Team,1,HARD,HARDEST,True,1.0,17.0,17.0,True,False,True,True
2024_03_HUL_s2,2024_03,HUL,Haas F1 Team,2,MEDIUM,MIDDLE,True,18.0,35.0,18.0,True,False,True,False
2024_03_HUL_s3,2024_03,HUL,Haas F1 Team,3,HARD,HARDEST,True,36.0,58.0,23.0,False,True,False,True
2024_03_LEC_s1,2024_03,LEC,Ferrari,1,MEDIUM,MIDDLE,True,1.0,9.0,9.0,True,False,True,False
2024_03_LEC_s2,2024_03,LEC,Ferrari,2,HARD,HARDEST,True,10.0,34.0,25.0,True,False,True,True
2024_03_LEC_s3,2024_03,LEC,Ferrari,3,HARD,HARDEST,True,35.0,58.0,24.0,False,True,False,True
2024_03_MAG_s1,2024_03,MAG,Haas F1 Team,1,MEDIUM,MIDDLE,True,1.0,7.0,7.0,True,False,True,False
2024_03_MAG_s2,2024_03,MAG,Haas F1 Team,2,HARD,HARDEST,True,8.0,33.0,26.0,True,False,True,True
2024_03_MAG_s3,2024_03,MAG,Haas F1 Team,3,HARD,HARDEST,True,34.0,57.0,24.0,False,True,False,True
2024_03_NOR_s1,2024_03,NOR,McLaren,1,MEDIUM,MIDDLE,True,1.0,14.0,14.0,True,False,True,False
2024_03_NOR_s2,2024_03,NOR,McLaren,2,HARD,HARDEST,False,15.0,40.0,26.0,True,False,True,True
2024_03_NOR_s3,2024_03,NOR,McLaren,3,HARD,HARDEST,False,41.0,58.0,18.0,False,True,False,True
2024_03_OCO_s1,2024_03,OCO,Alpine,1,MEDIUM,MIDDLE,True,1.0,9.0,9.0,True,False,True,False
2024_03_OCO_s2,2024_03,OCO,Alpine,2,HARD,HARDEST,True,10.0,16.0,7.0,True,False,True,True
2024_03_OCO_s3,2024_03,OCO,Alpine,3,HARD,HARDEST,True,17.0,42.0,26.0,True,False,True,True
2024_03_OCO_s4,2024_03,OCO,Alpine,4,HARD,HARDEST,False,43.0,57.0,15.0,False,True,False,True
2024_03_PER_s1,2024_03,PER,Red Bull Racing,1,MEDIUM,MIDDLE,True,1.0,14.0,14.0,True,False,True,False
2024_03_PER_s2,2024_03,PER,Red Bull Racing,2,HARD,HARDEST,True,15.0,35.0,21.0,True,False,True,True
2024_03_PER_s3,2024_03,PER,Red Bull Racing,3,HARD,HARDEST,True,36.0,58.0,23.0,False,True,False,True
2024_03_PIA_s1,2024_03,PIA,McLaren,1,MEDIUM,MIDDLE,True,1.0,9.0,9.0,True,False,True,False
2024_03_PIA_s2,2024_03,PIA,McLaren,2,HARD,HARDEST,False,10.0,39.0,30.0,True,False,True,True
2024_03_PIA_s3,2024_03,PIA,McLaren,3,HARD,HARDEST,False,40.0,58.0,19.0,False,True,False,True
2024_03_RIC_s1,2024_03,RIC,RB,1,SOFT,SOFTEST,True,1.0,5.0,5.0,True,False,True,False
2024_03_RIC_s2,2024_03,RIC,RB,2,HARD,HARDEST,True,6.0,29.0,24.0,True,False,True,True
2024_03_RIC_s3,2024_03,RIC,RB,3,HARD,HARDEST,True,30.0,57.0,28.0,False,True,False,True
2024_03_RUS_s1,2024_03,RUS,Mercedes,1,MEDIUM,MIDDLE,True,1.0,8.0,8.0,True,False,True,False
2024_03_RUS_s2,2024_03,RUS,Mercedes,2,HARD,HARDEST,True,9.0,45.0,37.0,True,False,True,True
2024_03_RUS_s3,2024_03,RUS,Mercedes,3,HARD,HARDEST,True,46.0,57.0,12.0,False,True,False,True
2024_03_SAI_s1,2024_03,SAI,Ferrari,1,MEDIUM,MIDDLE,True,1.0,16.0,16.0,True,False,True,False
2024_03_SAI_s2,2024_03,SAI,Ferrari,2,HARD,HARDEST,True,17.0,41.0,25.0,True,False,True,True
2024_03_SAI_s3,2024_03,SAI,Ferrari,3,HARD,HARDEST,True,42.0,58.0,17.0,False,True,False,True
2024_03_STR_s1,2024_03,STR,Aston Martin,1,MEDIUM,MIDDLE,False,1.0,8.0,8.0,True,False,True,False
2024_03_STR_s2,2024_03,STR,Aston Martin,2,HARD,HARDEST,False,9.0,37.0,29.0,True,False,True,True
2024_03_STR_s3,2024_03,STR,Aston Martin,3,HARD,HARDEST,False,38.0,58.0,21.0,False,True,False,True
2024_03_TSU_s1,2024_03,TSU,RB,1,MEDIUM,MIDDLE,True,1.0,9.0,9.0,True,False,True,False
2024_03_TSU_s2,2024_03,TSU,RB,2,HARD,HARDEST,True,10.0,36.0,27.0,True,False,True,True
2024_03_TSU_s3,2024_03,TSU,RB,3,HARD,HARDEST,True,37.0,58.0,22.0,False,True,False,True
2024_03_VER_s1,2024_03,VER,Red Bull Racing,1,MEDIUM,MIDDLE,True,1.0,4.0,4.0,True,False,True,False
2024_03_ZHO_s1,2024_03,ZHO,Kick Sauber,1,SOFT,SOFTEST,True,1.0,6.0,6.0,True,False,True,False
2024_03_ZHO_s2,2024_03,ZHO,Kick Sauber,2,HARD,HARDEST,False,7.0,35.0,29.0,True,False,True,True
2024_03_ZHO_s3,2024_03,ZHO,Kick Sauber,3,HARD,HARDEST,True,36.0,57.0,22.0,False,True,False,True
2024_04_ALB_s1,2024_04,ALB,Williams,1,SOFT,SOFTEST,True,1.0,1.0,1.0,False,False,False,True
2024_04_ALO_s1,2024_04,ALO,Aston Martin,1,SOFT,SOFTEST,True,1.0,1.0,1.0,True,False,True,True
2024_04_ALO_s2,2024_04,ALO,Aston Martin,2,SOFT,SOFTEST,False,2.0,13.0,12.0,True,False,True,False
2024_04_ALO_s3,2024_04,ALO,Aston Martin,3,MEDIUM,MIDDLE,True,14.0,33.0,20.0,True,False,True,False
2024_04_ALO_s4,2024_04,ALO,Aston Martin,4,HARD,HARDEST,True,34.0,53.0,20.0,False,True,False,True
2024_04_BOT_s1,2024_04,BOT,Kick Sauber,1,SOFT,SOFTEST,True,1.0,1.0,1.0,True,False,True,True
2024_04_BOT_s2,2024_04,BOT,Kick Sauber,2,SOFT,SOFTEST,False,2.0,6.0,5.0,True,False,True,False
2024_04_BOT_s3,2024_04,BOT,Kick Sauber,3,HARD,HARDEST,True,7.0,22.0,16.0,True,False,True,False
2024_04_BOT_s4,2024_04,BOT,Kick Sauber,4,HARD,HARDEST,True,23.0,52.0,30.0,False,True,False,True
2024_04_GAS_s1,2024_04,GAS,Alpine,1,SOFT,SOFTEST,True,1.0,1.0,1.0,True,False,True,True
2024_04_GAS_s2,2024_04,GAS,Alpine,2,HARD,HARDEST,True,2.0,16.0,15.0,True,False,True,False
2024_04_GAS_s3,2024_04,GAS,Alpine,3,MEDIUM,MIDDLE,True,17.0,32.0,16.0,True,False,True,False
2024_04_GAS_s4,2024_04,GAS,Alpine,4,HARD,HARDEST,True,33.0,52.0,20.0,False,True,False,True
2024_04_HAM_s1,2024_04,HAM,Mercedes,1,MEDIUM,MIDDLE,True,1.0,1.0,1.0,True,False,True,True
2024_04_HAM_s2,2024_04,HAM,Mercedes,2,HARD,HARDEST,True,2.0,23.0,22.0,True,False,True,False
2024_04_HAM_s3,2024_04,HAM,Mercedes,3,HARD,HARDEST,True,24.0,39.0,16.0,True,False,True,False
2024_04_HAM_s4,2024_04,HAM,Mercedes,4,MEDIUM,MIDDLE,False,40.0,53.0,14.0,False,True,False,True
2024_04_HUL_s1,2024_04,HUL,Haas F1 Team,1,SOFT,SOFTEST,True,1.0,1.0,1.0,True,False,True,True
2024_04_HUL_s2,2024_04,HUL,Haas F1 Team,2,SOFT,SOFTEST,False,2.0,5.0,4.0,True,False,True,False
2024_04_HUL_s3,2024_04,HUL,Haas F1 Team,3,HARD,HARDEST,True,6.0,33.0,28.0,True,False,True,False
2024_04_HUL_s4,2024_04,HUL,Haas F1 Team,4,HARD,HARDEST,True,34.0,52.0,19.0,False,True,False,True
2024_04_LEC_s1,2024_04,LEC,Ferrari,1,MEDIUM,MIDDLE,True,1.0,1.0,1.0,True,False,True,True
2024_04_LEC_s2,2024_04,LEC,Ferrari,2,MEDIUM,MIDDLE,True,2.0,26.0,25.0,True,False,True,False
2024_04_LEC_s3,2024_04,LEC,Ferrari,3,HARD,HARDEST,True,27.0,53.0,27.0,False,True,False,True
2024_04_MAG_s1,2024_04,MAG,Haas F1 Team,1,MEDIUM,MIDDLE,True,1.0,1.0,1.0,True,False,True,True
2024_04_MAG_s2,2024_04,MAG,Haas F1 Team,2,MEDIUM,MIDDLE,True,2.0,22.0,21.0,True,False,True,False
2024_04_MAG_s3,2024_04,MAG,Haas F1 Team,3,HARD,HARDEST,True,23.0,52.0,30.0,False,True,False,True
2024_04_NOR_s1,2024_04,NOR,McLaren,1,MEDIUM,MIDDLE,True,1.0,1.0,1.0,True,False,True,True
2024_04_NOR_s2,2024_04,NOR,McLaren,2,MEDIUM,MIDDLE,False,2.0,11.0,10.0,True,False,True,False
2024_04_NOR_s3,2024_04,NOR,McLaren,3,HARD,HARDEST,True,12.0,26.0,15.0,True,False,True,False
2024_04_NOR_s4,2024_04,NOR,McLaren,4,HARD,HARDEST,True,27.0,53.0,27.0,False,True,False,True
2024_04_OCO_s1,2024_04,OCO,Alpine,1,SOFT,SOFTEST,True,1.0,1.0,1.0,True,False,True,True
2024_04_OCO_s2,2024_04,OCO,Alpine,2,HARD,HARDEST,True,2.0,19.0,18.0,True,False,True,False
2024_04_OCO_s3,2024_04,OCO,Alpine,3,HARD,HARDEST,True,20.0,33.0,14.0,True,False,True,False
2024_04_OCO_s4,2024_04,OCO,Alpine,4,MEDIUM,MIDDLE,True,34.0,52.0,19.0,False,True,False,True
2024_04_PER_s1,2024_04,PER,Red Bull Racing,1,MEDIUM,MIDDLE,True,1.0,1.0,1.0,True,False,True,True
2024_04_PER_s2,2024_04,PER,Red Bull Racing,2,MEDIUM,MIDDLE,False,2.0,15.0,14.0,True,False,True,False
2024_04_PER_s3,2024_04,PER,Red Bull Racing,3,MEDIUM,MIDDLE,True,16.0,33.0,18.0,True,False,True,False
2024_04_PER_s4,2024_04,PER,Red Bull Racing,4,HARD,HARDEST,True,34.0,53.0,20.0,False,True,False,True
2024_04_PIA_s1,2024_04,PIA,McLaren,1,MEDIUM,MIDDLE,True,1.0,1.0,1.0,True,False,True,True
2024_04_PIA_s2,2024_04,PIA,McLaren,2,MEDIUM,MIDDLE,False,2.0,12.0,11.0,True,False,True,False
2024_04_PIA_s3,2024_04,PIA,McLaren,3,HARD,HARDEST,True,13.0,32.0,20.0,True,False,True,False
2024_04_PIA_s4,2024_04,PIA,McLaren,4,HARD,HARDEST,True,33.0,53.0,21.0,False,True,False,True
2024_04_RIC_s1,2024_04,RIC,RB,1,MEDIUM,MIDDLE,True,1.0,1.0,1.0,False,False,False,True
2024_04_RUS_s1,2024_04,RUS,Mercedes,1,MEDIUM,MIDDLE,True,1.0,1.0,1.0,True,False,True,True
2024_04_RUS_s2,2024_04,RUS,Mercedes,2,HARD,HARDEST,True,2.0,22.0,21.0,True,False,True,False
2024_04_RUS_s3,2024_04,RUS,Mercedes,3,HARD,HARDEST,True,23.0,37.0,15.0,True,False,True,False
2024_04_RUS_s4,2024_04,RUS,Mercedes,4,MEDIUM,MIDDLE,False,38.0,53.0,16.0,False,True,False,True
2024_04_SAI_s1,2024_04,SAI,Ferrari,1,MEDIUM,MIDDLE,True,1.0,1.0,1.0,True,False,True,True
2024_04_SAI_s2,2024_04,SAI,Ferrari,2,MEDIUM,MIDDLE,True,2.0,15.0,14.0,True,False,True,False
2024_04_SAI_s3,2024_04,SAI,Ferrari,3,MEDIUM,MIDDLE,False,16.0,36.0,21.0,True,False,True,False
2024_04_SAI_s4,2024_04,SAI,Ferrari,4,HARD,HARDEST,True,37.0,53.0,17.0,False,True,False,True
2024_04_SAR_s1,2024_04,SAR,Williams,1,SOFT,SOFTEST,True,1.0,1.0,1.0,True,False,True,True
2024_04_SAR_s2,2024_04,SAR,Williams,2,HARD,HARDEST,True,2.0,22.0,21.0,True,False,True,False
2024_04_SAR_s3,2024_04,SAR,Williams,3,HARD,HARDEST,True,23.0,34.0,12.0,True,False,True,False
2024_04_SAR_s4,2024_04,SAR,Williams,4,MEDIUM,MIDDLE,True,35.0,41.0,7.0,True,False,True,True
2024_04_SAR_s5,2024_04,SAR,Williams,5,SOFT,SOFTEST,True,42.0,52.0,11.0,False,True,False,False
2024_04_STR_s1,2024_04,STR,Aston Martin,1,SOFT,SOFTEST,True,1.0,1.0,1.0,True,False,True,True
2024_04_STR_s2,2024_04,STR,Aston Martin,2,SOFT,SOFTEST,True,2.0,12.0,11.0,True,False,True,False
2024_04_STR_s3,2024_04,STR,Aston Martin,3,MEDIUM,MIDDLE,True,13.0,22.0,10.0,True,False,True,False
2024_04_STR_s4,2024_04,STR,Aston Martin,4,HARD,HARDEST,True,23.0,34.0,12.0,True,False,True,False
2024_04_STR_s5,2024_04,STR,Aston Martin,5,SOFT,SOFTEST,True,35.0,52.0,18.0,False,True,False,True
2024_04_TSU_s1,2024_04,TSU,RB,1,MEDIUM,MIDDLE,True,1.0,1.0,1.0,True,False,True,True
2024_04_TSU_s2,2024_04,TSU,RB,2,SOFT,SOFTEST,False,2.0,7.0,6.0,True,False,True,False
2024_04_TSU_s3,2024_04,TSU,RB,3,HARD,HARDEST,True,8.0,22.0,15.0,True,False,True,False
2024_04_TSU_s4,2024_04,TSU,RB,4,HARD,HARDEST,True,23.0,52.0,30.0,False,True,False,True
2024_04_VER_s1,2024_04,VER,Red Bull Racing,1,MEDIUM,MIDDLE,True,1.0,1.0,1.0,True,False,True,True
2024_04_VER_s2,2024_04,VER,Red Bull Racing,2,MEDIUM,MIDDLE,False,2.0,16.0,15.0,True,False,True,False
2024_04_VER_s3,2024_04,VER,Red Bull Racing,3,MEDIUM,MIDDLE,True,17.0,34.0,18.0,True,False,True,False
2024_04_VER_s4,2024_04,VER,Red Bull Racing,4,HARD,HARDEST,True,35.0,53.0,19.0,False,True,False,True
2024_04_ZHO_s1,2024_04,ZHO,Kick Sauber,1,MEDIUM,MIDDLE,True,1.0,1.0,1.0,True,False,True,True
2024_04_ZHO_s2,2024_04,ZHO,Kick Sauber,2,SOFT,SOFTEST,True,2.0,7.0,6.0,True,False,True,False
2024_04_ZHO_s3,2024_04,ZHO,Kick Sauber,3,HARD,HARDEST,True,8.0,11.0,4.0,True,False,True,False
2024_04_ZHO_s4,2024_04,ZHO,Kick Sauber,4,HARD,HARDEST,False,12.0,12.0,1.0,True,False,True,False
2024_05_ALB_s1,2024_05,ALB,Williams,1,MEDIUM,MIDDLE,True,1.0,9.0,9.0,True,False,True,False
2024_05_ALB_s2,2024_05,ALB,Williams,2,MEDIUM,MIDDLE,True,10.0,23.0,14.0,True,False,True,True
2024_05_ALB_s3,2024_05,ALB,Williams,3,HARD,HARDEST,True,24.0,56.0,33.0,False,True,False,True
2024_05_ALO_s1,2024_05,ALO,Aston Martin,1,MEDIUM,MIDDLE,True,1.0,11.0,11.0,True,False,True,False
2024_05_ALO_s2,2024_05,ALO,Aston Martin,2,HARD,HARDEST,True,12.0,23.0,12.0,True,False,True,True
2024_05_ALO_s3,2024_05,ALO,Aston Martin,3,SOFT,SOFTEST,True,24.0,43.0,20.0,True,False,True,True
2024_05_ALO_s4,2024_05,ALO,Aston Martin,4,MEDIUM,MIDDLE,True,44.0,56.0,13.0,False,True,False,False
2024_05_BOT_s1,2024_05,BOT,Kick Sauber,1,MEDIUM,MIDDLE,True,1.0,9.0,9.0,True,False,True,False
2024_05_BOT_s2,2024_05,BOT,Kick Sauber,2,HARD,HARDEST,True,10.0,20.0,11.0,False,False,False,True
2024_05_GAS_s1,2024_05,GAS,Alpine,1,MEDIUM,MIDDLE,True,1.0,11.0,11.0,True,False,True,False
2024_05_GAS_s2,2024_05,GAS,Alpine,2,HARD,HARDEST,True,12.0,23.0,12.0,True,False,True,True
2024_05_GAS_s3,2024_05,GAS,Alpine,3,HARD,HARDEST,True,24.0,38.0,15.0,True,False,True,True
2024_05_GAS_s4,2024_05,GAS,Alpine,4,MEDIUM,MIDDLE,True,39.0,56.0,18.0,False,True,False,False
2024_05_HAM_s1,2024_05,HAM,Mercedes,1,SOFT,SOFTEST,True,1.0,9.0,9.0,True,False,True,False
2024_05_HAM_s2,2024_05,HAM,Mercedes,2,MEDIUM,MIDDLE,True,10.0,21.0,12.0,True,False,True,True
2024_05_HAM_s3,2024_05,HAM,Mercedes,3,HARD,HARDEST,True,22.0,56.0,35.0,False,True,False,True
2024_05_HUL_s1,2024_05,HUL,Haas F1 Team,1,MEDIUM,MIDDLE,True,1.0,8.0,8.0,True,False,True,False
2024_05_HUL_s2,2024_05,HUL,Haas F1 Team,2,HARD,HARDEST,True,9.0,23.0,15.0,True,False,True,True
2024_05_HUL_s3,2024_05,HUL,Haas F1 Team,3,HARD,HARDEST,True,24.0,56.0,33.0,False,True,False,True
2024_05_LEC_s1,2024_05,LEC,Ferrari,1,MEDIUM,MIDDLE,True,1.0,21.0,21.0,True,False,True,True
2024_05_LEC_s2,2024_05,LEC,Ferrari,2,HARD,HARDEST,True,22.0,56.0,35.0,False,True,False,True
2024_05_MAG_s1,2024_05,MAG,Haas F1 Team,1,HARD,HARDEST,True,1.0,17.0,17.0,True,False,True,False
2024_05_MAG_s2,2024_05,MAG,Haas F1 Team,2,HARD,HARDEST,True,18.0,27.0,10.0,True,False,True,True
2024_05_MAG_s3,2024_05,MAG,Haas F1 Team,3,MEDIUM,MIDDLE,True,28.0,56.0,29.0,False,True,False,True
2024_05_NOR_s1,2024_05,NOR,McLaren,1,MEDIUM,MIDDLE,True,1.0,22.0,22.0,True,False,True,True
2024_05_NOR_s2,2024_05,NOR,McLaren,2,HARD,HARDEST,True,23.0,56.0,34.0,False,True,False,True
2024_05_OCO_s1,2024_05,OCO,Alpine,1,MEDIUM,MIDDLE,True,1.0,9.0,9.0,True,False,True,False
2024_05_OCO_s2,2024_05,OCO,Alpine,2,HARD,HARDEST,True,10.0,23.0,14.0,True,False,True,True
2024_05_OCO_s3,2024_05,OCO,Alpine,3,HARD,HARDEST,True,24.0,56.0,33.0,False,True,False,True
2024_05_PER_s1,2024_05,PER,Red Bull Racing,1,MEDIUM,MIDDLE,True,1.0,13.0,13.0,True,False,True,False
2024_05_PER_s2,2024_05,PER,Red Bull Racing,2,HARD,HARDEST,True,14.0,23.0,10.0,True,False,True,True
2024_05_PER_s3,2024_05,PER,Red Bull Racing,3,HARD,HARDEST,True,24.0,56.0,33.0,False,True,False,True
2024_05_PIA_s1,2024_05,PIA,McLaren,1,MEDIUM,MIDDLE,True,1.0,16.0,16.0,True,False,True,False
2024_05_PIA_s2,2024_05,PIA,McLaren,2,MEDIUM,MIDDLE,False,17.0,24.0,8.0,True,False,True,True
2024_05_PIA_s3,2024_05,PIA,McLaren,3,HARD,HARDEST,True,25.0,56.0,32.0,False,True,False,True
2024_05_RIC_s1,2024_05,RIC,RB,1,MEDIUM,MIDDLE,True,1.0,14.0,14.0,True,False,True,False
2024_05_RIC_s2,2024_05,RIC,RB,2,MEDIUM,MIDDLE,True,15.0,33.0,19.0,True,False,True,True
2024_05_RUS_s1,2024_05,RUS,Mercedes,1,MEDIUM,MIDDLE,True,1.0,11.0,11.0,True,False,True,False
2024_05_RUS_s2,2024_05,RUS,Mercedes,2,MEDIUM,MIDDLE,True,12.0,23.0,12.0,True,False,True,True
2024_05_RUS_s3,2024_05,RUS,Mercedes,3,HARD,HARDEST,True,24.0,56.0,33.0,False,True,False,True
2024_05_SAI_s1,2024_05,SAI,Ferrari,1,MEDIUM,MIDDLE,True,1.0,17.0,17.0,True,False,True,False
2024_05_SAI_s2,2024_05,SAI,Ferrari,2,HARD,HARDEST,True,18.0,56.0,39.0,False,True,False,True
2024_05_SAR_s1,2024_05,SAR,Williams,1,SOFT,SOFTEST,True,1.0,12.0,12.0,True,False,True,False
2024_05_SAR_s2,2024_05,SAR,Williams,2,MEDIUM,MIDDLE,True,13.0,24.0,12.0,True,False,True,True
2024_05_SAR_s3,2024_05,SAR,Williams,3,HARD,HARDEST,True,25.0,56.0,32.0,False,True,False,True
2024_05_STR_s1,2024_05,STR,Aston Martin,1,SOFT,SOFTEST,True,1.0,9.0,9.0,True,False,True,False
2024_05_STR_s2,2024_05,STR,Aston Martin,2,MEDIUM,MIDDLE,True,10.0,21.0,12.0,True,False,True,True
2024_05_STR_s3,2024_05,STR,Aston Martin,3,HARD,HARDEST,True,22.0,26.0,5.0,True,False,True,True
2024_05_STR_s4,2024_05,STR,Aston Martin,4,MEDIUM,MIDDLE,True,27.0,35.0,9.0,True,False,True,True
2024_05_STR_s5,2024_05,STR,Aston Martin,5,HARD,HARDEST,False,36.0,56.0,21.0,False,True,False,False
2024_05_TSU_s1,2024_05,TSU,RB,1,SOFT,SOFTEST,True,1.0,8.0,8.0,True,False,True,False
2024_05_TSU_s2,2024_05,TSU,RB,2,MEDIUM,MIDDLE,True,9.0,23.0,15.0,True,False,True,True
2024_05_TSU_s3,2024_05,TSU,RB,3,HARD,HARDEST,True,24.0,27.0,4.0,False,False,False,True
2024_05_VER_s1,2024_05,VER,Red Bull Racing,1,MEDIUM,MIDDLE,True,1.0,13.0,13.0,True,False,True,False
2024_05_VER_s2,2024_05,VER,Red Bull Racing,2,HARD,HARDEST,True,14.0,23.0,10.0,True,False,True,True
2024_05_VER_s3,2024_05,VER,Red Bull Racing,3,HARD,HARDEST,True,24.0,56.0,33.0,False,True,False,True
2024_05_ZHO_s1,2024_05,ZHO,Kick Sauber,1,MEDIUM,MIDDLE,True,1.0,8.0,8.0,True,False,True,False
2024_05_ZHO_s2,2024_05,ZHO,Kick Sauber,2,HARD,HARDEST,True,9.0,23.0,15.0,True,False,True,True
2024_05_ZHO_s3,2024_05,ZHO,Kick Sauber,3,HARD,HARDEST,True,24.0,40.0,17.0,True,False,True,True
2024_05_ZHO_s4,2024_05,ZHO,Kick Sauber,4,SOFT,SOFTEST,True,41.0,56.0,16.0,False,True,False,False
2024_06_ALB_s1,2024_06,ALB,Williams,1,MEDIUM,MIDDLE,True,1.0,10.0,10.0,True,False,True,False
2024_06_ALB_s2,2024_06,ALB,Williams,2,HARD,HARDEST,True,11.0,53.0,43.0,True,False,True,True
2024_06_ALB_s3,2024_06,ALB,Williams,3,SOFT,SOFTEST,True,54.0,57.0,4.0,False,True,False,False
2024_06_ALO_s1,2024_06,ALO,Aston Martin,1,HARD,HARDEST,False,1.0,22.0,22.0,True,False,True,True
2024_06_ALO_s2,2024_06,ALO,Aston Martin,2,MEDIUM,MIDDLE,False,23.0,57.0,35.0,False,True,False,True
2024_06_BOT_s1,2024_06,BOT,Kick Sauber,1,SOFT,SOFTEST,True,1.0,11.0,11.0,True,False,True,False
2024_06_BOT_s2,2024_06,BOT,Kick Sauber,2,HARD,HARDEST,True,12.0,29.0,18.0,True,False,True,True
2024_06_BOT_s3,2024_06,BOT,Kick Sauber,3,MEDIUM,MIDDLE,True,30.0,57.0,28.0,False,True,False,True
2024_06_GAS_s1,2024_06,GAS,Alpine,1,MEDIUM,MIDDLE,True,1.0,12.0,12.0,True,False,True,False
2024_06_GAS_s2,2024_06,GAS,Alpine,2,HARD,HARDEST,True,13.0,57.0,45.0,False,True,False,True
2024_06_HAM_s1,2024_06,HAM,Mercedes,1,HARD,HARDEST,True,1.0,26.0,26.0,True,False,True,True
2024_06_HAM_s2,2024_06,HAM,Mercedes,2,MEDIUM,MIDDLE,False,27.0,57.0,31.0,False,True,False,True
2024_06_HUL_s1,2024_06,HUL,Haas F1 Team,1,MEDIUM,MIDDLE,True,1.0,12.0,12.0,True,False,True,False
2024_06_HUL_s2,2024_06,HUL,Haas F1 Team,2,HARD,HARDEST,True,13.0,28.0,16.0,True,False,True,True
2024_06_HUL_s3,2024_06,HUL,Haas F1 Team,3,MEDIUM,MIDDLE,True,29.0,57.0,29.0,False,True,False,True
2024_06_LEC_s1,2024_06,LEC,Ferrari,1,MEDIUM,MIDDLE,True,1.0,19.0,19.0,True,False,True,False
2024_06_LEC_s2,2024_06,LEC,Ferrari,2,HARD,HARDEST,True,20.0,57.0,38.0,False,True,False,True
2024_06_MAG_s1,2024_06,MAG,Haas F1 Team,1,HARD,HARDEST,True,1.0,22.0,22.0,True,False,True,True
2024_06_MAG_s2,2024_06,MAG,Haas F1 Team,2,MEDIUM,MIDDLE,True,23.0,28.0,6.0,True,False,True,True
2024_06_MAG_s3,2024_06,MAG,Haas F1 Team,3,MEDIUM,MIDDLE,True,29.0,31.0,3.0,True,False,True,True
2024_06_MAG_s4,2024_06,MAG,Haas F1 Team,4,MEDIUM,MIDDLE,False,32.0,57.0,26.0,False,True,False,True
2024_06_NOR_s1,2024_06,NOR,McLaren,1,MEDIUM,MIDDLE,True,1.0,29.0,29.0,True,False,True,True
2024_06_NOR_s2,2024_06,NOR,McLaren,2,HARD,HARDEST,True,30.0,57.0,28.0,False,True,False,True
2024_06_OCO_s1,2024_06,OCO,Alpine,1,MEDIUM,MIDDLE,True,1.0,22.0,22.0,True,False,True,True
2024_06_OCO_s2,2024_06,OCO,Alpine,2,HARD,HARDEST,True,23.0,57.0,35.0,False,True,False,True
2024_06_PER_s1,2024_06,PER,Red Bull Racing,1,MEDIUM,MIDDLE,True,1.0,17.0,17.0,True,False,True,False
2024_06_PER_s2,2024_06,PER,Red Bull Racing,2,HARD,HARDEST,True,18.0,28.0,11.0,True,False,True,True
2024_06_PER_s3,2024_06,PER,Red Bull Racing,3,MEDIUM,MIDDLE,False,29.0,57.0,29.0,False,True,False,True
2024_06_PIA_s1,2024_06,PIA,McLaren,1,MEDIUM,MIDDLE,True,1.0,27.0,27.0,True,False,True,True
2024_06_PIA_s2,2024_06,PIA,McLaren,2,HARD,HARDEST,True,28.0,40.0,13.0,True,False,True,True
2024_06_PIA_s3,2024_06,PIA,McLaren,3,MEDIUM,MIDDLE,False,41.0,57.0,17.0,False,True,False,False
2024_06_RIC_s1,2024_06,RIC,RB,1,HARD,HARDEST,True,1.0,28.0,28.0,True,False,True,True
2024_06_RIC_s2,2024_06,RIC,RB,2,MEDIUM,MIDDLE,False,29.0,57.0,29.0,False,True,False,True
2024_06_RUS_s1,2024_06,RUS,Mercedes,1,MEDIUM,MIDDLE,False,1.0,24.0,24.0,True,False,True,True
2024_06_RUS_s2,2024_06,RUS,Mercedes,2,HARD,HARDEST,True,25.0,57.0,33.0,False,True,False,True
2024_06_SAI_s1,2024_06,SAI,Ferrari,1,MEDIUM,MIDDLE,True,1.0,27.0,27.0,True,False,True,True
2024_06_SAI_s2,2024_06,SAI,Ferrari,2,HARD,HARDEST,True,28.0,57.0,30.0,False,True,False,True
2024_06_SAR_s1,2024_06,SAR,Williams,1,MEDIUM,MIDDLE,True,1.0,11.0,11.0,True,False,True,False
2024_06_SAR_s2,2024_06,SAR,Williams,2,HARD,HARDEST,True,12.0,28.0,17.0,False,False,False,True
2024_06_STR_s1,2024_06,STR,Aston Martin,1,MEDIUM,MIDDLE,False,1.0,11.0,11.0,True,False,True,False
2024_06_STR_s2,2024_06,STR,Aston Martin,2,HARD,HARDEST,False,12.0,28.0,17.0,True,False,True,True
2024_06_STR_s3,2024_06,STR,Aston Martin,3,MEDIUM,MIDDLE,False,29.0,57.0,29.0,False,True,False,True
2024_06_TSU_s1,2024_06,TSU,RB,1,MEDIUM,MIDDLE,True,1.0,28.0,28.0,True,False,True,True
2024_06_TSU_s2,2024_06,TSU,RB,2,HARD,HARDEST,True,29.0,57.0,29.0,False,True,False,True
2024_06_VER_s1,2024_06,VER,Red Bull Racing,1,MEDIUM,MIDDLE,True,1.0,23.0,23.0,True,False,True,True
2024_06_VER_s2,2024_06,VER,Red Bull Racing,2,HARD,HARDEST,True,24.0,57.0,34.0,False,True,False,True
2024_06_ZHO_s1,2024_06,ZHO,Kick Sauber,1,MEDIUM,MIDDLE,True,1.0,28.0,28.0,True,False,True,True
2024_06_ZHO_s2,2024_06,ZHO,Kick Sauber,2,SOFT,SOFTEST,True,29.0,57.0,29.0,False,True,False,True
2024_07_ALB_s1,2024_07,ALB,Williams,1,MEDIUM,MIDDLE,True,1.0,8.0,8.0,True,False,True,False
2024_07_ALB_s2,2024_07,ALB,Williams,2,HARD,HARDEST,True,9.0,9.0,1.0,True,False,True,False
2024_07_ALB_s3,2024_07,ALB,Williams,3,MEDIUM,MIDDLE,False,10.0,23.0,14.0,True,False,True,False
2024_07_ALB_s4,2024_07,ALB,Williams,4,MEDIUM,MIDDLE,False,24.0,28.0,5.0,True,False,True,False
2024_07_ALB_s5,2024_07,ALB,Williams,5,MEDIUM,MIDDLE,False,29.0,51.0,23.0,True,False,True,False
2024_07_ALO_s1,2024_07,ALO,Aston Martin,1,SOFT,SOFTEST,True,1.0,7.0,7.0,True,False,True,False
2024_07_ALO_s2,2024_07,ALO,Aston Martin,2,HARD,HARDEST,False,8.0,40.0,33.0,True,False,True,False
2024_07_ALO_s3,2024_07,ALO,Aston Martin,3,MEDIUM,MIDDLE,False,41.0,59.0,19.0,True,False,True,False
2024_07_ALO_s4,2024_07,ALO,Aston Martin,4,SOFT,SOFTEST,True,60.0,62.0,3.0,False,True,False,False
2024_07_BOT_s1,2024_07,BOT,Kick Sauber,1,MEDIUM,MIDDLE,True,1.0,8.0,8.0,True,False,True,False
2024_07_BOT_s2,2024_07,BOT,Kick Sauber,2,HARD,HARDEST,True,9.0,62.0,54.0,False,True,False,False
2024_07_GAS_s1,2024_07,GAS,Alpine,1,SOFT,SOFTEST,True,1.0,8.0,8.0,True,False,True,False
2024_07_GAS_s2,2024_07,GAS,Alpine,2,HARD,HARDEST,True,9.0,30.0,22.0,True,False,True,False
2024_07_GAS_s3,2024_07,GAS,Alpine,3,MEDIUM,MIDDLE,True,31.0,62.0,32.0,False,True,False,False
2024_07_HAM_s1,2024_07,HAM,Mercedes,1,MEDIUM,MIDDLE,True,1.0,27.0,27.0,True,False,True,False
2024_07_HAM_s2,2024_07,HAM,Mercedes,2,HARD,HARDEST,True,28.0,63.0,36.0,False,True,False,False
2024_07_HUL_s1,2024_07,HUL,Haas F1 Team,1,MEDIUM,MIDDLE,True,1.0,13.0,13.0,True,False,True,False
2024_07_HUL_s2,2024_07,HUL,Haas F1 Team,2,HARD,HARDEST,True,14.0,62.0,49.0,False,True,False,False
2024_07_LEC_s1,2024_07,LEC,Ferrari,1,MEDIUM,MIDDLE,True,1.0,25.0,25.0,True,False,True,False
2024_07_LEC_s2,2024_07,LEC,Ferrari,2,HARD,HARDEST,True,26.0,63.0,38.0,False,True,False,False
2024_07_MAG_s1,2024_07,MAG,Haas F1 Team,1,MEDIUM,MIDDLE,True,1.0,37.0,37.0,True,False,True,False
2024_07_MAG_s2,2024_07,MAG,Haas F1 Team,2,HARD,HARDEST,True,38.0,62.0,25.0,False,True,False,False
2024_07_NOR_s1,2024_07,NOR,McLaren,1,MEDIUM,MIDDLE,True,1.0,22.0,22.0,True,False,True,False
2024_07_NOR_s2,2024_07,NOR,McLaren,2,HARD,HARDEST,False,23.0,63.0,41.0,False,True,False,False
2024_07_OCO_s1,2024_07,OCO,Alpine,1,MEDIUM,MIDDLE,True,1.0,25.0,25.0,True,False,True,False
2024_07_OCO_s2,2024_07,OCO,Alpine,2,HARD,HARDEST,True,26.0,62.0,37.0,False,True,False,False
2024_07_PER_s1,2024_07,PER,Red Bull Racing,1,HARD,HARDEST,True,1.0,37.0,37.0,True,False,True,False
2024_07_PER_s2,2024_07,PER,Red Bull Racing,2,MEDIUM,MIDDLE,True,38.0,63.0,26.0,False,True,False,False
2024_07_PIA_s1,2024_07,PIA,McLaren,1,MEDIUM,MIDDLE,True,1.0,23.0,23.0,True,False,True,False
2024_07_PIA_s2,2024_07,PIA,McLaren,2,HARD,HARDEST,False,24.0,63.0,40.0,False,True,False,False
2024_07_RIC_s1,2024_07,RIC,RB,1,MEDIUM,MIDDLE,True,1.0,11.0,11.0,True,False,True,False
2024_07_RIC_s2,2024_07,RIC,RB,2,HARD,HARDEST,True,12.0,62.0,51.0,False,True,False,False
2024_07_RUS_s1,2024_07,RUS,Mercedes,1,MEDIUM,MIDDLE,True,1.0,21.0,21.0,True,False,True,False
2024_07_RUS_s2,2024_07,RUS,Mercedes,2,HARD,HARDEST,True,22.0,52.0,31.0,True,False,True,False
2024_07_RUS_s3,2024_07,RUS,Mercedes,3,MEDIUM,MIDDLE,False,53.0,63.0,11.0,False,True,False,False
2024_07_SAI_s1,2024_07,SAI,Ferrari,1,MEDIUM,MIDDLE,True,1.0,27.0,27.0,True,False,True,False
2024_07_SAI_s2,2024_07,SAI,Ferrari,2,HARD,HARDEST,True,28.0,63.0,36.0,False,True,False,False
2024_07_SAR_s1,2024_07,SAR,Williams,1,HARD,HARDEST,True,1.0,31.0,31.0,True,False,True,False
2024_07_SAR_s2,2024_07,SAR,Williams,2,MEDIUM,MIDDLE,True,32.0,62.0,31.0,False,True,False,False
2024_07_STR_s1,2024_07,STR,Aston Martin,1,MEDIUM,MIDDLE,False,1.0,37.0,37.0,True,False,True,False
2024_07_STR_s2,2024_07,STR,Aston Martin,2,HARD,HARDEST,False,38.0,63.0,26.0,False,True,False,False
2024_07_TSU_s1,2024_07,TSU,RB,1,MEDIUM,MIDDLE,True,1.0,12.0,12.0,True,False,True,False
2024_07_TSU_s2,2024_07,TSU,RB,2,HARD,HARDEST,True,13.0,62.0,50.0,False,True,False,False
2024_07_VER_s1,2024_07,VER,Red Bull Racing,1,MEDIUM,MIDDLE,True,1.0,24.0,24.0,True,False,True,False
2024_07_VER_s2,2024_07,VER,Red Bull Racing,2,HARD,HARDEST,True,25.0,63.0,39.0,False,True,False,False
2024_07_ZHO_s1,2024_07,ZHO,Kick Sauber,1,HARD,HARDEST,True,1.0,33.0,33.0,True,False,True,False
2024_07_ZHO_s2,2024_07,ZHO,Kick Sauber,2,MEDIUM,MIDDLE,True,34.0,62.0,29.0,False,True,False,False
2024_08_ALB_s1,2024_08,ALB,Williams,1,MEDIUM,MIDDLE,True,1.0,1.0,1.0,True,False,True,True
2024_08_ALB_s2,2024_08,ALB,Williams,2,HARD,HARDEST,True,2.0,77.0,76.0,False,True,False,True
2024_08_ALO_s1,2024_08,ALO,Aston Martin,1,HARD,HARDEST,False,1.0,1.0,1.0,True,False,True,True
2024_08_ALO_s2,2024_08,ALO,Aston Martin,2,MEDIUM,MIDDLE,False,2.0,76.0,75.0,False,False,False,True
2024_08_BOT_s1,2024_08,BOT,Kick Sauber,1,HARD,HARDEST,True,1.0,1.0,1.0,True,False,True,True
2024_08_BOT_s2,2024_08,BOT,Kick Sauber,2,MEDIUM,MIDDLE,True,2.0,15.0,14.0,True,False,True,True
2024_08_BOT_s3,2024_08,BOT,Kick Sauber,3,HARD,HARDEST,False,16.0,76.0,61.0,False,False,False,True
2024_08_GAS_s1,2024_08,GAS,Alpine,1,HARD,HARDEST,True,1.0,1.0,1.0,True,False,True,True
2024_08_GAS_s2,2024_08,GAS,Alpine,2,MEDIUM,MIDDLE,True,2.0,77.0,76.0,False,True,False,True
2024_08_HAM_s1,2024_08,HAM,Mercedes,1,HARD,HARDEST,True,1.0,1.0,1.0,True,False,True,True
2024_08_HAM_s2,2024_08,HAM,Mercedes,2,MEDIUM,MIDDLE,True,2.0,51.0,50.0,True,False,True,True
2024_08_HAM_s3,2024_08,HAM,Mercedes,3,HARD,HARDEST,False,52.0,78.0,27.0,False,True,False,True
2024_08_HUL_s1,2024_08,HUL,Haas F1 Team,1,MEDIUM,MIDDLE,True,1.0,1.0,1.0,False,False,False,True
2024_08_LEC_s1,2024_08,LEC,Ferrari,1,MEDIUM,MIDDLE,True,1.0,1.0,1.0,True,False,True,True
2024_08_LEC_s2,2024_08,LEC,Ferrari,2,HARD,HARDEST,True,2.0,78.0,77.0,False,True,False,True
2024_08_MAG_s1,2024_08,MAG,Haas F1 Team,1,HARD,HARDEST,True,1.0,1.0,1.0,False,False,False,True
2024_08_NOR_s1,2024_08,NOR,McLaren,1,MEDIUM,MIDDLE,False,1.0,1.0,1.0,True,False,True,True
2024_08_NOR_s2,2024_08,NOR,McLaren,2,HARD,HARDEST,False,2.0,78.0,77.0,False,True,False,True
2024_08_OCO_s1,2024_08,OCO,Alpine,1,HARD,HARDEST,True,1.0,1.0,1.0,False,False,False,True
2024_08_PER_s1,2024_08,PER,Red Bull Racing,1,HARD,HARDEST,True,1.0,1.0,1.0,False,False,False,True
2024_08_PIA_s1,2024_08,PIA,McLaren,1,MEDIUM,MIDDLE,False,1.0,1.0,1.0,True,False,True,True
2024_08_PIA_s2,2024_08,PIA,McLaren,2,HARD,HARDEST,False,2.0,78.0,77.0,False,True,False,True
2024_08_RIC_s1,2024_08,RIC,RB,1,MEDIUM,MIDDLE,True,1.0,1.0,1.0,True,False,True,True
2024_08_RIC_s2,2024_08,RIC,RB,2,HARD,HARDEST,False,2.0,76.0,75.0,False,False,False,True
2024_08_RUS_s1,2024_08,RUS,Mercedes,1,HARD,HARDEST,True,1.0,1.0,1.0,True,False,True,True
2024_08_RUS_s2,2024_08,RUS,Mercedes,2,MEDIUM,MIDDLE,True,2.0,78.0,77.0,False,True,False,True
2024_08_SAI_s1,2024_08,SAI,Ferrari,1,MEDIUM,MIDDLE,True,1.0,1.0,1.0,True,False,True,True
2024_08_SAI_s2,2024_08,SAI,Ferrari,2,HARD,HARDEST,True,2.0,78.0,77.0,False,True,False,True
2024_08_SAR_s1,2024_08,SAR,Williams,1,HARD,HARDEST,True,1.0,1.0,1.0,True,False,True,True
2024_08_SAR_s2,2024_08,SAR,Williams,2,HARD,HARDEST,False,2.0,57.0,56.0,True,False,True,True
2024_08_SAR_s3,2024_08,SAR,Williams,3,MEDIUM,MIDDLE,True,58.0,76.0,19.0,False,False,False,False
2024_08_STR_s1,2024_08,STR,Aston Martin,1,HARD,HARDEST,False,1.0,1.0,1.0,True,False,True,True
2024_08_STR_s2,2024_08,STR,Aston Martin,2,MEDIUM,MIDDLE,False,2.0,42.0,41.0,True,False,True,True
2024_08_STR_s3,2024_08,STR,Aston Martin,3,HARD,HARDEST,False,43.0,48.0,6.0,True,False,True,False
2024_08_STR_s4,2024_08,STR,Aston Martin,4,SOFT,SOFTEST,True,49.0,76.0,28.0,False,False,False,True
2024_08_TSU_s1,2024_08,TSU,RB,1,MEDIUM,MIDDLE,True,1.0,1.0,1.0,True,False,True,True
2024_08_TSU_s2,2024_08,TSU,RB,2,HARD,HARDEST,False,2.0,77.0,76.0,False,True,False,True
2024_08_VER_s1,2024_08,VER,Red Bull Racing,1,HARD,HARDEST,True,1.0,1.0,1.0,True,False,True,True
2024_08_VER_s2,2024_08,VER,Red Bull Racing,2,MEDIUM,MIDDLE,True,2.0,52.0,51.0,True,False,True,True
2024_08_VER_s3,2024_08,VER,Red Bull Racing,3,HARD,HARDEST,False,53.0,78.0,26.0,False,True,False,False
2024_08_ZHO_s1,2024_08,ZHO,Kick Sauber,1,MEDIUM,MIDDLE,True,1.0,1.0,1.0,True,False,True,True
2024_08_ZHO_s2,2024_08,ZHO,Kick Sauber,2,HARD,HARDEST,True,2.0,70.0,69.0,True,False,True,True
2024_08_ZHO_s3,2024_08,ZHO,Kick Sauber,3,SOFT,SOFTEST,True,71.0,76.0,6.0,False,False,False,False
2024_09_ALB_s1,2024_09,ALB,Williams,1,WET,WET,True,1.0,25.0,25.0,True,False,True,True
2024_09_ALB_s2,2024_09,ALB,Williams,2,WET,WET,True,26.0,44.0,19.0,True,False,True,True
2024_09_ALB_s3,2024_09,ALB,Williams,3,MEDIUM,SOFTEST,True,45.0,53.0,9.0,False,False,False,True
2024_09_ALO_s1,2024_09,ALO,Aston Martin,1,WET,WET,True,1.0,25.0,25.0,True,False,True,True
2024_09_ALO_s2,2024_09,ALO,Aston Martin,2,WET,WET,True,26.0,44.0,19.0,True,False,True,True
2024_09_ALO_s3,2024_09,ALO,Aston Martin,3,HARD,MIDDLE,True,45.0,70.0,26.0,False,True,False,True
2024_09_BOT_s1,2024_09,BOT,Kick Sauber,1,WET,WET,True,1.0,42.0,42.0,True,False,True,True
2024_09_BOT_s2,2024_09,BOT,Kick Sauber,2,MEDIUM,SOFTEST,True,43.0,70.0,28.0,False,True,False,True
2024_09_GAS_s1,2024_09,GAS,Alpine,1,WET,WET,True,1.0,25.0,25.0,True,False,True,True
2024_09_GAS_s2,2024_09,GAS,Alpine,2,WET,WET,True,26.0,40.0,15.0,True,False,True,True
2024_09_GAS_s3,2024_09,GAS,Alpine,3,HARD,MIDDLE,True,41.0,70.0,30.0,False,True,False,True
2024_09_HAM_s1,2024_09,HAM,Mercedes,1,WET,WET,True,1.0,25.0,25.0,True,False,True,True
2024_09_HAM_s2,2024_09,HAM,Mercedes,2,WET,WET,True,26.0,43.0,18.0,True,False,True,True
2024_09_HAM_s3,2024_09,HAM,Mercedes,3,MEDIUM,SOFTEST,True,44.0,54.0,11.0,True,False,True,True
2024_09_HAM_s4,2024_09,HAM,Mercedes,4,HARD,MIDDLE,True,55.0,70.0,16.0,False,True,False,True
2024_09_HUL_s1,2024_09,HUL,Haas F1 Team,1,WET,WET,True,1.0,12.0,12.0,True,False,True,True
2024_09_HUL_s2,2024_09,HUL,Haas F1 Team,2,WET,WET,True,13.0,25.0,13.0,True,False,True,True
2024_09_HUL_s3,2024_09,HUL,Haas F1 Team,3,WET,WET,True,26.0,44.0,19.0,True,False,True,True
2024_09_HUL_s4,2024_09,HUL,Haas F1 Team,4,MEDIUM,SOFTEST,True,45.0,70.0,26.0,False,True,False,True
2024_09_LEC_s1,2024_09,LEC,Ferrari,1,WET,WET,True,1.0,25.0,25.0,True,False,True,True
2024_09_LEC_s2,2024_09,LEC,Ferrari,2,WET,WET,True,26.0,28.0,3.0,True,False,True,True
2024_09_LEC_s3,2024_09,LEC,Ferrari,3,HARD,MIDDLE,True,29.0,31.0,3.0,True,False,True,True
2024_09_LEC_s4,2024_09,LEC,Ferrari,4,WET,WET,True,32.0,41.0,10.0,True,False,True,True
2024_09_MAG_s1,2024_09,MAG,Haas F1 Team,1,WET,WET,True,1.0,7.0,7.0,True,False,True,True
2024_09_MAG_s2,2024_09,MAG,Haas F1 Team,2,WET,WET,True,8.0,25.0,18.0,True,False,True,True
2024_09_MAG_s3,2024_09,MAG,Haas F1 Team,3,WET,WET,True,26.0,41.0,16.0,True,False,True,True
2024_09_MAG_s4,2024_09,MAG,Haas F1 Team,4,MEDIUM,SOFTEST,True,42.0,54.0,13.0,True,False,True,True
2024_09_MAG_s5,2024_09,MAG,Haas F1 Team,5,MEDIUM,SOFTEST,True,55.0,70.0,16.0,False,True,False,True
2024_09_NOR_s1,2024_09,NOR,McLaren,1,WET,WET,True,1.0,26.0,26.0,True,False,True,True
2024_09_NOR_s2,2024_09,NOR,McLaren,2,WET,WET,True,27.0,47.0,21.0,True,False,True,True
2024_09_NOR_s3,2024_09,NOR,McLaren,3,MEDIUM,SOFTEST,True,48.0,70.0,23.0,False,True,False,True
2024_09_OCO_s1,2024_09,OCO,Alpine,1,WET,WET,True,1.0,44.0,44.0,True,False,True,True
2024_09_OCO_s2,2024_09,OCO,Alpine,2,MEDIUM,SOFTEST,True,45.0,70.0,26.0,False,True,False,True
2024_09_PER_s1,2024_09,PER,Red Bull Racing,1,WET,WET,True,1.0,25.0,25.0,True,False,True,True
2024_09_PER_s2,2024_09,PER,Red Bull Racing,2,WET,WET,True,26.0,43.0,18.0,True,False,True,True
2024_09_PER_s3,2024_09,PER,Red Bull Racing,3,MEDIUM,SOFTEST,True,44.0,52.0,9.0,True,False,True,True
2024_09_PIA_s1,2024_09,PIA,McLaren,1,WET,WET,True,1.0,25.0,25.0,True,False,True,True
2024_09_PIA_s2,2024_09,PIA,McLaren,2,WET,WET,True,26.0,44.0,19.0,True,False,True,True
2024_09_PIA_s3,2024_09,PIA,McLaren,3,MEDIUM,SOFTEST,True,45.0,70.0,26.0,False,True,False,True
2024_09_RIC_s1,2024_09,RIC,RB,1,WET,WET,True,1.0,26.0,26.0,True,False,True,True
2024_09_RIC_s2,2024_09,RIC,RB,2,WET,WET,True,27.0,43.0,17.0,True,False,True,True
2024_09_RIC_s3,2024_09,RIC,RB,3,MEDIUM,SOFTEST,False,44.0,70.0,27.0,False,True,False,True
2024_09_RUS_s1,2024_09,RUS,Mercedes,1,WET,WET,True,1.0,25.0,25.0,True,False,True,True
2024_09_RUS_s2,2024_09,RUS,Mercedes,2,WET,WET,True,26.0,45.0,20.0,True,False,True,True
2024_09_RUS_s3,2024_09,RUS,Mercedes,3,HARD,MIDDLE,True,46.0,54.0,9.0,True,False,True,True
2024_09_RUS_s4,2024_09,RUS,Mercedes,4,MEDIUM,SOFTEST,True,55.0,70.0,16.0,False,True,False,True
2024_09_SAI_s1,2024_09,SAI,Ferrari,1,WET,WET,True,1.0,25.0,25.0,True,False,True,True
2024_09_SAI_s2,2024_09,SAI,Ferrari,2,WET,WET,True,26.0,43.0,18.0,True,False,True,True
2024_09_SAI_s3,2024_09,SAI,Ferrari,3,MEDIUM,SOFTEST,True,44.0,53.0,10.0,True,False,True,True
2024_09_SAR_s1,2024_09,SAR,Williams,1,WET,WET,True,1.0,24.0,24.0,False,False,False,True
2024_09_STR_s1,2024_09,STR,Aston Martin,1,WET,WET,True,1.0,25.0,25.0,True,False,True,True
2024_09_STR_s2,2024_09,STR,Aston Martin,2,WET,WET,True,26.0,44.0,19.0,True,False,True,True
2024_09_STR_s3,2024_09,STR,Aston Martin,3,HARD,MIDDLE,False,45.0,70.0,26.0,False,True,False,True
2024_09_TSU_s1,2024_09,TSU,RB,1,WET,WET,True,1.0,44.0,44.0,True,False,True,True
2024_09_TSU_s2,2024_09,TSU,RB,2,MEDIUM,SOFTEST,True,45.0,70.0,26.0,False,True,False,True
2024_09_VER_s1,2024_09,VER,Red Bull Racing,1,WET,WET,True,1.0,25.0,25.0,True,False,True,True
2024_09_VER_s2,2024_09,VER,Red Bull Racing,2,WET,WET,True,26.0,45.0,20.0,True,False,True,True
2024_09_VER_s3,2024_09,VER,Red Bull Racing,3,MEDIUM,SOFTEST,True,46.0,70.0,25.0,False,True,False,True
2024_09_ZHO_s1,2024_09,ZHO,Kick Sauber,1,WET,WET,True,1.0,24.0,24.0,True,False,True,True
2024_09_ZHO_s2,2024_09,ZHO,Kick Sauber,2,WET,WET,True,25.0,44.0,20.0,True,False,True,True
2024_09_ZHO_s3,2024_09,ZHO,Kick Sauber,3,MEDIUM,SOFTEST,True,45.0,52.0,8.0,True,False,True,True
2024_09_ZHO_s4,2024_09,ZHO,Kick Sauber,4,MEDIUM,SOFTEST,True,53.0,69.0,17.0,False,True,False,True
2024_10_ALB_s1,2024_10,ALB,Williams,1,MEDIUM,MIDDLE,True,1.0,18.0,18.0,True,False,True,False
2024_10_ALB_s2,2024_10,ALB,Williams,2,SOFT,SOFTEST,True,19.0,43.0,25.0,True,False,True,False
2024_10_ALB_s3,2024_10,ALB,Williams,3,SOFT,SOFTEST,True,44.0,65.0,22.0,False,True,False,False
2024_10_ALO_s1,2024_10,ALO,Aston Martin,1,SOFT,SOFTEST,True,1.0,19.0,19.0,True,False,True,False
2024_10_ALO_s2,2024_10,ALO,Aston Martin,2,MEDIUM,MIDDLE,False,20.0,45.0,26.0,True,False,True,False
2024_10_ALO_s3,2024_10,ALO,Aston Martin,3,HARD,HARDEST,False,46.0,65.0,20.0,False,True,False,False
2024_10_BOT_s1,2024_10,BOT,Kick Sauber,1,SOFT,SOFTEST,True,1.0,11.0,11.0,True,False,True,False
2024_10_BOT_s2,2024_10,BOT,Kick Sauber,2,SOFT,SOFTEST,False,12.0,28.0,17.0,True,False,True,False
2024_10_BOT_s3,2024_10,BOT,Kick Sauber,3,HARD,HARDEST,True,29.0,65.0,37.0,False,True,False,False
2024_10_GAS_s1,2024_10,GAS,Alpine,1,SOFT,SOFTEST,False,1.0,14.0,14.0,True,False,True,False
2024_10_GAS_s2,2024_10,GAS,Alpine,2,MEDIUM,MIDDLE,True,15.0,38.0,24.0,True,False,True,False
2024_10_GAS_s3,2024_10,GAS,Alpine,3,HARD,HARDEST,True,39.0,66.0,28.0,False,True,False,False
2024_10_HAM_s1,2024_10,HAM,Mercedes,1,SOFT,SOFTEST,False,1.0,16.0,16.0,True,False,True,False
2024_10_HAM_s2,2024_10,HAM,Mercedes,2,MEDIUM,MIDDLE,True,17.0,43.0,27.0,True,False,True,False
2024_10_HAM_s3,2024_10,HAM,Mercedes,3,SOFT,SOFTEST,False,44.0,66.0,23.0,False,True,False,False
2024_10_HUL_s1,2024_10,HUL,Haas F1 Team,1,SOFT,SOFTEST,True,1.0,12.0,12.0,True,False,True,False
2024_10_HUL_s2,2024_10,HUL,Haas F1 Team,2,MEDIUM,MIDDLE,True,13.0,38.0,26.0,True,False,True,False
2024_10_HUL_s3,2024_10,HUL,Haas F1 Team,3,HARD,HARDEST,True,39.0,66.0,28.0,False,True,False,False
2024_10_LEC_s1,2024_10,LEC,Ferrari,1,SOFT,SOFTEST,True,1.0,24.0,24.0,True,False,True,False
2024_10_LEC_s2,2024_10,LEC,Ferrari,2,MEDIUM,MIDDLE,True,25.0,47.0,23.0,True,False,True,False
2024_10_LEC_s3,2024_10,LEC,Ferrari,3,SOFT,SOFTEST,False,48.0,66.0,19.0,False,True,False,False
2024_10_MAG_s1,2024_10,MAG,Haas F1 Team,1,SOFT,SOFTEST,True,1.0,10.0,10.0,True,False,True,False
2024_10_MAG_s2,2024_10,MAG,Haas F1 Team,2,MEDIUM,MIDDLE,True,11.0,29.0,19.0,True,False,True,False
2024_10_MAG_s3,2024_10,MAG,Haas F1 Team,3,HARD,HARDEST,True,30.0,65.0,36.0,False,True,False,False
2024_10_NOR_s1,2024_10,NOR,McLaren,1,SOFT,SOFTEST,True,1.0,23.0,23.0,True,False,True,False
2024_10_NOR_s2,2024_10,NOR,McLaren,2,MEDIUM,MIDDLE,True,24.0,47.0,24.0,True,False,True,False
2024_10_NOR_s3,2024_10,NOR,McLaren,3,SOFT,SOFTEST,False,48.0,66.0,19.0,False,True,False,False
2024_10_OCO_s1,2024_10,OCO,Alpine,1,SOFT,SOFTEST,False,1.0,13.0,13.0,True,False,True,False
2024_10_OCO_s2,2024_10,OCO,Alpine,2,MEDIUM,MIDDLE,True,14.0,37.0,24.0,True,False,True,False
2024_10_OCO_s3,2024_10,OCO,Alpine,3,HARD,HARDEST,True,38.0,66.0,29.0,False,True,False,False
2024_10_PER_s1,2024_10,PER,Red Bull Racing,1,SOFT,SOFTEST,False,1.0,13.0,13.0,True,False,True,False
2024_10_PER_s2,2024_10,PER,Red Bull Racing,2,SOFT,SOFTEST,False,14.0,31.0,18.0,True,False,True,False
2024_10_PER_s3,2024_10,PER,Red Bull Racing,3,MEDIUM,MIDDLE,True,32.0,49.0,18.0,True,False,True,False
2024_10_PER_s4,2024_10,PER,Red Bull Racing,4,SOFT,SOFTEST,False,50.0,66.0,17.0,False,True,False,False
2024_10_PIA_s1,2024_10,PIA,McLaren,1,SOFT,SOFTEST,False,1.0,21.0,21.0,True,False,True,False
2024_10_PIA_s2,2024_10,PIA,McLaren,2,MEDIUM,MIDDLE,True,22.0,46.0,25.0,True,False,True,False
2024_10_PIA_s3,2024_10,PIA,McLaren,3,SOFT,SOFTEST,False,47.0,66.0,20.0,False,True,False,False
2024_10_RIC_s1,2024_10,RIC,RB,1,SOFT,SOFTEST,True,1.0,16.0,16.0,True,False,True,False
2024_10_RIC_s2,2024_10,RIC,RB,2,MEDIUM,MIDDLE,True,17.0,42.0,26.0,True,False,True,False
2024_10_RIC_s3,2024_10,RIC,RB,3,HARD,HARDEST,True,43.0,65.0,23.0,False,True,False,False
2024_10_RUS_s1,2024_10,RUS,Mercedes,1,SOFT,SOFTEST,False,1.0,15.0,15.0,True,False,True,False
2024_10_RUS_s2,2024_10,RUS,Mercedes,2,MEDIUM,MIDDLE,True,16.0,36.0,21.0,True,False,True,False
2024_10_RUS_s3,2024_10,RUS,Mercedes,3,HARD,HARDEST,True,37.0,66.0,30.0,False,True,False,False
2024_10_SAI_s1,2024_10,SAI,Ferrari,1,SOFT,SOFTEST,True,1.0,15.0,15.0,True,False,True,False
2024_10_SAI_s2,2024_10,SAI,Ferrari,2,MEDIUM,MIDDLE,True,16.0,36.0,21.0,True,False,True,False
2024_10_SAI_s3,2024_10,SAI,Ferrari,3,HARD,HARDEST,True,37.0,66.0,30.0,False,True,False,False
2024_10_SAR_s1,2024_10,SAR,Williams,1,SOFT,SOFTEST,True,1.0,14.0,14.0,True,False,True,False
2024_10_SAR_s2,2024_10,SAR,Williams,2,MEDIUM,MIDDLE,True,15.0,34.0,20.0,True,False,True,False
2024_10_SAR_s3,2024_10,SAR,Williams,3,HARD,HARDEST,True,35.0,64.0,30.0,False,False,False,False
2024_10_STR_s1,2024_10,STR,Aston Martin,1,SOFT,SOFTEST,True,1.0,17.0,17.0,True,False,True,False
2024_10_STR_s2,2024_10,STR,Aston Martin,2,MEDIUM,MIDDLE,False,18.0,37.0,20.0,True,False,True,False
2024_10_STR_s3,2024_10,STR,Aston Martin,3,HARD,HARDEST,False,38.0,65.0,28.0,False,True,False,False
2024_10_TSU_s1,2024_10,TSU,RB,1,SOFT,SOFTEST,True,1.0,9.0,9.0,True,False,True,False
2024_10_TSU_s2,2024_10,TSU,RB,2,MEDIUM,MIDDLE,True,10.0,27.0,18.0,True,False,True,False
2024_10_TSU_s3,2024_10,TSU,RB,3,HARD,HARDEST,True,28.0,44.0,17.0,True,False,True,False
2024_10_TSU_s4,2024_10,TSU,RB,4,SOFT,SOFTEST,True,45.0,65.0,21.0,False,True,False,False
2024_10_VER_s1,2024_10,VER,Red Bull Racing,1,SOFT,SOFTEST,False,1.0,17.0,17.0,True,False,True,False
2024_10_VER_s2,2024_10,VER,Red Bull Racing,2,MEDIUM,MIDDLE,True,18.0,44.0,27.0,True,False,True,False
2024_10_VER_s3,2024_10,VER,Red Bull Racing,3,SOFT,SOFTEST,True,45.0,66.0,22.0,False,True,False,False
2024_10_ZHO_s1,2024_10,ZHO,Kick Sauber,1,SOFT,SOFTEST,True,1.0,9.0,9.0,True,False,True,False
2024_10_ZHO_s2,2024_10,ZHO,Kick Sauber,2,MEDIUM,MIDDLE,True,10.0,41.0,32.0,True,False,True,False
2024_10_ZHO_s3,2024_10,ZHO,Kick Sauber,3,HARD,HARDEST,True,42.0,65.0,24.0,False,True,False,False
2024_11_ALB_s1,2024_11,ALB,Williams,1,MEDIUM,MIDDLE,True,1.0,12.0,12.0,True,False,True,False
2024_11_ALB_s2,2024_11,ALB,Williams,2,HARD,HARDEST,True,13.0,39.0,27.0,True,False,True,False
2024_11_ALB_s3,2024_11,ALB,Williams,3,HARD,HARDEST,True,40.0,70.0,31.0,False,True,False,True
2024_11_ALO_s1,2024_11,ALO,Aston Martin,1,MEDIUM,MIDDLE,False,1.0,11.0,11.0,True,False,True,False
2024_11_ALO_s2,2024_11,ALO,Aston Martin,2,MEDIUM,MIDDLE,False,12.0,35.0,24.0,True,False,True,False
2024_11_ALO_s3,2024_11,ALO,Aston Martin,3,HARD,HARDEST,False,36.0,68.0,33.0,True,False,True,True
2024_11_ALO_s4,2024_11,ALO,Aston Martin,4,SOFT,SOFTEST,True,69.0,70.0,2.0,False,True,False,False
2024_11_BOT_s1,2024_11,BOT,Kick Sauber,1,MEDIUM,MIDDLE,True,1.0,19.0,19.0,True,False,True,False
2024_11_BOT_s2,2024_11,BOT,Kick Sauber,2,HARD,HARDEST,True,20.0,42.0,23.0,True,False,True,False
2024_11_BOT_s3,2024_11,BOT,Kick Sauber,3,HARD,HARDEST,True,43.0,70.0,28.0,False,True,False,True
2024_11_GAS_s1,2024_11,GAS,Alpine,1,MEDIUM,MIDDLE,True,1.0,20.0,20.0,True,False,True,False
2024_11_GAS_s2,2024_11,GAS,Alpine,2,HARD,HARDEST,True,21.0,42.0,22.0,True,False,True,False
2024_11_GAS_s3,2024_11,GAS,Alpine,3,MEDIUM,MIDDLE,True,43.0,71.0,29.0,False,True,False,True
2024_11_HAM_s1,2024_11,HAM,Mercedes,1,MEDIUM,MIDDLE,True,1.0,21.0,21.0,True,False,True,False
2024_11_HAM_s2,2024_11,HAM,Mercedes,2,HARD,HARDEST,True,22.0,53.0,32.0,True,False,True,False
2024_11_HAM_s3,2024_11,HAM,Mercedes,3,MEDIUM,MIDDLE,True,54.0,71.0,18.0,False,True,False,True
2024_11_HUL_s1,2024_11,HUL,Haas F1 Team,1,MEDIUM,MIDDLE,True,1.0,11.0,11.0,True,False,True,False
2024_11_HUL_s2,2024_11,HUL,Haas F1 Team,2,HARD,HARDEST,True,12.0,39.0,28.0,True,False,True,False
2024_11_HUL_s3,2024_11,HUL,Haas F1 Team,3,HARD,HARDEST,True,40.0,71.0,32.0,False,True,False,True
2024_11_LEC_s1,2024_11,LEC,Ferrari,1,MEDIUM,MIDDLE,True,1.0,1.0,1.0,True,False,True,False
2024_11_LEC_s2,2024_11,LEC,Ferrari,2,HARD,HARDEST,True,2.0,16.0,15.0,True,False,True,False
2024_11_LEC_s3,2024_11,LEC,Ferrari,3,MEDIUM,MIDDLE,True,17.0,33.0,17.0,True,False,True,False
2024_11_LEC_s4,2024_11,LEC,Ferrari,4,MEDIUM,MIDDLE,False,34.0,51.0,18.0,True,False,True,False
2024_11_LEC_s5,2024_11,LEC,Ferrari,5,MEDIUM,MIDDLE,False,52.0,71.0,20.0,False,True,False,True
2024_11_MAG_s1,2024_11,MAG,Haas F1 Team,1,MEDIUM,MIDDLE,True,1.0,10.0,10.0,True,False,True,False
2024_11_MAG_s2,2024_11,MAG,Haas F1 Team,2,HARD,HARDEST,True,11.0,38.0,28.0,True,False,True,False
2024_11_MAG_s3,2024_11,MAG,Haas F1 Team,3,HARD,HARDEST,True,39.0,71.0,33.0,False,True,False,True
2024_11_NOR_s1,2024_11,NOR,McLaren,1,MEDIUM,MIDDLE,True,1.0,23.0,23.0,True,False,True,False
2024_11_NOR_s2,2024_11,NOR,McLaren,2,HARD,HARDEST,False,24.0,51.0,28.0,True,False,True,False
2024_11_NOR_s3,2024_11,NOR,McLaren,3,MEDIUM,MIDDLE,True,52.0,64.0,13.0,True,False,True,True
2024_11_OCO_s1,2024_11,OCO,Alpine,1,MEDIUM,MIDDLE,True,1.0,19.0,19.0,True,False,True,False
2024_11_OCO_s2,2024_11,OCO,Alpine,2,HARD,HARDEST,True,20.0,43.0,24.0,True,False,True,False
2024_11_OCO_s3,2024_11,OCO,Alpine,3,MEDIUM,MIDDLE,True,44.0,71.0,28.0,False,True,False,True
2024_11_PER_s1,2024_11,PER,Red Bull Racing,1,MEDIUM,MIDDLE,True,1.0,21.0,21.0,True,False,True,False
2024_11_PER_s2,2024_11,PER,Red Bull Racing,2,HARD,HARDEST,True,22.0,51.0,30.0,True,False,True,False
2024_11_PER_s3,2024_11,PER,Red Bull Racing,3,MEDIUM,MIDDLE,False,52.0,71.0,20.0,False,True,False,True
2024_11_PIA_s1,2024_11,PIA,McLaren,1,MEDIUM,MIDDLE,True,1.0,25.0,25.0,True,False,True,False
2024_11_PIA_s2,2024_11,PIA,McLaren,2,HARD,HARDEST,False,26.0,51.0,26.0,True,False,True,False
2024_11_PIA_s3,2024_11,PIA,McLaren,3,MEDIUM,MIDDLE,True,52.0,71.0,20.0,False,True,False,True
2024_11_RIC_s1,2024_11,RIC,RB,1,MEDIUM,MIDDLE,True,1.0,10.0,10.0,True,False,True,False
2024_11_RIC_s2,2024_11,RIC,RB,2,HARD,HARDEST,False,11.0,37.0,27.0,True,False,True,False
2024_11_RIC_s3,2024_11,RIC,RB,3,HARD,HARDEST,True,38.0,71.0,34.0,False,True,False,True
2024_11_RUS_s1,2024_11,RUS,Mercedes,1,MEDIUM,MIDDLE,True,1.0,22.0,22.0,True,False,True,False
2024_11_RUS_s2,2024_11,RUS,Mercedes,2,MEDIUM,MIDDLE,True,23.0,46.0,24.0,True,False,True,False
2024_11_RUS_s3,2024_11,RUS,Mercedes,3,HARD,HARDEST,True,47.0,71.0,25.0,False,True,False,True
2024_11_SAI_s1,2024_11,SAI,Ferrari,1,MEDIUM,MIDDLE,True,1.0,22.0,22.0,True,False,True,False
2024_11_SAI_s2,2024_11,SAI,Ferrari,2,HARD,HARDEST,True,23.0,47.0,25.0,True,False,True,False
2024_11_SAI_s3,2024_11,SAI,Ferrari,3,MEDIUM,MIDDLE,True,48.0,71.0,24.0,False,True,False,True
2024_11_SAR_s1,2024_11,SAR,Williams,1,MEDIUM,MIDDLE,True,1.0,1.0,1.0,True,False,True,False
2024_11_SAR_s2,2024_11,SAR,Williams,2,MEDIUM,MIDDLE,False,2.0,20.0,19.0,True,False,True,False
2024_11_SAR_s3,2024_11,SAR,Williams,3,HARD,HARDEST,True,21.0,49.0,29.0,True,False,True,False
2024_11_SAR_s4,2024_11,SAR,Williams,4,MEDIUM,MIDDLE,False,50.0,69.0,20.0,False,False,False,True
2024_11_STR_s1,2024_11,STR,Aston Martin,1,MEDIUM,MIDDLE,False,1.0,20.0,20.0,True,False,True,False
2024_11_STR_s2,2024_11,STR,Aston Martin,2,MEDIUM,MIDDLE,False,21.0,43.0,23.0,True,False,True,False
2024_11_STR_s3,2024_11,STR,Aston Martin,3,HARD,HARDEST,False,44.0,70.0,27.0,False,True,False,True
2024_11_TSU_s1,2024_11,TSU,RB,1,MEDIUM,MIDDLE,True,1.0,21.0,21.0,True,False,True,False
2024_11_TSU_s2,2024_11,TSU,RB,2,HARD,HARDEST,False,22.0,44.0,23.0,True,False,True,False
2024_11_TSU_s3,2024_11,TSU,RB,3,HARD,HARDEST,True,45.0,70.0,26.0,False,True,False,True
2024_11_VER_s1,2024_11,VER,Red Bull Racing,1,MEDIUM,MIDDLE,True,1.0,23.0,23.0,True,False,True,False
2024_11_VER_s2,2024_11,VER,Red Bull Racing,2,HARD,HARDEST,True,24.0,51.0,28.0,True,False,True,False
2024_11_VER_s3,2024_11,VER,Red Bull Racing,3,MEDIUM,MIDDLE,False,52.0,64.0,13.0,True,False,True,True
2024_11_VER_s4,2024_11,VER,Red Bull Racing,4,SOFT,SOFTEST,False,65.0,71.0,7.0,False,True,False,True
2024_11_ZHO_s1,2024_11,ZHO,Kick Sauber,1,HARD,HARDEST,True,1.0,28.0,28.0,True,False,True,False
2024_11_ZHO_s2,2024_11,ZHO,Kick Sauber,2,MEDIUM,MIDDLE,True,29.0,51.0,23.0,True,False,True,False
2024_11_ZHO_s3,2024_11,ZHO,Kick Sauber,3,HARD,HARDEST,True,52.0,70.0,19.0,False,True,False,True
2024_12_ALB_s1,2024_12,ALB,Williams,1,MEDIUM,MIDDLE,True,1.0,27.0,27.0,True,False,True,False
2024_12_ALB_s2,2024_12,ALB,Williams,2,WET,WET,True,28.0,38.0,11.0,True,False,True,False
2024_12_ALB_s3,2024_12,ALB,Williams,3,MEDIUM,MIDDLE,True,39.0,52.0,14.0,False,True,False,False
2024_12_ALO_s1,2024_12,ALO,Aston Martin,1,MEDIUM,MIDDLE,True,1.0,27.0,27.0,True,False,True,False
2024_12_ALO_s2,2024_12,ALO,Aston Martin,2,WET,WET,True,28.0,38.0,11.0,True,False,True,False
2024_12_ALO_s3,2024_12,ALO,Aston Martin,3,MEDIUM,MIDDLE,True,39.0,52.0,14.0,False,True,False,False
2024_12_BOT_s1,2024_12,BOT,Kick Sauber,1,MEDIUM,MIDDLE,True,1.0,26.0,26.0,True,False,True,False
2024_12_BOT_s2,2024_12,BOT,Kick Sauber,2,WET,WET,True,27.0,37.0,11.0,True,False,True,False
2024_12_BOT_s3,2024_12,BOT,Kick Sauber,3,SOFT,SOFTEST,True,38.0,51.0,14.0,False,True,False,False
2024_12_GAS_s1,2024_12,GAS,Alpine,1,MEDIUM,MIDDLE,True,1.0,1.0,1.0,False,False,False,False
2024_12_HAM_s1,2024_12,HAM,Mercedes,1,MEDIUM,MIDDLE,True,1.0,27.0,27.0,True,False,True,False
2024_12_HAM_s2,2024_12,HAM,Mercedes,2,WET,WET,True,28.0,38.0,11.0,True,False,True,False
2024_12_HAM_s3,2024_12,HAM,Mercedes,3,SOFT,SOFTEST,False,39.0,52.0,14.0,False,True,False,False
2024_12_HUL_s1,2024_12,HUL,Haas F1 Team,1,MEDIUM,MIDDLE,True,1.0,26.0,26.0,True,False,True,False
2024_12_HUL_s2,2024_12,HUL,Haas F1 Team,2,WET,WET,True,27.0,39.0,13.0,True,False,True,False
2024_12_HUL_s3,2024_12,HUL,Haas F1 Team,3,SOFT,SOFTEST,False,40.0,52.0,13.0,False,True,False,False
2024_12_LEC_s1,2024_12,LEC,Ferrari,1,MEDIUM,MIDDLE,True,1.0,19.0,19.0,True,False,True,False
2024_12_LEC_s2,2024_12,LEC,Ferrari,2,WET,WET,True,20.0,27.0,8.0,True,False,True,False
2024_12_LEC_s3,2024_12,LEC,Ferrari,3,WET,WET,True,28.0,37.0,10.0,True,False,True,False
2024_12_LEC_s4,2024_12,LEC,Ferrari,4,SOFT,SOFTEST,True,38.0,51.0,14.0,False,True,False,False
2024_12_MAG_s1,2024_12,MAG,Haas F1 Team,1,MEDIUM,MIDDLE,True,1.0,27.0,27.0,True,False,True,False
2024_12_MAG_s2,2024_12,MAG,Haas F1 Team,2,WET,WET,True,28.0,37.0,10.0,True,False,True,False
2024_12_MAG_s3,2024_12,MAG,Haas F1 Team,3,SOFT,SOFTEST,True,38.0,52.0,15.0,False,True,False,False
2024_12_NOR_s1,2024_12,NOR,McLaren,1,MEDIUM,MIDDLE,True,1.0,27.0,27.0,True,False,True,False
2024_12_NOR_s2,2024_12,NOR,McLaren,2,WET,WET,True,28.0,39.0,12.0,True,False,True,False
2024_12_NOR_s3,2024_12,NOR,McLaren,3,SOFT,SOFTEST,False,40.0,52.0,13.0,False,True,False,False
2024_12_OCO_s1,2024_12,OCO,Alpine,1,SOFT,SOFTEST,True,1.0,19.0,19.0,True,False,True,False
2024_12_OCO_s2,2024_12,OCO,Alpine,2,WET,WET,True,20.0,21.0,2.0,True,False,True,False
2024_12_OCO_s3,2024_12,OCO,Alpine,3,MEDIUM,MIDDLE,True,22.0,26.0,5.0,True,False,True,False
2024_12_OCO_s4,2024_12,OCO,Alpine,4,WET,WET,True,27.0,38.0,12.0,True,False,True,False
2024_12_OCO_s5,2024_12,OCO,Alpine,5,MEDIUM,MIDDLE,True,39.0,50.0,12.0,False,False,False,False
2024_12_PER_s1,2024_12,PER,Red Bull Racing,1,HARD,HARDEST,True,1.0,19.0,19.0,True,False,True,False
2024_12_PER_s2,2024_12,PER,Red Bull Racing,2,WET,WET,True,20.0,28.0,9.0,True,False,True,False
2024_12_PER_s3,2024_12,PER,Red Bull Racing,3,WET,WET,True,29.0,37.0,9.0,True,False,True,False
2024_12_PER_s4,2024_12,PER,Red Bull Racing,4,MEDIUM,MIDDLE,True,38.0,47.0,10.0,True,False,True,False
2024_12_PER_s5,2024_12,PER,Red Bull Racing,5,SOFT,SOFTEST,True,48.0,50.0,3.0,False,False,False,False
2024_12_PIA_s1,2024_12,PIA,McLaren,1,MEDIUM,MIDDLE,True,1.0,28.0,28.0,True,False,True,False
2024_12_PIA_s2,2024_12,PIA,McLaren,2,WET,WET,True,29.0,38.0,10.0,True,False,True,False
2024_12_PIA_s3,2024_12,PIA,McLaren,3,MEDIUM,MIDDLE,True,39.0,52.0,14.0,False,True,False,False
2024_12_RIC_s1,2024_12,RIC,RB,1,MEDIUM,MIDDLE,True,1.0,26.0,26.0,True,False,True,False
2024_12_RIC_s2,2024_12,RIC,RB,2,WET,WET,True,27.0,37.0,11.0,True,False,True,False
2024_12_RIC_s3,2024_12,RIC,RB,3,SOFT,SOFTEST,True,38.0,51.0,14.0,False,True,False,False
2024_12_RUS_s1,2024_12,RUS,Mercedes,1,MEDIUM,MIDDLE,True,1.0,27.0,27.0,True,False,True,False
2024_12_RUS_s2,2024_12,RUS,Mercedes,2,WET,WET,True,28.0,33.0,6.0,True,False,True,False
2024_12_SAI_s1,2024_12,SAI,Ferrari,1,MEDIUM,MIDDLE,True,1.0,26.0,26.0,True,False,True,False
2024_12_SAI_s2,2024_12,SAI,Ferrari,2,WET,WET,True,27.0,39.0,13.0,True,False,True,False
2024_12_SAI_s3,2024_12,SAI,Ferrari,3,HARD,HARDEST,True,40.0,50.0,11.0,True,False,True,False
2024_12_SAI_s4,2024_12,SAI,Ferrari,4,SOFT,SOFTEST,False,51.0,52.0,2.0,False,True,False,False
2024_12_SAR_s1,2024_12,SAR,Williams,1,MEDIUM,MIDDLE,True,1.0,27.0,27.0,True,False,True,False
2024_12_SAR_s2,2024_12,SAR,Williams,2,WET,WET,True,28.0,38.0,11.0,True,False,True,False
2024_12_SAR_s3,2024_12,SAR,Williams,3,SOFT,SOFTEST,True,39.0,52.0,14.0,False,True,False,False
2024_12_STR_s1,2024_12,STR,Aston Martin,1,MEDIUM,MIDDLE,True,1.0,26.0,26.0,True,False,True,False
2024_12_STR_s2,2024_12,STR,Aston Martin,2,WET,WET,True,27.0,39.0,13.0,True,False,True,False
2024_12_STR_s3,2024_12,STR,Aston Martin,3,MEDIUM,MIDDLE,True,40.0,52.0,13.0,False,True,False,False
2024_12_TSU_s1,2024_12,TSU,RB,1,MEDIUM,MIDDLE,True,1.0,27.0,27.0,True,False,True,False
2024_12_TSU_s2,2024_12,TSU,RB,2,WET,WET,True,28.0,38.0,11.0,True,False,True,False
2024_12_TSU_s3,2024_12,TSU,RB,3,SOFT,SOFTEST,True,39.0,52.0,14.0,False,True,False,False
2024_12_VER_s1,2024_12,VER,Red Bull Racing,1,MEDIUM,MIDDLE,True,1.0,26.0,26.0,True,False,True,False
2024_12_VER_s2,2024_12,VER,Red Bull Racing,2,WET,WET,True,27.0,38.0,12.0,True,False,True,False
2024_12_VER_s3,2024_12,VER,Red Bull Racing,3,HARD,HARDEST,True,39.0,52.0,14.0,False,True,False,False
2024_12_ZHO_s1,2024_12,ZHO,Kick Sauber,1,SOFT,SOFTEST,True,1.0,12.0,12.0,True,False,True,False
2024_12_ZHO_s2,2024_12,ZHO,Kick Sauber,2,MEDIUM,MIDDLE,True,13.0,19.0,7.0,True,False,True,False
2024_12_ZHO_s3,2024_12,ZHO,Kick Sauber,3,WET,WET,True,20.0,26.0,7.0,True,False,True,False
2024_12_ZHO_s4,2024_12,ZHO,Kick Sauber,4,WET,WET,True,27.0,37.0,11.0,True,False,True,False
2024_12_ZHO_s5,2024_12,ZHO,Kick Sauber,5,SOFT,SOFTEST,False,38.0,50.0,13.0,False,False,False,False
2024_13_ALB_s1,2024_13,ALB,Williams,1,SOFT,SOFTEST,True,1.0,6.0,6.0,True,False,True,False
2024_13_ALB_s2,2024_13,ALB,Williams,2,HARD,HARDEST,True,7.0,29.0,23.0,True,False,True,False
2024_13_ALB_s3,2024_13,ALB,Williams,3,HARD,HARDEST,True,30.0,69.0,40.0,False,True,False,True
2024_13_ALO_s1,2024_13,ALO,Aston Martin,1,SOFT,SOFTEST,False,1.0,7.0,7.0,True,False,True,False
2024_13_ALO_s2,2024_13,ALO,Aston Martin,2,MEDIUM,MIDDLE,False,8.0,37.0,30.0,True,False,True,False
2024_13_ALO_s3,2024_13,ALO,Aston Martin,3,HARD,HARDEST,False,38.0,70.0,33.0,False,True,False,True
2024_13_BOT_s1,2024_13,BOT,Kick Sauber,1,MEDIUM,MIDDLE,False,1.0,16.0,16.0,True,False,True,False
2024_13_BOT_s2,2024_13,BOT,Kick Sauber,2,HARD,HARDEST,True,17.0,45.0,29.0,True,False,True,False
2024_13_BOT_s3,2024_13,BOT,Kick Sauber,3,HARD,HARDEST,True,46.0,69.0,24.0,False,True,False,True
2024_13_GAS_s1,2024_13,GAS,Alpine,1,HARD,HARDEST,True,1.0,28.0,28.0,True,False,True,False
2024_13_GAS_s2,2024_13,GAS,Alpine,2,MEDIUM,MIDDLE,True,29.0,33.0,5.0,True,False,True,False
2024_13_HAM_s1,2024_13,HAM,Mercedes,1,MEDIUM,MIDDLE,True,1.0,16.0,16.0,True,False,True,False
2024_13_HAM_s2,2024_13,HAM,Mercedes,2,HARD,HARDEST,True,17.0,40.0,24.0,True,False,True,False
2024_13_HAM_s3,2024_13,HAM,Mercedes,3,HARD,HARDEST,True,41.0,70.0,30.0,False,True,False,True
2024_13_HUL_s1,2024_13,HUL,Haas F1 Team,1,MEDIUM,MIDDLE,True,1.0,2.0,2.0,True,False,True,False
2024_13_HUL_s2,2024_13,HUL,Haas F1 Team,2,HARD,HARDEST,True,3.0,29.0,27.0,True,False,True,False
2024_13_HUL_s3,2024_13,HUL,Haas F1 Team,3,HARD,HARDEST,True,30.0,69.0,40.0,False,True,False,True
2024_13_LEC_s1,2024_13,LEC,Ferrari,1,MEDIUM,MIDDLE,True,1.0,23.0,23.0,True,False,True,False
2024_13_LEC_s2,2024_13,LEC,Ferrari,2,HARD,HARDEST,True,24.0,40.0,17.0,True,False,True,False
2024_13_LEC_s3,2024_13,LEC,Ferrari,3,MEDIUM,MIDDLE,True,41.0,70.0,30.0,False,True,False,True
2024_13_MAG_s1,2024_13,MAG,Haas F1 Team,1,SOFT,SOFTEST,True,1.0,6.0,6.0,True,False,True,False
2024_13_MAG_s2,2024_13,MAG,Haas F1 Team,2,HARD,HARDEST,True,7.0,34.0,28.0,True,False,True,False
2024_13_MAG_s3,2024_13,MAG,Haas F1 Team,3,HARD,HARDEST,True,35.0,69.0,35.0,False,True,False,True
2024_13_NOR_s1,2024_13,NOR,McLaren,1,MEDIUM,MIDDLE,True,1.0,17.0,17.0,True,False,True,False
2024_13_NOR_s2,2024_13,NOR,McLaren,2,HARD,HARDEST,False,18.0,45.0,28.0,True,False,True,False
2024_13_NOR_s3,2024_13,NOR,McLaren,3,MEDIUM,MIDDLE,False,46.0,70.0,25.0,False,True,False,True
2024_13_OCO_s1,2024_13,OCO,Alpine,1,MEDIUM,MIDDLE,True,1.0,6.0,6.0,True,False,True,False
2024_13_OCO_s2,2024_13,OCO,Alpine,2,HARD,HARDEST,True,7.0,30.0,24.0,True,False,True,False
2024_13_OCO_s3,2024_13,OCO,Alpine,3,HARD,HARDEST,True,31.0,64.0,34.0,True,False,True,True
2024_13_OCO_s4,2024_13,OCO,Alpine,4,SOFT,SOFTEST,True,65.0,69.0,5.0,False,True,False,False
2024_13_PER_s1,2024_13,PER,Red Bull Racing,1,HARD,HARDEST,True,1.0,28.0,28.0,True,False,True,False
2024_13_PER_s2,2024_13,PER,Red Bull Racing,2,MEDIUM,MIDDLE,True,29.0,47.0,19.0,True,False,True,False
2024_13_PER_s3,2024_13,PER,Red Bull Racing,3,MEDIUM,MIDDLE,True,48.0,70.0,23.0,False,True,False,True
2024_13_PIA_s1,2024_13,PIA,McLaren,1,MEDIUM,MIDDLE,True,1.0,18.0,18.0,True,False,True,False
2024_13_PIA_s2,2024_13,PIA,McLaren,2,HARD,HARDEST,False,19.0,47.0,29.0,True,False,True,False
2024_13_PIA_s3,2024_13,PIA,McLaren,3,MEDIUM,MIDDLE,False,48.0,70.0,23.0,False,True,False,True
2024_13_RIC_s1,2024_13,RIC,RB,1,MEDIUM,MIDDLE,True,1.0,7.0,7.0,True,False,True,False
2024_13_RIC_s2,2024_13,RIC,RB,2,HARD,HARDEST,True,8.0,28.0,21.0,True,False,True,False
2024_13_RIC_s3,2024_13,RIC,RB,3,HARD,HARDEST,True,29.0,69.0,41.0,False,True,False,True
2024_13_RUS_s1,2024_13,RUS,Mercedes,1,HARD,HARDEST,True,1.0,33.0,33.0,True,False,True,False
2024_13_RUS_s2,2024_13,RUS,Mercedes,2,MEDIUM,MIDDLE,True,34.0,53.0,20.0,True,False,True,False
2024_13_RUS_s3,2024_13,RUS,Mercedes,3,HARD,HARDEST,True,54.0,70.0,17.0,False,True,False,True
2024_13_SAI_s1,2024_13,SAI,Ferrari,1,MEDIUM,MIDDLE,True,1.0,21.0,21.0,True,False,True,False
2024_13_SAI_s2,2024_13,SAI,Ferrari,2,HARD,HARDEST,True,22.0,47.0,26.0,True,False,True,False
2024_13_SAI_s3,2024_13,SAI,Ferrari,3,MEDIUM,MIDDLE,True,48.0,70.0,23.0,False,True,False,True
2024_13_SAR_s1,2024_13,SAR,Williams,1,MEDIUM,MIDDLE,True,1.0,8.0,8.0,True,False,True,False
2024_13_SAR_s2,2024_13,SAR,Williams,2,HARD,HARDEST,True,9.0,33.0,25.0,True,False,True,False
2024_13_SAR_s3,2024_13,SAR,Williams,3,HARD,HARDEST,True,34.0,63.0,30.0,True,False,True,True
2024_13_SAR_s4,2024_13,SAR,Williams,4,SOFT,SOFTEST,True,64.0,69.0,6.0,False,True,False,False
2024_13_STR_s1,2024_13,STR,Aston Martin,1,SOFT,SOFTEST,False,1.0,14.0,14.0,True,False,True,False
2024_13_STR_s2,2024_13,STR,Aston Martin,2,MEDIUM,MIDDLE,False,15.0,45.0,31.0,True,False,True,False
2024_13_STR_s3,2024_13,STR,Aston Martin,3,HARD,HARDEST,False,46.0,70.0,25.0,False,True,False,True
2024_13_TSU_s1,2024_13,TSU,RB,1,MEDIUM,MIDDLE,True,1.0,29.0,29.0,True,False,True,False
2024_13_TSU_s2,2024_13,TSU,RB,2,HARD,HARDEST,True,30.0,70.0,41.0,False,True,False,True
2024_13_VER_s1,2024_13,VER,Red Bull Racing,1,MEDIUM,MIDDLE,True,1.0,21.0,21.0,True,False,True,False
2024_13_VER_s2,2024_13,VER,Red Bull Racing,2,HARD,HARDEST,True,22.0,49.0,28.0,True,False,True,False
2024_13_VER_s3,2024_13,VER,Red Bull Racing,3,MEDIUM,MIDDLE,True,50.0,70.0,21.0,False,True,False,True
2024_13_ZHO_s1,2024_13,ZHO,Kick Sauber,1,MEDIUM,MIDDLE,False,1.0,7.0,7.0,True,False,True,False
2024_13_ZHO_s2,2024_13,ZHO,Kick Sauber,2,HARD,HARDEST,True,8.0,36.0,29.0,True,False,True,False
2024_13_ZHO_s3,2024_13,ZHO,Kick Sauber,3,HARD,HARDEST,True,37.0,69.0,33.0,False,True,False,True
2024_14_ALB_s1,2024_14,ALB,Williams,1,MEDIUM,MIDDLE,True,1.0,8.0,8.0,True,False,True,False
2024_14_ALB_s2,2024_14,ALB,Williams,2,MEDIUM,MIDDLE,True,9.0,23.0,15.0,True,False,True,True
2024_14_ALB_s3,2024_14,ALB,Williams,3,HARD,HARDEST,True,24.0,44.0,21.0,False,True,False,False
2024_14_ALO_s1,2024_14,ALO,Aston Martin,1,MEDIUM,MIDDLE,True,1.0,13.0,13.0,True,False,True,False
2024_14_ALO_s2,2024_14,ALO,Aston Martin,2,MEDIUM,MIDDLE,True,14.0,44.0,31.0,False,True,False,True
2024_14_BOT_s1,2024_14,BOT,Kick Sauber,1,MEDIUM,MIDDLE,True,1.0,11.0,11.0,True,False,True,False
2024_14_BOT_s2,2024_14,BOT,Kick Sauber,2,HARD,HARDEST,True,12.0,35.0,24.0,True,False,True,True
2024_14_BOT_s3,2024_14,BOT,Kick Sauber,3,MEDIUM,MIDDLE,True,36.0,44.0,9.0,False,True,False,False
2024_14_GAS_s1,2024_14,GAS,Alpine,1,MEDIUM,MIDDLE,True,1.0,9.0,9.0,True,False,True,False
2024_14_GAS_s2,2024_14,GAS,Alpine,2,HARD,HARDEST,True,10.0,28.0,19.0,True,False,True,True
2024_14_GAS_s3,2024_14,GAS,Alpine,3,HARD,HARDEST,True,29.0,44.0,16.0,False,True,False,False
2024_14_HAM_s1,2024_14,HAM,Mercedes,1,MEDIUM,MIDDLE,True,1.0,11.0,11.0,True,False,True,False
2024_14_HAM_s2,2024_14,HAM,Mercedes,2,HARD,HARDEST,True,12.0,26.0,15.0,True,False,True,True
2024_14_HAM_s3,2024_14,HAM,Mercedes,3,HARD,HARDEST,True,27.0,44.0,18.0,False,True,False,False
2024_14_HUL_s1,2024_14,HUL,Haas F1 Team,1,MEDIUM,MIDDLE,True,1.0,7.0,7.0,True,False,True,False
2024_14_HUL_s2,2024_14,HUL,Haas F1 Team,2,HARD,HARDEST,True,8.0,20.0,13.0,True,False,True,True
2024_14_HUL_s3,2024_14,HUL,Haas F1 Team,3,MEDIUM,MIDDLE,True,21.0,44.0,24.0,False,True,False,False
2024_14_LEC_s1,2024_14,LEC,Ferrari,1,MEDIUM,MIDDLE,True,1.0,12.0,12.0,True,False,True,False
2024_14_LEC_s2,2024_14,LEC,Ferrari,2,HARD,HARDEST,True,13.0,25.0,13.0,True,False,True,True
2024_14_LEC_s3,2024_14,LEC,Ferrari,3,HARD,HARDEST,True,26.0,44.0,19.0,False,True,False,False
2024_14_MAG_s1,2024_14,MAG,Haas F1 Team,1,MEDIUM,MIDDLE,True,1.0,17.0,17.0,True,False,True,True
2024_14_MAG_s2,2024_14,MAG,Haas F1 Team,2,HARD,HARDEST,True,18.0,44.0,27.0,False,True,False,False
2024_14_NOR_s1,2024_14,NOR,McLaren,1,MEDIUM,MIDDLE,True,1.0,15.0,15.0,True,False,True,True
2024_14_NOR_s2,2024_14,NOR,McLaren,2,HARD,HARDEST,True,16.0,29.0,14.0,True,False,True,False
2024_14_NOR_s3,2024_14,NOR,McLaren,3,HARD,HARDEST,True,30.0,44.0,15.0,False,True,False,False
2024_14_OCO_s1,2024_14,OCO,Alpine,1,MEDIUM,MIDDLE,True,1.0,12.0,12.0,True,False,True,False
2024_14_OCO_s2,2024_14,OCO,Alpine,2,HARD,HARDEST,True,13.0,30.0,18.0,True,False,True,True
2024_14_OCO_s3,2024_14,OCO,Alpine,3,HARD,HARDEST,True,31.0,44.0,14.0,False,True,False,False
2024_14_PER_s1,2024_14,PER,Red Bull Racing,1,MEDIUM,MIDDLE,True,1.0,11.0,11.0,True,False,True,False
2024_14_PER_s2,2024_14,PER,Red Bull Racing,2,MEDIUM,MIDDLE,True,12.0,21.0,10.0,True,False,True,True
2024_14_PER_s3,2024_14,PER,Red Bull Racing,3,HARD,HARDEST,True,22.0,42.0,21.0,True,False,True,False
2024_14_PER_s4,2024_14,PER,Red Bull Racing,4,SOFT,SOFTEST,True,43.0,44.0,2.0,False,True,False,False
2024_14_PIA_s1,2024_14,PIA,McLaren,1,MEDIUM,MIDDLE,True,1.0,11.0,11.0,True,False,True,False
2024_14_PIA_s2,2024_14,PIA,McLaren,2,HARD,HARDEST,True,12.0,30.0,19.0,True,False,True,True
2024_14_PIA_s3,2024_14,PIA,McLaren,3,HARD,HARDEST,True,31.0,44.0,14.0,False,True,False,False
2024_14_RIC_s1,2024_14,RIC,RB,1,SOFT,SOFTEST,True,1.0,8.0,8.0,True,False,True,False
2024_14_RIC_s2,2024_14,RIC,RB,2,MEDIUM,MIDDLE,True,9.0,21.0,13.0,True,False,True,True
2024_14_RIC_s3,2024_14,RIC,RB,3,SOFT,SOFTEST,True,22.0,44.0,23.0,False,True,False,False
2024_14_RUS_s1,2024_14,RUS,Mercedes,1,MEDIUM,MIDDLE,True,1.0,10.0,10.0,True,False,True,False
2024_14_RUS_s2,2024_14,RUS,Mercedes,2,HARD,HARDEST,True,11.0,44.0,34.0,False,True,False,True
2024_14_SAI_s1,2024_14,SAI,Ferrari,1,HARD,HARDEST,True,1.0,20.0,20.0,True,False,True,True
2024_14_SAI_s2,2024_14,SAI,Ferrari,2,MEDIUM,MIDDLE,True,21.0,28.0,8.0,True,False,True,False
2024_14_SAI_s3,2024_14,SAI,Ferrari,3,HARD,HARDEST,True,29.0,44.0,16.0,False,True,False,False
2024_14_SAR_s1,2024_14,SAR,Williams,1,MEDIUM,MIDDLE,True,1.0,8.0,8.0,True,False,True,False
2024_14_SAR_s2,2024_14,SAR,Williams,2,MEDIUM,MIDDLE,True,9.0,24.0,16.0,True,False,True,True
2024_14_SAR_s3,2024_14,SAR,Williams,3,HARD,HARDEST,True,25.0,44.0,20.0,False,True,False,False
2024_14_STR_s1,2024_14,STR,Aston Martin,1,MEDIUM,MIDDLE,True,1.0,12.0,12.0,True,False,True,False
2024_14_STR_s2,2024_14,STR,Aston Martin,2,MEDIUM,MIDDLE,True,13.0,44.0,32.0,False,True,False,True
2024_14_TSU_s1,2024_14,TSU,RB,1,MEDIUM,MIDDLE,True,1.0,15.0,15.0,True,False,True,True
2024_14_TSU_s2,2024_14,TSU,RB,2,SOFT,SOFTEST,True,16.0,44.0,29.0,False,True,False,False
2024_14_VER_s1,2024_14,VER,Red Bull Racing,1,MEDIUM,MIDDLE,True,1.0,10.0,10.0,True,False,True,False
2024_14_VER_s2,2024_14,VER,Red Bull Racing,2,HARD,HARDEST,True,11.0,28.0,18.0,True,False,True,True
2024_14_VER_s3,2024_14,VER,Red Bull Racing,3,MEDIUM,MIDDLE,True,29.0,44.0,16.0,False,True,False,False
2024_14_ZHO_s1,2024_14,ZHO,Kick Sauber,1,HARD,HARDEST,True,1.0,5.0,5.0,True,False,True,False
2024_15_ALB_s1,2024_15,ALB,Williams,1,MEDIUM,MIDDLE,True,1.0,12.0,12.0,True,False,True,False
2024_15_ALB_s2,2024_15,ALB,Williams,2,HARD,HARDEST,True,13.0,54.0,42.0,True,False,True,False
2024_15_ALB_s3,2024_15,ALB,Williams,3,MEDIUM,MIDDLE,True,55.0,71.0,17.0,False,True,False,False
2024_15_ALO_s1,2024_15,ALO,Aston Martin,1,MEDIUM,MIDDLE,True,1.0,31.0,31.0,True,False,True,False
2024_15_ALO_s2,2024_15,ALO,Aston Martin,2,HARD,HARDEST,True,32.0,71.0,40.0,False,True,False,False
2024_15_BOT_s1,2024_15,BOT,Kick Sauber,1,SOFT,SOFTEST,True,1.0,15.0,15.0,True,False,True,False
2024_15_BOT_s2,2024_15,BOT,Kick Sauber,2,HARD,HARDEST,True,16.0,43.0,28.0,True,False,True,False
2024_15_BOT_s3,2024_15,BOT,Kick Sauber,3,MEDIUM,MIDDLE,True,44.0,70.0,27.0,False,False,False,False
2024_15_GAS_s1,2024_15,GAS,Alpine,1,MEDIUM,MIDDLE,True,1.0,32.0,32.0,True,False,True,False
2024_15_GAS_s2,2024_15,GAS,Alpine,2,HARD,HARDEST,True,33.0,71.0,39.0,False,True,False,False
2024_15_HAM_s1,2024_15,HAM,Mercedes,1,SOFT,SOFTEST,True,1.0,23.0,23.0,True,False,True,False
2024_15_HAM_s2,2024_15,HAM,Mercedes,2,HARD,HARDEST,True,24.0,48.0,25.0,True,False,True,False
2024_15_HAM_s3,2024_15,HAM,Mercedes,3,SOFT,SOFTEST,True,49.0,72.0,24.0,False,True,False,False
2024_15_HUL_s1,2024_15,HUL,Haas F1 Team,1,MEDIUM,MIDDLE,True,1.0,14.0,14.0,True,False,True,False
2024_15_HUL_s2,2024_15,HUL,Haas F1 Team,2,HARD,HARDEST,True,15.0,71.0,57.0,False,True,False,False
2024_15_LEC_s1,2024_15,LEC,Ferrari,1,MEDIUM,MIDDLE,True,1.0,24.0,24.0,True,False,True,False
2024_15_LEC_s2,2024_15,LEC,Ferrari,2,HARD,HARDEST,True,25.0,72.0,48.0,False,True,False,False
2024_15_MAG_s1,2024_15,MAG,Haas F1 Team,1,HARD,HARDEST,True,1.0,40.0,40.0,True,False,True,False
2024_15_MAG_s2,2024_15,MAG,Haas F1 Team,2,MEDIUM,MIDDLE,True,41.0,71.0,31.0,False,True,False,False
2024_15_NOR_s1,2024_15,NOR,McLaren,1,MEDIUM,MIDDLE,True,1.0,28.0,28.0,True,False,True,False
2024_15_NOR_s2,2024_15,NOR,McLaren,2,HARD,HARDEST,True,29.0,72.0,44.0,False,True,False,False
2024_15_OCO_s1,2024_15,OCO,Alpine,1,MEDIUM,MIDDLE,True,1.0,30.0,30.0,True,False,True,False
2024_15_OCO_s2,2024_15,OCO,Alpine,2,HARD,HARDEST,True,31.0,71.0,41.0,False,True,False,False
2024_15_PER_s1,2024_15,PER,Red Bull Racing,1,MEDIUM,MIDDLE,True,1.0,29.0,29.0,True,False,True,False
2024_15_PER_s2,2024_15,PER,Red Bull Racing,2,HARD,HARDEST,True,30.0,72.0,43.0,False,True,False,False
2024_15_PIA_s1,2024_15,PIA,McLaren,1,MEDIUM,MIDDLE,True,1.0,33.0,33.0,True,False,True,False
2024_15_PIA_s2,2024_15,PIA,McLaren,2,HARD,HARDEST,True,34.0,72.0,39.0,False,True,False,False
2024_15_RIC_s1,2024_15,RIC,RB,1,MEDIUM,MIDDLE,True,1.0,29.0,29.0,True,False,True,False
2024_15_RIC_s2,2024_15,RIC,RB,2,HARD,HARDEST,True,30.0,71.0,42.0,False,True,False,False
2024_15_RUS_s1,2024_15,RUS,Mercedes,1,MEDIUM,MIDDLE,True,1.0,25.0,25.0,True,False,True,False
2024_15_RUS_s2,2024_15,RUS,Mercedes,2,HARD,HARDEST,True,26.0,54.0,29.0,True,False,True,False
2024_15_RUS_s3,2024_15,RUS,Mercedes,3,SOFT,SOFTEST,False,55.0,72.0,18.0,False,True,False,False
2024_15_SAI_s1,2024_15,SAI,Ferrari,1,MEDIUM,MIDDLE,True,1.0,30.0,30.0,True,False,True,False
2024_15_SAI_s2,2024_15,SAI,Ferrari,2,HARD,HARDEST,True,31.0,72.0,42.0,False,True,False,False
2024_15_SAR_s1,2024_15,SAR,Williams,1,MEDIUM,MIDDLE,True,1.0,22.0,22.0,True,False,True,False
2024_15_SAR_s2,2024_15,SAR,Williams,2,HARD,HARDEST,True,23.0,71.0,49.0,False,True,False,False
2024_15_STR_s1,2024_15,STR,Aston Martin,1,MEDIUM,MIDDLE,True,1.0,30.0,30.0,True,False,True,False
2024_15_STR_s2,2024_15,STR,Aston Martin,2,HARD,HARDEST,True,31.0,71.0,41.0,False,True,False,False
2024_15_TSU_s1,2024_15,TSU,RB,1,SOFT,SOFTEST,True,1.0,14.0,14.0,True,False,True,False
2024_15_TSU_s2,2024_15,TSU,RB,2,MEDIUM,MIDDLE,True,15.0,32.0,18.0,True,False,True,False
2024_15_TSU_s3,2024_15,TSU,RB,3,HARD,HARDEST,True,33.0,71.0,39.0,False,True,False,False
2024_15_VER_s1,2024_15,VER,Red Bull Racing,1,MEDIUM,MIDDLE,True,1.0,27.0,27.0,True,False,True,False
2024_15_VER_s2,2024_15,VER,Red Bull Racing,2,HARD,HARDEST,True,28.0,72.0,45.0,False,True,False,False
2024_15_ZHO_s1,2024_15,ZHO,Kick Sauber,1,MEDIUM,MIDDLE,True,1.0,18.0,18.0,True,False,True,False
2024_15_ZHO_s2,2024_15,ZHO,Kick Sauber,2,HARD,HARDEST,True,19.0,51.0,33.0,True,False,True,False
2024_15_ZHO_s3,2024_15,ZHO,Kick Sauber,3,SOFT,SOFTEST,True,52.0,70.0,19.0,False,False,False,False
2024_16_ALB_s1,2024_16,ALB,Williams,1,MEDIUM,MIDDLE,True,1.0,17.0,17.0,True,False,True,False
2024_16_ALB_s2,2024_16,ALB,Williams,2,HARD,HARDEST,True,18.0,53.0,36.0,False,True,False,False
2024_16_ALO_s1,2024_16,ALO,Aston Martin,1,MEDIUM,MIDDLE,False,1.0,12.0,12.0,True,False,True,False
2024_16_ALO_s2,2024_16,ALO,Aston Martin,2,HARD,HARDEST,False,13.0,35.0,23.0,True,False,True,False
2024_16_ALO_s3,2024_16,ALO,Aston Martin,3,HARD,HARDEST,False,36.0,53.0,18.0,False,True,False,False
2024_16_BOT_s1,2024_16,BOT,Kick Sauber,1,HARD,HARDEST,False,1.0,33.0,33.0,True,False,True,False
2024_16_BOT_s2,2024_16,BOT,Kick Sauber,2,MEDIUM,MIDDLE,False,34.0,52.0,19.0,False,True,False,False
2024_16_COL_s1,2024_16,COL,Williams,1,MEDIUM,MIDDLE,True,1.0,16.0,16.0,True,False,True,False
2024_16_COL_s2,2024_16,COL,Williams,2,HARD,HARDEST,True,17.0,53.0,37.0,False,True,False,False
2024_16_GAS_s1,2024_16,GAS,Alpine,1,MEDIUM,MIDDLE,True,1.0,10.0,10.0,True,False,True,False
2024_16_GAS_s2,2024_16,GAS,Alpine,2,HARD,HARDEST,True,11.0,30.0,20.0,True,False,True,False
2024_16_GAS_s3,2024_16,GAS,Alpine,3,HARD,HARDEST,True,31.0,52.0,22.0,False,True,False,False
2024_16_HAM_s1,2024_16,HAM,Mercedes,1,MEDIUM,MIDDLE,True,1.0,15.0,15.0,True,False,True,False
2024_16_HAM_s2,2024_16,HAM,Mercedes,2,HARD,HARDEST,True,16.0,37.0,22.0,True,False,True,False
2024_16_HAM_s3,2024_16,HAM,Mercedes,3,HARD,HARDEST,True,38.0,53.0,16.0,False,True,False,False
2024_16_HUL_s1,2024_16,HUL,Haas F1 Team,1,MEDIUM,MIDDLE,True,1.0,5.0,5.0,True,False,True,False
2024_16_HUL_s2,2024_16,HUL,Haas F1 Team,2,HARD,HARDEST,True,6.0,32.0,27.0,True,False,True,False
2024_16_HUL_s3,2024_16,HUL,Haas F1 Team,3,HARD,HARDEST,True,33.0,52.0,20.0,False,True,False,False
2024_16_LEC_s1,2024_16,LEC,Ferrari,1,MEDIUM,MIDDLE,True,1.0,15.0,15.0,True,False,True,False
2024_16_LEC_s2,2024_16,LEC,Ferrari,2,HARD,HARDEST,True,16.0,53.0,38.0,False,True,False,False
2024_16_MAG_s1,2024_16,MAG,Haas F1 Team,1,MEDIUM,MIDDLE,True,1.0,14.0,14.0,True,False,True,False
2024_16_MAG_s2,2024_16,MAG,Haas F1 Team,2,HARD,HARDEST,True,15.0,53.0,39.0,False,True,False,False
2024_16_NOR_s1,2024_16,NOR,McLaren,1,MEDIUM,MIDDLE,True,1.0,14.0,14.0,True,False,True,False
2024_16_NOR_s2,2024_16,NOR,McLaren,2,HARD,HARDEST,True,15.0,32.0,18.0,True,False,True,False
2024_16_NOR_s3,2024_16,NOR,McLaren,3,HARD,HARDEST,True,33.0,53.0,21.0,False,True,False,False
2024_16_OCO_s1,2024_16,OCO,Alpine,1,HARD,HARDEST,True,1.0,31.0,31.0,True,False,True,False
2024_16_OCO_s2,2024_16,OCO,Alpine,2,MEDIUM,MIDDLE,True,32.0,52.0,21.0,False,True,False,False
2024_16_PER_s1,2024_16,PER,Red Bull Racing,1,HARD,HARDEST,True,1.0,23.0,23.0,True,False,True,False
2024_16_PER_s2,2024_16,PER,Red Bull Racing,2,HARD,HARDEST,True,24.0,35.0,12.0,True,False,True,False
2024_16_PER_s3,2024_16,PER,Red Bull Racing,3,MEDIUM,MIDDLE,True,36.0,53.0,18.0,False,True,False,False
2024_16_PIA_s1,2024_16,PIA,McLaren,1,MEDIUM,MIDDLE,True,1.0,16.0,16.0,True,False,True,False
2024_16_PIA_s2,2024_16,PIA,McLaren,2,HARD,HARDEST,True,17.0,38.0,22.0,True,False,True,False
2024_16_PIA_s3,2024_16,PIA,McLaren,3,HARD,HARDEST,True,39.0,53.0,15.0,False,True,False,False
2024_16_RIC_s1,2024_16,RIC,RB,1,MEDIUM,MIDDLE,True,1.0,11.0,11.0,True,False,True,False
2024_16_RIC_s2,2024_16,RIC,RB,2,HARD,HARDEST,False,12.0,53.0,42.0,False,True,False,False
2024_16_RUS_s1,2024_16,RUS,Mercedes,1,MEDIUM,MIDDLE,True,1.0,11.0,11.0,True,False,True,False
2024_16_RUS_s2,2024_16,RUS,Mercedes,2,HARD,HARDEST,True,12.0,33.0,22.0,True,False,True,False
2024_16_RUS_s3,2024_16,RUS,Mercedes,3,HARD,HARDEST,True,34.0,53.0,20.0,False,True,False,False
2024_16_SAI_s1,2024_16,SAI,Ferrari,1,MEDIUM,MIDDLE,True,1.0,19.0,19.0,True,False,True,False
2024_16_SAI_s2,2024_16,SAI,Ferrari,2,HARD,HARDEST,True,20.0,53.0,34.0,False,True,False,False
2024_16_STR_s1,2024_16,STR,Aston Martin,1,HARD,HARDEST,False,1.0,19.0,19.0,True,False,True,False
2024_16_STR_s2,2024_16,STR,Aston Martin,2,HARD,HARDEST,False,20.0,36.0,17.0,True,False,True,False
2024_16_STR_s3,2024_16,STR,Aston Martin,3,MEDIUM,MIDDLE,False,37.0,50.0,14.0,True,False,True,False
2024_16_STR_s4,2024_16,STR,Aston Martin,4,SOFT,SOFTEST,True,51.0,52.0,2.0,False,True,False,False
2024_16_TSU_s1,2024_16,TSU,RB,1,HARD,HARDEST,False,1.0,7.0,7.0,True,False,True,False
2024_16_VER_s1,2024_16,VER,Red Bull Racing,1,HARD,HARDEST,True,1.0,22.0,22.0,True,False,True,False
2024_16_VER_s2,2024_16,VER,Red Bull Racing,2,HARD,HARDEST,True,23.0,41.0,19.0,True,False,True,False
2024_16_VER_s3,2024_16,VER,Red Bull Racing,3,MEDIUM,MIDDLE,True,42.0,53.0,12.0,False,True,False,False
2024_16_ZHO_s1,2024_16,ZHO,Kick Sauber,1,MEDIUM,MIDDLE,False,1.0,15.0,15.0,True,False,True,False
2024_16_ZHO_s2,2024_16,ZHO,Kick Sauber,2,HARD,HARDEST,False,16.0,52.0,37.0,False,True,False,False
2024_17_ALB_s1,2024_17,ALB,Williams,1,HARD,HARDEST,True,1.0,31.0,31.0,True,False,True,False
2024_17_ALB_s2,2024_17,ALB,Williams,2,MEDIUM,MIDDLE,True,32.0,51.0,20.0,False,True,False,True
2024_17_ALO_s1,2024_17,ALO,Aston Martin,1,MEDIUM,MIDDLE,False,1.0,11.0,11.0,True,False,True,False
2024_17_ALO_s2,2024_17,ALO,Aston Martin,2,HARD,HARDEST,False,12.0,51.0,40.0,False,True,False,True
2024_17_BEA_s1,2024_17,BEA,Haas F1 Team,1,MEDIUM,MIDDLE,True,1.0,14.0,14.0,True,False,True,False
2024_17_BEA_s2,2024_17,BEA,Haas F1 Team,2,HARD,HARDEST,True,15.0,51.0,37.0,False,True,False,True
2024_17_BOT_s1,2024_17,BOT,Kick Sauber,1,MEDIUM,MIDDLE,False,1.0,11.0,11.0,True,False,True,False
2024_17_BOT_s2,2024_17,BOT,Kick Sauber,2,HARD,HARDEST,False,12.0,50.0,39.0,False,True,False,True
2024_17_COL_s1,2024_17,COL,Williams,1,MEDIUM,MIDDLE,True,1.0,10.0,10.0,True,False,True,False
2024_17_COL_s2,2024_17,COL,Williams,2,HARD,HARDEST,True,11.0,51.0,41.0,False,True,False,True
2024_17_GAS_s1,2024_17,GAS,Alpine,1,HARD,HARDEST,True,1.0,50.0,50.0,True,True,False,True
2024_17_GAS_s2,2024_17,GAS,Alpine,2,SOFT,SOFTEST,True,51.0,51.0,1.0,False,True,False,True
2024_17_HAM_s1,2024_17,HAM,Mercedes,1,MEDIUM,MIDDLE,True,1.0,12.0,12.0,True,False,True,False
2024_17_HAM_s2,2024_17,HAM,Mercedes,2,HARD,HARDEST,False,13.0,51.0,39.0,False,True,False,True
2024_17_HUL_s1,2024_17,HUL,Haas F1 Team,1,MEDIUM,MIDDLE,True,1.0,15.0,15.0,True,False,True,False
2024_17_HUL_s2,2024_17,HUL,Haas F1 Team,2,HARD,HARDEST,True,16.0,51.0,36.0,False,True,False,True
2024_17_LEC_s1,2024_17,LEC,Ferrari,1,MEDIUM,MIDDLE,True,1.0,16.0,16.0,True,False,True,False
2024_17_LEC_s2,2024_17,LEC,Ferrari,2,HARD,HARDEST,True,17.0,51.0,35.0,False,True,False,True
2024_17_NOR_s1,2024_17,NOR,McLaren,1,HARD,HARDEST,True,1.0,37.0,37.0,True,False,True,True
2024_17_NOR_s2,2024_17,NOR,McLaren,2,MEDIUM,MIDDLE,True,38.0,51.0,14.0,False,True,False,True
2024_17_OCO_s1,2024_17,OCO,Alpine,1,HARD,HARDEST,False,1.0,49.0,49.0,True,False,True,True
2024_17_OCO_s2,2024_17,OCO,Alpine,2,SOFT,SOFTEST,True,50.0,50.0,1.0,False,True,False,True
2024_17_PER_s1,2024_17,PER,Red Bull Racing,1,MEDIUM,MIDDLE,True,1.0,13.0,13.0,True,False,True,False
2024_17_PER_s2,2024_17,PER,Red Bull Racing,2,HARD,HARDEST,True,14.0,50.0,37.0,False,True,False,True
2024_17_PIA_s1,2024_17,PIA,McLaren,1,MEDIUM,MIDDLE,True,1.0,15.0,15.0,True,False,True,False
2024_17_PIA_s2,2024_17,PIA,McLaren,2,HARD,HARDEST,True,16.0,51.0,36.0,False,True,False,True
2024_17_RIC_s1,2024_17,RIC,RB,1,HARD,HARDEST,False,1.0,49.0,49.0,True,False,True,True
2024_17_RIC_s2,2024_17,RIC,RB,2,SOFT,SOFTEST,True,50.0,51.0,2.0,False,True,False,True
2024_17_RUS_s1,2024_17,RUS,Mercedes,1,MEDIUM,MIDDLE,True,1.0,12.0,12.0,True,False,True,False
2024_17_RUS_s2,2024_17,RUS,Mercedes,2,HARD,HARDEST,True,13.0,51.0,39.0,False,True,False,True
2024_17_SAI_s1,2024_17,SAI,Ferrari,1,MEDIUM,MIDDLE,True,1.0,17.0,17.0,True,False,True,False
2024_17_SAI_s2,2024_17,SAI,Ferrari,2,HARD,HARDEST,True,18.0,50.0,33.0,False,True,False,True
2024_17_STR_s1,2024_17,STR,Aston Martin,1,MEDIUM,MIDDLE,False,1.0,1.0,1.0,True,False,True,False
2024_17_STR_s2,2024_17,STR,Aston Martin,2,HARD,HARDEST,False,2.0,22.0,21.0,True,False,True,False
2024_17_STR_s3,2024_17,STR,Aston Martin,3,HARD,HARDEST,False,23.0,45.0,23.0,True,False,True,True
2024_17_TSU_s1,2024_17,TSU,RB,1,MEDIUM,MIDDLE,False,1.0,12.0,12.0,True,False,True,False
2024_17_TSU_s2,2024_17,TSU,RB,2,HARD,HARDEST,False,13.0,14.0,2.0,True,False,True,False
2024_17_VER_s1,2024_17,VER,Red Bull Racing,1,MEDIUM,MIDDLE,True,1.0,12.0,12.0,True,False,True,False
2024_17_VER_s2,2024_17,VER,Red Bull Racing,2,HARD,HARDEST,True,13.0,49.0,37.0,True,False,True,True
2024_17_VER_s3,2024_17,VER,Red Bull Racing,3,SOFT,SOFTEST,False,50.0,51.0,2.0,False,True,False,True
2024_17_ZHO_s1,2024_17,ZHO,Kick Sauber,1,HARD,HARDEST,False,1.0,34.0,34.0,True,False,True,False
2024_17_ZHO_s2,2024_17,ZHO,Kick Sauber,2,MEDIUM,MIDDLE,False,35.0,51.0,17.0,False,True,False,True
2024_18_ALB_s1,2024_18,ALB,Williams,1,MEDIUM,MIDDLE,True,1.0,11.0,11.0,True,False,True,False
2024_18_ALB_s2,2024_18,ALB,Williams,2,HARD,HARDEST,True,12.0,15.0,4.0,True,False,True,False
2024_18_ALO_s1,2024_18,ALO,Aston Martin,1,MEDIUM,MIDDLE,False,1.0,25.0,25.0,True,False,True,False
2024_18_ALO_s2,2024_18,ALO,Aston Martin,2,HARD,HARDEST,False,26.0,61.0,36.0,False,True,False,False
2024_18_BOT_s1,2024_18,BOT,Kick Sauber,1,HARD,HARDEST,True,1.0,33.0,33.0,True,False,True,False
2024_18_BOT_s2,2024_18,BOT,Kick Sauber,2,MEDIUM,MIDDLE,True,34.0,61.0,28.0,False,True,False,False
2024_18_COL_s1,2024_18,COL,Williams,1,MEDIUM,MIDDLE,True,1.0,29.0,29.0,True,False,True,False
2024_18_COL_s2,2024_18,COL,Williams,2,HARD,HARDEST,True,30.0,61.0,32.0,False,True,False,False
2024_18_GAS_s1,2024_18,GAS,Alpine,1,MEDIUM,MIDDLE,True,1.0,37.0,37.0,True,False,True,False
2024_18_GAS_s2,2024_18,GAS,Alpine,2,SOFT,SOFTEST,True,38.0,61.0,24.0,False,True,False,False
2024_18_HAM_s1,2024_18,HAM,Mercedes,1,SOFT,SOFTEST,False,1.0,17.0,17.0,True,False,True,False
2024_18_HAM_s2,2024_18,HAM,Mercedes,2,HARD,HARDEST,True,18.0,62.0,45.0,False,True,False,False
2024_18_HUL_s1,2024_18,HUL,Haas F1 Team,1,MEDIUM,MIDDLE,True,1.0,29.0,29.0,True,False,True,False
2024_18_HUL_s2,2024_18,HUL,Haas F1 Team,2,HARD,HARDEST,True,30.0,61.0,32.0,False,True,False,False
2024_18_LEC_s1,2024_18,LEC,Ferrari,1,MEDIUM,MIDDLE,True,1.0,36.0,36.0,True,False,True,False
2024_18_LEC_s2,2024_18,LEC,Ferrari,2,HARD,HARDEST,True,37.0,62.0,26.0,False,True,False,False
2024_18_MAG_s1,2024_18,MAG,Haas F1 Team,1,HARD,HARDEST,True,1.0,28.0,28.0,True,False,True,False
2024_18_MAG_s2,2024_18,MAG,Haas F1 Team,2,MEDIUM,MIDDLE,True,29.0,49.0,21.0,True,False,True,False
2024_18_MAG_s3,2024_18,MAG,Haas F1 Team,3,SOFT,SOFTEST,True,50.0,57.0,8.0,True,False,True,False
2024_18_NOR_s1,2024_18,NOR,McLaren,1,MEDIUM,MIDDLE,True,1.0,30.0,30.0,True,False,True,False
2024_18_NOR_s2,2024_18,NOR,McLaren,2,HARD,HARDEST,True,31.0,62.0,32.0,False,True,False,False
2024_18_OCO_s1,2024_18,OCO,Alpine,1,MEDIUM,MIDDLE,True,1.0,29.0,29.0,True,False,True,False
2024_18_OCO_s2,2024_18,OCO,Alpine,2,HARD,HARDEST,True,30.0,61.0,32.0,False,True,False,False
2024_18_PER_s1,2024_18,PER,Red Bull Racing,1,MEDIUM,MIDDLE,True,1.0,28.0,28.0,True,False,True,False
2024_18_PER_s2,2024_18,PER,Red Bull Racing,2,HARD,HARDEST,True,29.0,61.0,33.0,False,True,False,False
2024_18_PIA_s1,2024_18,PIA,McLaren,1,MEDIUM,MIDDLE,True,1.0,38.0,38.0,True,False,True,False
2024_18_PIA_s2,2024_18,PIA,McLaren,2,HARD,HARDEST,True,39.0,62.0,24.0,False,True,False,False
2024_18_RIC_s1,2024_18,RIC,RB,1,SOFT,SOFTEST,True,1.0,10.0,10.0,True,False,True,False
2024_18_RIC_s2,2024_18,RIC,RB,2,MEDIUM,MIDDLE,True,11.0,46.0,36.0,True,False,True,False
2024_18_RIC_s3,2024_18,RIC,RB,3,SOFT,SOFTEST,True,47.0,58.0,12.0,True,False,True,False
2024_18_RIC_s4,2024_18,RIC,RB,4,SOFT,SOFTEST,False,59.0,61.0,3.0,False,True,False,False
2024_18_RUS_s1,2024_18,RUS,Mercedes,1,MEDIUM,MIDDLE,True,1.0,27.0,27.0,True,False,True,False
2024_18_RUS_s2,2024_18,RUS,Mercedes,2,HARD,HARDEST,True,28.0,62.0,35.0,False,True,False,False
2024_18_SAI_s1,2024_18,SAI,Ferrari,1,MEDIUM,MIDDLE,True,1.0,13.0,13.0,True,False,True,False
2024_18_SAI_s2,2024_18,SAI,Ferrari,2,HARD,HARDEST,True,14.0,62.0,49.0,False,True,False,False
2024_18_STR_s1,2024_18,STR,Aston Martin,1,HARD,HARDEST,False,1.0,26.0,26.0,True,False,True,False
2024_18_STR_s2,2024_18,STR,Aston Martin,2,MEDIUM,MIDDLE,False,27.0,61.0,35.0,False,True,False,False
2024_18_TSU_s1,2024_18,TSU,RB,1,MEDIUM,MIDDLE,True,1.0,33.0,33.0,True,False,True,False
2024_18_TSU_s2,2024_18,TSU,RB,2,SOFT,SOFTEST,False,34.0,61.0,28.0,False,True,False,False
2024_18_VER_s1,2024_18,VER,Red Bull Racing,1,MEDIUM,MIDDLE,True,1.0,29.0,29.0,True,False,True,False
2024_18_VER_s2,2024_18,VER,Red Bull Racing,2,HARD,HARDEST,True,30.0,62.0,33.0,False,True,False,False
2024_18_ZHO_s1,2024_18,ZHO,Kick Sauber,1,HARD,HARDEST,True,1.0,34.0,34.0,True,False,True,False
2024_18_ZHO_s2,2024_18,ZHO,Kick Sauber,2,MEDIUM,MIDDLE,True,35.0,61.0,27.0,False,True,False,False
2024_19_ALB_s1,2024_19,ALB,Williams,1,MEDIUM,MIDDLE,True,1.0,3.0,3.0,True,False,True,True
2024_19_ALB_s2,2024_19,ALB,Williams,2,MEDIUM,MIDDLE,True,4.0,33.0,30.0,True,False,True,True
2024_19_ALB_s3,2024_19,ALB,Williams,3,HARD,HARDEST,True,34.0,55.0,22.0,False,True,False,True
2024_19_ALO_s1,2024_19,ALO,Aston Martin,1,MEDIUM,MIDDLE,True,1.0,26.0,26.0,True,False,True,True
2024_19_ALO_s2,2024_19,ALO,Aston Martin,2,HARD,HARDEST,False,27.0,55.0,29.0,False,True,False,True
2024_19_BOT_s1,2024_19,BOT,Kick Sauber,1,MEDIUM,MIDDLE,False,1.0,15.0,15.0,True,False,True,True
2024_19_BOT_s2,2024_19,BOT,Kick Sauber,2,HARD,HARDEST,True,16.0,55.0,40.0,False,True,False,True
2024_19_COL_s1,2024_19,COL,Williams,1,HARD,HARDEST,True,1.0,39.0,39.0,True,False,True,True
2024_19_COL_s2,2024_19,COL,Williams,2,MEDIUM,MIDDLE,True,40.0,56.0,17.0,False,True,False,True
2024_19_GAS_s1,2024_19,GAS,Alpine,1,MEDIUM,MIDDLE,True,1.0,18.0,18.0,True,False,True,True
2024_19_GAS_s2,2024_19,GAS,Alpine,2,HARD,HARDEST,True,19.0,56.0,38.0,False,True,False,True
2024_19_HAM_s1,2024_19,HAM,Mercedes,1,HARD,HARDEST,True,1.0,2.0,2.0,False,False,False,True
2024_19_HUL_s1,2024_19,HUL,Haas F1 Team,1,MEDIUM,MIDDLE,True,1.0,27.0,27.0,True,False,True,True
2024_19_HUL_s2,2024_19,HUL,Haas F1 Team,2,HARD,HARDEST,True,28.0,56.0,29.0,False,True,False,True
2024_19_LAW_s1,2024_19,LAW,RB,1,HARD,HARDEST,True,1.0,36.0,36.0,True,False,True,True
2024_19_LAW_s2,2024_19,LAW,RB,2,MEDIUM,MIDDLE,True,37.0,56.0,20.0,False,True,False,True
2024_19_LEC_s1,2024_19,LEC,Ferrari,1,MEDIUM,MIDDLE,True,1.0,26.0,26.0,True,False,True,True
2024_19_LEC_s2,2024_19,LEC,Ferrari,2,HARD,HARDEST,True,27.0,56.0,30.0,False,True,False,True
2024_19_MAG_s1,2024_19,MAG,Haas F1 Team,1,MEDIUM,MIDDLE,True,1.0,17.0,17.0,True,False,True,True
2024_19_MAG_s2,2024_19,MAG,Haas F1 Team,2,HARD,HARDEST,True,18.0,38.0,21.0,True,False,True,False
2024_19_MAG_s3,2024_19,MAG,Haas F1 Team,3,MEDIUM,MIDDLE,True,39.0,56.0,18.0,False,True,False,True
2024_19_NOR_s1,2024_19,NOR,McLaren,1,MEDIUM,MIDDLE,True,1.0,31.0,31.0,True,False,True,True
2024_19_NOR_s2,2024_19,NOR,McLaren,2,HARD,HARDEST,True,32.0,56.0,25.0,False,True,False,True
2024_19_OCO_s1,2024_19,OCO,Alpine,1,MEDIUM,MIDDLE,True,1.0,31.0,31.0,True,False,True,True
2024_19_OCO_s2,2024_19,OCO,Alpine,2,HARD,HARDEST,True,32.0,51.0,20.0,True,False,True,True
2024_19_OCO_s3,2024_19,OCO,Alpine,3,SOFT,SOFTEST,False,52.0,55.0,4.0,False,True,False,False
2024_19_PER_s1,2024_19,PER,Red Bull Racing,1,MEDIUM,MIDDLE,True,1.0,26.0,26.0,True,False,True,True
2024_19_PER_s2,2024_19,PER,Red Bull Racing,2,HARD,HARDEST,True,27.0,56.0,30.0,False,True,False,True
2024_19_PIA_s1,2024_19,PIA,McLaren,1,MEDIUM,MIDDLE,True,1.0,32.0,32.0,True,False,True,True
2024_19_PIA_s2,2024_19,PIA,McLaren,2,HARD,HARDEST,True,33.0,56.0,24.0,False,True,False,True
2024_19_RUS_s1,2024_19,RUS,Mercedes,1,HARD,HARDEST,True,1.0,40.0,40.0,True,False,True,True
2024_19_RUS_s2,2024_19,RUS,Mercedes,2,MEDIUM,MIDDLE,True,41.0,56.0,16.0,False,True,False,True
2024_19_SAI_s1,2024_19,SAI,Ferrari,1,MEDIUM,MIDDLE,True,1.0,21.0,21.0,True,False,True,True
2024_19_SAI_s2,2024_19,SAI,Ferrari,2,HARD,HARDEST,True,22.0,56.0,35.0,False,True,False,True
2024_19_STR_s1,2024_19,STR,Aston Martin,1,HARD,HARDEST,False,1.0,27.0,27.0,True,False,True,True
2024_19_STR_s2,2024_19,STR,Aston Martin,2,MEDIUM,MIDDLE,True,28.0,55.0,28.0,False,True,False,True
2024_19_TSU_s1,2024_19,TSU,RB,1,MEDIUM,MIDDLE,True,1.0,18.0,18.0,True,False,True,True
2024_19_TSU_s2,2024_19,TSU,RB,2,HARD,HARDEST,True,19.0,55.0,37.0,False,True,False,True
2024_19_VER_s1,2024_19,VER,Red Bull Racing,1,MEDIUM,MIDDLE,True,1.0,25.0,25.0,True,False,True,True
2024_19_VER_s2,2024_19,VER,Red Bull Racing,2,HARD,HARDEST,True,26.0,56.0,31.0,False,True,False,True
2024_19_ZHO_s1,2024_19,ZHO,Kick Sauber,1,MEDIUM,MIDDLE,False,1.0,13.0,13.0,True,False,True,True
2024_19_ZHO_s2,2024_19,ZHO,Kick Sauber,2,MEDIUM,MIDDLE,False,14.0,35.0,22.0,True,False,True,False
2024_19_ZHO_s3,2024_19,ZHO,Kick Sauber,3,HARD,HARDEST,True,36.0,55.0,20.0,False,True,False,True
2024_20_ALB_s1,2024_20,ALB,Williams,1,MEDIUM,MIDDLE,True,1.0,1.0,1.0,False,False,False,True
2024_20_ALO_s1,2024_20,ALO,Aston Martin,1,MEDIUM,MIDDLE,False,1.0,15.0,15.0,True,False,True,True
2024_20_BOT_s1,2024_20,BOT,Kick Sauber,1,HARD,HARDEST,False,1.0,49.0,49.0,True,False,True,True
2024_20_BOT_s2,2024_20,BOT,Kick Sauber,2,MEDIUM,MIDDLE,False,50.0,70.0,21.0,False,True,False,False
2024_20_COL_s1,2024_20,COL,Williams,1,HARD,HARDEST,True,1.0,47.0,47.0,True,False,True,True
2024_20_COL_s2,2024_20,COL,Williams,2,MEDIUM,MIDDLE,True,48.0,70.0,23.0,False,True,False,False
2024_20_GAS_s1,2024_20,GAS,Alpine,1,MEDIUM,MIDDLE,True,1.0,28.0,28.0,True,False,True,True
2024_20_GAS_s2,2024_20,GAS,Alpine,2,HARD,HARDEST,True,29.0,70.0,42.0,False,True,False,False
2024_20_HAM_s1,2024_20,HAM,Mercedes,1,MEDIUM,MIDDLE,True,1.0,28.0,28.0,True,False,True,True
2024_20_HAM_s2,2024_20,HAM,Mercedes,2,HARD,HARDEST,True,29.0,71.0,43.0,False,True,False,False
2024_20_HUL_s1,2024_20,HUL,Haas F1 Team,1,MEDIUM,MIDDLE,True,1.0,29.0,29.0,True,False,True,True
2024_20_HUL_s2,2024_20,HUL,Haas F1 Team,2,HARD,HARDEST,True,30.0,70.0,41.0,False,True,False,False
2024_20_LAW_s1,2024_20,LAW,RB,1,HARD,HARDEST,True,1.0,39.0,39.0,True,False,True,True
2024_20_LAW_s2,2024_20,LAW,RB,2,MEDIUM,MIDDLE,True,40.0,65.0,26.0,True,False,True,False
2024_20_LAW_s3,2024_20,LAW,RB,3,SOFT,SOFTEST,True,66.0,70.0,5.0,False,True,False,False
2024_20_LEC_s1,2024_20,LEC,Ferrari,1,MEDIUM,MIDDLE,True,1.0,31.0,31.0,True,False,True,True
2024_20_LEC_s2,2024_20,LEC,Ferrari,2,HARD,HARDEST,True,32.0,69.0,38.0,True,False,True,False
2024_20_LEC_s3,2024_20,LEC,Ferrari,3,SOFT,SOFTEST,False,70.0,71.0,2.0,False,True,False,False
2024_20_MAG_s1,2024_20,MAG,Haas F1 Team,1,MEDIUM,MIDDLE,True,1.0,30.0,30.0,True,False,True,True
2024_20_MAG_s2,2024_20,MAG,Haas F1 Team,2,HARD,HARDEST,True,31.0,71.0,41.0,False,True,False,False
2024_20_NOR_s1,2024_20,NOR,McLaren,1,MEDIUM,MIDDLE,True,1.0,30.0,30.0,True,False,True,True
2024_20_NOR_s2,2024_20,NOR,McLaren,2,HARD,HARDEST,True,31.0,71.0,41.0,False,True,False,False
2024_20_OCO_s1,2024_20,OCO,Alpine,1,HARD,HARDEST,True,1.0,48.0,48.0,True,False,True,True
2024_20_OCO_s2,2024_20,OCO,Alpine,2,MEDIUM,MIDDLE,True,49.0,70.0,22.0,False,True,False,False
2024_20_PER_s1,2024_20,PER,Red Bull Racing,1,HARD,HARDEST,True,1.0,20.0,20.0,True,False,True,True
2024_20_PER_s2,2024_20,PER,Red Bull Racing,2,MEDIUM,MIDDLE,True,21.0,43.0,23.0,True,False,True,False
2024_20_PER_s3,2024_20,PER,Red Bull Racing,3,MEDIUM,MIDDLE,True,44.0,68.0,25.0,True,False,True,False
2024_20_PER_s4,2024_20,PER,Red Bull Racing,4,SOFT,SOFTEST,True,69.0,70.0,2.0,False,True,False,False
2024_20_PIA_s1,2024_20,PIA,McLaren,1,MEDIUM,MIDDLE,True,1.0,39.0,39.0,True,False,True,True
2024_20_PIA_s2,2024_20,PIA,McLaren,2,HARD,HARDEST,True,40.0,71.0,32.0,False,True,False,False
2024_20_RUS_s1,2024_20,RUS,Mercedes,1,MEDIUM,MIDDLE,True,1.0,31.0,31.0,True,False,True,True
2024_20_RUS_s2,2024_20,RUS,Mercedes,2,HARD,HARDEST,True,32.0,71.0,40.0,False,True,False,False
2024_20_SAI_s1,2024_20,SAI,Ferrari,1,MEDIUM,MIDDLE,True,1.0,32.0,32.0,True,False,True,True
2024_20_SAI_s2,2024_20,SAI,Ferrari,2,HARD,HARDEST,True,33.0,71.0,39.0,False,True,False,False
2024_20_STR_s1,2024_20,STR,Aston Martin,1,MEDIUM,MIDDLE,False,1.0,26.0,26.0,True,False,True,True
2024_20_STR_s2,2024_20,STR,Aston Martin,2,HARD,HARDEST,False,27.0,70.0,44.0,False,True,False,False
2024_20_TSU_s1,2024_20,TSU,RB,1,MEDIUM,MIDDLE,True,1.0,1.0,1.0,False,False,False,True
2024_20_VER_s1,2024_20,VER,Red Bull Racing,1,MEDIUM,MIDDLE,True,1.0,26.0,26.0,True,False,True,True
2024_20_VER_s2,2024_20,VER,Red Bull Racing,2,HARD,HARDEST,True,27.0,71.0,45.0,False,True,False,False
2024_20_ZHO_s1,2024_20,ZHO,Kick Sauber,1,HARD,HARDEST,False,1.0,43.0,43.0,True,False,True,True
2024_20_ZHO_s2,2024_20,ZHO,Kick Sauber,2,MEDIUM,MIDDLE,False,44.0,70.0,27.0,False,True,False,False
2024_21_ALO_s1,2024_21,ALO,Aston Martin,1,WET,WET,True,1.0,27.0,27.0,True,False,True,True
2024_21_ALO_s2,2024_21,ALO,Aston Martin,2,WET,WET,False,28.0,32.0,5.0,True,False,True,True
2024_21_ALO_s3,2024_21,ALO,Aston Martin,3,WET,WET,True,33.0,69.0,37.0,False,True,False,True
2024_21_BEA_s1,2024_21,BEA,Haas F1 Team,1,WET,WET,True,1.0,27.0,27.0,True,False,True,True
2024_21_BEA_s2,2024_21,BEA,Haas F1 Team,2,WET,WET,True,28.0,32.0,5.0,True,False,True,True
2024_21_BEA_s3,2024_21,BEA,Haas F1 Team,3,WET,WET,True,33.0,69.0,37.0,False,True,False,True
2024_21_BOT_s1,2024_21,BOT,Kick Sauber,1,WET,WET,True,1.0,32.0,32.0,True,False,True,True
2024_21_BOT_s2,2024_21,BOT,Kick Sauber,2,WET,WET,True,33.0,69.0,37.0,False,True,False,True
2024_21_COL_s1,2024_21,COL,Williams,1,WET,WET,True,1.0,26.0,26.0,True,False,True,True
2024_21_COL_s2,2024_21,COL,Williams,2,WET,WET,True,27.0,30.0,4.0,True,False,True,True
2024_21_GAS_s1,2024_21,GAS,Alpine,1,WET,WET,True,1.0,32.0,32.0,True,False,True,True
2024_21_GAS_s2,2024_21,GAS,Alpine,2,WET,WET,True,33.0,69.0,37.0,False,True,False,True
2024_21_HAM_s1,2024_21,HAM,Mercedes,1,WET,WET,True,1.0,27.0,27.0,True,False,True,True
2024_21_HAM_s2,2024_21,HAM,Mercedes,2,WET,WET,True,28.0,32.0,5.0,True,False,True,True
2024_21_HAM_s3,2024_21,HAM,Mercedes,3,WET,WET,True,33.0,69.0,37.0,False,True,False,True
2024_21_HUL_s1,2024_21,HUL,Haas F1 Team,1,WET,WET,True,1.0,25.0,25.0,True,False,True,True
2024_21_HUL_s2,2024_21,HUL,Haas F1 Team,2,WET,WET,True,26.0,27.0,2.0,True,False,True,True
2024_21_HUL_s3,2024_21,HUL,Haas F1 Team,3,WET,WET,True,28.0,29.0,2.0,True,False,True,True
2024_21_HUL_s4,2024_21,HUL,Haas F1 Team,4,WET,WET,True,30.0,30.0,1.0,True,False,True,True
2024_21_LAW_s1,2024_21,LAW,RB,1,WET,WET,False,1.0,28.0,28.0,True,False,True,True
2024_21_LAW_s2,2024_21,LAW,RB,2,WET,WET,False,29.0,32.0,4.0,True,False,True,True
2024_21_LAW_s3,2024_21,LAW,RB,3,WET,WET,False,33.0,69.0,37.0,False,True,False,True
2024_21_LEC_s1,2024_21,LEC,Ferrari,1,WET,WET,False,1.0,24.0,24.0,True,False,True,True
2024_21_LEC_s2,2024_21,LEC,Ferrari,2,WET,WET,False,25.0,32.0,8.0,True,False,True,True
2024_21_LEC_s3,2024_21,LEC,Ferrari,3,WET,WET,False,33.0,69.0,37.0,False,True,False,True
2024_21_NOR_s1,2024_21,NOR,McLaren,1,WET,WET,False,1.0,28.0,28.0,True,False,True,True
2024_21_NOR_s2,2024_21,NOR,McLaren,2,WET,WET,False,29.0,32.0,4.0,True,False,True,True
2024_21_NOR_s3,2024_21,NOR,McLaren,3,WET,WET,False,33.0,69.0,37.0,False,True,False,True
2024_21_OCO_s1,2024_21,OCO,Alpine,1,WET,WET,False,1.0,32.0,32.0,True,False,True,True
2024_21_OCO_s2,2024_21,OCO,Alpine,2,WET,WET,False,33.0,69.0,37.0,False,True,False,True
2024_21_PER_s1,2024_21,PER,Red Bull Racing,1,WET,WET,True,1.0,27.0,27.0,True,False,True,True
2024_21_PER_s2,2024_21,PER,Red Bull Racing,2,WET,WET,False,28.0,32.0,5.0,True,False,True,True
2024_21_PER_s3,2024_21,PER,Red Bull Racing,3,WET,WET,True,33.0,69.0,37.0,False,True,False,True
2024_21_PIA_s1,2024_21,PIA,McLaren,1,WET,WET,False,1.0,27.0,27.0,True,False,True,True
2024_21_PIA_s2,2024_21,PIA,McLaren,2,WET,WET,False,28.0,32.0,5.0,True,False,True,True
2024_21_PIA_s3,2024_21,PIA,McLaren,3,WET,WET,False,33.0,69.0,37.0,False,True,False,True
2024_21_RUS_s1,2024_21,RUS,Mercedes,1,WET,WET,False,1.0,28.0,28.0,True,False,True,True
2024_21_RUS_s2,2024_21,RUS,Mercedes,2,WET,WET,False,29.0,32.0,4.0,True,False,True,True
2024_21_RUS_s3,2024_21,RUS,Mercedes,3,WET,WET,False,33.0,69.0,37.0,False,True,False,True
2024_21_SAI_s1,2024_21,SAI,Ferrari,1,WET,WET,True,1.0,27.0,27.0,True,False,True,True
2024_21_SAI_s2,2024_21,SAI,Ferrari,2,WET,WET,True,28.0,32.0,5.0,True,False,True,True
2024_21_SAI_s3,2024_21,SAI,Ferrari,3,WET,WET,False,33.0,39.0,7.0,False,False,False,True
2024_21_STR_s1,2024_21,STR,Aston Martin,1,WET,WET,True,1.0,1.0,1.0,False,False,False,True
2024_21_TSU_s1,2024_21,TSU,RB,1,WET,WET,False,1.0,28.0,28.0,True,False,True,True
2024_21_TSU_s2,2024_21,TSU,RB,2,WET,WET,True,29.0,32.0,4.0,True,False,True,True
2024_21_TSU_s3,2024_21,TSU,RB,3,WET,WET,False,33.0,69.0,37.0,False,True,False,True
2024_21_VER_s1,2024_21,VER,Red Bull Racing,1,WET,WET,True,1.0,32.0,32.0,True,False,True,True
2024_21_VER_s2,2024_21,VER,Red Bull Racing,2,WET,WET,True,33.0,69.0,37.0,False,True,False,True
2024_21_ZHO_s1,2024_21,ZHO,Kick Sauber,1,WET,WET,True,1.0,27.0,27.0,True,False,True,True
2024_21_ZHO_s2,2024_21,ZHO,Kick Sauber,2,WET,WET,True,28.0,28.0,1.0,True,False,True,True
2024_21_ZHO_s3,2024_21,ZHO,Kick Sauber,3,WET,WET,False,29.0,31.0,3.0,True,False,True,True
2024_21_ZHO_s4,2024_21,ZHO,Kick Sauber,4,WET,WET,True,32.0,32.0,1.0,True,False,True,True
2024_21_ZHO_s5,2024_21,ZHO,Kick Sauber,5,WET,WET,False,33.0,69.0,37.0,False,True,False,True
2024_22_ALB_s1,2024_22,ALB,Williams,1,MEDIUM,MIDDLE,True,1.0,9.0,9.0,True,False,True,False
2024_22_ALB_s2,2024_22,ALB,Williams,2,HARD,HARDEST,True,10.0,25.0,16.0,True,False,True,False
2024_22_ALO_s1,2024_22,ALO,Aston Martin,1,SOFT,SOFTEST,True,1.0,4.0,4.0,True,False,True,False
2024_22_ALO_s2,2024_22,ALO,Aston Martin,2,HARD,HARDEST,False,5.0,24.0,20.0,True,False,True,False
2024_22_ALO_s3,2024_22,ALO,Aston Martin,3,HARD,HARDEST,False,25.0,50.0,26.0,False,True,False,False
2024_22_BOT_s1,2024_22,BOT,Kick Sauber,1,HARD,HARDEST,True,1.0,17.0,17.0,True,False,True,False
2024_22_BOT_s2,2024_22,BOT,Kick Sauber,2,MEDIUM,MIDDLE,True,18.0,35.0,18.0,True,False,True,False
2024_22_BOT_s3,2024_22,BOT,Kick Sauber,3,HARD,HARDEST,True,36.0,49.0,14.0,False,True,False,False
2024_22_COL_s1,2024_22,COL,Williams,1,HARD,HARDEST,True,1.0,16.0,16.0,True,False,True,False
2024_22_COL_s2,2024_22,COL,Williams,2,MEDIUM,MIDDLE,True,17.0,26.0,10.0,True,False,True,False
2024_22_COL_s3,2024_22,COL,Williams,3,HARD,HARDEST,True,27.0,50.0,24.0,False,True,False,False
2024_22_GAS_s1,2024_22,GAS,Alpine,1,MEDIUM,MIDDLE,True,1.0,10.0,10.0,True,False,True,False
2024_22_GAS_s2,2024_22,GAS,Alpine,2,HARD,HARDEST,True,11.0,15.0,5.0,True,False,True,False
2024_22_HAM_s1,2024_22,HAM,Mercedes,1,MEDIUM,MIDDLE,True,1.0,13.0,13.0,True,False,True,False
2024_22_HAM_s2,2024_22,HAM,Mercedes,2,HARD,HARDEST,False,14.0,27.0,14.0,True,False,True,False
2024_22_HAM_s3,2024_22,HAM,Mercedes,3,HARD,HARDEST,False,28.0,50.0,23.0,False,True,False,False
2024_22_HUL_s1,2024_22,HUL,Haas F1 Team,1,MEDIUM,MIDDLE,True,1.0,14.0,14.0,True,False,True,False
2024_22_HUL_s2,2024_22,HUL,Haas F1 Team,2,HARD,HARDEST,True,15.0,33.0,19.0,True,False,True,False
2024_22_HUL_s3,2024_22,HUL,Haas F1 Team,3,HARD,HARDEST,True,34.0,50.0,17.0,False,True,False,False
2024_22_LAW_s1,2024_22,LAW,RB,1,MEDIUM,MIDDLE,True,1.0,11.0,11.0,True,False,True,False
2024_22_LAW_s2,2024_22,LAW,RB,2,HARD,HARDEST,False,12.0,38.0,27.0,True,False,True,False
2024_22_LAW_s3,2024_22,LAW,RB,3,HARD,HARDEST,False,39.0,50.0,12.0,False,True,False,False
2024_22_LEC_s1,2024_22,LEC,Ferrari,1,MEDIUM,MIDDLE,True,1.0,9.0,9.0,True,False,True,False
2024_22_LEC_s2,2024_22,LEC,Ferrari,2,HARD,HARDEST,True,10.0,31.0,22.0,True,False,True,False
2024_22_LEC_s3,2024_22,LEC,Ferrari,3,HARD,HARDEST,True,32.0,50.0,19.0,False,True,False,False
2024_22_MAG_s1,2024_22,MAG,Haas F1 Team,1,MEDIUM,MIDDLE,True,1.0,17.0,17.0,True,False,True,False
2024_22_MAG_s2,2024_22,MAG,Haas F1 Team,2,HARD,HARDEST,True,18.0,50.0,33.0,False,True,False,False
2024_22_NOR_s1,2024_22,NOR,McLaren,1,MEDIUM,MIDDLE,True,1.0,9.0,9.0,True,False,True,False
2024_22_NOR_s2,2024_22,NOR,McLaren,2,HARD,HARDEST,True,10.0,30.0,21.0,True,False,True,False
2024_22_NOR_s3,2024_22,NOR,McLaren,3,HARD,HARDEST,True,31.0,48.0,18.0,True,False,True,False
2024_22_NOR_s4,2024_22,NOR,McLaren,4,SOFT,SOFTEST,False,49.0,50.0,2.0,False,True,False,False
2024_22_OCO_s1,2024_22,OCO,Alpine,1,MEDIUM,MIDDLE,True,1.0,11.0,11.0,True,False,True,False
2024_22_OCO_s2,2024_22,OCO,Alpine,2,MEDIUM,MIDDLE,False,12.0,12.0,1.0,True,False,True,False
2024_22_OCO_s3,2024_22,OCO,Alpine,3,HARD,HARDEST,True,13.0,45.0,33.0,True,False,True,False
2024_22_OCO_s4,2024_22,OCO,Alpine,4,SOFT,SOFTEST,True,46.0,49.0,4.0,False,True,False,False
2024_22_PER_s1,2024_22,PER,Red Bull Racing,1,HARD,HARDEST,True,1.0,17.0,17.0,True,False,True,False
2024_22_PER_s2,2024_22,PER,Red Bull Racing,2,MEDIUM,MIDDLE,True,18.0,32.0,15.0,True,False,True,False
2024_22_PER_s3,2024_22,PER,Red Bull Racing,3,HARD,HARDEST,True,33.0,50.0,18.0,False,True,False,False
2024_22_PIA_s1,2024_22,PIA,McLaren,1,MEDIUM,MIDDLE,True,1.0,10.0,10.0,True,False,True,False
2024_22_PIA_s2,2024_22,PIA,McLaren,2,HARD,HARDEST,True,11.0,25.0,15.0,True,False,True,False
2024_22_PIA_s3,2024_22,PIA,McLaren,3,HARD,HARDEST,True,26.0,50.0,25.0,False,True,False,False
2024_22_RUS_s1,2024_22,RUS,Mercedes,1,MEDIUM,MIDDLE,False,1.0,12.0,12.0,True,False,True,False
2024_22_RUS_s2,2024_22,RUS,Mercedes,2,HARD,HARDEST,False,13.0,32.0,20.0,True,False,True,False
2024_22_RUS_s3,2024_22,RUS,Mercedes,3,HARD,HARDEST,False,33.0,50.0,18.0,False,True,False,False
2024_22_SAI_s1,2024_22,SAI,Ferrari,1,MEDIUM,MIDDLE,True,1.0,10.0,10.0,True,False,True,False
2024_22_SAI_s2,2024_22,SAI,Ferrari,2,HARD,HARDEST,True,11.0,28.0,18.0,True,False,True,False
2024_22_SAI_s3,2024_22,SAI,Ferrari,3,HARD,HARDEST,True,29.0,50.0,22.0,False,True,False,False
2024_22_STR_s1,2024_22,STR,Aston Martin,1,MEDIUM,MIDDLE,False,1.0,9.0,9.0,True,False,True,False
2024_22_STR_s2,2024_22,STR,Aston Martin,2,HARD,HARDEST,False,10.0,28.0,19.0,True,False,True,False
2024_22_STR_s3,2024_22,STR,Aston Martin,3,HARD,HARDEST,False,29.0,50.0,22.0,False,True,False,False
2024_22_TSU_s1,2024_22,TSU,RB,1,MEDIUM,MIDDLE,True,1.0,10.0,10.0,True,False,True,False
2024_22_TSU_s2,2024_22,TSU,RB,2,HARD,HARDEST,False,11.0,29.0,19.0,True,False,True,False
2024_22_TSU_s3,2024_22,TSU,RB,3,HARD,HARDEST,False,30.0,50.0,21.0,False,True,False,False
2024_22_VER_s1,2024_22,VER,Red Bull Racing,1,MEDIUM,MIDDLE,True,1.0,11.0,11.0,True,False,True,False
2024_22_VER_s2,2024_22,VER,Red Bull Racing,2,HARD,HARDEST,True,12.0,27.0,16.0,True,False,True,False
2024_22_VER_s3,2024_22,VER,Red Bull Racing,3,HARD,HARDEST,True,28.0,50.0,23.0,False,True,False,False
2024_22_ZHO_s1,2024_22,ZHO,Kick Sauber,1,MEDIUM,MIDDLE,False,1.0,11.0,11.0,True,False,True,False
2024_22_ZHO_s2,2024_22,ZHO,Kick Sauber,2,HARD,HARDEST,False,12.0,34.0,23.0,True,False,True,False
2024_22_ZHO_s3,2024_22,ZHO,Kick Sauber,3,HARD,HARDEST,True,35.0,50.0,16.0,False,True,False,False
2024_23_ALB_s1,2024_23,ALB,Williams,1,MEDIUM,MIDDLE,True,1.0,35.0,35.0,True,False,True,True
2024_23_ALB_s2,2024_23,ALB,Williams,2,SOFT,SOFTEST,True,36.0,36.0,1.0,True,False,True,True
2024_23_ALB_s3,2024_23,ALB,Williams,3,SOFT,SOFTEST,False,37.0,37.0,1.0,True,False,True,True
2024_23_ALB_s4,2024_23,ALB,Williams,4,SOFT,SOFTEST,False,38.0,55.0,18.0,True,False,True,True
2024_23_ALB_s5,2024_23,ALB,Williams,5,SOFT,SOFTEST,True,56.0,56.0,1.0,False,True,False,False
2024_23_ALO_s1,2024_23,ALO,Aston Martin,1,MEDIUM,MIDDLE,False,1.0,35.0,35.0,True,False,True,True
2024_23_ALO_s2,2024_23,ALO,Aston Martin,2,HARD,HARDEST,False,36.0,36.0,1.0,True,False,True,True
2024_23_ALO_s3,2024_23,ALO,Aston Martin,3,MEDIUM,MIDDLE,False,37.0,37.0,1.0,True,False,True,True
2024_23_ALO_s4,2024_23,ALO,Aston Martin,4,MEDIUM,MIDDLE,False,38.0,57.0,20.0,False,True,False,True
2024_23_BOT_s1,2024_23,BOT,Kick Sauber,1,MEDIUM,MIDDLE,True,1.0,24.0,24.0,True,False,True,True
2024_23_BOT_s2,2024_23,BOT,Kick Sauber,2,HARD,HARDEST,False,25.0,35.0,11.0,True,False,True,True
2024_23_BOT_s3,2024_23,BOT,Kick Sauber,3,MEDIUM,MIDDLE,False,36.0,36.0,1.0,True,False,True,True
2024_23_BOT_s4,2024_23,BOT,Kick Sauber,4,MEDIUM,MIDDLE,False,37.0,57.0,21.0,False,True,False,True
2024_23_COL_s1,2024_23,COL,Williams,1,MEDIUM,MIDDLE,True,1.0,1.0,1.0,False,False,False,True
2024_23_GAS_s1,2024_23,GAS,Alpine,1,MEDIUM,MIDDLE,True,1.0,35.0,35.0,True,False,True,True
2024_23_GAS_s2,2024_23,GAS,Alpine,2,HARD,HARDEST,True,36.0,36.0,1.0,True,False,True,True
2024_23_GAS_s3,2024_23,GAS,Alpine,3,HARD,HARDEST,False,37.0,37.0,1.0,True,False,True,True
2024_23_GAS_s4,2024_23,GAS,Alpine,4,HARD,HARDEST,False,38.0,57.0,20.0,False,True,False,True
2024_23_HAM_s1,2024_23,HAM,Mercedes,1,MEDIUM,MIDDLE,True,1.0,34.0,34.0,True,False,True,True
2024_23_HAM_s2,2024_23,HAM,Mercedes,2,HARD,HARDEST,False,35.0,35.0,1.0,True,False,True,True
2024_23_HAM_s3,2024_23,HAM,Mercedes,3,HARD,HARDEST,False,36.0,36.0,1.0,True,False,True,True
2024_23_HAM_s4,2024_23,HAM,Mercedes,4,HARD,HARDEST,False,37.0,47.0,11.0,True,False,True,True
2024_23_HAM_s5,2024_23,HAM,Mercedes,5,HARD,HARDEST,False,48.0,57.0,10.0,False,True,False,False
2024_23_HUL_s1,2024_23,HUL,Haas F1 Team,1,HARD,HARDEST,True,1.0,1.0,1.0,True,False,True,True
2024_23_HUL_s2,2024_23,HUL,Haas F1 Team,2,HARD,HARDEST,True,2.0,31.0,30.0,True,False,True,True
2024_23_HUL_s3,2024_23,HUL,Haas F1 Team,3,MEDIUM,MIDDLE,True,32.0,36.0,5.0,True,False,True,True
2024_23_HUL_s4,2024_23,HUL,Haas F1 Team,4,MEDIUM,MIDDLE,False,37.0,37.0,1.0,True,False,True,True
2024_23_HUL_s5,2024_23,HUL,Haas F1 Team,5,MEDIUM,MIDDLE,False,38.0,40.0,3.0,False,False,False,True
2024_23_LAW_s1,2024_23,LAW,RB,1,MEDIUM,MIDDLE,True,1.0,35.0,35.0,True,False,True,True
2024_23_LAW_s2,2024_23,LAW,RB,2,HARD,HARDEST,True,36.0,36.0,1.0,True,False,True,True
2024_23_LAW_s3,2024_23,LAW,RB,3,HARD,HARDEST,False,37.0,37.0,1.0,True,False,True,True
2024_23_LAW_s4,2024_23,LAW,RB,4,HARD,HARDEST,False,38.0,40.0,3.0,True,False,True,True
2024_23_LAW_s5,2024_23,LAW,RB,5,SOFT,SOFTEST,True,41.0,57.0,17.0,False,True,False,True
2024_23_LEC_s1,2024_23,LEC,Ferrari,1,MEDIUM,MIDDLE,False,1.0,35.0,35.0,True,False,True,True
2024_23_LEC_s2,2024_23,LEC,Ferrari,2,HARD,HARDEST,True,36.0,36.0,1.0,True,False,True,True
2024_23_LEC_s3,2024_23,LEC,Ferrari,3,HARD,HARDEST,False,37.0,37.0,1.0,True,False,True,True
2024_23_LEC_s4,2024_23,LEC,Ferrari,4,HARD,HARDEST,False,38.0,57.0,20.0,False,True,False,True
2024_23_MAG_s1,2024_23,MAG,Haas F1 Team,1,MEDIUM,MIDDLE,True,1.0,27.0,27.0,True,False,True,True
2024_23_MAG_s2,2024_23,MAG,Haas F1 Team,2,HARD,HARDEST,True,28.0,36.0,9.0,True,False,True,True
2024_23_MAG_s3,2024_23,MAG,Haas F1 Team,3,HARD,HARDEST,False,37.0,37.0,1.0,True,False,True,True
2024_23_MAG_s4,2024_23,MAG,Haas F1 Team,4,HARD,HARDEST,False,38.0,57.0,20.0,False,True,False,True
2024_23_NOR_s1,2024_23,NOR,McLaren,1,MEDIUM,MIDDLE,True,1.0,35.0,35.0,True,False,True,True
2024_23_NOR_s2,2024_23,NOR,McLaren,2,HARD,HARDEST,True,36.0,36.0,1.0,True,False,True,True
2024_23_NOR_s3,2024_23,NOR,McLaren,3,HARD,HARDEST,False,37.0,37.0,1.0,True,False,True,True
2024_23_NOR_s4,2024_23,NOR,McLaren,4,HARD,HARDEST,False,38.0,45.0,8.0,True,False,True,True
2024_23_NOR_s5,2024_23,NOR,McLaren,5,HARD,HARDEST,False,46.0,57.0,12.0,False,True,False,False
2024_23_OCO_s1,2024_23,OCO,Alpine,1,MEDIUM,MIDDLE,True,1.0,1.0,1.0,False,False,False,True
2024_23_PER_s1,2024_23,PER,Red Bull Racing,1,MEDIUM,MIDDLE,True,1.0,35.0,35.0,True,False,True,True
2024_23_PER_s2,2024_23,PER,Red Bull Racing,2,HARD,HARDEST,True,36.0,36.0,1.0,True,False,True,True
2024_23_PER_s3,2024_23,PER,Red Bull Racing,3,HARD,HARDEST,False,37.0,37.0,1.0,True,False,True,True
2024_23_PER_s4,2024_23,PER,Red Bull Racing,4,HARD,HARDEST,False,38.0,39.0,2.0,False,False,False,True
2024_23_PIA_s1,2024_23,PIA,McLaren,1,MEDIUM,MIDDLE,True,1.0,34.0,34.0,True,False,True,True
2024_23_PIA_s2,2024_23,PIA,McLaren,2,HARD,HARDEST,True,35.0,36.0,2.0,True,False,True,True
2024_23_PIA_s3,2024_23,PIA,McLaren,3,HARD,HARDEST,False,37.0,37.0,1.0,True,False,True,True
2024_23_PIA_s4,2024_23,PIA,McLaren,4,HARD,HARDEST,False,38.0,57.0,20.0,False,True,False,True
2024_23_RUS_s1,2024_23,RUS,Mercedes,1,MEDIUM,MIDDLE,False,1.0,23.0,23.0,True,False,True,True
2024_23_RUS_s2,2024_23,RUS,Mercedes,2,HARD,HARDEST,True,24.0,35.0,12.0,True,False,True,True
2024_23_RUS_s3,2024_23,RUS,Mercedes,3,HARD,HARDEST,True,36.0,36.0,1.0,True,False,True,True
2024_23_RUS_s4,2024_23,RUS,Mercedes,4,HARD,HARDEST,False,37.0,37.0,1.0,True,False,True,True
2024_23_RUS_s5,2024_23,RUS,Mercedes,5,HARD,HARDEST,False,38.0,57.0,20.0,False,True,False,True
2024_23_SAI_s1,2024_23,SAI,Ferrari,1,MEDIUM,MIDDLE,False,1.0,34.0,34.0,True,False,True,True
2024_23_SAI_s2,2024_23,SAI,Ferrari,2,HARD,HARDEST,True,35.0,36.0,2.0,True,False,True,True
2024_23_SAI_s3,2024_23,SAI,Ferrari,3,HARD,HARDEST,False,37.0,37.0,1.0,True,False,True,True
2024_23_SAI_s4,2024_23,SAI,Ferrari,4,HARD,HARDEST,False,38.0,57.0,20.0,False,True,False,True
2024_23_STR_s1,2024_23,STR,Aston Martin,1,MEDIUM,MIDDLE,False,1.0,1.0,1.0,True,False,True,True
2024_23_STR_s2,2024_23,STR,Aston Martin,2,HARD,HARDEST,False,2.0,7.0,6.0,True,False,True,True
2024_23_STR_s3,2024_23,STR,Aston Martin,3,HARD,HARDEST,True,8.0,8.0,1.0,True,False,True,False
2024_23_TSU_s1,2024_23,TSU,RB,1,MEDIUM,MIDDLE,True,1.0,35.0,35.0,True,False,True,True
2024_23_TSU_s2,2024_23,TSU,RB,2,HARD,HARDEST,True,36.0,36.0,1.0,True,False,True,True
2024_23_TSU_s3,2024_23,TSU,RB,3,HARD,HARDEST,False,37.0,37.0,1.0,True,False,True,True
2024_23_TSU_s4,2024_23,TSU,RB,4,HARD,HARDEST,False,38.0,40.0,3.0,True,False,True,True
2024_23_TSU_s5,2024_23,TSU,RB,5,SOFT,SOFTEST,True,41.0,57.0,17.0,False,True,False,True
2024_23_VER_s1,2024_23,VER,Red Bull Racing,1,MEDIUM,MIDDLE,True,1.0,35.0,35.0,True,False,True,True
2024_23_VER_s2,2024_23,VER,Red Bull Racing,2,HARD,HARDEST,True,36.0,36.0,1.0,True,False,True,True
2024_23_VER_s3,2024_23,VER,Red Bull Racing,3,HARD,HARDEST,False,37.0,37.0,1.0,True,False,True,True
2024_23_VER_s4,2024_23,VER,Red Bull Racing,4,HARD,HARDEST,False,38.0,57.0,20.0,False,True,False,True
2024_23_ZHO_s1,2024_23,ZHO,Kick Sauber,1,MEDIUM,MIDDLE,True,1.0,35.0,35.0,True,False,True,True
2024_23_ZHO_s2,2024_23,ZHO,Kick Sauber,2,HARD,HARDEST,False,36.0,36.0,1.0,True,False,True,True
2024_23_ZHO_s3,2024_23,ZHO,Kick Sauber,3,HARD,HARDEST,False,37.0,37.0,1.0,True,False,True,True
2024_23_ZHO_s4,2024_23,ZHO,Kick Sauber,4,HARD,HARDEST,False,38.0,57.0,20.0,False,True,False,True
2024_24_ALB_s1,2024_24,ALB,Williams,1,MEDIUM,MIDDLE,True,1.0,12.0,12.0,True,False,True,True
2024_24_ALB_s2,2024_24,ALB,Williams,2,HARD,HARDEST,True,13.0,57.0,45.0,False,True,False,True
2024_24_ALO_s1,2024_24,ALO,Aston Martin,1,MEDIUM,MIDDLE,False,1.0,13.0,13.0,True,False,True,True
2024_24_ALO_s2,2024_24,ALO,Aston Martin,2,HARD,HARDEST,False,14.0,37.0,24.0,True,False,True,True
2024_24_ALO_s3,2024_24,ALO,Aston Martin,3,HARD,HARDEST,False,38.0,58.0,21.0,False,True,False,True
2024_24_BOT_s1,2024_24,BOT,Kick Sauber,1,MEDIUM,MIDDLE,True,1.0,6.0,6.0,True,False,True,True
2024_24_BOT_s2,2024_24,BOT,Kick Sauber,2,HARD,HARDEST,True,7.0,30.0,24.0,True,False,True,True
2024_24_COL_s1,2024_24,COL,Williams,1,MEDIUM,MIDDLE,True,1.0,3.0,3.0,True,False,True,True
2024_24_COL_s2,2024_24,COL,Williams,2,HARD,HARDEST,True,4.0,26.0,23.0,True,False,True,False
2024_24_DOO_s1,2024_24,DOO,Alpine,1,MEDIUM,MIDDLE,True,1.0,22.0,22.0,True,False,True,True
2024_24_DOO_s2,2024_24,DOO,Alpine,2,HARD,HARDEST,True,23.0,57.0,35.0,False,True,False,True
2024_24_GAS_s1,2024_24,GAS,Alpine,1,MEDIUM,MIDDLE,True,1.0,14.0,14.0,True,False,True,True
2024_24_GAS_s2,2024_24,GAS,Alpine,2,HARD,HARDEST,True,15.0,58.0,44.0,False,True,False,True
2024_24_HAM_s1,2024_24,HAM,Mercedes,1,HARD,HARDEST,True,1.0,34.0,34.0,True,False,True,True
2024_24_HAM_s2,2024_24,HAM,Mercedes,2,MEDIUM,MIDDLE,False,35.0,58.0,24.0,False,True,False,True
2024_24_HUL_s1,2024_24,HUL,Haas F1 Team,1,MEDIUM,MIDDLE,True,1.0,13.0,13.0,True,False,True,True
2024_24_HUL_s2,2024_24,HUL,Haas F1 Team,2,HARD,HARDEST,True,14.0,58.0,45.0,False,True,False,True
2024_24_LAW_s1,2024_24,LAW,RB,1,MEDIUM,MIDDLE,True,1.0,23.0,23.0,True,False,True,True
2024_24_LAW_s2,2024_24,LAW,RB,2,HARD,HARDEST,True,24.0,24.0,1.0,True,False,True,False
2024_24_LAW_s3,2024_24,LAW,RB,3,HARD,HARDEST,False,25.0,29.0,5.0,True,False,True,False
2024_24_LAW_s4,2024_24,LAW,RB,4,HARD,HARDEST,False,30.0,56.0,27.0,False,False,False,True
2024_24_LEC_s1,2024_24,LEC,Ferrari,1,MEDIUM,MIDDLE,True,1.0,20.0,20.0,True,False,True,True
2024_24_LEC_s2,2024_24,LEC,Ferrari,2,HARD,HARDEST,True,21.0,58.0,38.0,False,True,False,True
2024_24_MAG_s1,2024_24,MAG,Haas F1 Team,1,MEDIUM,MIDDLE,True,1.0,12.0,12.0,True,False,True,True
2024_24_MAG_s2,2024_24,MAG,Haas F1 Team,2,HARD,HARDEST,True,13.0,29.0,17.0,True,False,True,False
2024_24_MAG_s3,2024_24,MAG,Haas F1 Team,3,HARD,HARDEST,True,30.0,30.0,1.0,True,False,True,True
2024_24_MAG_s4,2024_24,MAG,Haas F1 Team,4,SOFT,SOFTEST,True,31.0,55.0,25.0,True,False,True,False
2024_24_MAG_s5,2024_24,MAG,Haas F1 Team,5,SOFT,SOFTEST,False,56.0,57.0,2.0,False,True,False,True
2024_24_NOR_s1,2024_24,NOR,McLaren,1,MEDIUM,MIDDLE,True,1.0,26.0,26.0,True,False,True,True
2024_24_NOR_s2,2024_24,NOR,McLaren,2,HARD,HARDEST,True,27.0,58.0,32.0,False,True,False,True
2024_24_PER_s1,2024_24,PER,Red Bull Racing,1,MEDIUM,MIDDLE,True,1.0,1.0,1.0,False,False,False,True
2024_24_PIA_s1,2024_24,PIA,McLaren,1,MEDIUM,MIDDLE,True,1.0,4.0,4.0,True,False,True,True
2024_24_PIA_s2,2024_24,PIA,McLaren,2,HARD,HARDEST,True,5.0,32.0,28.0,True,False,True,True
2024_24_PIA_s3,2024_24,PIA,McLaren,3,HARD,HARDEST,True,33.0,58.0,26.0,False,True,False,True
2024_24_RUS_s1,2024_24,RUS,Mercedes,1,MEDIUM,MIDDLE,False,1.0,26.0,26.0,True,False,True,True
2024_24_RUS_s2,2024_24,RUS,Mercedes,2,HARD,HARDEST,True,27.0,58.0,32.0,False,True,False,True
2024_24_SAI_s1,2024_24,SAI,Ferrari,1,MEDIUM,MIDDLE,True,1.0,25.0,25.0,True,False,True,True
2024_24_SAI_s2,2024_24,SAI,Ferrari,2,HARD,HARDEST,True,26.0,58.0,33.0,False,True,False,True
2024_24_STR_s1,2024_24,STR,Aston Martin,1,MEDIUM,MIDDLE,False,1.0,11.0,11.0,True,False,True,True
2024_24_STR_s2,2024_24,STR,Aston Martin,2,HARD,HARDEST,False,12.0,32.0,21.0,True,False,True,True
2024_24_STR_s3,2024_24,STR,Aston Martin,3,HARD,HARDEST,False,33.0,57.0,25.0,False,True,False,True
2024_24_TSU_s1,2024_24,TSU,RB,1,MEDIUM,MIDDLE,True,1.0,22.0,22.0,True,False,True,True
2024_24_TSU_s2,2024_24,TSU,RB,2,HARD,HARDEST,True,23.0,57.0,35.0,False,True,False,True
2024_24_VER_s1,2024_24,VER,Red Bull Racing,1,MEDIUM,MIDDLE,True,1.0,29.0,29.0,True,False,True,True
2024_24_VER_s2,2024_24,VER,Red Bull Racing,2,HARD,HARDEST,True,30.0,58.0,29.0,False,True,False,True
2024_24_ZHO_s1,2024_24,ZHO,Kick Sauber,1,MEDIUM,MIDDLE,True,1.0,12.0,12.0,True,False,True,True
2024_24_ZHO_s2,2024_24,ZHO,Kick Sauber,2,HARD,HARDEST,True,13.0,39.0,27.0,True,False,True,True
2024_24_ZHO_s3,2024_24,ZHO,Kick Sauber,3,HARD,HARDEST,True,40.0,57.0,18.0,False,True,False,True
2025_01_ALB_s1,2025_01,ALB,Williams,1,WET,WET,True,1.0,2.0,2.0,True,False,True,True
2025_01_ALB_s2,2025_01,ALB,Williams,2,WET,WET,True,3.0,3.0,1.0,True,False,True,True
2025_01_ALB_s3,2025_01,ALB,Williams,3,WET,WET,False,4.0,4.0,1.0,True,False,True,True
2025_01_ALB_s4,2025_01,ALB,Williams,4,WET,WET,False,5.0,33.0,29.0,True,False,True,True
2025_01_ALB_s5,2025_01,ALB,Williams,5,MEDIUM,SOFTEST,True,34.0,44.0,11.0,True,False,True,True
2025_01_ALB_s6,2025_01,ALB,Williams,6,WET,WET,True,45.0,57.0,13.0,False,True,False,True
2025_01_ALO_s1,2025_01,ALO,Aston Martin,1,WET,WET,True,1.0,2.0,2.0,True,False,True,True
2025_01_ALO_s2,2025_01,ALO,Aston Martin,2,WET,WET,False,3.0,3.0,1.0,True,False,True,True
2025_01_ALO_s3,2025_01,ALO,Aston Martin,3,WET,WET,False,4.0,4.0,1.0,True,False,True,True
2025_01_ALO_s4,2025_01,ALO,Aston Martin,4,WET,WET,False,5.0,33.0,29.0,False,False,False,True
2025_01_ANT_s1,2025_01,ANT,Mercedes,1,WET,WET,True,1.0,2.0,2.0,True,False,True,True
2025_01_ANT_s2,2025_01,ANT,Mercedes,2,WET,WET,False,3.0,3.0,1.0,True,False,True,True
2025_01_ANT_s3,2025_01,ANT,Mercedes,3,WET,WET,False,4.0,4.0,1.0,True,False,True,True
2025_01_ANT_s4,2025_01,ANT,Mercedes,4,WET,WET,False,5.0,33.0,29.0,True,False,True,True
2025_01_ANT_s5,2025_01,ANT,Mercedes,5,HARD,MIDDLE,True,34.0,44.0,11.0,True,False,True,True
2025_01_ANT_s6,2025_01,ANT,Mercedes,6,WET,WET,True,45.0,57.0,13.0,False,True,False,True
2025_01_BEA_s1,2025_01,BEA,Haas F1 Team,1,WET,WET,False,1.0,2.0,2.0,True,False,True,True
2025_01_BEA_s2,2025_01,BEA,Haas F1 Team,2,WET,WET,False,3.0,3.0,1.0,True,False,True,True
2025_01_BEA_s3,2025_01,BEA,Haas F1 Team,3,WET,WET,False,4.0,4.0,1.0,True,False,True,True
2025_01_BEA_s4,2025_01,BEA,Haas F1 Team,4,WET,WET,False,5.0,39.0,35.0,True,False,True,True
2025_01_BEA_s5,2025_01,BEA,Haas F1 Team,5,MEDIUM,SOFTEST,True,40.0,44.0,,True,False,True,True
2025_01_BEA_s6,2025_01,BEA,Haas F1 Team,6,WET,WET,True,45.0,57.0,13.0,False,True,False,True
2025_01_BOR_s1,2025_01,BOR,Kick Sauber,1,WET,WET,True,1.0,2.0,2.0,True,False,True,True
2025_01_BOR_s2,2025_01,BOR,Kick Sauber,2,WET,WET,False,3.0,3.0,1.0,True,False,True,True
2025_01_BOR_s3,2025_01,BOR,Kick Sauber,3,WET,WET,False,4.0,4.0,1.0,True,False,True,True
2025_01_BOR_s4,2025_01,BOR,Kick Sauber,4,WET,WET,False,5.0,33.0,29.0,True,False,True,True
2025_01_BOR_s5,2025_01,BOR,Kick Sauber,5,MEDIUM,SOFTEST,True,34.0,44.0,11.0,True,False,True,True
2025_01_BOR_s6,2025_01,BOR,Kick Sauber,6,WET,WET,True,45.0,46.0,2.0,False,False,False,True
2025_01_DOO_s1,2025_01,DOO,Alpine,1,WET,WET,True,1.0,1.0,1.0,False,False,False,True
2025_01_GAS_s1,2025_01,GAS,Alpine,1,WET,WET,True,1.0,2.0,2.0,True,False,True,True
2025_01_GAS_s2,2025_01,GAS,Alpine,2,WET,WET,False,3.0,3.0,1.0,True,False,True,True
2025_01_GAS_s3,2025_01,GAS,Alpine,3,WET,WET,False,4.0,4.0,1.0,True,False,True,True
2025_01_GAS_s4,2025_01,GAS,Alpine,4,WET,WET,False,5.0,33.0,29.0,True,False,True,True
2025_01_GAS_s5,2025_01,GAS,Alpine,5,HARD,MIDDLE,True,34.0,46.0,13.0,True,False,True,True
2025_01_GAS_s6,2025_01,GAS,Alpine,6,WET,WET,True,47.0,57.0,11.0,False,True,False,True
2025_01_HAD_s1,2025_01,HAD,Racing Bulls,1,WET,WET,True,1.0,1.0,1.0,False,False,False,True
2025_01_HAM_s1,2025_01,HAM,Ferrari,1,WET,WET,True,1.0,2.0,2.0,True,False,True,True
2025_01_HAM_s2,2025_01,HAM,Ferrari,2,WET,WET,False,3.0,3.0,1.0,True,False,True,True
2025_01_HAM_s3,2025_01,HAM,Ferrari,3,WET,WET,False,4.0,4.0,1.0,True,False,True,True
2025_01_HAM_s4,2025_01,HAM,Ferrari,4,WET,WET,False,5.0,33.0,29.0,True,False,True,True
2025_01_HAM_s5,2025_01,HAM,Ferrari,5,HARD,MIDDLE,False,34.0,47.0,14.0,True,False,True,True
2025_01_HAM_s6,2025_01,HAM,Ferrari,6,WET,WET,True,48.0,57.0,10.0,False,True,False,True
2025_01_HUL_s1,2025_01,HUL,Kick Sauber,1,WET,WET,True,1.0,2.0,2.0,True,False,True,True
2025_01_HUL_s2,2025_01,HUL,Kick Sauber,2,WET,WET,False,3.0,3.0,1.0,True,False,True,True
2025_01_HUL_s3,2025_01,HUL,Kick Sauber,3,WET,WET,False,4.0,4.0,1.0,True,False,True,True
2025_01_HUL_s4,2025_01,HUL,Kick Sauber,4,WET,WET,False,5.0,33.0,29.0,True,False,True,True
2025_01_HUL_s5,2025_01,HUL,Kick Sauber,5,MEDIUM,SOFTEST,True,34.0,44.0,11.0,True,False,True,True
2025_01_HUL_s6,2025_01,HUL,Kick Sauber,6,WET,WET,True,45.0,57.0,13.0,False,True,False,True
2025_01_LAW_s1,2025_01,LAW,Red Bull Racing,1,WET,WET,False,1.0,2.0,2.0,True,False,True,True
2025_01_LAW_s2,2025_01,LAW,Red Bull Racing,2,WET,WET,False,3.0,3.0,1.0,True,False,True,True
2025_01_LAW_s3,2025_01,LAW,Red Bull Racing,3,WET,WET,False,4.0,4.0,1.0,True,False,True,True
2025_01_LAW_s4,2025_01,LAW,Red Bull Racing,4,WET,WET,False,5.0,33.0,29.0,True,False,True,True
2025_01_LAW_s5,2025_01,LAW,Red Bull Racing,5,MEDIUM,SOFTEST,True,34.0,47.0,14.0,False,False,False,True
2025_01_LEC_s1,2025_01,LEC,Ferrari,1,WET,WET,True,1.0,2.0,2.0,True,False,True,True
2025_01_LEC_s2,2025_01,LEC,Ferrari,2,WET,WET,False,3.0,3.0,1.0,True,False,True,True
2025_01_LEC_s3,2025_01,LEC,Ferrari,3,WET,WET,False,4.0,4.0,1.0,True,False,True,True
2025_01_LEC_s4,2025_01,LEC,Ferrari,4,WET,WET,False,5.0,34.0,30.0,True,False,True,True
2025_01_LEC_s5,2025_01,LEC,Ferrari,5,HARD,MIDDLE,False,35.0,47.0,13.0,True,False,True,True
2025_01_LEC_s6,2025_01,LEC,Ferrari,6,WET,WET,True,48.0,57.0,10.0,False,True,False,True
2025_01_NOR_s1,2025_01,NOR,McLaren,1,WET,WET,True,1.0,2.0,2.0,True,False,True,True
2025_01_NOR_s2,2025_01,NOR,McLaren,2,WET,WET,False,3.0,3.0,1.0,True,False,True,True
2025_01_NOR_s3,2025_01,NOR,McLaren,3,WET,WET,False,4.0,4.0,1.0,True,False,True,True
2025_01_NOR_s4,2025_01,NOR,McLaren,4,WET,WET,False,5.0,34.0,30.0,True,False,True,True
2025_01_NOR_s5,2025_01,NOR,McLaren,5,HARD,MIDDLE,False,35.0,44.0,10.0,True,False,True,True
2025_01_NOR_s6,2025_01,NOR,McLaren,6,WET,WET,True,45.0,57.0,13.0,False,True,False,True
2025_01_OCO_s1,2025_01,OCO,Haas F1 Team,1,WET,WET,True,1.0,2.0,2.0,True,False,True,True
2025_01_OCO_s2,2025_01,OCO,Haas F1 Team,2,WET,WET,False,3.0,3.0,1.0,True,False,True,True
2025_01_OCO_s3,2025_01,OCO,Haas F1 Team,3,WET,WET,False,4.0,4.0,1.0,True,False,True,True
2025_01_OCO_s4,2025_01,OCO,Haas F1 Team,4,WET,WET,True,5.0,39.0,35.0,True,False,True,True
2025_01_OCO_s5,2025_01,OCO,Haas F1 Team,5,MEDIUM,SOFTEST,True,40.0,46.0,7.0,True,False,True,True
2025_01_OCO_s6,2025_01,OCO,Haas F1 Team,6,WET,WET,True,47.0,57.0,11.0,False,True,False,True
2025_01_PIA_s1,2025_01,PIA,McLaren,1,WET,WET,True,1.0,2.0,2.0,True,False,True,True
2025_01_PIA_s2,2025_01,PIA,McLaren,2,WET,WET,False,3.0,3.0,1.0,True,False,True,True
2025_01_PIA_s3,2025_01,PIA,McLaren,3,WET,WET,False,4.0,4.0,1.0,True,False,True,True
2025_01_PIA_s4,2025_01,PIA,McLaren,4,WET,WET,False,5.0,34.0,30.0,True,False,True,True
2025_01_PIA_s5,2025_01,PIA,McLaren,5,HARD,MIDDLE,False,35.0,44.0,10.0,True,False,True,True
2025_01_PIA_s6,2025_01,PIA,McLaren,6,WET,WET,True,45.0,57.0,13.0,False,True,False,True
2025_01_RUS_s1,2025_01,RUS,Mercedes,1,WET,WET,True,1.0,2.0,2.0,True,False,True,True
2025_01_RUS_s2,2025_01,RUS,Mercedes,2,WET,WET,False,3.0,3.0,1.0,True,False,True,True
2025_01_RUS_s3,2025_01,RUS,Mercedes,3,WET,WET,False,4.0,4.0,1.0,True,False,True,True
2025_01_RUS_s4,2025_01,RUS,Mercedes,4,WET,WET,False,5.0,34.0,30.0,True,False,True,True
2025_01_RUS_s5,2025_01,RUS,Mercedes,5,HARD,MIDDLE,True,35.0,44.0,10.0,True,False,True,True
2025_01_RUS_s6,2025_01,RUS,Mercedes,6,WET,WET,True,45.0,57.0,13.0,False,True,False,True
2025_01_SAI_s1,2025_01,SAI,Williams,1,WET,WET,True,1.0,1.0,1.0,False,False,False,True
2025_01_STR_s1,2025_01,STR,Aston Martin,1,WET,WET,True,1.0,2.0,2.0,True,False,True,True
2025_01_STR_s2,2025_01,STR,Aston Martin,2,WET,WET,True,3.0,3.0,1.0,True,False,True,True
2025_01_STR_s3,2025_01,STR,Aston Martin,3,WET,WET,True,4.0,4.0,1.0,True,False,True,True
2025_01_STR_s4,2025_01,STR,Aston Martin,4,WET,WET,True,5.0,33.0,29.0,True,False,True,True
2025_01_STR_s5,2025_01,STR,Aston Martin,5,HARD,MIDDLE,False,34.0,44.0,11.0,True,False,True,True
2025_01_STR_s6,2025_01,STR,Aston Martin,6,WET,WET,True,45.0,57.0,13.0,False,True,False,True
2025_01_TSU_s1,2025_01,TSU,Racing Bulls,1,WET,WET,True,1.0,2.0,2.0,True,False,True,True
2025_01_TSU_s2,2025_01,TSU,Racing Bulls,2,WET,WET,False,3.0,3.0,1.0,True,False,True,True
2025_01_TSU_s3,2025_01,TSU,Racing Bulls,3,WET,WET,False,4.0,4.0,1.0,True,False,True,True
2025_01_TSU_s4,2025_01,TSU,Racing Bulls,4,WET,WET,False,5.0,33.0,29.0,True,False,True,True
2025_01_TSU_s5,2025_01,TSU,Racing Bulls,5,MEDIUM,SOFTEST,True,34.0,47.0,14.0,True,False,True,True
2025_01_TSU_s6,2025_01,TSU,Racing Bulls,6,WET,WET,True,48.0,57.0,10.0,False,True,False,True
2025_01_VER_s1,2025_01,VER,Red Bull Racing,1,WET,WET,True,1.0,2.0,2.0,True,False,True,True
2025_01_VER_s2,2025_01,VER,Red Bull Racing,2,WET,WET,False,3.0,3.0,1.0,True,False,True,True
2025_01_VER_s3,2025_01,VER,Red Bull Racing,3,WET,WET,False,4.0,4.0,1.0,True,False,True,True
2025_01_VER_s4,2025_01,VER,Red Bull Racing,4,WET,WET,False,5.0,34.0,30.0,True,False,True,True
2025_01_VER_s5,2025_01,VER,Red Bull Racing,5,MEDIUM,SOFTEST,True,35.0,46.0,12.0,True,False,True,True
2025_01_VER_s6,2025_01,VER,Red Bull Racing,6,WET,WET,True,47.0,57.0,11.0,False,True,False,True
2025_02_ALB_s1,2025_02,ALB,Williams,1,MEDIUM,SOFTEST,True,1.0,20.0,20.0,True,False,True,True
2025_02_ALB_s2,2025_02,ALB,Williams,2,HARD,MIDDLE,True,21.0,56.0,36.0,False,True,False,False
2025_02_ALO_s1,2025_02,ALO,Aston Martin,1,MEDIUM,SOFTEST,False,1.0,4.0,4.0,True,False,True,True
2025_02_ANT_s1,2025_02,ANT,Mercedes,1,MEDIUM,SOFTEST,True,1.0,12.0,12.0,True,False,True,True
2025_02_ANT_s2,2025_02,ANT,Mercedes,2,HARD,MIDDLE,True,13.0,56.0,44.0,False,True,False,False
2025_02_BEA_s1,2025_02,BEA,Haas F1 Team,1,HARD,MIDDLE,True,1.0,26.0,26.0,True,False,True,True
2025_02_BEA_s2,2025_02,BEA,Haas F1 Team,2,MEDIUM,SOFTEST,True,27.0,56.0,30.0,False,True,False,False
2025_02_BOR_s1,2025_02,BOR,Kick Sauber,1,MEDIUM,SOFTEST,True,1.0,1.0,1.0,True,False,True,True
2025_02_BOR_s2,2025_02,BOR,Kick Sauber,2,HARD,MIDDLE,True,2.0,26.0,25.0,True,False,True,True
2025_02_BOR_s3,2025_02,BOR,Kick Sauber,3,HARD,MIDDLE,True,27.0,55.0,29.0,False,True,False,False
2025_02_DOO_s1,2025_02,DOO,Alpine,1,MEDIUM,SOFTEST,False,1.0,11.0,11.0,True,False,True,True
2025_02_DOO_s2,2025_02,DOO,Alpine,2,HARD,MIDDLE,True,12.0,56.0,45.0,False,True,False,False
2025_02_GAS_s1,2025_02,GAS,Alpine,1,MEDIUM,SOFTEST,False,1.0,10.0,10.0,True,False,True,True
2025_02_GAS_s2,2025_02,GAS,Alpine,2,HARD,MIDDLE,True,11.0,56.0,46.0,False,True,False,False
2025_02_HAD_s1,2025_02,HAD,Racing Bulls,1,MEDIUM,SOFTEST,True,1.0,12.0,12.0,True,False,True,True
2025_02_HAD_s2,2025_02,HAD,Racing Bulls,2,HARD,MIDDLE,True,13.0,33.0,21.0,True,False,True,False
2025_02_HAD_s3,2025_02,HAD,Racing Bulls,3,HARD,MIDDLE,True,34.0,56.0,23.0,False,True,False,False
2025_02_HAM_s1,2025_02,HAM,Ferrari,1,MEDIUM,SOFTEST,True,1.0,13.0,13.0,True,False,True,True
2025_02_HAM_s2,2025_02,HAM,Ferrari,2,HARD,MIDDLE,True,14.0,37.0,24.0,True,False,True,False
2025_02_HAM_s3,2025_02,HAM,Ferrari,3,HARD,MIDDLE,True,38.0,56.0,19.0,False,True,False,False
2025_02_HUL_s1,2025_02,HUL,Kick Sauber,1,MEDIUM,SOFTEST,True,1.0,20.0,20.0,True,False,True,True
2025_02_HUL_s2,2025_02,HUL,Kick Sauber,2,HARD,MIDDLE,True,21.0,55.0,35.0,False,True,False,False
2025_02_LAW_s1,2025_02,LAW,Red Bull Racing,1,HARD,MIDDLE,True,1.0,18.0,18.0,True,False,True,True
2025_02_LAW_s2,2025_02,LAW,Red Bull Racing,2,MEDIUM,SOFTEST,True,19.0,30.0,12.0,True,False,True,False
2025_02_LAW_s3,2025_02,LAW,Red Bull Racing,3,HARD,MIDDLE,True,31.0,56.0,26.0,False,True,False,False
2025_02_LEC_s1,2025_02,LEC,Ferrari,1,MEDIUM,SOFTEST,True,1.0,15.0,15.0,True,False,True,True
2025_02_LEC_s2,2025_02,LEC,Ferrari,2,HARD,MIDDLE,True,16.0,56.0,41.0,False,True,False,False
2025_02_NOR_s1,2025_02,NOR,McLaren,1,MEDIUM,SOFTEST,True,1.0,15.0,15.0,True,False,True,True
2025_02_NOR_s2,2025_02,NOR,McLaren,2,HARD,MIDDLE,True,16.0,56.0,41.0,False,True,False,False
2025_02_OCO_s1,2025_02,OCO,Haas F1 Team,1,MEDIUM,SOFTEST,True,1.0,11.0,11.0,True,False,True,True
2025_02_OCO_s2,2025_02,OCO,Haas F1 Team,2,HARD,MIDDLE,True,12.0,56.0,45.0,False,True,False,False
2025_02_PIA_s1,2025_02,PIA,McLaren,1,MEDIUM,SOFTEST,True,1.0,14.0,14.0,True,False,True,True
2025_02_PIA_s2,2025_02,PIA,McLaren,2,HARD,MIDDLE,True,15.0,56.0,42.0,False,True,False,False
2025_02_RUS_s1,2025_02,RUS,Mercedes,1,MEDIUM,SOFTEST,True,1.0,14.0,14.0,True,False,True,True
2025_02_RUS_s2,2025_02,RUS,Mercedes,2,HARD,MIDDLE,True,15.0,56.0,42.0,False,True,False,False
2025_02_SAI_s1,2025_02,SAI,Williams,1,MEDIUM,SOFTEST,True,1.0,17.0,17.0,True,False,True,True
2025_02_SAI_s2,2025_02,SAI,Williams,2,HARD,MIDDLE,True,18.0,56.0,39.0,False,True,False,False
2025_02_STR_s1,2025_02,STR,Aston Martin,1,HARD,MIDDLE,True,1.0,36.0,36.0,True,False,True,True
2025_02_STR_s2,2025_02,STR,Aston Martin,2,MEDIUM,SOFTEST,False,37.0,56.0,20.0,False,True,False,False
2025_02_TSU_s1,2025_02,TSU,Racing Bulls,1,MEDIUM,SOFTEST,True,1.0,11.0,11.0,True,False,True,True
2025_02_TSU_s2,2025_02,TSU,Racing Bulls,2,HARD,MIDDLE,True,12.0,35.0,24.0,True,False,True,False
2025_02_TSU_s3,2025_02,TSU,Racing Bulls,3,HARD,MIDDLE,True,36.0,46.0,11.0,True,False,True,False
2025_02_TSU_s4,2025_02,TSU,Racing Bulls,4,MEDIUM,SOFTEST,False,47.0,55.0,9.0,False,True,False,False
2025_02_VER_s1,2025_02,VER,Red Bull Racing,1,MEDIUM,SOFTEST,True,1.0,13.0,13.0,True,False,True,True
2025_02_VER_s2,2025_02,VER,Red Bull Racing,2,HARD,MIDDLE,True,14.0,56.0,43.0,False,True,False,False
2025_03_ALB_s1,2025_03,ALB,Williams,1,MEDIUM,MIDDLE,True,1.0,24.0,24.0,True,False,True,False
2025_03_ALB_s2,2025_03,ALB,Williams,2,HARD,HARDEST,True,25.0,53.0,29.0,False,True,False,False
2025_03_ALO_s1,2025_03,ALO,Aston Martin,1,MEDIUM,MIDDLE,False,1.0,24.0,24.0,True,False,True,False
2025_03_ALO_s2,2025_03,ALO,Aston Martin,2,HARD,HARDEST,False,25.0,53.0,29.0,False,True,False,False
2025_03_ANT_s1,2025_03,ANT,Mercedes,1,MEDIUM,MIDDLE,True,1.0,31.0,31.0,True,False,True,False
2025_03_ANT_s2,2025_03,ANT,Mercedes,2,HARD,HARDEST,True,32.0,53.0,22.0,False,True,False,False
2025_03_BEA_s1,2025_03,BEA,Haas F1 Team,1,MEDIUM,MIDDLE,True,1.0,23.0,23.0,True,False,True,False
2025_03_BEA_s2,2025_03,BEA,Haas F1 Team,2,HARD,HARDEST,False,24.0,53.0,30.0,False,True,False,False
2025_03_BOR_s1,2025_03,BOR,Kick Sauber,1,HARD,HARDEST,True,1.0,31.0,31.0,True,False,True,False
2025_03_BOR_s2,2025_03,BOR,Kick Sauber,2,MEDIUM,MIDDLE,True,32.0,53.0,22.0,False,True,False,False
2025_03_DOO_s1,2025_03,DOO,Alpine,1,SOFT,SOFTEST,True,1.0,15.0,15.0,True,False,True,False
2025_03_DOO_s2,2025_03,DOO,Alpine,2,HARD,HARDEST,True,16.0,53.0,38.0,False,True,False,False
2025_03_GAS_s1,2025_03,GAS,Alpine,1,MEDIUM,MIDDLE,True,1.0,24.0,24.0,True,False,True,False
2025_03_GAS_s2,2025_03,GAS,Alpine,2,HARD,HARDEST,True,25.0,53.0,29.0,False,True,False,False
2025_03_HAD_s1,2025_03,HAD,Racing Bulls,1,MEDIUM,MIDDLE,True,1.0,25.0,25.0,True,False,True,False
2025_03_HAD_s2,2025_03,HAD,Racing Bulls,2,HARD,HARDEST,True,26.0,53.0,28.0,False,True,False,False
2025_03_HAM_s1,2025_03,HAM,Ferrari,1,HARD,HARDEST,True,1.0,30.0,30.0,True,False,True,False
2025_03_HAM_s2,2025_03,HAM,Ferrari,2,MEDIUM,MIDDLE,True,31.0,53.0,23.0,False,True,False,False
2025_03_HUL_s1,2025_03,HUL,Kick Sauber,1,MEDIUM,MIDDLE,True,1.0,22.0,22.0,True,False,True,False
2025_03_HUL_s2,2025_03,HUL,Kick Sauber,2,HARD,HARDEST,True,23.0,53.0,31.0,False,True,False,False
2025_03_LAW_s1,2025_03,LAW,Racing Bulls,1,MEDIUM,MIDDLE,True,1.0,33.0,33.0,True,False,True,False
2025_03_LAW_s2,2025_03,LAW,Racing Bulls,2,SOFT,SOFTEST,True,34.0,53.0,20.0,False,True,False,False
2025_03_LEC_s1,2025_03,LEC,Ferrari,1,MEDIUM,MIDDLE,True,1.0,21.0,21.0,True,False,True,False
2025_03_LEC_s2,2025_03,LEC,Ferrari,2,HARD,HARDEST,True,22.0,53.0,32.0,False,True,False,False
2025_03_NOR_s1,2025_03,NOR,McLaren,1,MEDIUM,MIDDLE,True,1.0,21.0,21.0,True,False,True,False
2025_03_NOR_s2,2025_03,NOR,McLaren,2,HARD,HARDEST,True,22.0,53.0,32.0,False,True,False,False
2025_03_OCO_s1,2025_03,OCO,Haas F1 Team,1,HARD,HARDEST,False,1.0,32.0,32.0,True,False,True,False
2025_03_OCO_s2,2025_03,OCO,Haas F1 Team,2,MEDIUM,MIDDLE,True,33.0,53.0,21.0,False,True,False,False
2025_03_PIA_s1,2025_03,PIA,McLaren,1,MEDIUM,MIDDLE,True,1.0,20.0,20.0,True,False,True,False
2025_03_PIA_s2,2025_03,PIA,McLaren,2,HARD,HARDEST,True,21.0,53.0,33.0,False,True,False,False
2025_03_RUS_s1,2025_03,RUS,Mercedes,1,MEDIUM,MIDDLE,True,1.0,19.0,19.0,True,False,True,False
2025_03_RUS_s2,2025_03,RUS,Mercedes,2,HARD,HARDEST,True,20.0,53.0,34.0,False,True,False,False
2025_03_SAI_s1,2025_03,SAI,Williams,1,MEDIUM,MIDDLE,True,1.0,33.0,33.0,True,False,True,False
2025_03_SAI_s2,2025_03,SAI,Williams,2,SOFT,SOFTEST,True,34.0,53.0,20.0,False,True,False,False
2025_03_STR_s1,2025_03,STR,Aston Martin,1,SOFT,SOFTEST,True,1.0,9.0,9.0,True,False,True,False
2025_03_STR_s2,2025_03,STR,Aston Martin,2,HARD,HARDEST,False,10.0,30.0,21.0,True,False,True,False
2025_03_STR_s3,2025_03,STR,Aston Martin,3,MEDIUM,MIDDLE,False,31.0,52.0,22.0,False,True,False,False
2025_03_TSU_s1,2025_03,TSU,Red Bull Racing,1,MEDIUM,MIDDLE,True,1.0,23.0,23.0,True,False,True,False
2025_03_TSU_s2,2025_03,TSU,Red Bull Racing,2,HARD,HARDEST,True,24.0,53.0,30.0,False,True,False,False
2025_03_VER_s1,2025_03,VER,Red Bull Racing,1,MEDIUM,MIDDLE,True,1.0,21.0,21.0,True,False,True,False
2025_03_VER_s2,2025_03,VER,Red Bull Racing,2,HARD,HARDEST,True,22.0,53.0,32.0,False,True,False,False
2025_04_ALB_s1,2025_04,ALB,Williams,1,SOFT,SOFTEST,True,1.0,16.0,16.0,True,False,True,False
2025_04_ALB_s2,2025_04,ALB,Williams,2,HARD,HARDEST,True,17.0,32.0,16.0,True,False,True,True
2025_04_ALB_s3,2025_04,ALB,Williams,3,MEDIUM,MIDDLE,True,33.0,57.0,25.0,False,True,False,True
2025_04_ALO_s1,2025_04,ALO,Aston Martin,1,MEDIUM,MIDDLE,True,1.0,16.0,16.0,True,False,True,False
2025_04_ALO_s2,2025_04,ALO,Aston Martin,2,MEDIUM,MIDDLE,True,17.0,32.0,16.0,True,False,True,True
2025_04_ALO_s3,2025_04,ALO,Aston Martin,3,HARD,HARDEST,True,33.0,57.0,25.0,False,True,False,True
2025_04_ANT_s1,2025_04,ANT,Mercedes,1,SOFT,SOFTEST,False,1.0,12.0,12.0,True,False,True,False
2025_04_ANT_s2,2025_04,ANT,Mercedes,2,MEDIUM,MIDDLE,True,13.0,27.0,15.0,True,False,True,False
2025_04_ANT_s3,2025_04,ANT,Mercedes,3,SOFT,SOFTEST,False,28.0,32.0,5.0,True,False,True,True
2025_04_ANT_s4,2025_04,ANT,Mercedes,4,SOFT,SOFTEST,False,33.0,57.0,25.0,False,True,False,True
2025_04_BEA_s1,2025_04,BEA,Haas F1 Team,1,SOFT,SOFTEST,True,1.0,14.0,14.0,True,False,True,False
2025_04_BEA_s2,2025_04,BEA,Haas F1 Team,2,HARD,HARDEST,True,15.0,32.0,18.0,True,False,True,True
2025_04_BEA_s3,2025_04,BEA,Haas F1 Team,3,SOFT,SOFTEST,True,33.0,57.0,25.0,False,True,False,True
2025_04_BOR_s1,2025_04,BOR,Kick Sauber,1,MEDIUM,MIDDLE,True,1.0,13.0,13.0,True,False,True,False
2025_04_BOR_s2,2025_04,BOR,Kick Sauber,2,HARD,HARDEST,True,14.0,32.0,19.0,True,False,True,True
2025_04_BOR_s3,2025_04,BOR,Kick Sauber,3,MEDIUM,MIDDLE,True,33.0,57.0,25.0,False,True,False,True
2025_04_DOO_s1,2025_04,DOO,Alpine,1,SOFT,SOFTEST,True,1.0,9.0,9.0,True,False,True,False
2025_04_DOO_s2,2025_04,DOO,Alpine,2,MEDIUM,MIDDLE,True,10.0,28.0,19.0,True,False,True,False
2025_04_DOO_s3,2025_04,DOO,Alpine,3,HARD,HARDEST,True,29.0,57.0,29.0,False,True,False,True
2025_04_GAS_s1,2025_04,GAS,Alpine,1,SOFT,SOFTEST,False,1.0,10.0,10.0,True,False,True,False
2025_04_GAS_s2,2025_04,GAS,Alpine,2,MEDIUM,MIDDLE,True,11.0,28.0,18.0,True,False,True,False
2025_04_GAS_s3,2025_04,GAS,Alpine,3,HARD,HARDEST,True,29.0,57.0,29.0,False,True,False,True
2025_04_HAD_s1,2025_04,HAD,Racing Bulls,1,SOFT,SOFTEST,True,1.0,6.0,6.0,True,False,True,False
2025_04_HAD_s2,2025_04,HAD,Racing Bulls,2,MEDIUM,MIDDLE,True,7.0,28.0,22.0,True,False,True,False
2025_04_HAD_s3,2025_04,HAD,Racing Bulls,3,HARD,HARDEST,True,29.0,57.0,29.0,False,True,False,True
2025_04_HAM_s1,2025_04,HAM,Ferrari,1,MEDIUM,MIDDLE,True,1.0,17.0,17.0,True,False,True,False
2025_04_HAM_s2,2025_04,HAM,Ferrari,2,MEDIUM,MIDDLE,True,18.0,32.0,15.0,True,False,True,True
2025_04_HAM_s3,2025_04,HAM,Ferrari,3,HARD,HARDEST,True,33.0,57.0,25.0,False,True,False,True
2025_04_HUL_s1,2025_04,HUL,Kick Sauber,1,SOFT,SOFTEST,True,1.0,5.0,5.0,True,False,True,False
2025_04_HUL_s2,2025_04,HUL,Kick Sauber,2,MEDIUM,MIDDLE,True,6.0,27.0,22.0,True,False,True,False
2025_04_HUL_s3,2025_04,HUL,Kick Sauber,3,MEDIUM,MIDDLE,True,28.0,57.0,30.0,False,True,False,True
2025_04_LAW_s1,2025_04,LAW,Racing Bulls,1,MEDIUM,MIDDLE,True,1.0,14.0,14.0,True,False,True,False
2025_04_LAW_s2,2025_04,LAW,Racing Bulls,2,HARD,HARDEST,True,15.0,32.0,18.0,True,False,True,True
2025_04_LAW_s3,2025_04,LAW,Racing Bulls,3,SOFT,SOFTEST,True,33.0,57.0,25.0,False,True,False,True
2025_04_LEC_s1,2025_04,LEC,Ferrari,1,MEDIUM,MIDDLE,True,1.0,17.0,17.0,True,False,True,False
2025_04_LEC_s2,2025_04,LEC,Ferrari,2,MEDIUM,MIDDLE,True,18.0,32.0,15.0,True,False,True,True
2025_04_LEC_s3,2025_04,LEC,Ferrari,3,HARD,HARDEST,True,33.0,57.0,25.0,False,True,False,True
2025_04_NOR_s1,2025_04,NOR,McLaren,1,SOFT,SOFTEST,False,1.0,10.0,10.0,True,False,True,False
2025_04_NOR_s2,2025_04,NOR,McLaren,2,MEDIUM,MIDDLE,True,11.0,32.0,22.0,True,False,True,True
2025_04_NOR_s3,2025_04,NOR,McLaren,3,MEDIUM,MIDDLE,True,33.0,57.0,25.0,False,True,False,True
2025_04_OCO_s1,2025_04,OCO,Haas F1 Team,1,SOFT,SOFTEST,True,1.0,8.0,8.0,True,False,True,False
2025_04_OCO_s2,2025_04,OCO,Haas F1 Team,2,MEDIUM,MIDDLE,True,9.0,27.0,19.0,True,False,True,False
2025_04_OCO_s3,2025_04,OCO,Haas F1 Team,3,HARD,HARDEST,True,28.0,57.0,30.0,False,True,False,True
2025_04_PIA_s1,2025_04,PIA,McLaren,1,SOFT,SOFTEST,False,1.0,14.0,14.0,True,False,True,False
2025_04_PIA_s2,2025_04,PIA,McLaren,2,MEDIUM,MIDDLE,True,15.0,32.0,18.0,True,False,True,True
2025_04_PIA_s3,2025_04,PIA,McLaren,3,MEDIUM,MIDDLE,True,33.0,57.0,25.0,False,True,False,True
2025_04_RUS_s1,2025_04,RUS,Mercedes,1,SOFT,SOFTEST,False,1.0,13.0,13.0,True,False,True,False
2025_04_RUS_s2,2025_04,RUS,Mercedes,2,MEDIUM,MIDDLE,True,14.0,32.0,19.0,True,False,True,True
2025_04_RUS_s3,2025_04,RUS,Mercedes,3,SOFT,SOFTEST,False,33.0,57.0,25.0,False,True,False,True
2025_04_SAI_s1,2025_04,SAI,Williams,1,SOFT,SOFTEST,False,1.0,14.0,14.0,True,False,True,False
2025_04_SAI_s2,2025_04,SAI,Williams,2,MEDIUM,MIDDLE,True,15.0,32.0,18.0,True,False,True,True
2025_04_SAI_s3,2025_04,SAI,Williams,3,HARD,HARDEST,True,33.0,44.0,12.0,True,False,True,True
2025_04_SAI_s4,2025_04,SAI,Williams,4,SOFT,SOFTEST,False,45.0,45.0,1.0,True,False,True,False
2025_04_STR_s1,2025_04,STR,Aston Martin,1,SOFT,SOFTEST,True,1.0,12.0,12.0,True,False,True,False
2025_04_STR_s2,2025_04,STR,Aston Martin,2,MEDIUM,MIDDLE,True,13.0,32.0,20.0,True,False,True,True
2025_04_STR_s3,2025_04,STR,Aston Martin,3,HARD,HARDEST,True,33.0,57.0,25.0,False,True,False,True
2025_04_TSU_s1,2025_04,TSU,Red Bull Racing,1,SOFT,SOFTEST,False,1.0,11.0,11.0,True,False,True,False
2025_04_TSU_s2,2025_04,TSU,Red Bull Racing,2,MEDIUM,MIDDLE,True,12.0,32.0,21.0,True,False,True,True
2025_04_TSU_s3,2025_04,TSU,Red Bull Racing,3,SOFT,SOFTEST,False,33.0,57.0,25.0,False,True,False,True
2025_04_VER_s1,2025_04,VER,Red Bull Racing,1,SOFT,SOFTEST,False,1.0,10.0,10.0,True,False,True,False
2025_04_VER_s2,2025_04,VER,Red Bull Racing,2,HARD,HARDEST,True,11.0,26.0,16.0,True,False,True,False
2025_04_VER_s3,2025_04,VER,Red Bull Racing,3,MEDIUM,MIDDLE,True,27.0,57.0,31.0,False,True,False,True
2025_05_ALB_s1,2025_05,ALB,Williams,1,MEDIUM,SOFTEST,True,1.0,22.0,22.0,True,False,True,True
2025_05_ALB_s2,2025_05,ALB,Williams,2,HARD,MIDDLE,True,23.0,50.0,28.0,False,True,False,False
2025_05_ALO_s1,2025_05,ALO,Aston Martin,1,MEDIUM,SOFTEST,False,1.0,19.0,19.0,True,False,True,True
2025_05_ALO_s2,2025_05,ALO,Aston Martin,2,HARD,MIDDLE,False,20.0,50.0,31.0,False,True,False,False
2025_05_ANT_s1,2025_05,ANT,Mercedes,1,MEDIUM,SOFTEST,True,1.0,19.0,19.0,True,False,True,True
2025_05_ANT_s2,2025_05,ANT,Mercedes,2,HARD,MIDDLE,True,20.0,50.0,31.0,False,True,False,False
2025_05_BEA_s1,2025_05,BEA,Haas F1 Team,1,MEDIUM,SOFTEST,True,1.0,18.0,18.0,True,False,True,True
2025_05_BEA_s2,2025_05,BEA,Haas F1 Team,2,HARD,MIDDLE,True,19.0,50.0,32.0,False,True,False,False
2025_05_BOR_s1,2025_05,BOR,Kick Sauber,1,MEDIUM,SOFTEST,True,1.0,1.0,1.0,True,False,True,True
2025_05_BOR_s2,2025_05,BOR,Kick Sauber,2,HARD,MIDDLE,True,2.0,49.0,48.0,False,True,False,True
2025_05_DOO_s1,2025_05,DOO,Alpine,1,MEDIUM,SOFTEST,True,1.0,1.0,1.0,True,False,True,True
2025_05_DOO_s2,2025_05,DOO,Alpine,2,HARD,MIDDLE,True,2.0,32.0,31.0,True,False,True,True
2025_05_DOO_s3,2025_05,DOO,Alpine,3,HARD,MIDDLE,True,33.0,49.0,17.0,False,True,False,False
2025_05_GAS_s1,2025_05,GAS,Alpine,1,MEDIUM,SOFTEST,True,1.0,1.0,1.0,False,False,False,True
2025_05_HAD_s1,2025_05,HAD,Racing Bulls,1,HARD,MIDDLE,True,1.0,34.0,34.0,True,False,True,True
2025_05_HAD_s2,2025_05,HAD,Racing Bulls,2,MEDIUM,SOFTEST,True,35.0,50.0,16.0,False,True,False,False
2025_05_HAM_s1,2025_05,HAM,Ferrari,1,MEDIUM,SOFTEST,True,1.0,23.0,23.0,True,False,True,True
2025_05_HAM_s2,2025_05,HAM,Ferrari,2,HARD,MIDDLE,True,24.0,50.0,27.0,False,True,False,False
2025_05_HUL_s1,2025_05,HUL,Kick Sauber,1,HARD,MIDDLE,True,1.0,33.0,33.0,True,False,True,True
2025_05_HUL_s2,2025_05,HUL,Kick Sauber,2,MEDIUM,SOFTEST,True,34.0,49.0,16.0,False,True,False,False
2025_05_LAW_s1,2025_05,LAW,Racing Bulls,1,MEDIUM,SOFTEST,True,1.0,20.0,20.0,True,False,True,True
2025_05_LAW_s2,2025_05,LAW,Racing Bulls,2,HARD,MIDDLE,False,21.0,50.0,30.0,False,True,False,False
2025_05_LEC_s1,2025_05,LEC,Ferrari,1,MEDIUM,SOFTEST,True,1.0,29.0,29.0,True,False,True,True
2025_05_LEC_s2,2025_05,LEC,Ferrari,2,HARD,MIDDLE,True,30.0,50.0,21.0,False,True,False,False
2025_05_NOR_s1,2025_05,NOR,McLaren,1,HARD,MIDDLE,True,1.0,34.0,34.0,True,False,True,True
2025_05_NOR_s2,2025_05,NOR,McLaren,2,MEDIUM,SOFTEST,True,35.0,50.0,16.0,False,True,False,False
2025_05_OCO_s1,2025_05,OCO,Haas F1 Team,1,MEDIUM,SOFTEST,True,1.0,1.0,1.0,True,False,True,True
2025_05_OCO_s2,2025_05,OCO,Haas F1 Team,2,HARD,MIDDLE,True,2.0,50.0,49.0,False,True,False,True
2025_05_PIA_s1,2025_05,PIA,McLaren,1,MEDIUM,SOFTEST,True,1.0,19.0,19.0,True,False,True,True
2025_05_PIA_s2,2025_05,PIA,McLaren,2,HARD,MIDDLE,True,20.0,50.0,31.0,False,True,False,False
2025_05_RUS_s1,2025_05,RUS,Mercedes,1,MEDIUM,SOFTEST,True,1.0,20.0,20.0,True,False,True,True
2025_05_RUS_s2,2025_05,RUS,Mercedes,2,HARD,MIDDLE,True,21.0,50.0,30.0,False,True,False,False
2025_05_SAI_s1,2025_05,SAI,Williams,1,MEDIUM,SOFTEST,True,1.0,21.0,21.0,True,False,True,True
2025_05_SAI_s2,2025_05,SAI,Williams,2,HARD,MIDDLE,True,22.0,50.0,29.0,False,True,False,False
2025_05_STR_s1,2025_05,STR,Aston Martin,1,HARD,MIDDLE,False,1.0,39.0,39.0,True,False,True,True
2025_05_STR_s2,2025_05,STR,Aston Martin,2,MEDIUM,SOFTEST,False,40.0,49.0,10.0,False,True,False,False
2025_05_TSU_s1,2025_05,TSU,Red Bull Racing,1,MEDIUM,SOFTEST,True,1.0,1.0,1.0,True,False,True,True
2025_05_VER_s1,2025_05,VER,Red Bull Racing,1,MEDIUM,SOFTEST,True,1.0,21.0,21.0,True,False,True,True
2025_05_VER_s2,2025_05,VER,Red Bull Racing,2,HARD,MIDDLE,True,22.0,50.0,29.0,False,True,False,False
2025_06_ALB_s1,2025_06,ALB,Williams,1,MEDIUM,SOFTEST,True,25.0,32.0,8.0,True,False,True,True
2025_06_ALB_s2,2025_06,ALB,Williams,2,HARD,MIDDLE,True,33.0,57.0,25.0,False,True,False,True
2025_06_ALB_s<NA>,2025_06,ALB,Williams,,UNKNOWN,UNKNOWN,True,1.0,24.0,,False,False,False,True
2025_06_ALO_s1,2025_06,ALO,Aston Martin,1,HARD,MIDDLE,False,24.0,32.0,9.0,True,False,True,True
2025_06_ALO_s2,2025_06,ALO,Aston Martin,2,MEDIUM,SOFTEST,False,33.0,56.0,24.0,False,True,False,True
2025_06_ALO_s<NA>,2025_06,ALO,Aston Martin,,UNKNOWN,UNKNOWN,True,1.0,23.0,,False,False,False,True
2025_06_ANT_s1,2025_06,ANT,Mercedes,1,MEDIUM,SOFTEST,True,25.0,32.0,8.0,True,False,True,True
2025_06_ANT_s2,2025_06,ANT,Mercedes,2,HARD,MIDDLE,True,33.0,57.0,25.0,False,True,False,True
2025_06_ANT_s<NA>,2025_06,ANT,Mercedes,,UNKNOWN,UNKNOWN,True,1.0,24.0,,False,False,False,True
2025_06_BEA_s1,2025_06,BEA,Haas F1 Team,1,HARD,MIDDLE,True,24.0,28.0,5.0,False,False,False,True
2025_06_BEA_s<NA>,2025_06,BEA,Haas F1 Team,,UNKNOWN,UNKNOWN,True,1.0,23.0,,False,False,False,True
2025_06_BOR_s1,2025_06,BOR,Kick Sauber,1,MEDIUM,SOFTEST,True,1.0,19.0,19.0,True,False,True,True
2025_06_BOR_s2,2025_06,BOR,Kick Sauber,2,HARD,MIDDLE,True,20.0,31.0,12.0,False,False,False,True
2025_06_DOO_s1,2025_06,DOO,Alpine,1,MEDIUM,SOFTEST,True,1.0,1.0,1.0,False,False,False,True
2025_06_GAS_s1,2025_06,GAS,Alpine,1,HARD,MIDDLE,True,24.0,32.0,9.0,True,False,True,True
2025_06_GAS_s2,2025_06,GAS,Alpine,2,MEDIUM,SOFTEST,True,33.0,57.0,25.0,False,True,False,True
2025_06_GAS_s<NA>,2025_06,GAS,Alpine,,UNKNOWN,UNKNOWN,True,1.0,23.0,,False,False,False,True
2025_06_HAD_s1,2025_06,HAD,Racing Bulls,1,MEDIUM,SOFTEST,False,1.0,22.0,22.0,True,False,True,True
2025_06_HAD_s2,2025_06,HAD,Racing Bulls,2,HARD,MIDDLE,True,23.0,57.0,35.0,False,True,False,True
2025_06_HAM_s1,2025_06,HAM,Ferrari,1,HARD,MIDDLE,True,24.0,32.0,9.0,True,False,True,True
2025_06_HAM_s2,2025_06,HAM,Ferrari,2,MEDIUM,SOFTEST,True,33.0,57.0,25.0,False,True,False,True
2025_06_HAM_s<NA>,2025_06,HAM,Ferrari,,UNKNOWN,UNKNOWN,True,1.0,23.0,,False,False,False,True
2025_06_HUL_s1,2025_06,HUL,Kick Sauber,1,HARD,MIDDLE,True,24.0,36.0,13.0,True,False,True,True
2025_06_HUL_s2,2025_06,HUL,Kick Sauber,2,MEDIUM,SOFTEST,True,37.0,56.0,20.0,False,True,False,False
2025_06_HUL_s<NA>,2025_06,HUL,Kick Sauber,,UNKNOWN,UNKNOWN,True,1.0,23.0,,False,False,False,True
2025_06_LAW_s1,2025_06,LAW,Racing Bulls,1,HARD,MIDDLE,True,24.0,31.0,8.0,True,False,True,True
2025_06_LAW_s2,2025_06,LAW,Racing Bulls,2,MEDIUM,SOFTEST,True,32.0,36.0,5.0,True,False,True,True
2025_06_LAW_s<NA>,2025_06,LAW,Racing Bulls,,UNKNOWN,UNKNOWN,True,1.0,23.0,,False,False,False,True
2025_06_LEC_s1,2025_06,LEC,Ferrari,1,MEDIUM,SOFTEST,True,25.0,32.0,8.0,True,False,True,True
2025_06_LEC_s2,2025_06,LEC,Ferrari,2,HARD,MIDDLE,True,33.0,57.0,25.0,False,True,False,True
2025_06_LEC_s<NA>,2025_06,LEC,Ferrari,,UNKNOWN,UNKNOWN,True,1.0,24.0,,False,False,False,True
2025_06_NOR_s1,2025_06,NOR,McLaren,1,MEDIUM,SOFTEST,True,25.0,32.0,8.0,True,False,True,True
2025_06_NOR_s2,2025_06,NOR,McLaren,2,HARD,MIDDLE,True,33.0,57.0,25.0,False,True,False,True
2025_06_NOR_s<NA>,2025_06,NOR,McLaren,,UNKNOWN,UNKNOWN,True,1.0,24.0,,False,False,False,True
2025_06_OCO_s1,2025_06,OCO,Haas F1 Team,1,MEDIUM,SOFTEST,True,1.0,23.0,23.0,True,False,True,True
2025_06_OCO_s2,2025_06,OCO,Haas F1 Team,2,HARD,MIDDLE,True,24.0,57.0,34.0,False,True,False,True
2025_06_PIA_s1,2025_06,PIA,McLaren,1,MEDIUM,SOFTEST,True,25.0,32.0,8.0,True,False,True,True
2025_06_PIA_s2,2025_06,PIA,McLaren,2,HARD,MIDDLE,True,33.0,57.0,25.0,False,True,False,True
2025_06_PIA_s<NA>,2025_06,PIA,McLaren,,UNKNOWN,UNKNOWN,True,1.0,24.0,,False,False,False,True
2025_06_RUS_s1,2025_06,RUS,Mercedes,1,HARD,MIDDLE,True,25.0,32.0,8.0,True,False,True,True
2025_06_RUS_s2,2025_06,RUS,Mercedes,2,MEDIUM,SOFTEST,True,33.0,57.0,25.0,False,True,False,True
2025_06_RUS_s<NA>,2025_06,RUS,Mercedes,,UNKNOWN,UNKNOWN,True,1.0,24.0,,False,False,False,True
2025_06_SAI_s1,2025_06,SAI,Williams,1,MEDIUM,SOFTEST,False,25.0,32.0,8.0,True,False,True,True
2025_06_SAI_s2,2025_06,SAI,Williams,2,HARD,MIDDLE,True,33.0,57.0,25.0,False,True,False,True
2025_06_SAI_s<NA>,2025_06,SAI,Williams,,UNKNOWN,UNKNOWN,True,1.0,24.0,,False,False,False,True
2025_06_STR_s1,2025_06,STR,Aston Martin,1,MEDIUM,SOFTEST,False,1.0,20.0,20.0,True,False,True,True
2025_06_STR_s2,2025_06,STR,Aston Martin,2,HARD,MIDDLE,False,21.0,56.0,36.0,False,True,False,True
2025_06_TSU_s1,2025_06,TSU,Red Bull Racing,1,MEDIUM,SOFTEST,True,25.0,32.0,8.0,True,False,True,True
2025_06_TSU_s2,2025_06,TSU,Red Bull Racing,2,HARD,MIDDLE,True,33.0,57.0,25.0,False,True,False,True
2025_06_TSU_s<NA>,2025_06,TSU,Red Bull Racing,,UNKNOWN,UNKNOWN,True,1.0,24.0,,False,False,False,True
2025_06_VER_s1,2025_06,VER,Red Bull Racing,1,MEDIUM,SOFTEST,True,25.0,32.0,8.0,True,False,True,True
2025_06_VER_s2,2025_06,VER,Red Bull Racing,2,HARD,MIDDLE,True,33.0,57.0,25.0,False,True,False,True
2025_06_VER_s<NA>,2025_06,VER,Red Bull Racing,,UNKNOWN,UNKNOWN,True,1.0,24.0,,False,False,False,True
2025_07_ALB_s1,2025_07,ALB,Williams,1,MEDIUM,SOFTEST,True,1.0,29.0,29.0,True,False,True,True
2025_07_ALB_s2,2025_07,ALB,Williams,2,HARD,MIDDLE,True,30.0,47.0,18.0,True,False,True,True
2025_07_ALB_s3,2025_07,ALB,Williams,3,HARD,MIDDLE,True,48.0,63.0,16.0,False,True,False,True
2025_07_ALO_s1,2025_07,ALO,Aston Martin,1,MEDIUM,SOFTEST,False,1.0,12.0,12.0,True,False,True,False
2025_07_ALO_s2,2025_07,ALO,Aston Martin,2,HARD,MIDDLE,False,13.0,46.0,34.0,True,False,True,True
2025_07_ALO_s3,2025_07,ALO,Aston Martin,3,MEDIUM,SOFTEST,False,47.0,63.0,17.0,False,True,False,True
2025_07_ANT_s1,2025_07,ANT,Mercedes,1,HARD,MIDDLE,True,1.0,29.0,29.0,True,False,True,True
2025_07_ANT_s2,2025_07,ANT,Mercedes,2,MEDIUM,SOFTEST,True,30.0,45.0,16.0,False,False,False,True
2025_07_BEA_s1,2025_07,BEA,Haas F1 Team,1,HARD,MIDDLE,True,1.0,29.0,29.0,True,False,True,True
2025_07_BEA_s2,2025_07,BEA,Haas F1 Team,2,MEDIUM,SOFTEST,True,30.0,31.0,2.0,True,False,True,True
2025_07_BEA_s3,2025_07,BEA,Haas F1 Team,3,HARD,MIDDLE,True,32.0,63.0,32.0,False,True,False,True
2025_07_BOR_s1,2025_07,BOR,Kick Sauber,1,MEDIUM,SOFTEST,True,1.0,12.0,12.0,True,False,True,False
2025_07_BOR_s2,2025_07,BOR,Kick Sauber,2,HARD,MIDDLE,True,13.0,29.0,17.0,True,False,True,True
2025_07_BOR_s3,2025_07,BOR,Kick Sauber,3,HARD,MIDDLE,True,30.0,46.0,17.0,True,False,True,True
2025_07_BOR_s4,2025_07,BOR,Kick Sauber,4,MEDIUM,SOFTEST,False,47.0,63.0,17.0,False,True,False,True
2025_07_COL_s1,2025_07,COL,Alpine,1,MEDIUM,SOFTEST,True,1.0,22.0,22.0,True,False,True,False
2025_07_COL_s2,2025_07,COL,Alpine,2,HARD,MIDDLE,True,23.0,46.0,24.0,True,False,True,True
2025_07_COL_s3,2025_07,COL,Alpine,3,HARD,MIDDLE,True,47.0,63.0,17.0,False,True,False,True
2025_07_GAS_s1,2025_07,GAS,Alpine,1,MEDIUM,SOFTEST,True,1.0,9.0,9.0,True,False,True,False
2025_07_GAS_s2,2025_07,GAS,Alpine,2,HARD,MIDDLE,True,10.0,29.0,20.0,True,False,True,True
2025_07_GAS_s3,2025_07,GAS,Alpine,3,HARD,MIDDLE,True,30.0,63.0,34.0,False,True,False,True
2025_07_HAD_s1,2025_07,HAD,Racing Bulls,1,MEDIUM,SOFTEST,True,1.0,29.0,29.0,True,False,True,True
2025_07_HAD_s2,2025_07,HAD,Racing Bulls,2,HARD,MIDDLE,True,30.0,46.0,17.0,True,False,True,True
2025_07_HAD_s3,2025_07,HAD,Racing Bulls,3,HARD,MIDDLE,True,47.0,63.0,17.0,False,True,False,True
2025_07_HAM_s1,2025_07,HAM,Ferrari,1,HARD,MIDDLE,True,1.0,29.0,29.0,True,False,True,True
2025_07_HAM_s2,2025_07,HAM,Ferrari,2,MEDIUM,SOFTEST,True,30.0,46.0,17.0,True,False,True,True
2025_07_HAM_s3,2025_07,HAM,Ferrari,3,HARD,MIDDLE,True,47.0,63.0,17.0,False,True,False,True
2025_07_HUL_s1,2025_07,HUL,Kick Sauber,1,HARD,MIDDLE,True,1.0,29.0,29.0,True,False,True,True
2025_07_HUL_s2,2025_07,HUL,Kick Sauber,2,MEDIUM,SOFTEST,True,30.0,63.0,34.0,False,True,False,True
2025_07_LAW_s1,2025_07,LAW,Racing Bulls,1,MEDIUM,SOFTEST,True,1.0,10.0,10.0,True,False,True,False
2025_07_LAW_s2,2025_07,LAW,Racing Bulls,2,HARD,MIDDLE,True,11.0,29.0,19.0,True,False,True,True
2025_07_LAW_s3,2025_07,LAW,Racing Bulls,3,HARD,MIDDLE,True,30.0,63.0,34.0,False,True,False,True
2025_07_LEC_s1,2025_07,LEC,Ferrari,1,MEDIUM,SOFTEST,True,1.0,10.0,10.0,True,False,True,False
2025_07_LEC_s2,2025_07,LEC,Ferrari,2,HARD,MIDDLE,True,11.0,29.0,19.0,True,False,True,True
2025_07_LEC_s3,2025_07,LEC,Ferrari,3,HARD,MIDDLE,True,30.0,63.0,34.0,False,True,False,True
2025_07_NOR_s1,2025_07,NOR,McLaren,1,MEDIUM,SOFTEST,True,1.0,28.0,28.0,True,False,True,False
2025_07_NOR_s2,2025_07,NOR,McLaren,2,HARD,MIDDLE,True,29.0,46.0,18.0,True,False,True,True
2025_07_NOR_s3,2025_07,NOR,McLaren,3,HARD,MIDDLE,False,47.0,63.0,17.0,False,True,False,True
2025_07_OCO_s1,2025_07,OCO,Haas F1 Team,1,MEDIUM,SOFTEST,True,1.0,1.0,1.0,True,False,True,False
2025_07_OCO_s2,2025_07,OCO,Haas F1 Team,2,HARD,MIDDLE,True,2.0,28.0,27.0,False,False,False,True
2025_07_PIA_s1,2025_07,PIA,McLaren,1,MEDIUM,SOFTEST,True,1.0,13.0,13.0,True,False,True,False
2025_07_PIA_s2,2025_07,PIA,McLaren,2,HARD,MIDDLE,True,14.0,30.0,17.0,True,False,True,True
2025_07_PIA_s3,2025_07,PIA,McLaren,3,HARD,MIDDLE,True,31.0,63.0,33.0,False,True,False,True
2025_07_RUS_s1,2025_07,RUS,Mercedes,1,MEDIUM,SOFTEST,False,1.0,11.0,11.0,True,False,True,False
2025_07_RUS_s2,2025_07,RUS,Mercedes,2,HARD,MIDDLE,True,12.0,29.0,18.0,True,False,True,True
2025_07_RUS_s3,2025_07,RUS,Mercedes,3,HARD,MIDDLE,True,30.0,63.0,34.0,False,True,False,True
2025_07_SAI_s1,2025_07,SAI,Williams,1,MEDIUM,SOFTEST,True,1.0,11.0,11.0,True,False,True,False
2025_07_SAI_s2,2025_07,SAI,Williams,2,HARD,MIDDLE,True,12.0,29.0,18.0,True,False,True,True
2025_07_SAI_s3,2025_07,SAI,Williams,3,HARD,MIDDLE,True,30.0,63.0,34.0,False,True,False,True
2025_07_STR_s1,2025_07,STR,Aston Martin,1,MEDIUM,SOFTEST,False,1.0,14.0,14.0,True,False,True,False
2025_07_STR_s2,2025_07,STR,Aston Martin,2,HARD,MIDDLE,False,15.0,46.0,32.0,True,False,True,True
2025_07_STR_s3,2025_07,STR,Aston Martin,3,MEDIUM,SOFTEST,False,47.0,63.0,17.0,False,True,False,True
2025_07_TSU_s1,2025_07,TSU,Red Bull Racing,1,HARD,MIDDLE,True,1.0,29.0,29.0,True,False,True,True
2025_07_TSU_s2,2025_07,TSU,Red Bull Racing,2,MEDIUM,SOFTEST,True,30.0,63.0,34.0,False,True,False,True
2025_07_VER_s1,2025_07,VER,Red Bull Racing,1,MEDIUM,SOFTEST,True,1.0,29.0,29.0,True,False,True,True
2025_07_VER_s2,2025_07,VER,Red Bull Racing,2,HARD,MIDDLE,True,30.0,46.0,17.0,True,False,True,True
2025_07_VER_s3,2025_07,VER,Red Bull Racing,3,HARD,MIDDLE,True,47.0,63.0,17.0,False,True,False,True
2025_08_ALB_s1,2025_08,ALB,Williams,1,MEDIUM,MIDDLE,False,1.0,32.0,32.0,True,False,True,True
2025_08_ALB_s2,2025_08,ALB,Williams,2,MEDIUM,MIDDLE,False,33.0,40.0,8.0,True,False,True,True
2025_08_ALB_s3,2025_08,ALB,Williams,3,HARD,HARDEST,True,41.0,76.0,36.0,False,False,False,False
2025_08_ALO_s1,2025_08,ALO,Aston Martin,1,HARD,HARDEST,False,1.0,16.0,16.0,True,False,True,True
2025_08_ALO_s2,2025_08,ALO,Aston Martin,2,HARD,HARDEST,False,17.0,37.0,21.0,False,False,False,True
2025_08_ANT_s1,2025_08,ANT,Mercedes,1,HARD,HARDEST,True,1.0,69.0,69.0,True,False,True,True
2025_08_ANT_s2,2025_08,ANT,Mercedes,2,MEDIUM,MIDDLE,True,70.0,71.0,2.0,True,False,True,False
2025_08_ANT_s3,2025_08,ANT,Mercedes,3,HARD,HARDEST,True,72.0,75.0,4.0,False,False,False,False
2025_08_BEA_s1,2025_08,BEA,Haas F1 Team,1,MEDIUM,MIDDLE,True,1.0,1.0,1.0,True,False,True,True
2025_08_BEA_s2,2025_08,BEA,Haas F1 Team,2,HARD,HARDEST,True,2.0,17.0,16.0,True,False,True,True
2025_08_BEA_s3,2025_08,BEA,Haas F1 Team,3,MEDIUM,MIDDLE,True,18.0,76.0,59.0,False,False,False,True
2025_08_BOR_s1,2025_08,BOR,Kick Sauber,1,MEDIUM,MIDDLE,True,1.0,1.0,1.0,True,False,True,True
2025_08_BOR_s2,2025_08,BOR,Kick Sauber,2,HARD,HARDEST,True,2.0,26.0,25.0,True,False,True,True
2025_08_BOR_s3,2025_08,BOR,Kick Sauber,3,SOFT,SOFTEST,True,27.0,35.0,9.0,True,False,True,False
2025_08_BOR_s4,2025_08,BOR,Kick Sauber,4,MEDIUM,MIDDLE,False,36.0,76.0,41.0,False,False,False,True
2025_08_COL_s1,2025_08,COL,Alpine,1,HARD,HARDEST,True,1.0,13.0,13.0,True,False,True,True
2025_08_COL_s2,2025_08,COL,Alpine,2,MEDIUM,MIDDLE,False,14.0,26.0,13.0,True,False,True,False
2025_08_COL_s3,2025_08,COL,Alpine,3,MEDIUM,MIDDLE,True,27.0,76.0,50.0,False,False,False,True
2025_08_GAS_s1,2025_08,GAS,Alpine,1,MEDIUM,MIDDLE,False,1.0,1.0,1.0,True,False,True,True
2025_08_GAS_s2,2025_08,GAS,Alpine,2,MEDIUM,MIDDLE,True,2.0,8.0,7.0,True,False,True,True
2025_08_HAD_s1,2025_08,HAD,Racing Bulls,1,MEDIUM,MIDDLE,True,1.0,14.0,14.0,True,False,True,True
2025_08_HAD_s2,2025_08,HAD,Racing Bulls,2,SOFT,SOFTEST,False,15.0,19.0,5.0,True,False,True,False
2025_08_HAD_s3,2025_08,HAD,Racing Bulls,3,HARD,HARDEST,False,20.0,77.0,58.0,False,True,False,True
2025_08_HAM_s1,2025_08,HAM,Ferrari,1,HARD,HARDEST,True,1.0,18.0,18.0,True,False,True,True
2025_08_HAM_s2,2025_08,HAM,Ferrari,2,HARD,HARDEST,False,19.0,56.0,38.0,True,False,True,True
2025_08_HAM_s3,2025_08,HAM,Ferrari,3,MEDIUM,MIDDLE,False,57.0,78.0,22.0,False,True,False,False
2025_08_HUL_s1,2025_08,HUL,Kick Sauber,1,MEDIUM,MIDDLE,True,1.0,12.0,12.0,True,False,True,True
2025_08_HUL_s2,2025_08,HUL,Kick Sauber,2,HARD,HARDEST,True,13.0,44.0,32.0,True,False,True,True
2025_08_HUL_s3,2025_08,HUL,Kick Sauber,3,SOFT,SOFTEST,True,45.0,76.0,32.0,False,False,False,False
2025_08_LAW_s1,2025_08,LAW,Racing Bulls,1,MEDIUM,MIDDLE,True,1.0,31.0,31.0,True,False,True,True
2025_08_LAW_s2,2025_08,LAW,Racing Bulls,2,SOFT,SOFTEST,False,32.0,40.0,9.0,True,False,True,True
2025_08_LAW_s3,2025_08,LAW,Racing Bulls,3,HARD,HARDEST,False,41.0,77.0,37.0,False,True,False,False
2025_08_LEC_s1,2025_08,LEC,Ferrari,1,MEDIUM,MIDDLE,True,1.0,22.0,22.0,True,False,True,True
2025_08_LEC_s2,2025_08,LEC,Ferrari,2,HARD,HARDEST,True,23.0,49.0,27.0,True,False,True,True
2025_08_LEC_s3,2025_08,LEC,Ferrari,3,MEDIUM,MIDDLE,False,50.0,78.0,29.0,False,True,False,False
2025_08_NOR_s1,2025_08,NOR,McLaren,1,MEDIUM,MIDDLE,True,1.0,19.0,19.0,True,False,True,True
2025_08_NOR_s2,2025_08,NOR,McLaren,2,HARD,HARDEST,True,20.0,50.0,31.0,True,False,True,True
2025_08_NOR_s3,2025_08,NOR,McLaren,3,HARD,HARDEST,True,51.0,78.0,28.0,False,True,False,False
2025_08_OCO_s1,2025_08,OCO,Haas F1 Team,1,MEDIUM,MIDDLE,True,1.0,16.0,16.0,True,False,True,True
2025_08_OCO_s2,2025_08,OCO,Haas F1 Team,2,MEDIUM,MIDDLE,False,17.0,28.0,12.0,True,False,True,False
2025_08_OCO_s3,2025_08,OCO,Haas F1 Team,3,HARD,HARDEST,True,29.0,77.0,49.0,False,True,False,True
2025_08_PIA_s1,2025_08,PIA,McLaren,1,MEDIUM,MIDDLE,True,1.0,20.0,20.0,True,False,True,True
2025_08_PIA_s2,2025_08,PIA,McLaren,2,HARD,HARDEST,True,21.0,48.0,28.0,True,False,True,True
2025_08_PIA_s3,2025_08,PIA,McLaren,3,HARD,HARDEST,True,49.0,78.0,30.0,False,True,False,False
2025_08_RUS_s1,2025_08,RUS,Mercedes,1,HARD,HARDEST,True,1.0,53.0,53.0,True,False,True,True
2025_08_RUS_s2,2025_08,RUS,Mercedes,2,MEDIUM,MIDDLE,True,54.0,68.0,15.0,True,False,True,False
2025_08_RUS_s3,2025_08,RUS,Mercedes,3,HARD,HARDEST,True,69.0,76.0,8.0,False,False,False,False
2025_08_SAI_s1,2025_08,SAI,Williams,1,HARD,HARDEST,True,1.0,48.0,48.0,True,False,True,True
2025_08_SAI_s2,2025_08,SAI,Williams,2,MEDIUM,MIDDLE,True,49.0,53.0,5.0,True,False,True,False
2025_08_SAI_s3,2025_08,SAI,Williams,3,MEDIUM,MIDDLE,False,54.0,76.0,23.0,False,False,False,False
2025_08_STR_s1,2025_08,STR,Aston Martin,1,HARD,HARDEST,False,1.0,17.0,17.0,True,False,True,True
2025_08_STR_s2,2025_08,STR,Aston Martin,2,HARD,HARDEST,False,18.0,64.0,47.0,True,False,True,True
2025_08_STR_s3,2025_08,STR,Aston Martin,3,MEDIUM,MIDDLE,False,65.0,76.0,12.0,False,False,False,False
2025_08_TSU_s1,2025_08,TSU,Red Bull Racing,1,SOFT,SOFTEST,True,1.0,1.0,1.0,True,False,True,True
2025_08_TSU_s2,2025_08,TSU,Red Bull Racing,2,HARD,HARDEST,True,2.0,73.0,72.0,True,False,True,True
2025_08_TSU_s3,2025_08,TSU,Red Bull Racing,3,MEDIUM,MIDDLE,True,74.0,76.0,3.0,False,False,False,False
2025_08_VER_s1,2025_08,VER,Red Bull Racing,1,HARD,HARDEST,True,1.0,28.0,28.0,True,False,True,True
2025_08_VER_s2,2025_08,VER,Red Bull Racing,2,MEDIUM,MIDDLE,True,29.0,77.0,49.0,True,True,False,True
2025_08_VER_s3,2025_08,VER,Red Bull Racing,3,SOFT,SOFTEST,False,78.0,78.0,1.0,False,True,False,False
2025_09_ALB_s1,2025_09,ALB,Williams,1,SOFT,SOFTEST,False,1.0,6.0,6.0,True,False,True,False
2025_09_ALB_s2,2025_09,ALB,Williams,2,SOFT,SOFTEST,True,7.0,26.0,20.0,True,False,True,False
2025_09_ALB_s3,2025_09,ALB,Williams,3,SOFT,SOFTEST,False,27.0,27.0,1.0,True,False,True,False
2025_09_ALO_s1,2025_09,ALO,Aston Martin,1,SOFT,SOFTEST,False,1.0,15.0,15.0,True,False,True,False
2025_09_ALO_s2,2025_09,ALO,Aston Martin,2,MEDIUM,MIDDLE,False,16.0,42.0,27.0,True,False,True,False
2025_09_ALO_s3,2025_09,ALO,Aston Martin,3,SOFT,SOFTEST,False,43.0,54.0,12.0,True,False,True,True
2025_09_ALO_s4,2025_09,ALO,Aston Martin,4,SOFT,SOFTEST,False,55.0,66.0,12.0,False,True,False,True
2025_09_ANT_s1,2025_09,ANT,Mercedes,1,SOFT,SOFTEST,False,1.0,21.0,21.0,True,False,True,False
2025_09_ANT_s2,2025_09,ANT,Mercedes,2,MEDIUM,MIDDLE,True,22.0,49.0,28.0,True,False,True,False
2025_09_ANT_s3,2025_09,ANT,Mercedes,3,SOFT,SOFTEST,False,50.0,54.0,5.0,False,False,False,True
2025_09_BEA_s1,2025_09,BEA,Haas F1 Team,1,SOFT,SOFTEST,True,1.0,8.0,8.0,True,False,True,False
2025_09_BEA_s2,2025_09,BEA,Haas F1 Team,2,MEDIUM,MIDDLE,True,9.0,35.0,27.0,True,False,True,False
2025_09_BEA_s3,2025_09,BEA,Haas F1 Team,3,MEDIUM,MIDDLE,True,36.0,54.0,19.0,True,False,True,True
2025_09_BEA_s4,2025_09,BEA,Haas F1 Team,4,SOFT,SOFTEST,False,55.0,66.0,12.0,False,True,False,True
2025_09_BOR_s1,2025_09,BOR,Kick Sauber,1,SOFT,SOFTEST,False,1.0,19.0,19.0,True,False,True,False
2025_09_BOR_s2,2025_09,BOR,Kick Sauber,2,MEDIUM,MIDDLE,True,20.0,49.0,30.0,True,False,True,False
2025_09_BOR_s3,2025_09,BOR,Kick Sauber,3,SOFT,SOFTEST,True,50.0,66.0,17.0,False,True,False,True
2025_09_COL_s1,2025_09,COL,Alpine,1,SOFT,SOFTEST,True,1.0,14.0,14.0,True,False,True,False
2025_09_COL_s2,2025_09,COL,Alpine,2,MEDIUM,MIDDLE,True,15.0,39.0,25.0,True,False,True,False
2025_09_COL_s3,2025_09,COL,Alpine,3,SOFT,SOFTEST,True,40.0,54.0,15.0,True,False,True,True
2025_09_COL_s4,2025_09,COL,Alpine,4,SOFT,SOFTEST,False,55.0,66.0,12.0,False,True,False,True
2025_09_GAS_s1,2025_09,GAS,Alpine,1,SOFT,SOFTEST,False,1.0,10.0,10.0,True,False,True,False
2025_09_GAS_s2,2025_09,GAS,Alpine,2,SOFT,SOFTEST,False,11.0,31.0,21.0,True,False,True,False
2025_09_GAS_s3,2025_09,GAS,Alpine,3,MEDIUM,MIDDLE,True,32.0,55.0,24.0,True,False,True,True
2025_09_GAS_s4,2025_09,GAS,Alpine,4,SOFT,SOFTEST,False,56.0,66.0,11.0,False,True,False,True
2025_09_HAD_s1,2025_09,HAD,Racing Bulls,1,SOFT,SOFTEST,False,1.0,19.0,19.0,True,False,True,False
2025_09_HAD_s2,2025_09,HAD,Racing Bulls,2,MEDIUM,MIDDLE,True,20.0,48.0,29.0,True,False,True,False
2025_09_HAD_s3,2025_09,HAD,Racing Bulls,3,SOFT,SOFTEST,False,49.0,55.0,7.0,True,False,True,True
2025_09_HAD_s4,2025_09,HAD,Racing Bulls,4,SOFT,SOFTEST,False,56.0,66.0,11.0,False,True,False,True
2025_09_HAM_s1,2025_09,HAM,Ferrari,1,SOFT,SOFTEST,False,1.0,16.0,16.0,True,False,True,False
2025_09_HAM_s2,2025_09,HAM,Ferrari,2,MEDIUM,MIDDLE,True,17.0,46.0,30.0,True,False,True,False
2025_09_HAM_s3,2025_09,HAM,Ferrari,3,SOFT,SOFTEST,False,47.0,55.0,9.0,True,False,True,True
2025_09_HAM_s4,2025_09,HAM,Ferrari,4,SOFT,SOFTEST,False,56.0,66.0,11.0,False,True,False,True
2025_09_HUL_s1,2025_09,HUL,Kick Sauber,1,SOFT,SOFTEST,True,1.0,9.0,9.0,True,False,True,False
2025_09_HUL_s2,2025_09,HUL,Kick Sauber,2,MEDIUM,MIDDLE,True,10.0,45.0,36.0,True,False,True,False
2025_09_HUL_s3,2025_09,HUL,Kick Sauber,3,SOFT,SOFTEST,True,46.0,56.0,11.0,True,False,True,True
2025_09_HUL_s4,2025_09,HUL,Kick Sauber,4,SOFT,SOFTEST,True,57.0,66.0,10.0,False,True,False,True
2025_09_LAW_s1,2025_09,LAW,Racing Bulls,1,SOFT,SOFTEST,True,1.0,18.0,18.0,True,False,True,False
2025_09_LAW_s2,2025_09,LAW,Racing Bulls,2,MEDIUM,MIDDLE,True,19.0,44.0,26.0,True,False,True,False
2025_09_LAW_s3,2025_09,LAW,Racing Bulls,3,SOFT,SOFTEST,False,45.0,66.0,22.0,False,True,False,True
2025_09_LEC_s1,2025_09,LEC,Ferrari,1,SOFT,SOFTEST,False,1.0,17.0,17.0,True,False,True,False
2025_09_LEC_s2,2025_09,LEC,Ferrari,2,MEDIUM,MIDDLE,True,18.0,40.0,23.0,True,False,True,False
2025_09_LEC_s3,2025_09,LEC,Ferrari,3,MEDIUM,MIDDLE,True,41.0,55.0,15.0,True,False,True,True
2025_09_LEC_s4,2025_09,LEC,Ferrari,4,SOFT,SOFTEST,False,56.0,66.0,11.0,False,True,False,True
2025_09_NOR_s1,2025_09,NOR,McLaren,1,SOFT,SOFTEST,True,1.0,21.0,21.0,True,False,True,False
2025_09_NOR_s2,2025_09,NOR,McLaren,2,MEDIUM,MIDDLE,True,22.0,48.0,27.0,True,False,True,False
2025_09_NOR_s3,2025_09,NOR,McLaren,3,SOFT,SOFTEST,False,49.0,55.0,7.0,True,False,True,True
2025_09_NOR_s4,2025_09,NOR,McLaren,4,SOFT,SOFTEST,False,56.0,66.0,11.0,False,True,False,True
2025_09_OCO_s1,2025_09,OCO,Haas F1 Team,1,SOFT,SOFTEST,True,1.0,20.0,20.0,True,False,True,False
2025_09_OCO_s2,2025_09,OCO,Haas F1 Team,2,MEDIUM,MIDDLE,True,21.0,43.0,23.0,True,False,True,False
2025_09_OCO_s3,2025_09,OCO,Haas F1 Team,3,MEDIUM,MIDDLE,True,44.0,66.0,23.0,False,True,False,True
2025_09_PIA_s1,2025_09,PIA,McLaren,1,SOFT,SOFTEST,True,1.0,22.0,22.0,True,False,True,False
2025_09_PIA_s2,2025_09,PIA,McLaren,2,MEDIUM,MIDDLE,True,23.0,49.0,27.0,True,False,True,False
2025_09_PIA_s3,2025_09,PIA,McLaren,3,SOFT,SOFTEST,False,50.0,55.0,6.0,True,False,True,True
2025_09_PIA_s4,2025_09,PIA,McLaren,4,SOFT,SOFTEST,False,56.0,66.0,11.0,False,True,False,True
2025_09_RUS_s1,2025_09,RUS,Mercedes,1,SOFT,SOFTEST,False,1.0,20.0,20.0,True,False,True,False
2025_09_RUS_s2,2025_09,RUS,Mercedes,2,MEDIUM,MIDDLE,True,21.0,41.0,21.0,True,False,True,False
2025_09_RUS_s3,2025_09,RUS,Mercedes,3,SOFT,SOFTEST,True,42.0,55.0,14.0,True,False,True,True
2025_09_RUS_s4,2025_09,RUS,Mercedes,4,SOFT,SOFTEST,False,56.0,66.0,11.0,False,True,False,True
2025_09_SAI_s1,2025_09,SAI,Williams,1,SOFT,SOFTEST,True,1.0,9.0,9.0,True,False,True,False
2025_09_SAI_s2,2025_09,SAI,Williams,2,SOFT,SOFTEST,True,10.0,34.0,25.0,True,False,True,False
2025_09_SAI_s3,2025_09,SAI,Williams,3,MEDIUM,MIDDLE,True,35.0,55.0,21.0,True,False,True,True
2025_09_SAI_s4,2025_09,SAI,Williams,4,SOFT,SOFTEST,True,56.0,66.0,11.0,False,True,False,True
2025_09_TSU_s1,2025_09,TSU,Red Bull Racing,1,MEDIUM,MIDDLE,True,1.0,8.0,8.0,True,False,True,False
2025_09_TSU_s2,2025_09,TSU,Red Bull Racing,2,SOFT,SOFTEST,True,9.0,24.0,16.0,True,False,True,False
2025_09_TSU_s3,2025_09,TSU,Red Bull Racing,3,SOFT,SOFTEST,True,25.0,44.0,20.0,True,False,True,False
2025_09_TSU_s4,2025_09,TSU,Red Bull Racing,4,SOFT,SOFTEST,True,45.0,54.0,10.0,True,False,True,True
2025_09_TSU_s5,2025_09,TSU,Red Bull Racing,5,SOFT,SOFTEST,False,55.0,66.0,12.0,False,True,False,True
2025_09_VER_s1,2025_09,VER,Red Bull Racing,1,SOFT,SOFTEST,False,1.0,13.0,13.0,True,False,True,False
2025_09_VER_s2,2025_09,VER,Red Bull Racing,2,SOFT,SOFTEST,True,14.0,29.0,16.0,True,False,True,False
2025_09_VER_s3,2025_09,VER,Red Bull Racing,3,MEDIUM,MIDDLE,True,30.0,47.0,18.0,True,False,True,False
2025_09_VER_s4,2025_09,VER,Red Bull Racing,4,SOFT,SOFTEST,False,48.0,55.0,8.0,True,False,True,True
2025_09_VER_s5,2025_09,VER,Red Bull Racing,5,HARD,HARDEST,True,56.0,66.0,11.0,False,True,False,True
2025_10_ALB_s1,2025_10,ALB,Williams,1,MEDIUM,MIDDLE,False,1.0,23.0,23.0,True,False,True,False
2025_10_ALB_s2,2025_10,ALB,Williams,2,HARD,HARDEST,True,24.0,47.0,24.0,False,False,False,True
2025_10_ALO_s1,2025_10,ALO,Aston Martin,1,MEDIUM,MIDDLE,False,1.0,15.0,15.0,True,False,True,False
2025_10_ALO_s2,2025_10,ALO,Aston Martin,2,HARD,HARDEST,False,16.0,50.0,35.0,True,False,True,True
2025_10_ALO_s3,2025_10,ALO,Aston Martin,3,HARD,HARDEST,False,51.0,66.0,16.0,True,False,True,True
2025_10_ALO_s4,2025_10,ALO,Aston Martin,4,HARD,HARDEST,False,67.0,67.0,1.0,True,False,True,True
2025_10_ALO_s5,2025_10,ALO,Aston Martin,5,HARD,HARDEST,False,68.0,68.0,1.0,True,False,True,True
2025_10_ALO_s6,2025_10,ALO,Aston Martin,6,HARD,HARDEST,False,69.0,69.0,1.0,True,True,False,True
2025_10_ALO_s7,2025_10,ALO,Aston Martin,7,HARD,HARDEST,False,70.0,70.0,1.0,False,True,False,True
2025_10_ANT_s1,2025_10,ANT,Mercedes,1,MEDIUM,MIDDLE,False,1.0,14.0,14.0,True,False,True,False
2025_10_ANT_s2,2025_10,ANT,Mercedes,2,HARD,HARDEST,False,15.0,38.0,24.0,True,False,True,False
2025_10_ANT_s3,2025_10,ANT,Mercedes,3,HARD,HARDEST,True,39.0,67.0,29.0,True,False,True,True
2025_10_ANT_s4,2025_10,ANT,Mercedes,4,HARD,HARDEST,False,68.0,68.0,1.0,True,False,True,True
2025_10_ANT_s5,2025_10,ANT,Mercedes,5,HARD,HARDEST,False,69.0,69.0,1.0,True,True,False,True
2025_10_ANT_s6,2025_10,ANT,Mercedes,6,HARD,HARDEST,False,70.0,70.0,1.0,False,True,False,True
2025_10_BEA_s1,2025_10,BEA,Haas F1 Team,1,MEDIUM,MIDDLE,True,1.0,18.0,18.0,True,False,True,False
2025_10_BEA_s2,2025_10,BEA,Haas F1 Team,2,HARD,HARDEST,True,19.0,66.0,48.0,True,False,True,True
2025_10_BEA_s3,2025_10,BEA,Haas F1 Team,3,SOFT,SOFTEST,True,67.0,67.0,1.0,True,False,True,True
2025_10_BEA_s4,2025_10,BEA,Haas F1 Team,4,SOFT,SOFTEST,False,68.0,68.0,1.0,True,False,True,True
2025_10_BEA_s5,2025_10,BEA,Haas F1 Team,5,SOFT,SOFTEST,False,69.0,69.0,1.0,False,True,False,True
2025_10_BOR_s1,2025_10,BOR,Kick Sauber,1,HARD,HARDEST,True,1.0,49.0,49.0,True,False,True,True
2025_10_BOR_s2,2025_10,BOR,Kick Sauber,2,MEDIUM,MIDDLE,True,50.0,66.0,17.0,True,False,True,True
2025_10_BOR_s3,2025_10,BOR,Kick Sauber,3,MEDIUM,MIDDLE,False,67.0,67.0,1.0,True,False,True,True
2025_10_BOR_s4,2025_10,BOR,Kick Sauber,4,MEDIUM,MIDDLE,False,68.0,68.0,1.0,True,False,True,True
2025_10_BOR_s5,2025_10,BOR,Kick Sauber,5,MEDIUM,MIDDLE,False,69.0,69.0,1.0,False,True,False,True
2025_10_COL_s1,2025_10,COL,Alpine,1,MEDIUM,MIDDLE,False,1.0,14.0,14.0,True,False,True,False
2025_10_COL_s2,2025_10,COL,Alpine,2,HARD,HARDEST,True,15.0,66.0,52.0,True,False,True,True
2025_10_COL_s3,2025_10,COL,Alpine,3,HARD,HARDEST,False,67.0,67.0,1.0,True,False,True,True
2025_10_COL_s4,2025_10,COL,Alpine,4,HARD,HARDEST,False,68.0,68.0,1.0,True,False,True,True
2025_10_COL_s5,2025_10,COL,Alpine,5,HARD,HARDEST,False,69.0,69.0,1.0,False,True,False,True
2025_10_GAS_s1,2025_10,GAS,Alpine,1,HARD,HARDEST,True,1.0,53.0,53.0,True,False,True,True
2025_10_GAS_s2,2025_10,GAS,Alpine,2,MEDIUM,MIDDLE,True,54.0,66.0,13.0,True,False,True,True
2025_10_GAS_s3,2025_10,GAS,Alpine,3,MEDIUM,MIDDLE,False,67.0,67.0,1.0,True,False,True,True
2025_10_GAS_s4,2025_10,GAS,Alpine,4,MEDIUM,MIDDLE,False,68.0,68.0,1.0,True,False,True,True
2025_10_GAS_s5,2025_10,GAS,Alpine,5,MEDIUM,MIDDLE,False,69.0,69.0,1.0,False,True,False,True
2025_10_HAD_s1,2025_10,HAD,Racing Bulls,1,MEDIUM,MIDDLE,True,1.0,13.0,13.0,True,False,True,False
2025_10_HAD_s2,2025_10,HAD,Racing Bulls,2,HARD,HARDEST,False,14.0,66.0,53.0,True,False,True,True
2025_10_HAD_s3,2025_10,HAD,Racing Bulls,3,SOFT,SOFTEST,False,67.0,67.0,1.0,True,False,True,True
2025_10_HAD_s4,2025_10,HAD,Racing Bulls,4,SOFT,SOFTEST,False,68.0,68.0,1.0,True,False,True,True
2025_10_HAD_s5,2025_10,HAD,Racing Bulls,5,SOFT,SOFTEST,False,69.0,69.0,1.0,False,True,False,True
2025_10_HAM_s1,2025_10,HAM,Ferrari,1,MEDIUM,MIDDLE,True,1.0,15.0,15.0,True,False,True,False
2025_10_HAM_s2,2025_10,HAM,Ferrari,2,HARD,HARDEST,True,16.0,45.0,30.0,True,False,True,False
2025_10_HAM_s3,2025_10,HAM,Ferrari,3,HARD,HARDEST,True,46.0,67.0,22.0,True,False,True,True
2025_10_HAM_s4,2025_10,HAM,Ferrari,4,HARD,HARDEST,False,68.0,68.0,1.0,True,False,True,True
2025_10_HAM_s5,2025_10,HAM,Ferrari,5,HARD,HARDEST,False,69.0,69.0,1.0,True,True,False,True
2025_10_HAM_s6,2025_10,HAM,Ferrari,6,HARD,HARDEST,False,70.0,70.0,1.0,False,True,False,True
2025_10_HUL_s1,2025_10,HUL,Kick Sauber,1,MEDIUM,MIDDLE,True,1.0,19.0,19.0,True,False,True,False
2025_10_HUL_s2,2025_10,HUL,Kick Sauber,2,HARD,HARDEST,True,20.0,66.0,47.0,True,False,True,True
2025_10_HUL_s3,2025_10,HUL,Kick Sauber,3,HARD,HARDEST,False,67.0,67.0,1.0,True,False,True,True
2025_10_HUL_s4,2025_10,HUL,Kick Sauber,4,HARD,HARDEST,False,68.0,68.0,1.0,True,False,True,True
2025_10_HUL_s5,2025_10,HUL,Kick Sauber,5,HARD,HARDEST,False,69.0,69.0,1.0,True,True,False,True
2025_10_HUL_s6,2025_10,HUL,Kick Sauber,6,HARD,HARDEST,False,70.0,70.0,1.0,False,True,False,True
2025_10_LAW_s1,2025_10,LAW,Racing Bulls,1,HARD,HARDEST,False,1.0,38.0,38.0,True,False,True,False
2025_10_LAW_s2,2025_10,LAW,Racing Bulls,2,MEDIUM,MIDDLE,False,39.0,54.0,16.0,True,False,True,True
2025_10_LEC_s1,2025_10,LEC,Ferrari,1,HARD,HARDEST,True,1.0,28.0,28.0,True,False,True,False
2025_10_LEC_s2,2025_10,LEC,Ferrari,2,HARD,HARDEST,True,29.0,53.0,25.0,True,False,True,True
2025_10_LEC_s3,2025_10,LEC,Ferrari,3,MEDIUM,MIDDLE,True,54.0,67.0,14.0,True,False,True,True
2025_10_LEC_s4,2025_10,LEC,Ferrari,4,MEDIUM,MIDDLE,False,68.0,68.0,1.0,True,False,True,True
2025_10_LEC_s5,2025_10,LEC,Ferrari,5,MEDIUM,MIDDLE,False,69.0,69.0,1.0,True,True,False,True
2025_10_LEC_s6,2025_10,LEC,Ferrari,6,MEDIUM,MIDDLE,False,70.0,70.0,1.0,False,True,False,True
2025_10_NOR_s1,2025_10,NOR,McLaren,1,HARD,HARDEST,True,1.0,29.0,29.0,True,False,True,False
2025_10_NOR_s2,2025_10,NOR,McLaren,2,MEDIUM,MIDDLE,True,30.0,47.0,18.0,True,False,True,False
2025_10_NOR_s3,2025_10,NOR,McLaren,3,HARD,HARDEST,True,48.0,67.0,20.0,False,False,False,True
2025_10_OCO_s1,2025_10,OCO,Haas F1 Team,1,HARD,HARDEST,True,1.0,57.0,57.0,True,False,True,True
2025_10_OCO_s2,2025_10,OCO,Haas F1 Team,2,MEDIUM,MIDDLE,True,58.0,66.0,9.0,True,False,True,True
2025_10_OCO_s3,2025_10,OCO,Haas F1 Team,3,MEDIUM,MIDDLE,False,67.0,67.0,1.0,True,False,True,True
2025_10_OCO_s4,2025_10,OCO,Haas F1 Team,4,MEDIUM,MIDDLE,False,68.0,68.0,1.0,True,False,True,True
2025_10_OCO_s5,2025_10,OCO,Haas F1 Team,5,MEDIUM,MIDDLE,False,69.0,69.0,1.0,False,True,False,True
2025_10_PIA_s1,2025_10,PIA,McLaren,1,MEDIUM,MIDDLE,True,1.0,16.0,16.0,True,False,True,False
2025_10_PIA_s2,2025_10,PIA,McLaren,2,HARD,HARDEST,True,17.0,45.0,29.0,True,False,True,False
2025_10_PIA_s3,2025_10,PIA,McLaren,3,HARD,HARDEST,True,46.0,67.0,22.0,True,False,True,True
2025_10_PIA_s4,2025_10,PIA,McLaren,4,SOFT,SOFTEST,False,68.0,68.0,1.0,True,False,True,True
2025_10_PIA_s5,2025_10,PIA,McLaren,5,SOFT,SOFTEST,False,69.0,69.0,1.0,True,True,False,True
2025_10_PIA_s6,2025_10,PIA,McLaren,6,SOFT,SOFTEST,False,70.0,70.0,1.0,False,True,False,True
2025_10_RUS_s1,2025_10,RUS,Mercedes,1,MEDIUM,MIDDLE,False,1.0,13.0,13.0,True,False,True,False
2025_10_RUS_s2,2025_10,RUS,Mercedes,2,HARD,HARDEST,False,14.0,42.0,29.0,True,False,True,False
2025_10_RUS_s3,2025_10,RUS,Mercedes,3,HARD,HARDEST,True,43.0,67.0,25.0,True,False,True,True
2025_10_RUS_s4,2025_10,RUS,Mercedes,4,HARD,HARDEST,False,68.0,68.0,1.0,True,False,True,True
2025_10_RUS_s5,2025_10,RUS,Mercedes,5,HARD,HARDEST,False,69.0,69.0,1.0,True,True,False,True
2025_10_RUS_s6,2025_10,RUS,Mercedes,6,HARD,HARDEST,False,70.0,70.0,1.0,False,True,False,True
2025_10_SAI_s1,2025_10,SAI,Williams,1,HARD,HARDEST,True,1.0,57.0,57.0,True,False,True,True
2025_10_SAI_s2,2025_10,SAI,Williams,2,MEDIUM,MIDDLE,True,58.0,66.0,9.0,True,False,True,True
2025_10_SAI_s3,2025_10,SAI,Williams,3,MEDIUM,MIDDLE,False,67.0,67.0,1.0,True,False,True,True
2025_10_SAI_s4,2025_10,SAI,Williams,4,MEDIUM,MIDDLE,False,68.0,68.0,1.0,True,False,True,True
2025_10_SAI_s5,2025_10,SAI,Williams,5,MEDIUM,MIDDLE,False,69.0,69.0,1.0,False,True,False,True
2025_10_STR_s1,2025_10,STR,Aston Martin,1,HARD,HARDEST,False,1.0,24.0,24.0,True,False,True,False
2025_10_STR_s2,2025_10,STR,Aston Martin,2,HARD,HARDEST,False,25.0,51.0,27.0,True,False,True,True
2025_10_STR_s3,2025_10,STR,Aston Martin,3,MEDIUM,MIDDLE,False,52.0,66.0,15.0,True,False,True,True
2025_10_STR_s4,2025_10,STR,Aston Martin,4,SOFT,SOFTEST,True,67.0,67.0,1.0,True,False,True,True
2025_10_STR_s5,2025_10,STR,Aston Martin,5,SOFT,SOFTEST,False,68.0,68.0,1.0,True,False,True,True
2025_10_STR_s6,2025_10,STR,Aston Martin,6,SOFT,SOFTEST,False,69.0,69.0,1.0,False,True,False,True
2025_10_TSU_s1,2025_10,TSU,Red Bull Racing,1,HARD,HARDEST,True,1.0,56.0,56.0,True,False,True,True
2025_10_TSU_s2,2025_10,TSU,Red Bull Racing,2,MEDIUM,MIDDLE,True,57.0,66.0,10.0,True,False,True,True
2025_10_TSU_s3,2025_10,TSU,Red Bull Racing,3,MEDIUM,MIDDLE,False,67.0,67.0,1.0,True,False,True,True
2025_10_TSU_s4,2025_10,TSU,Red Bull Racing,4,MEDIUM,MIDDLE,False,68.0,68.0,1.0,True,False,True,True
2025_10_TSU_s5,2025_10,TSU,Red Bull Racing,5,MEDIUM,MIDDLE,False,69.0,69.0,1.0,False,True,False,True
2025_10_VER_s1,2025_10,VER,Red Bull Racing,1,MEDIUM,MIDDLE,False,1.0,12.0,12.0,True,False,True,False
2025_10_VER_s2,2025_10,VER,Red Bull Racing,2,HARD,HARDEST,True,13.0,37.0,25.0,True,False,True,False
2025_10_VER_s3,2025_10,VER,Red Bull Racing,3,HARD,HARDEST,True,38.0,67.0,30.0,True,False,True,True
2025_10_VER_s4,2025_10,VER,Red Bull Racing,4,HARD,HARDEST,False,68.0,68.0,1.0,True,False,True,True
2025_10_VER_s5,2025_10,VER,Red Bull Racing,5,HARD,HARDEST,False,69.0,69.0,1.0,True,True,False,True
2025_10_VER_s6,2025_10,VER,Red Bull Racing,6,HARD,HARDEST,False,70.0,70.0,1.0,False,True,False,True
2025_11_ALB_s1,2025_11,ALB,Williams,1,MEDIUM,MIDDLE,True,1.0,13.0,13.0,True,False,True,True
2025_11_ALB_s2,2025_11,ALB,Williams,2,MEDIUM,MIDDLE,True,14.0,15.0,2.0,True,False,True,False
2025_11_ALO_s1,2025_11,ALO,Aston Martin,1,MEDIUM,MIDDLE,False,1.0,33.0,33.0,True,False,True,True
2025_11_ALO_s2,2025_11,ALO,Aston Martin,2,HARD,HARDEST,False,34.0,69.0,36.0,False,True,False,False
2025_11_ANT_s1,2025_11,ANT,Mercedes,1,MEDIUM,MIDDLE,True,1.0,1.0,1.0,False,False,False,True
2025_11_BEA_s1,2025_11,BEA,Haas F1 Team,1,SOFT,SOFTEST,True,1.0,11.0,11.0,True,False,True,True
2025_11_BEA_s2,2025_11,BEA,Haas F1 Team,2,HARD,HARDEST,True,12.0,39.0,28.0,True,False,True,True
2025_11_BEA_s3,2025_11,BEA,Haas F1 Team,3,MEDIUM,MIDDLE,True,40.0,69.0,30.0,False,True,False,False
2025_11_BOR_s1,2025_11,BOR,Kick Sauber,1,MEDIUM,MIDDLE,True,1.0,21.0,21.0,True,False,True,True
2025_11_BOR_s2,2025_11,BOR,Kick Sauber,2,MEDIUM,MIDDLE,True,22.0,49.0,28.0,True,False,True,True
2025_11_BOR_s3,2025_11,BOR,Kick Sauber,3,HARD,HARDEST,True,50.0,69.0,20.0,False,True,False,False
2025_11_COL_s1,2025_11,COL,Alpine,1,SOFT,SOFTEST,True,1.0,13.0,13.0,True,False,True,True
2025_11_COL_s2,2025_11,COL,Alpine,2,MEDIUM,MIDDLE,True,14.0,39.0,26.0,True,False,True,True
2025_11_COL_s3,2025_11,COL,Alpine,3,HARD,HARDEST,True,40.0,69.0,30.0,False,True,False,False
2025_11_GAS_s1,2025_11,GAS,Alpine,1,SOFT,SOFTEST,False,1.0,12.0,12.0,True,False,True,True
2025_11_GAS_s2,2025_11,GAS,Alpine,2,HARD,HARDEST,True,13.0,38.0,26.0,True,False,True,True
2025_11_GAS_s3,2025_11,GAS,Alpine,3,MEDIUM,MIDDLE,True,39.0,69.0,31.0,False,True,False,False
2025_11_HAD_s1,2025_11,HAD,Racing Bulls,1,SOFT,SOFTEST,False,1.0,2.0,2.0,True,False,True,True
2025_11_HAD_s2,2025_11,HAD,Racing Bulls,2,MEDIUM,MIDDLE,True,3.0,28.0,26.0,True,False,True,True
2025_11_HAD_s3,2025_11,HAD,Racing Bulls,3,HARD,HARDEST,True,29.0,69.0,41.0,False,True,False,True
2025_11_HAM_s1,2025_11,HAM,Ferrari,1,MEDIUM,MIDDLE,True,1.0,26.0,26.0,True,False,True,True
2025_11_HAM_s2,2025_11,HAM,Ferrari,2,HARD,HARDEST,True,27.0,50.0,24.0,True,False,True,True
2025_11_HAM_s3,2025_11,HAM,Ferrari,3,MEDIUM,MIDDLE,True,51.0,70.0,20.0,False,True,False,False
2025_11_HUL_s1,2025_11,HUL,Kick Sauber,1,SOFT,SOFTEST,True,1.0,12.0,12.0,True,False,True,True
2025_11_HUL_s2,2025_11,HUL,Kick Sauber,2,MEDIUM,MIDDLE,True,13.0,42.0,30.0,True,False,True,True
2025_11_HUL_s3,2025_11,HUL,Kick Sauber,3,MEDIUM,MIDDLE,True,43.0,69.0,27.0,False,True,False,False
2025_11_LAW_s1,2025_11,LAW,Racing Bulls,1,MEDIUM,MIDDLE,False,1.0,32.0,32.0,True,False,True,True
2025_11_LAW_s2,2025_11,LAW,Racing Bulls,2,HARD,HARDEST,True,33.0,70.0,38.0,False,True,False,False
2025_11_LEC_s1,2025_11,LEC,Ferrari,1,MEDIUM,MIDDLE,True,1.0,25.0,25.0,True,False,True,True
2025_11_LEC_s2,2025_11,LEC,Ferrari,2,HARD,HARDEST,True,26.0,49.0,24.0,True,False,True,True
2025_11_LEC_s3,2025_11,LEC,Ferrari,3,MEDIUM,MIDDLE,True,50.0,70.0,21.0,False,True,False,False
2025_11_NOR_s1,2025_11,NOR,McLaren,1,MEDIUM,MIDDLE,True,1.0,20.0,20.0,True,False,True,True
2025_11_NOR_s2,2025_11,NOR,McLaren,2,HARD,HARDEST,True,21.0,52.0,32.0,True,False,True,True
2025_11_NOR_s3,2025_11,NOR,McLaren,3,MEDIUM,MIDDLE,True,53.0,70.0,18.0,False,True,False,False
2025_11_OCO_s1,2025_11,OCO,Haas F1 Team,1,MEDIUM,MIDDLE,True,1.0,19.0,19.0,True,False,True,True
2025_11_OCO_s2,2025_11,OCO,Haas F1 Team,2,HARD,HARDEST,True,20.0,50.0,31.0,True,False,True,True
2025_11_OCO_s3,2025_11,OCO,Haas F1 Team,3,HARD,HARDEST,True,51.0,69.0,19.0,False,True,False,False
2025_11_PIA_s1,2025_11,PIA,McLaren,1,MEDIUM,MIDDLE,True,1.0,24.0,24.0,True,False,True,True
2025_11_PIA_s2,2025_11,PIA,McLaren,2,HARD,HARDEST,True,25.0,53.0,29.0,True,False,True,True
2025_11_PIA_s3,2025_11,PIA,McLaren,3,MEDIUM,MIDDLE,True,54.0,70.0,17.0,False,True,False,False
2025_11_RUS_s1,2025_11,RUS,Mercedes,1,MEDIUM,MIDDLE,True,1.0,18.0,18.0,True,False,True,True
2025_11_RUS_s2,2025_11,RUS,Mercedes,2,MEDIUM,MIDDLE,True,19.0,45.0,27.0,True,False,True,True
2025_11_RUS_s3,2025_11,RUS,Mercedes,3,HARD,HARDEST,True,46.0,70.0,25.0,False,True,False,False
2025_11_SAI_s1,2025_11,SAI,Williams,1,MEDIUM,MIDDLE,True,1.0,1.0,1.0,False,False,False,True
2025_11_STR_s1,2025_11,STR,Aston Martin,1,MEDIUM,MIDDLE,False,1.0,26.0,26.0,True,False,True,True
2025_11_STR_s2,2025_11,STR,Aston Martin,2,HARD,HARDEST,False,27.0,53.0,27.0,True,False,True,True
2025_11_STR_s3,2025_11,STR,Aston Martin,3,SOFT,SOFTEST,False,54.0,69.0,16.0,False,True,False,False
2025_11_TSU_s1,2025_11,TSU,Red Bull Racing,1,MEDIUM,MIDDLE,True,1.0,18.0,18.0,True,False,True,True
2025_11_TSU_s2,2025_11,TSU,Red Bull Racing,2,HARD,HARDEST,True,19.0,30.0,12.0,True,False,True,True
2025_11_TSU_s3,2025_11,TSU,Red Bull Racing,3,MEDIUM,MIDDLE,True,31.0,60.0,30.0,True,False,True,False
2025_11_TSU_s4,2025_11,TSU,Red Bull Racing,4,SOFT,SOFTEST,True,61.0,68.0,8.0,False,False,False,False
2025_11_VER_s1,2025_11,VER,Red Bull Racing,1,MEDIUM,MIDDLE,True,1.0,1.0,1.0,False,False,False,True
2025_12_ALB_s1,2025_12,ALB,Williams,1,WET,WET,True,1.0,12.0,12.0,True,False,True,True
2025_12_ALB_s2,2025_12,ALB,Williams,2,WET,WET,True,13.0,42.0,30.0,True,False,True,True
2025_12_ALB_s3,2025_12,ALB,Williams,3,MEDIUM,MIDDLE,True,43.0,52.0,10.0,False,True,False,True
2025_12_ALO_s1,2025_12,ALO,Aston Martin,1,WET,WET,True,1.0,11.0,11.0,True,False,True,True
2025_12_ALO_s2,2025_12,ALO,Aston Martin,2,WET,WET,True,12.0,37.0,26.0,True,False,True,True
2025_12_ALO_s3,2025_12,ALO,Aston Martin,3,MEDIUM,MIDDLE,False,38.0,52.0,15.0,False,True,False,True
2025_12_ANT_s1,2025_12,ANT,Mercedes,1,WET,WET,True,1.0,2.0,2.0,True,False,True,True
2025_12_ANT_s2,2025_12,ANT,Mercedes,2,HARD,HARDEST,True,3.0,9.0,7.0,True,False,True,True
2025_12_ANT_s3,2025_12,ANT,Mercedes,3,WET,WET,True,10.0,20.0,11.0,True,False,True,True
2025_12_ANT_s4,2025_12,ANT,Mercedes,4,WET,WET,True,21.0,23.0,3.0,True,False,True,True
2025_12_BEA_s1,2025_12,BEA,Haas F1 Team,1,HARD,HARDEST,True,1.0,10.0,10.0,True,False,True,True
2025_12_BEA_s2,2025_12,BEA,Haas F1 Team,2,WET,WET,True,11.0,41.0,31.0,True,False,True,True
2025_12_BEA_s3,2025_12,BEA,Haas F1 Team,3,MEDIUM,MIDDLE,True,42.0,52.0,11.0,False,True,False,True
2025_12_BOR_s1,2025_12,BOR,Kick Sauber,1,MEDIUM,MIDDLE,True,1.0,4.0,4.0,False,False,False,True
2025_12_COL_s1,2025_12,COL,Alpine,1,HARD,HARDEST,True,1.0,1.0,1.0,False,False,False,True
2025_12_GAS_s1,2025_12,GAS,Alpine,1,WET,WET,True,1.0,11.0,11.0,True,False,True,True
2025_12_GAS_s2,2025_12,GAS,Alpine,2,WET,WET,True,12.0,41.0,30.0,True,False,True,True
2025_12_GAS_s3,2025_12,GAS,Alpine,3,MEDIUM,MIDDLE,True,42.0,52.0,11.0,False,True,False,True
2025_12_HAD_s1,2025_12,HAD,Racing Bulls,1,MEDIUM,MIDDLE,True,1.0,10.0,10.0,True,False,True,True
2025_12_HAD_s2,2025_12,HAD,Racing Bulls,2,WET,WET,True,11.0,18.0,8.0,False,False,False,True
2025_12_HAM_s1,2025_12,HAM,Ferrari,1,WET,WET,True,1.0,11.0,11.0,True,False,True,True
2025_12_HAM_s2,2025_12,HAM,Ferrari,2,WET,WET,True,12.0,41.0,30.0,True,False,True,True
2025_12_HAM_s3,2025_12,HAM,Ferrari,3,SOFT,SOFTEST,False,42.0,52.0,11.0,False,True,False,True
2025_12_HUL_s1,2025_12,HUL,Kick Sauber,1,WET,WET,True,1.0,9.0,9.0,True,False,True,True
2025_12_HUL_s2,2025_12,HUL,Kick Sauber,2,WET,WET,True,10.0,42.0,33.0,True,False,True,True
2025_12_HUL_s3,2025_12,HUL,Kick Sauber,3,MEDIUM,MIDDLE,True,43.0,52.0,10.0,False,True,False,True
2025_12_LAW_s1,2025_12,LAW,Racing Bulls,1,WET,WET,True,1.0,1.0,1.0,False,False,False,True
2025_12_LEC_s1,2025_12,LEC,Ferrari,1,MEDIUM,MIDDLE,True,1.0,10.0,10.0,True,False,True,True
2025_12_LEC_s2,2025_12,LEC,Ferrari,2,WET,WET,True,11.0,42.0,32.0,True,False,True,True
2025_12_LEC_s3,2025_12,LEC,Ferrari,3,SOFT,SOFTEST,False,43.0,52.0,10.0,False,True,False,True
2025_12_NOR_s1,2025_12,NOR,McLaren,1,WET,WET,True,1.0,11.0,11.0,True,False,True,True
2025_12_NOR_s2,2025_12,NOR,McLaren,2,WET,WET,True,12.0,44.0,33.0,True,False,True,True
2025_12_NOR_s3,2025_12,NOR,McLaren,3,MEDIUM,MIDDLE,True,45.0,52.0,8.0,False,True,False,False
2025_12_OCO_s1,2025_12,OCO,Haas F1 Team,1,WET,WET,True,1.0,18.0,18.0,True,False,True,True
2025_12_OCO_s2,2025_12,OCO,Haas F1 Team,2,WET,WET,True,19.0,42.0,24.0,True,False,True,True
2025_12_OCO_s3,2025_12,OCO,Haas F1 Team,3,MEDIUM,MIDDLE,True,43.0,52.0,10.0,False,True,False,True
2025_12_PIA_s1,2025_12,PIA,McLaren,1,WET,WET,True,1.0,11.0,11.0,True,False,True,True
2025_12_PIA_s2,2025_12,PIA,McLaren,2,WET,WET,True,12.0,43.0,32.0,True,False,True,True
2025_12_PIA_s3,2025_12,PIA,McLaren,3,MEDIUM,MIDDLE,True,44.0,52.0,9.0,False,True,False,True
2025_12_RUS_s1,2025_12,RUS,Mercedes,1,HARD,HARDEST,True,1.0,10.0,10.0,True,False,True,True
2025_12_RUS_s2,2025_12,RUS,Mercedes,2,WET,WET,True,11.0,38.0,28.0,True,False,True,True
2025_12_RUS_s3,2025_12,RUS,Mercedes,3,HARD,HARDEST,True,39.0,52.0,14.0,False,True,False,True
2025_12_SAI_s1,2025_12,SAI,Williams,1,WET,WET,True,1.0,11.0,11.0,True,False,True,True
2025_12_SAI_s2,2025_12,SAI,Williams,2,WET,WET,True,12.0,41.0,30.0,True,False,True,True
2025_12_SAI_s3,2025_12,SAI,Williams,3,MEDIUM,MIDDLE,True,42.0,52.0,11.0,False,True,False,True
2025_12_STR_s1,2025_12,STR,Aston Martin,1,WET,WET,True,1.0,6.0,6.0,True,False,True,True
2025_12_STR_s2,2025_12,STR,Aston Martin,2,SOFT,SOFTEST,True,7.0,10.0,4.0,True,False,True,True
2025_12_STR_s3,2025_12,STR,Aston Martin,3,WET,WET,True,11.0,41.0,31.0,True,False,True,True
2025_12_STR_s4,2025_12,STR,Aston Martin,4,SOFT,SOFTEST,True,42.0,52.0,11.0,False,True,False,True
2025_12_TSU_s1,2025_12,TSU,Red Bull Racing,1,WET,WET,True,1.0,11.0,11.0,True,False,True,True
2025_12_TSU_s2,2025_12,TSU,Red Bull Racing,2,WET,WET,True,12.0,41.0,30.0,True,False,True,True
2025_12_TSU_s3,2025_12,TSU,Red Bull Racing,3,MEDIUM,MIDDLE,True,42.0,51.0,10.0,False,True,False,True
2025_12_VER_s1,2025_12,VER,Red Bull Racing,1,WET,WET,True,1.0,11.0,11.0,True,False,True,True
2025_12_VER_s2,2025_12,VER,Red Bull Racing,2,WET,WET,True,12.0,41.0,30.0,True,False,True,True
2025_12_VER_s3,2025_12,VER,Red Bull Racing,3,MEDIUM,MIDDLE,True,42.0,52.0,11.0,False,True,False,True
2025_13_ALB_s1,2025_13,ALB,Williams,1,WET,WET,True,1.0,12.0,12.0,True,False,True,True
2025_13_ALB_s2,2025_13,ALB,Williams,2,MEDIUM,SOFTEST,True,13.0,44.0,32.0,False,True,False,False
2025_13_ALO_s1,2025_13,ALO,Aston Martin,1,WET,WET,True,1.0,11.0,11.0,True,False,True,True
2025_13_ALO_s2,2025_13,ALO,Aston Martin,2,MEDIUM,SOFTEST,True,12.0,29.0,18.0,True,False,True,False
2025_13_ALO_s3,2025_13,ALO,Aston Martin,3,UNKNOWN,UNKNOWN,False,30.0,44.0,,False,True,False,False
2025_13_ANT_s1,2025_13,ANT,Mercedes,1,WET,WET,True,1.0,12.0,12.0,True,False,True,True
2025_13_ANT_s2,2025_13,ANT,Mercedes,2,MEDIUM,SOFTEST,True,13.0,30.0,18.0,True,False,True,False
2025_13_ANT_s3,2025_13,ANT,Mercedes,3,UNKNOWN,UNKNOWN,False,31.0,44.0,,False,True,False,False
2025_13_BEA_s1,2025_13,BEA,Haas F1 Team,1,WET,WET,True,1.0,12.0,12.0,True,False,True,True
2025_13_BEA_s2,2025_13,BEA,Haas F1 Team,2,MEDIUM,SOFTEST,True,13.0,44.0,32.0,False,True,False,False
2025_13_BOR_s1,2025_13,BOR,Kick Sauber,1,WET,WET,True,1.0,12.0,12.0,True,False,True,True
2025_13_BOR_s2,2025_13,BOR,Kick Sauber,2,MEDIUM,SOFTEST,True,13.0,44.0,32.0,False,True,False,False
2025_13_COL_s1,2025_13,COL,Alpine,1,WET,WET,True,1.0,12.0,12.0,True,False,True,True
2025_13_COL_s2,2025_13,COL,Alpine,2,MEDIUM,SOFTEST,True,13.0,28.0,16.0,True,False,True,False
2025_13_COL_s3,2025_13,COL,Alpine,3,UNKNOWN,UNKNOWN,False,29.0,44.0,,False,True,False,False
2025_13_GAS_s1,2025_13,GAS,Alpine,1,WET,WET,True,1.0,11.0,11.0,True,False,True,True
2025_13_GAS_s2,2025_13,GAS,Alpine,2,MEDIUM,SOFTEST,True,12.0,44.0,33.0,False,True,False,False
2025_13_HAD_s1,2025_13,HAD,Racing Bulls,1,WET,WET,True,1.0,13.0,13.0,True,False,True,True
2025_13_HAD_s2,2025_13,HAD,Racing Bulls,2,MEDIUM,SOFTEST,False,14.0,20.0,7.0,True,False,True,False
2025_13_HAD_s3,2025_13,HAD,Racing Bulls,3,HARD,MIDDLE,True,21.0,43.0,23.0,False,True,False,False
2025_13_HAM_s1,2025_13,HAM,Ferrari,1,WET,WET,True,1.0,11.0,11.0,True,False,True,True
2025_13_HAM_s2,2025_13,HAM,Ferrari,2,MEDIUM,SOFTEST,True,12.0,44.0,33.0,False,True,False,False
2025_13_HUL_s1,2025_13,HUL,Kick Sauber,1,WET,WET,True,1.0,11.0,11.0,True,False,True,True
2025_13_HUL_s2,2025_13,HUL,Kick Sauber,2,MEDIUM,SOFTEST,True,12.0,32.0,21.0,True,False,True,False
2025_13_HUL_s3,2025_13,HUL,Kick Sauber,3,UNKNOWN,UNKNOWN,False,33.0,44.0,,False,True,False,False
2025_13_LAW_s1,2025_13,LAW,Racing Bulls,1,WET,WET,True,1.0,12.0,12.0,True,False,True,True
2025_13_LAW_s2,2025_13,LAW,Racing Bulls,2,MEDIUM,SOFTEST,True,13.0,44.0,32.0,False,True,False,False
2025_13_LEC_s1,2025_13,LEC,Ferrari,1,WET,WET,True,1.0,12.0,12.0,True,False,True,True
2025_13_LEC_s2,2025_13,LEC,Ferrari,2,MEDIUM,SOFTEST,True,13.0,44.0,32.0,False,True,False,False
2025_13_NOR_s1,2025_13,NOR,McLaren,1,WET,WET,True,1.0,13.0,13.0,True,False,True,True
2025_13_NOR_s2,2025_13,NOR,McLaren,2,HARD,MIDDLE,True,14.0,44.0,31.0,False,True,False,False
2025_13_OCO_s1,2025_13,OCO,Haas F1 Team,1,WET,WET,True,1.0,13.0,13.0,True,False,True,True
2025_13_OCO_s2,2025_13,OCO,Haas F1 Team,2,MEDIUM,SOFTEST,False,14.0,44.0,31.0,False,True,False,False
2025_13_PIA_s1,2025_13,PIA,McLaren,1,WET,WET,True,1.0,12.0,12.0,True,False,True,True
2025_13_PIA_s2,2025_13,PIA,McLaren,2,MEDIUM,SOFTEST,True,13.0,44.0,32.0,False,True,False,False
2025_13_RUS_s1,2025_13,RUS,Mercedes,1,WET,WET,True,1.0,12.0,12.0,True,False,True,True
2025_13_RUS_s2,2025_13,RUS,Mercedes,2,MEDIUM,SOFTEST,True,13.0,44.0,32.0,False,True,False,False
2025_13_SAI_s1,2025_13,SAI,Williams,1,WET,WET,True,1.0,12.0,12.0,True,False,True,True
2025_13_SAI_s2,2025_13,SAI,Williams,2,MEDIUM,SOFTEST,True,13.0,26.0,14.0,True,False,True,False
2025_13_SAI_s3,2025_13,SAI,Williams,3,HARD,MIDDLE,False,27.0,44.0,,False,True,False,False
2025_13_STR_s1,2025_13,STR,Aston Martin,1,WET,WET,True,1.0,12.0,12.0,True,False,True,True
2025_13_STR_s2,2025_13,STR,Aston Martin,2,MEDIUM,SOFTEST,True,13.0,44.0,32.0,False,True,False,False
2025_13_TSU_s1,2025_13,TSU,Red Bull Racing,1,WET,WET,True,1.0,13.0,13.0,True,False,True,True
2025_13_TSU_s2,2025_13,TSU,Red Bull Racing,2,MEDIUM,SOFTEST,True,14.0,44.0,31.0,False,True,False,False
2025_13_VER_s1,2025_13,VER,Red Bull Racing,1,WET,WET,True,1.0,12.0,12.0,True,False,True,True
2025_13_VER_s2,2025_13,VER,Red Bull Racing,2,MEDIUM,SOFTEST,True,13.0,44.0,32.0,False,True,False,False
2025_14_ALB_s1,2025_14,ALB,Williams,1,SOFT,SOFTEST,True,1.0,14.0,14.0,True,False,True,False
2025_14_ALB_s2,2025_14,ALB,Williams,2,MEDIUM,MIDDLE,True,15.0,38.0,24.0,True,False,True,False
2025_14_ALB_s3,2025_14,ALB,Williams,3,HARD,HARDEST,True,39.0,69.0,31.0,False,True,False,False
2025_14_ALO_s1,2025_14,ALO,Aston Martin,1,MEDIUM,MIDDLE,False,1.0,39.0,39.0,True,False,True,False
2025_14_ALO_s2,2025_14,ALO,Aston Martin,2,HARD,HARDEST,False,40.0,70.0,31.0,False,True,False,False
2025_14_ANT_s1,2025_14,ANT,Mercedes,1,MEDIUM,MIDDLE,True,1.0,21.0,21.0,True,False,True,False
2025_14_ANT_s2,2025_14,ANT,Mercedes,2,HARD,HARDEST,True,22.0,69.0,48.0,False,True,False,False
2025_14_BEA_s1,2025_14,BEA,Haas F1 Team,1,MEDIUM,MIDDLE,True,1.0,30.0,30.0,True,False,True,False
2025_14_BEA_s2,2025_14,BEA,Haas F1 Team,2,HARD,HARDEST,True,31.0,48.0,18.0,True,False,True,False
2025_14_BOR_s1,2025_14,BOR,Kick Sauber,1,MEDIUM,MIDDLE,True,1.0,40.0,40.0,True,False,True,False
2025_14_BOR_s2,2025_14,BOR,Kick Sauber,2,HARD,HARDEST,True,41.0,70.0,30.0,False,True,False,False
2025_14_COL_s1,2025_14,COL,Alpine,1,MEDIUM,MIDDLE,True,1.0,13.0,13.0,True,False,True,False
2025_14_COL_s2,2025_14,COL,Alpine,2,HARD,HARDEST,True,14.0,35.0,22.0,True,False,True,False
2025_14_COL_s3,2025_14,COL,Alpine,3,HARD,HARDEST,True,36.0,69.0,34.0,False,True,False,False
2025_14_GAS_s1,2025_14,GAS,Alpine,1,HARD,HARDEST,True,1.0,32.0,32.0,True,False,True,False
2025_14_GAS_s2,2025_14,GAS,Alpine,2,MEDIUM,MIDDLE,True,33.0,69.0,37.0,False,True,False,False
2025_14_HAD_s1,2025_14,HAD,Racing Bulls,1,MEDIUM,MIDDLE,True,1.0,33.0,33.0,True,False,True,False
2025_14_HAD_s2,2025_14,HAD,Racing Bulls,2,HARD,HARDEST,True,34.0,69.0,36.0,False,True,False,False
2025_14_HAM_s1,2025_14,HAM,Ferrari,1,HARD,HARDEST,True,1.0,42.0,42.0,True,False,True,False
2025_14_HAM_s2,2025_14,HAM,Ferrari,2,MEDIUM,MIDDLE,True,43.0,69.0,27.0,False,True,False,False
2025_14_HUL_s1,2025_14,HUL,Kick Sauber,1,SOFT,SOFTEST,True,1.0,5.0,5.0,True,False,True,False
2025_14_HUL_s2,2025_14,HUL,Kick Sauber,2,MEDIUM,MIDDLE,True,6.0,41.0,36.0,True,False,True,False
2025_14_HUL_s3,2025_14,HUL,Kick Sauber,3,MEDIUM,MIDDLE,True,42.0,69.0,28.0,False,True,False,False
2025_14_LAW_s1,2025_14,LAW,Racing Bulls,1,MEDIUM,MIDDLE,True,1.0,40.0,40.0,True,False,True,False
2025_14_LAW_s2,2025_14,LAW,Racing Bulls,2,HARD,HARDEST,True,41.0,70.0,30.0,False,True,False,False
2025_14_LEC_s1,2025_14,LEC,Ferrari,1,MEDIUM,MIDDLE,True,1.0,19.0,19.0,True,False,True,False
2025_14_LEC_s2,2025_14,LEC,Ferrari,2,HARD,HARDEST,True,20.0,40.0,21.0,True,False,True,False
2025_14_LEC_s3,2025_14,LEC,Ferrari,3,HARD,HARDEST,True,41.0,70.0,30.0,False,True,False,False
2025_14_NOR_s1,2025_14,NOR,McLaren,1,MEDIUM,MIDDLE,True,1.0,31.0,31.0,True,False,True,False
2025_14_NOR_s2,2025_14,NOR,McLaren,2,HARD,HARDEST,False,32.0,70.0,39.0,False,True,False,False
2025_14_OCO_s1,2025_14,OCO,Haas F1 Team,1,MEDIUM,MIDDLE,True,1.0,14.0,14.0,True,False,True,False
2025_14_OCO_s2,2025_14,OCO,Haas F1 Team,2,HARD,HARDEST,True,15.0,69.0,55.0,False,True,False,False
2025_14_PIA_s1,2025_14,PIA,McLaren,1,MEDIUM,MIDDLE,True,1.0,18.0,18.0,True,False,True,False
2025_14_PIA_s2,2025_14,PIA,McLaren,2,HARD,HARDEST,False,19.0,45.0,27.0,True,False,True,False
2025_14_PIA_s3,2025_14,PIA,McLaren,3,HARD,HARDEST,True,46.0,70.0,25.0,False,True,False,False
2025_14_RUS_s1,2025_14,RUS,Mercedes,1,MEDIUM,MIDDLE,True,1.0,19.0,19.0,True,False,True,False
2025_14_RUS_s2,2025_14,RUS,Mercedes,2,HARD,HARDEST,True,20.0,43.0,24.0,True,False,True,False
2025_14_RUS_s3,2025_14,RUS,Mercedes,3,HARD,HARDEST,True,44.0,70.0,27.0,False,True,False,False
2025_14_SAI_s1,2025_14,SAI,Williams,1,SOFT,SOFTEST,True,1.0,15.0,15.0,True,False,True,False
2025_14_SAI_s2,2025_14,SAI,Williams,2,HARD,HARDEST,True,16.0,51.0,36.0,True,False,True,False
2025_14_SAI_s3,2025_14,SAI,Williams,3,MEDIUM,MIDDLE,True,52.0,69.0,18.0,False,True,False,False
2025_14_STR_s1,2025_14,STR,Aston Martin,1,MEDIUM,MIDDLE,False,1.0,36.0,36.0,True,False,True,False
2025_14_STR_s2,2025_14,STR,Aston Martin,2,HARD,HARDEST,False,37.0,70.0,34.0,False,True,False,False
2025_14_TSU_s1,2025_14,TSU,Red Bull Racing,1,MEDIUM,MIDDLE,True,1.0,20.0,20.0,True,False,True,False
2025_14_TSU_s2,2025_14,TSU,Red Bull Racing,2,SOFT,SOFTEST,True,21.0,37.0,17.0,True,False,True,False
2025_14_TSU_s3,2025_14,TSU,Red Bull Racing,3,HARD,HARDEST,True,38.0,69.0,32.0,False,True,False,False
2025_14_VER_s1,2025_14,VER,Red Bull Racing,1,MEDIUM,MIDDLE,True,1.0,17.0,17.0,True,False,True,False
2025_14_VER_s2,2025_14,VER,Red Bull Racing,2,HARD,HARDEST,True,18.0,48.0,31.0,True,False,True,False
2025_14_VER_s3,2025_14,VER,Red Bull Racing,3,HARD,HARDEST,True,49.0,70.0,22.0,False,True,False,False
2025_15_ALB_s1,2025_15,ALB,Williams,1,MEDIUM,MIDDLE,True,1.0,23.0,23.0,True,False,True,True
2025_15_ALB_s2,2025_15,ALB,Williams,2,HARD,HARDEST,True,24.0,53.0,30.0,True,False,True,True
2025_15_ALB_s3,2025_15,ALB,Williams,3,SOFT,SOFTEST,True,54.0,72.0,19.0,False,True,False,True
2025_15_ALO_s1,2025_15,ALO,Aston Martin,1,MEDIUM,MIDDLE,True,1.0,18.0,18.0,True,False,True,False
2025_15_ALO_s2,2025_15,ALO,Aston Martin,2,HARD,HARDEST,True,19.0,40.0,22.0,True,False,True,True
2025_15_ALO_s3,2025_15,ALO,Aston Martin,3,HARD,HARDEST,True,41.0,72.0,32.0,False,True,False,True
2025_15_ANT_s1,2025_15,ANT,Mercedes,1,MEDIUM,MIDDLE,True,1.0,23.0,23.0,True,False,True,True
2025_15_ANT_s2,2025_15,ANT,Mercedes,2,HARD,HARDEST,True,24.0,51.0,28.0,True,False,True,True
2025_15_ANT_s3,2025_15,ANT,Mercedes,3,SOFT,SOFTEST,True,52.0,53.0,2.0,True,False,True,True
2025_15_ANT_s4,2025_15,ANT,Mercedes,4,SOFT,SOFTEST,False,54.0,72.0,19.0,False,True,False,True
2025_15_BEA_s1,2025_15,BEA,Haas F1 Team,1,HARD,HARDEST,True,1.0,53.0,53.0,True,False,True,True
2025_15_BEA_s2,2025_15,BEA,Haas F1 Team,2,MEDIUM,MIDDLE,True,54.0,72.0,19.0,False,True,False,True
2025_15_BOR_s1,2025_15,BOR,Kick Sauber,1,MEDIUM,MIDDLE,True,1.0,22.0,22.0,True,False,True,True
2025_15_BOR_s2,2025_15,BOR,Kick Sauber,2,HARD,HARDEST,True,23.0,60.0,38.0,True,False,True,True
2025_15_BOR_s3,2025_15,BOR,Kick Sauber,3,SOFT,SOFTEST,True,61.0,72.0,12.0,False,True,False,True
2025_15_COL_s1,2025_15,COL,Alpine,1,SOFT,SOFTEST,True,1.0,19.0,19.0,True,False,True,False
2025_15_COL_s2,2025_15,COL,Alpine,2,HARD,HARDEST,True,20.0,53.0,34.0,True,False,True,True
2025_15_COL_s3,2025_15,COL,Alpine,3,MEDIUM,MIDDLE,True,54.0,65.0,12.0,True,False,True,True
2025_15_COL_s4,2025_15,COL,Alpine,4,SOFT,SOFTEST,True,66.0,72.0,7.0,False,True,False,True
2025_15_GAS_s1,2025_15,GAS,Alpine,1,MEDIUM,MIDDLE,True,1.0,23.0,23.0,True,False,True,True
2025_15_GAS_s2,2025_15,GAS,Alpine,2,HARD,HARDEST,True,24.0,72.0,49.0,False,True,False,True
2025_15_HAD_s1,2025_15,HAD,Racing Bulls,1,MEDIUM,MIDDLE,True,1.0,23.0,23.0,True,False,True,True
2025_15_HAD_s2,2025_15,HAD,Racing Bulls,2,HARD,HARDEST,True,24.0,53.0,30.0,True,False,True,True
2025_15_HAD_s3,2025_15,HAD,Racing Bulls,3,SOFT,SOFTEST,False,54.0,72.0,19.0,False,True,False,True
2025_15_HAM_s1,2025_15,HAM,Ferrari,1,MEDIUM,MIDDLE,True,1.0,23.0,23.0,False,False,False,True
2025_15_HUL_s1,2025_15,HUL,Kick Sauber,1,SOFT,SOFTEST,True,1.0,19.0,19.0,True,False,True,False
2025_15_HUL_s2,2025_15,HUL,Kick Sauber,2,HARD,HARDEST,True,20.0,53.0,34.0,True,False,True,True
2025_15_HUL_s3,2025_15,HUL,Kick Sauber,3,MEDIUM,MIDDLE,True,54.0,72.0,19.0,False,True,False,True
2025_15_LAW_s1,2025_15,LAW,Racing Bulls,1,MEDIUM,MIDDLE,True,1.0,23.0,23.0,True,False,True,True
2025_15_LAW_s2,2025_15,LAW,Racing Bulls,2,HARD,HARDEST,True,24.0,27.0,4.0,True,False,True,True
2025_15_LAW_s3,2025_15,LAW,Racing Bulls,3,SOFT,SOFTEST,False,28.0,52.0,25.0,True,False,True,True
2025_15_LAW_s4,2025_15,LAW,Racing Bulls,4,SOFT,SOFTEST,False,53.0,72.0,20.0,False,True,False,True
2025_15_LEC_s1,2025_15,LEC,Ferrari,1,MEDIUM,MIDDLE,True,1.0,22.0,22.0,True,False,True,False
2025_15_LEC_s2,2025_15,LEC,Ferrari,2,HARD,HARDEST,False,23.0,52.0,30.0,True,False,True,True
2025_15_NOR_s1,2025_15,NOR,McLaren,1,MEDIUM,MIDDLE,True,1.0,23.0,23.0,True,False,True,True
2025_15_NOR_s2,2025_15,NOR,McLaren,2,HARD,HARDEST,True,24.0,53.0,30.0,True,False,True,True
2025_15_NOR_s3,2025_15,NOR,McLaren,3,HARD,HARDEST,False,54.0,65.0,12.0,False,False,False,True
2025_15_OCO_s1,2025_15,OCO,Haas F1 Team,1,HARD,HARDEST,True,1.0,52.0,52.0,True,False,True,True
2025_15_OCO_s2,2025_15,OCO,Haas F1 Team,2,MEDIUM,MIDDLE,True,53.0,72.0,20.0,False,True,False,True
2025_15_PIA_s1,2025_15,PIA,McLaren,1,MEDIUM,MIDDLE,True,1.0,23.0,23.0,True,False,True,True
2025_15_PIA_s2,2025_15,PIA,McLaren,2,HARD,HARDEST,True,24.0,53.0,30.0,True,False,True,True
2025_15_PIA_s3,2025_15,PIA,McLaren,3,HARD,HARDEST,False,54.0,72.0,19.0,False,True,False,True
2025_15_RUS_s1,2025_15,RUS,Mercedes,1,MEDIUM,MIDDLE,True,1.0,23.0,23.0,True,False,True,True
2025_15_RUS_s2,2025_15,RUS,Mercedes,2,HARD,HARDEST,True,24.0,53.0,30.0,True,False,True,True
2025_15_RUS_s3,2025_15,RUS,Mercedes,3,SOFT,SOFTEST,False,54.0,72.0,19.0,False,True,False,True
2025_15_SAI_s1,2025_15,SAI,Williams,1,MEDIUM,MIDDLE,True,1.0,23.0,23.0,True,False,True,True
2025_15_SAI_s2,2025_15,SAI,Williams,2,HARD,HARDEST,True,24.0,27.0,4.0,True,False,True,True
2025_15_SAI_s3,2025_15,SAI,Williams,3,SOFT,SOFTEST,False,28.0,51.0,24.0,True,False,True,True
2025_15_SAI_s4,2025_15,SAI,Williams,4,SOFT,SOFTEST,False,52.0,65.0,14.0,True,False,True,True
2025_15_SAI_s5,2025_15,SAI,Williams,5,SOFT,SOFTEST,False,66.0,72.0,7.0,False,True,False,True
2025_15_STR_s1,2025_15,STR,Aston Martin,1,MEDIUM,MIDDLE,True,1.0,8.0,8.0,True,False,True,False
2025_15_STR_s2,2025_15,STR,Aston Martin,2,HARD,HARDEST,True,9.0,52.0,44.0,True,False,True,True
2025_15_STR_s3,2025_15,STR,Aston Martin,3,HARD,HARDEST,True,53.0,72.0,20.0,False,True,False,True
2025_15_TSU_s1,2025_15,TSU,Red Bull Racing,1,SOFT,SOFTEST,True,1.0,19.0,19.0,True,False,True,False
2025_15_TSU_s2,2025_15,TSU,Red Bull Racing,2,HARD,HARDEST,True,20.0,53.0,34.0,True,False,True,True
2025_15_TSU_s3,2025_15,TSU,Red Bull Racing,3,SOFT,SOFTEST,False,54.0,72.0,19.0,False,True,False,True
2025_15_VER_s1,2025_15,VER,Red Bull Racing,1,SOFT,SOFTEST,True,1.0,23.0,23.0,True,False,True,True
2025_15_VER_s2,2025_15,VER,Red Bull Racing,2,MEDIUM,MIDDLE,True,24.0,53.0,30.0,True,False,True,True
2025_15_VER_s3,2025_15,VER,Red Bull Racing,3,SOFT,SOFTEST,False,54.0,72.0,19.0,False,True,False,True
2025_16_ALB_s1,2025_16,ALB,Williams,1,HARD,HARDEST,True,1.0,41.0,41.0,True,False,True,True
2025_16_ALB_s2,2025_16,ALB,Williams,2,MEDIUM,MIDDLE,True,42.0,53.0,12.0,False,True,False,False
2025_16_ALO_s1,2025_16,ALO,Aston Martin,1,MEDIUM,MIDDLE,False,1.0,20.0,20.0,True,False,True,False
2025_16_ALO_s2,2025_16,ALO,Aston Martin,2,HARD,HARDEST,False,21.0,24.0,4.0,True,False,True,False
2025_16_ANT_s1,2025_16,ANT,Mercedes,1,MEDIUM,MIDDLE,True,1.0,28.0,28.0,True,False,True,False
2025_16_ANT_s2,2025_16,ANT,Mercedes,2,HARD,HARDEST,True,29.0,53.0,25.0,False,True,False,True
2025_16_BEA_s1,2025_16,BEA,Haas F1 Team,1,MEDIUM,MIDDLE,True,1.0,18.0,18.0,True,False,True,False
2025_16_BEA_s2,2025_16,BEA,Haas F1 Team,2,HARD,HARDEST,True,19.0,53.0,35.0,False,True,False,True
2025_16_BOR_s1,2025_16,BOR,Kick Sauber,1,MEDIUM,MIDDLE,True,1.0,20.0,20.0,True,False,True,False
2025_16_BOR_s2,2025_16,BOR,Kick Sauber,2,HARD,HARDEST,True,21.0,53.0,33.0,False,True,False,True
2025_16_COL_s1,2025_16,COL,Alpine,1,MEDIUM,MIDDLE,True,1.0,33.0,33.0,True,False,True,False
2025_16_COL_s2,2025_16,COL,Alpine,2,HARD,HARDEST,True,34.0,52.0,19.0,False,True,False,True
2025_16_GAS_s1,2025_16,GAS,Alpine,1,HARD,HARDEST,True,1.0,49.0,49.0,True,False,True,True
2025_16_GAS_s2,2025_16,GAS,Alpine,2,SOFT,SOFTEST,True,50.0,52.0,3.0,False,True,False,False
2025_16_HAD_s1,2025_16,HAD,Racing Bulls,1,HARD,HARDEST,False,1.0,32.0,32.0,True,False,True,False
2025_16_HAD_s2,2025_16,HAD,Racing Bulls,2,MEDIUM,MIDDLE,True,33.0,53.0,21.0,False,True,False,True
2025_16_HAM_s1,2025_16,HAM,Ferrari,1,MEDIUM,MIDDLE,True,1.0,38.0,38.0,True,False,True,False
2025_16_HAM_s2,2025_16,HAM,Ferrari,2,HARD,HARDEST,True,39.0,53.0,15.0,False,True,False,True
2025_16_HUL_s1,2025_16,HUL,Kick Sauber,1,MEDIUM,MIDDLE,True,1.0,1.0,1.0,False,False,False,False
2025_16_LAW_s1,2025_16,LAW,Racing Bulls,1,SOFT,SOFTEST,True,1.0,9.0,9.0,True,False,True,False
2025_16_LAW_s2,2025_16,LAW,Racing Bulls,2,HARD,HARDEST,True,10.0,53.0,44.0,False,True,False,True
2025_16_LEC_s1,2025_16,LEC,Ferrari,1,MEDIUM,MIDDLE,True,1.0,33.0,33.0,True,False,True,False
2025_16_LEC_s2,2025_16,LEC,Ferrari,2,HARD,HARDEST,True,34.0,53.0,20.0,False,True,False,True
2025_16_NOR_s1,2025_16,NOR,McLaren,1,MEDIUM,MIDDLE,True,1.0,46.0,46.0,True,False,True,True
2025_16_NOR_s2,2025_16,NOR,McLaren,2,SOFT,SOFTEST,False,47.0,53.0,7.0,False,True,False,False
2025_16_OCO_s1,2025_16,OCO,Haas F1 Team,1,HARD,HARDEST,True,1.0,51.0,51.0,True,False,True,True
2025_16_OCO_s2,2025_16,OCO,Haas F1 Team,2,SOFT,SOFTEST,True,52.0,52.0,1.0,False,True,False,False
2025_16_PIA_s1,2025_16,PIA,McLaren,1,MEDIUM,MIDDLE,True,1.0,45.0,45.0,True,False,True,True
2025_16_PIA_s2,2025_16,PIA,McLaren,2,SOFT,SOFTEST,False,46.0,53.0,8.0,False,True,False,False
2025_16_RUS_s1,2025_16,RUS,Mercedes,1,MEDIUM,MIDDLE,True,1.0,27.0,27.0,True,False,True,False
2025_16_RUS_s2,2025_16,RUS,Mercedes,2,HARD,HARDEST,True,28.0,53.0,26.0,False,True,False,True
2025_16_SAI_s1,2025_16,SAI,Williams,1,MEDIUM,MIDDLE,True,1.0,30.0,30.0,True,False,True,False
2025_16_SAI_s2,2025_16,SAI,Williams,2,HARD,HARDEST,True,31.0,53.0,23.0,False,True,False,True
2025_16_STR_s1,2025_16,STR,Aston Martin,1,HARD,HARDEST,False,1.0,49.0,49.0,True,False,True,True
2025_16_STR_s2,2025_16,STR,Aston Martin,2,SOFT,SOFTEST,True,50.0,52.0,3.0,False,True,False,False
2025_16_TSU_s1,2025_16,TSU,Red Bull Racing,1,MEDIUM,MIDDLE,True,1.0,19.0,19.0,True,False,True,False
2025_16_TSU_s2,2025_16,TSU,Red Bull Racing,2,HARD,HARDEST,True,20.0,53.0,34.0,False,True,False,True
2025_16_VER_s1,2025_16,VER,Red Bull Racing,1,MEDIUM,MIDDLE,True,1.0,37.0,37.0,True,False,True,False
2025_16_VER_s2,2025_16,VER,Red Bull Racing,2,HARD,HARDEST,True,38.0,53.0,16.0,False,True,False,True
2025_17_ALB_s1,2025_17,ALB,Williams,1,MEDIUM,SOFTEST,True,1.0,1.0,1.0,True,False,True,True
2025_17_ALB_s2,2025_17,ALB,Williams,2,MEDIUM,SOFTEST,True,2.0,15.0,14.0,True,False,True,True
2025_17_ALB_s3,2025_17,ALB,Williams,3,HARD,MIDDLE,True,16.0,51.0,36.0,False,True,False,True
2025_17_ALO_s1,2025_17,ALO,Aston Martin,1,MEDIUM,SOFTEST,False,1.0,21.0,21.0,True,False,True,True
2025_17_ALO_s2,2025_17,ALO,Aston Martin,2,HARD,MIDDLE,True,22.0,51.0,30.0,False,True,False,False
2025_17_ANT_s1,2025_17,ANT,Mercedes,1,MEDIUM,SOFTEST,False,1.0,18.0,18.0,True,False,True,True
2025_17_ANT_s2,2025_17,ANT,Mercedes,2,HARD,MIDDLE,True,19.0,51.0,33.0,False,True,False,True
2025_17_BEA_s1,2025_17,BEA,Haas F1 Team,1,HARD,MIDDLE,True,1.0,28.0,28.0,True,False,True,True
2025_17_BEA_s2,2025_17,BEA,Haas F1 Team,2,MEDIUM,SOFTEST,True,29.0,51.0,23.0,False,True,False,False
2025_17_BOR_s1,2025_17,BOR,Kick Sauber,1,HARD,MIDDLE,True,1.0,26.0,26.0,True,False,True,True
2025_17_BOR_s2,2025_17,BOR,Kick Sauber,2,MEDIUM,SOFTEST,False,27.0,51.0,25.0,False,True,False,False
2025_17_COL_s1,2025_17,COL,Alpine,1,MEDIUM,SOFTEST,True,1.0,16.0,16.0,True,False,True,True
2025_17_COL_s2,2025_17,COL,Alpine,2,HARD,MIDDLE,True,17.0,50.0,34.0,False,True,False,True
2025_17_GAS_s1,2025_17,GAS,Alpine,1,HARD,MIDDLE,True,1.0,35.0,35.0,True,False,True,True
2025_17_GAS_s2,2025_17,GAS,Alpine,2,MEDIUM,SOFTEST,True,36.0,50.0,15.0,False,True,False,False
2025_17_HAD_s1,2025_17,HAD,Racing Bulls,1,MEDIUM,SOFTEST,False,1.0,29.0,29.0,True,False,True,True
2025_17_HAD_s2,2025_17,HAD,Racing Bulls,2,HARD,MIDDLE,False,30.0,51.0,22.0,False,True,False,False
2025_17_HAM_s1,2025_17,HAM,Ferrari,1,HARD,MIDDLE,True,1.0,36.0,36.0,True,False,True,True
2025_17_HAM_s2,2025_17,HAM,Ferrari,2,MEDIUM,SOFTEST,True,37.0,51.0,15.0,False,True,False,False
2025_17_HUL_s1,2025_17,HUL,Kick Sauber,1,HARD,MIDDLE,True,1.0,36.0,36.0,True,False,True,True
2025_17_HUL_s2,2025_17,HUL,Kick Sauber,2,MEDIUM,SOFTEST,True,37.0,51.0,15.0,False,True,False,False
2025_17_LAW_s1,2025_17,LAW,Racing Bulls,1,MEDIUM,SOFTEST,False,1.0,20.0,20.0,True,False,True,True
2025_17_LAW_s2,2025_17,LAW,Racing Bulls,2,HARD,MIDDLE,False,21.0,51.0,31.0,False,True,False,False
2025_17_LEC_s1,2025_17,LEC,Ferrari,1,MEDIUM,SOFTEST,False,1.0,19.0,19.0,True,False,True,True
2025_17_LEC_s2,2025_17,LEC,Ferrari,2,HARD,MIDDLE,True,20.0,51.0,32.0,False,True,False,False
2025_17_NOR_s1,2025_17,NOR,McLaren,1,MEDIUM,SOFTEST,True,1.0,37.0,37.0,True,False,True,True
2025_17_NOR_s2,2025_17,NOR,McLaren,2,HARD,MIDDLE,True,38.0,51.0,14.0,False,True,False,False
2025_17_OCO_s1,2025_17,OCO,Haas F1 Team,1,HARD,MIDDLE,True,1.0,1.0,1.0,True,False,True,True
2025_17_OCO_s2,2025_17,OCO,Haas F1 Team,2,MEDIUM,SOFTEST,True,2.0,2.0,1.0,True,False,True,True
2025_17_OCO_s3,2025_17,OCO,Haas F1 Team,3,HARD,MIDDLE,False,3.0,51.0,49.0,False,True,False,True
2025_17_PIA_s1,2025_17,PIA,McLaren,1,MEDIUM,SOFTEST,True,1.0,1.0,1.0,False,False,False,True
2025_17_RUS_s1,2025_17,RUS,Mercedes,1,HARD,MIDDLE,True,1.0,39.0,39.0,True,False,True,True
2025_17_RUS_s2,2025_17,RUS,Mercedes,2,MEDIUM,SOFTEST,False,40.0,51.0,12.0,False,True,False,False
2025_17_SAI_s1,2025_17,SAI,Williams,1,MEDIUM,SOFTEST,False,1.0,27.0,27.0,True,False,True,True
2025_17_SAI_s2,2025_17,SAI,Williams,2,HARD,MIDDLE,True,28.0,51.0,24.0,False,True,False,False
2025_17_STR_s1,2025_17,STR,Aston Martin,1,MEDIUM,SOFTEST,False,1.0,37.0,37.0,True,False,True,True
2025_17_STR_s2,2025_17,STR,Aston Martin,2,HARD,MIDDLE,True,38.0,51.0,14.0,False,True,False,False
2025_17_TSU_s1,2025_17,TSU,Red Bull Racing,1,HARD,MIDDLE,True,1.0,38.0,38.0,True,False,True,True
2025_17_TSU_s2,2025_17,TSU,Red Bull Racing,2,MEDIUM,SOFTEST,False,39.0,51.0,13.0,False,True,False,False
2025_17_VER_s1,2025_17,VER,Red Bull Racing,1,HARD,MIDDLE,True,1.0,40.0,40.0,True,False,True,True
2025_17_VER_s2,2025_17,VER,Red Bull Racing,2,MEDIUM,SOFTEST,False,41.0,51.0,11.0,False,True,False,False
2025_18_ALB_s1,2025_18,ALB,Williams,1,MEDIUM,MIDDLE,True,1.0,42.0,42.0,True,False,True,True
2025_18_ALB_s2,2025_18,ALB,Williams,2,SOFT,SOFTEST,True,43.0,61.0,19.0,False,True,False,True
2025_18_ALO_s1,2025_18,ALO,Aston Martin,1,SOFT,SOFTEST,False,1.0,27.0,27.0,True,False,True,True
2025_18_ALO_s2,2025_18,ALO,Aston Martin,2,MEDIUM,MIDDLE,False,28.0,62.0,35.0,False,True,False,True
2025_18_ANT_s1,2025_18,ANT,Mercedes,1,MEDIUM,MIDDLE,True,1.0,25.0,25.0,True,False,True,True
2025_18_ANT_s2,2025_18,ANT,Mercedes,2,HARD,HARDEST,True,26.0,62.0,37.0,False,True,False,True
2025_18_BEA_s1,2025_18,BEA,Haas F1 Team,1,MEDIUM,MIDDLE,True,1.0,23.0,23.0,True,False,True,True
2025_18_BEA_s2,2025_18,BEA,Haas F1 Team,2,HARD,HARDEST,True,24.0,62.0,39.0,False,True,False,True
2025_18_BOR_s1,2025_18,BOR,Kick Sauber,1,MEDIUM,MIDDLE,True,1.0,13.0,13.0,True,False,True,True
2025_18_BOR_s2,2025_18,BOR,Kick Sauber,2,HARD,HARDEST,True,14.0,61.0,48.0,False,True,False,True
2025_18_COL_s1,2025_18,COL,Alpine,1,SOFT,SOFTEST,True,1.0,14.0,14.0,True,False,True,True
2025_18_COL_s2,2025_18,COL,Alpine,2,MEDIUM,MIDDLE,True,15.0,61.0,47.0,False,True,False,True
2025_18_GAS_s1,2025_18,GAS,Alpine,1,MEDIUM,MIDDLE,True,1.0,24.0,24.0,True,False,True,True
2025_18_GAS_s2,2025_18,GAS,Alpine,2,HARD,HARDEST,True,25.0,51.0,27.0,True,False,True,True
2025_18_GAS_s3,2025_18,GAS,Alpine,3,SOFT,SOFTEST,True,52.0,61.0,10.0,False,True,False,False
2025_18_HAD_s1,2025_18,HAD,Racing Bulls,1,SOFT,SOFTEST,False,1.0,20.0,20.0,True,False,True,True
2025_18_HAD_s2,2025_18,HAD,Racing Bulls,2,HARD,HARDEST,True,21.0,61.0,41.0,False,True,False,True
2025_18_HAM_s1,2025_18,HAM,Ferrari,1,MEDIUM,MIDDLE,True,1.0,24.0,24.0,True,False,True,True
2025_18_HAM_s2,2025_18,HAM,Ferrari,2,HARD,HARDEST,True,25.0,46.0,22.0,True,False,True,True
2025_18_HAM_s3,2025_18,HAM,Ferrari,3,SOFT,SOFTEST,False,47.0,62.0,16.0,False,True,False,False
2025_18_HUL_s1,2025_18,HUL,Kick Sauber,1,MEDIUM,MIDDLE,True,1.0,25.0,25.0,True,False,True,True
2025_18_HUL_s2,2025_18,HUL,Kick Sauber,2,HARD,HARDEST,True,26.0,44.0,19.0,True,False,True,True
2025_18_HUL_s3,2025_18,HUL,Kick Sauber,3,SOFT,SOFTEST,True,45.0,61.0,17.0,False,True,False,False
2025_18_LAW_s1,2025_18,LAW,Racing Bulls,1,MEDIUM,MIDDLE,True,1.0,48.0,48.0,True,False,True,True
2025_18_LAW_s2,2025_18,LAW,Racing Bulls,2,SOFT,SOFTEST,True,49.0,61.0,13.0,False,True,False,False
2025_18_LEC_s1,2025_18,LEC,Ferrari,1,MEDIUM,MIDDLE,True,1.0,21.0,21.0,True,False,True,True
2025_18_LEC_s2,2025_18,LEC,Ferrari,2,HARD,HARDEST,True,22.0,62.0,41.0,False,True,False,True
2025_18_NOR_s1,2025_18,NOR,McLaren,1,MEDIUM,MIDDLE,True,1.0,26.0,26.0,True,False,True,True
2025_18_NOR_s2,2025_18,NOR,McLaren,2,HARD,HARDEST,True,27.0,62.0,36.0,False,True,False,True
2025_18_OCO_s1,2025_18,OCO,Haas F1 Team,1,MEDIUM,MIDDLE,True,1.0,30.0,30.0,True,False,True,True
2025_18_OCO_s2,2025_18,OCO,Haas F1 Team,2,HARD,HARDEST,True,31.0,61.0,31.0,False,True,False,True
2025_18_PIA_s1,2025_18,PIA,McLaren,1,MEDIUM,MIDDLE,True,1.0,27.0,27.0,True,False,True,True
2025_18_PIA_s2,2025_18,PIA,McLaren,2,HARD,HARDEST,True,28.0,62.0,35.0,False,True,False,True
2025_18_RUS_s1,2025_18,RUS,Mercedes,1,MEDIUM,MIDDLE,True,1.0,25.0,25.0,True,False,True,True
2025_18_RUS_s2,2025_18,RUS,Mercedes,2,HARD,HARDEST,True,26.0,62.0,37.0,False,True,False,True
2025_18_SAI_s1,2025_18,SAI,Williams,1,MEDIUM,MIDDLE,True,1.0,50.0,50.0,True,False,True,True
2025_18_SAI_s2,2025_18,SAI,Williams,2,SOFT,SOFTEST,True,51.0,61.0,11.0,False,True,False,False
2025_18_STR_s1,2025_18,STR,Aston Martin,1,SOFT,SOFTEST,True,1.0,38.0,38.0,True,False,True,True
2025_18_STR_s2,2025_18,STR,Aston Martin,2,MEDIUM,MIDDLE,False,39.0,61.0,23.0,False,True,False,True
2025_18_TSU_s1,2025_18,TSU,Red Bull Racing,1,SOFT,SOFTEST,True,1.0,13.0,13.0,True,False,True,True
2025_18_TSU_s2,2025_18,TSU,Red Bull Racing,2,HARD,HARDEST,True,14.0,61.0,48.0,False,True,False,True
2025_18_VER_s1,2025_18,VER,Red Bull Racing,1,SOFT,SOFTEST,False,1.0,19.0,19.0,True,False,True,True
2025_18_VER_s2,2025_18,VER,Red Bull Racing,2,HARD,HARDEST,True,20.0,62.0,43.0,False,True,False,True
2025_19_ALB_s1,2025_19,ALB,Williams,1,HARD,HARDEST,True,1.0,7.0,7.0,True,False,True,True
2025_19_ALB_s2,2025_19,ALB,Williams,2,MEDIUM,MIDDLE,True,8.0,36.0,29.0,True,False,True,True
2025_19_ALB_s3,2025_19,ALB,Williams,3,SOFT,SOFTEST,True,37.0,56.0,20.0,False,True,False,False
2025_19_ALO_s1,2025_19,ALO,Aston Martin,1,MEDIUM,MIDDLE,False,1.0,30.0,30.0,True,False,True,True
2025_19_ALO_s2,2025_19,ALO,Aston Martin,2,SOFT,SOFTEST,False,31.0,56.0,26.0,False,True,False,True
2025_19_ANT_s1,2025_19,ANT,Mercedes,1,MEDIUM,MIDDLE,True,1.0,31.0,31.0,True,False,True,True
2025_19_ANT_s2,2025_19,ANT,Mercedes,2,SOFT,SOFTEST,False,32.0,56.0,25.0,False,True,False,True
2025_19_BEA_s1,2025_19,BEA,Haas F1 Team,1,MEDIUM,MIDDLE,True,1.0,30.0,30.0,True,False,True,True
2025_19_BEA_s2,2025_19,BEA,Haas F1 Team,2,SOFT,SOFTEST,False,31.0,56.0,26.0,False,True,False,True
2025_19_BOR_s1,2025_19,BOR,Kick Sauber,1,SOFT,SOFTEST,True,1.0,14.0,14.0,True,False,True,True
2025_19_BOR_s2,2025_19,BOR,Kick Sauber,2,MEDIUM,MIDDLE,True,15.0,36.0,22.0,True,False,True,True
2025_19_BOR_s3,2025_19,BOR,Kick Sauber,3,SOFT,SOFTEST,True,37.0,55.0,19.0,False,True,False,False
2025_19_COL_s1,2025_19,COL,Alpine,1,MEDIUM,MIDDLE,True,1.0,32.0,32.0,True,False,True,True
2025_19_COL_s2,2025_19,COL,Alpine,2,SOFT,SOFTEST,False,33.0,55.0,23.0,False,True,False,True
2025_19_GAS_s1,2025_19,GAS,Alpine,1,MEDIUM,MIDDLE,True,1.0,27.0,27.0,True,False,True,True
2025_19_GAS_s2,2025_19,GAS,Alpine,2,SOFT,SOFTEST,False,28.0,55.0,28.0,False,True,False,True
2025_19_HAD_s1,2025_19,HAD,Racing Bulls,1,HARD,HARDEST,True,1.0,28.0,28.0,True,False,True,True
2025_19_HAD_s2,2025_19,HAD,Racing Bulls,2,SOFT,SOFTEST,True,29.0,56.0,28.0,False,True,False,True
2025_19_HAM_s1,2025_19,HAM,Ferrari,1,MEDIUM,MIDDLE,True,1.0,31.0,31.0,True,False,True,True
2025_19_HAM_s2,2025_19,HAM,Ferrari,2,SOFT,SOFTEST,False,32.0,56.0,25.0,False,True,False,True
2025_19_HUL_s1,2025_19,HUL,Kick Sauber,1,MEDIUM,MIDDLE,True,1.0,33.0,33.0,True,False,True,True
2025_19_HUL_s2,2025_19,HUL,Kick Sauber,2,SOFT,SOFTEST,False,34.0,56.0,23.0,False,True,False,True
2025_19_LAW_s1,2025_19,LAW,Racing Bulls,1,MEDIUM,MIDDLE,True,1.0,30.0,30.0,True,False,True,True
2025_19_LAW_s2,2025_19,LAW,Racing Bulls,2,SOFT,SOFTEST,True,31.0,56.0,26.0,False,True,False,True
2025_19_LEC_s1,2025_19,LEC,Ferrari,1,SOFT,SOFTEST,False,1.0,22.0,22.0,True,False,True,True
2025_19_LEC_s2,2025_19,LEC,Ferrari,2,MEDIUM,MIDDLE,True,23.0,56.0,34.0,False,True,False,True
2025_19_NOR_s1,2025_19,NOR,McLaren,1,MEDIUM,MIDDLE,True,1.0,32.0,32.0,True,False,True,True
2025_19_NOR_s2,2025_19,NOR,McLaren,2,SOFT,SOFTEST,False,33.0,56.0,24.0,False,True,False,True
2025_19_OCO_s1,2025_19,OCO,Haas F1 Team,1,HARD,HARDEST,True,1.0,24.0,24.0,True,False,True,True
2025_19_OCO_s2,2025_19,OCO,Haas F1 Team,2,MEDIUM,MIDDLE,True,25.0,56.0,32.0,False,True,False,True
2025_19_PIA_s1,2025_19,PIA,McLaren,1,MEDIUM,MIDDLE,True,1.0,30.0,30.0,True,False,True,True
2025_19_PIA_s2,2025_19,PIA,McLaren,2,SOFT,SOFTEST,False,31.0,56.0,26.0,False,True,False,True
2025_19_RUS_s1,2025_19,RUS,Mercedes,1,MEDIUM,MIDDLE,True,1.0,33.0,33.0,True,False,True,True
2025_19_RUS_s2,2025_19,RUS,Mercedes,2,SOFT,SOFTEST,False,34.0,56.0,23.0,False,True,False,True
2025_19_SAI_s1,2025_19,SAI,Williams,1,MEDIUM,MIDDLE,True,1.0,6.0,6.0,False,False,False,True
2025_19_STR_s1,2025_19,STR,Aston Martin,1,SOFT,SOFTEST,True,1.0,28.0,28.0,True,False,True,True
2025_19_STR_s2,2025_19,STR,Aston Martin,2,MEDIUM,MIDDLE,False,29.0,56.0,28.0,False,True,False,True
2025_19_TSU_s1,2025_19,TSU,Red Bull Racing,1,MEDIUM,MIDDLE,True,1.0,29.0,29.0,True,False,True,True
2025_19_TSU_s2,2025_19,TSU,Red Bull Racing,2,SOFT,SOFTEST,True,30.0,56.0,27.0,False,True,False,True
2025_19_VER_s1,2025_19,VER,Red Bull Racing,1,MEDIUM,MIDDLE,True,1.0,33.0,33.0,True,False,True,True
2025_19_VER_s2,2025_19,VER,Red Bull Racing,2,SOFT,SOFTEST,False,34.0,56.0,23.0,False,True,False,True
2025_20_ALB_s1,2025_20,ALB,Williams,1,HARD,HARDEST,True,1.0,41.0,41.0,True,False,True,True
2025_20_ALB_s2,2025_20,ALB,Williams,2,SOFT,SOFTEST,True,42.0,70.0,29.0,False,True,False,True
2025_20_ALO_s1,2025_20,ALO,Aston Martin,1,SOFT,SOFTEST,True,1.0,20.0,20.0,True,False,True,True
2025_20_ALO_s2,2025_20,ALO,Aston Martin,2,MEDIUM,MIDDLE,False,21.0,34.0,14.0,True,False,True,False
2025_20_ANT_s1,2025_20,ANT,Mercedes,1,SOFT,SOFTEST,False,1.0,22.0,22.0,True,False,True,True
2025_20_ANT_s2,2025_20,ANT,Mercedes,2,MEDIUM,MIDDLE,False,23.0,47.0,25.0,True,False,True,False
2025_20_ANT_s3,2025_20,ANT,Mercedes,3,SOFT,SOFTEST,False,48.0,71.0,24.0,False,True,False,True
2025_20_BEA_s1,2025_20,BEA,Haas F1 Team,1,SOFT,SOFTEST,False,1.0,24.0,24.0,True,False,True,True
2025_20_BEA_s2,2025_20,BEA,Haas F1 Team,2,MEDIUM,MIDDLE,True,25.0,48.0,24.0,True,False,True,False
2025_20_BEA_s3,2025_20,BEA,Haas F1 Team,3,SOFT,SOFTEST,False,49.0,71.0,23.0,False,True,False,True
2025_20_BOR_s1,2025_20,BOR,Kick Sauber,1,MEDIUM,MIDDLE,True,1.0,37.0,37.0,True,False,True,True
2025_20_BOR_s2,2025_20,BOR,Kick Sauber,2,SOFT,SOFTEST,True,38.0,71.0,34.0,False,True,False,True
2025_20_COL_s1,2025_20,COL,Alpine,1,HARD,HARDEST,True,1.0,48.0,48.0,True,False,True,True
2025_20_COL_s2,2025_20,COL,Alpine,2,SOFT,SOFTEST,True,49.0,70.0,22.0,False,True,False,True
2025_20_GAS_s1,2025_20,GAS,Alpine,1,MEDIUM,MIDDLE,True,1.0,33.0,33.0,True,False,True,True
2025_20_GAS_s2,2025_20,GAS,Alpine,2,SOFT,SOFTEST,True,34.0,70.0,37.0,False,True,False,True
2025_20_HAD_s1,2025_20,HAD,Racing Bulls,1,MEDIUM,MIDDLE,True,1.0,34.0,34.0,True,False,True,True
2025_20_HAD_s2,2025_20,HAD,Racing Bulls,2,SOFT,SOFTEST,False,35.0,70.0,36.0,False,True,False,True
2025_20_HAM_s1,2025_20,HAM,Ferrari,1,SOFT,SOFTEST,False,1.0,23.0,23.0,True,False,True,True
2025_20_HAM_s2,2025_20,HAM,Ferrari,2,MEDIUM,MIDDLE,True,24.0,47.0,24.0,True,False,True,False
2025_20_HAM_s3,2025_20,HAM,Ferrari,3,SOFT,SOFTEST,False,48.0,71.0,24.0,False,True,False,True
2025_20_HUL_s1,2025_20,HUL,Kick Sauber,1,SOFT,SOFTEST,True,1.0,25.0,25.0,True,False,True,True
2025_20_LAW_s1,2025_20,LAW,Racing Bulls,1,SOFT,SOFTEST,True,1.0,2.0,2.0,True,False,True,False
2025_20_LAW_s2,2025_20,LAW,Racing Bulls,2,HARD,HARDEST,True,3.0,5.0,3.0,True,False,True,True
2025_20_LEC_s1,2025_20,LEC,Ferrari,1,SOFT,SOFTEST,True,1.0,31.0,31.0,True,False,True,True
2025_20_LEC_s2,2025_20,LEC,Ferrari,2,MEDIUM,MIDDLE,True,32.0,71.0,40.0,False,True,False,True
2025_20_NOR_s1,2025_20,NOR,McLaren,1,SOFT,SOFTEST,True,1.0,34.0,34.0,True,False,True,True
2025_20_NOR_s2,2025_20,NOR,McLaren,2,MEDIUM,MIDDLE,True,35.0,71.0,37.0,False,True,False,True
2025_20_OCO_s1,2025_20,OCO,Haas F1 Team,1,SOFT,SOFTEST,True,1.0,27.0,27.0,True,False,True,True
2025_20_OCO_s2,2025_20,OCO,Haas F1 Team,2,MEDIUM,MIDDLE,True,28.0,71.0,44.0,False,True,False,True
2025_20_PIA_s1,2025_20,PIA,McLaren,1,SOFT,SOFTEST,False,1.0,24.0,24.0,True,False,True,True
2025_20_PIA_s2,2025_20,PIA,McLaren,2,MEDIUM,MIDDLE,True,25.0,47.0,23.0,True,False,True,False
2025_20_PIA_s3,2025_20,PIA,McLaren,3,SOFT,SOFTEST,False,48.0,71.0,24.0,False,True,False,True
2025_20_RUS_s1,2025_20,RUS,Mercedes,1,SOFT,SOFTEST,False,1.0,25.0,25.0,True,False,True,True
2025_20_RUS_s2,2025_20,RUS,Mercedes,2,MEDIUM,MIDDLE,True,26.0,48.0,23.0,True,False,True,False
2025_20_RUS_s3,2025_20,RUS,Mercedes,3,SOFT,SOFTEST,False,49.0,71.0,23.0,False,True,False,True
2025_20_SAI_s1,2025_20,SAI,Williams,1,MEDIUM,MIDDLE,True,1.0,17.0,17.0,True,False,True,True
2025_20_SAI_s2,2025_20,SAI,Williams,2,SOFT,SOFTEST,False,18.0,46.0,29.0,True,False,True,False
2025_20_SAI_s3,2025_20,SAI,Williams,3,SOFT,SOFTEST,False,47.0,56.0,10.0,True,False,True,False
2025_20_SAI_s4,2025_20,SAI,Williams,4,SOFT,SOFTEST,False,57.0,68.0,12.0,False,False,False,True
2025_20_STR_s1,2025_20,STR,Aston Martin,1,SOFT,SOFTEST,True,1.0,26.0,26.0,True,False,True,True
2025_20_STR_s2,2025_20,STR,Aston Martin,2,MEDIUM,MIDDLE,False,27.0,43.0,17.0,True,False,True,False
2025_20_STR_s3,2025_20,STR,Aston Martin,3,SOFT,SOFTEST,False,44.0,70.0,27.0,False,True,False,True
2025_20_TSU_s1,2025_20,TSU,Red Bull Racing,1,MEDIUM,MIDDLE,True,1.0,36.0,36.0,True,False,True,True
2025_20_TSU_s2,2025_20,TSU,Red Bull Racing,2,SOFT,SOFTEST,True,37.0,71.0,35.0,False,True,False,True
2025_20_VER_s1,2025_20,VER,Red Bull Racing,1,MEDIUM,MIDDLE,True,1.0,37.0,37.0,True,False,True,True
2025_20_VER_s2,2025_20,VER,Red Bull Racing,2,SOFT,SOFTEST,False,38.0,71.0,34.0,False,True,False,True
2025_21_ALB_s1,2025_21,ALB,Williams,1,MEDIUM,MIDDLE,False,1.0,35.0,35.0,True,False,True,True
2025_21_ALB_s2,2025_21,ALB,Williams,2,SOFT,SOFTEST,False,36.0,55.0,20.0,True,False,True,False
2025_21_ALB_s3,2025_21,ALB,Williams,3,MEDIUM,MIDDLE,True,56.0,71.0,16.0,False,True,False,False
2025_21_ALO_s1,2025_21,ALO,Aston Martin,1,HARD,HARDEST,True,1.0,28.0,28.0,True,False,True,True
2025_21_ALO_s2,2025_21,ALO,Aston Martin,2,MEDIUM,MIDDLE,False,29.0,46.0,18.0,True,False,True,False
2025_21_ALO_s3,2025_21,ALO,Aston Martin,3,MEDIUM,MIDDLE,True,47.0,71.0,25.0,False,True,False,False
2025_21_ANT_s1,2025_21,ANT,Mercedes,1,SOFT,SOFTEST,False,1.0,21.0,21.0,True,False,True,True
2025_21_ANT_s2,2025_21,ANT,Mercedes,2,MEDIUM,MIDDLE,True,22.0,47.0,26.0,True,False,True,False
2025_21_ANT_s3,2025_21,ANT,Mercedes,3,MEDIUM,MIDDLE,False,48.0,71.0,24.0,False,True,False,False
2025_21_BEA_s1,2025_21,BEA,Haas F1 Team,1,SOFT,SOFTEST,False,1.0,17.0,17.0,True,False,True,True
2025_21_BEA_s2,2025_21,BEA,Haas F1 Team,2,MEDIUM,MIDDLE,True,18.0,42.0,25.0,True,False,True,False
2025_21_BEA_s3,2025_21,BEA,Haas F1 Team,3,MEDIUM,MIDDLE,False,43.0,71.0,29.0,False,True,False,False
2025_21_BOR_s1,2025_21,BOR,Kick Sauber,1,SOFT,SOFTEST,True,1.0,1.0,1.0,False,False,False,True
2025_21_COL_s1,2025_21,COL,Alpine,1,MEDIUM,MIDDLE,True,1.0,29.0,29.0,True,False,True,True
2025_21_COL_s2,2025_21,COL,Alpine,2,SOFT,SOFTEST,True,30.0,43.0,14.0,True,False,True,False
2025_21_COL_s3,2025_21,COL,Alpine,3,MEDIUM,MIDDLE,True,44.0,71.0,28.0,False,True,False,False
2025_21_GAS_s1,2025_21,GAS,Alpine,1,SOFT,SOFTEST,False,1.0,18.0,18.0,True,False,True,True
2025_21_GAS_s2,2025_21,GAS,Alpine,2,MEDIUM,MIDDLE,True,19.0,39.0,21.0,True,False,True,False
2025_21_GAS_s3,2025_21,GAS,Alpine,3,MEDIUM,MIDDLE,False,40.0,71.0,32.0,False,True,False,False
2025_21_HAD_s1,2025_21,HAD,Racing Bulls,1,SOFT,SOFTEST,False,1.0,18.0,18.0,True,False,True,True
2025_21_HAD_s2,2025_21,HAD,Racing Bulls,2,MEDIUM,MIDDLE,False,19.0,37.0,19.0,True,False,True,False
2025_21_HAD_s3,2025_21,HAD,Racing Bulls,3,MEDIUM,MIDDLE,True,38.0,71.0,34.0,False,True,False,False
2025_21_HAM_s1,2025_21,HAM,Ferrari,1,SOFT,SOFTEST,True,1.0,2.0,2.0,True,False,True,True
2025_21_HAM_s2,2025_21,HAM,Ferrari,2,HARD,HARDEST,True,3.0,14.0,12.0,True,False,True,True
2025_21_HAM_s3,2025_21,HAM,Ferrari,3,MEDIUM,MIDDLE,True,15.0,32.0,18.0,True,False,True,False
2025_21_HAM_s4,2025_21,HAM,Ferrari,4,MEDIUM,MIDDLE,False,33.0,37.0,5.0,True,False,True,False
2025_21_HUL_s1,2025_21,HUL,Kick Sauber,1,MEDIUM,MIDDLE,True,1.0,36.0,36.0,True,False,True,True
2025_21_HUL_s2,2025_21,HUL,Kick Sauber,2,SOFT,SOFTEST,False,37.0,71.0,35.0,False,True,False,False
2025_21_LAW_s1,2025_21,LAW,Racing Bulls,1,SOFT,SOFTEST,False,1.0,19.0,19.0,True,False,True,True
2025_21_LAW_s2,2025_21,LAW,Racing Bulls,2,MEDIUM,MIDDLE,True,20.0,71.0,52.0,False,True,False,False
2025_21_LEC_s1,2025_21,LEC,Ferrari,1,MEDIUM,MIDDLE,True,1.0,6.0,6.0,False,False,False,True
2025_21_NOR_s1,2025_21,NOR,McLaren,1,MEDIUM,MIDDLE,True,1.0,30.0,30.0,True,False,True,True
2025_21_NOR_s2,2025_21,NOR,McLaren,2,SOFT,SOFTEST,False,31.0,50.0,20.0,True,False,True,False
2025_21_NOR_s3,2025_21,NOR,McLaren,3,MEDIUM,MIDDLE,False,51.0,71.0,21.0,False,True,False,False
2025_21_OCO_s1,2025_21,OCO,Haas F1 Team,1,HARD,HARDEST,True,1.0,8.0,8.0,True,False,True,True
2025_21_OCO_s2,2025_21,OCO,Haas F1 Team,2,MEDIUM,MIDDLE,True,9.0,47.0,39.0,True,False,True,False
2025_21_OCO_s3,2025_21,OCO,Haas F1 Team,3,MEDIUM,MIDDLE,True,48.0,71.0,24.0,False,True,False,False
2025_21_PIA_s1,2025_21,PIA,McLaren,1,MEDIUM,MIDDLE,True,1.0,38.0,38.0,True,False,True,True
2025_21_PIA_s2,2025_21,PIA,McLaren,2,SOFT,SOFTEST,False,39.0,51.0,13.0,True,False,True,False
2025_21_PIA_s3,2025_21,PIA,McLaren,3,MEDIUM,MIDDLE,False,52.0,71.0,20.0,False,True,False,False
2025_21_RUS_s1,2025_21,RUS,Mercedes,1,MEDIUM,MIDDLE,False,1.0,34.0,34.0,True,False,True,True
2025_21_RUS_s2,2025_21,RUS,Mercedes,2,SOFT,SOFTEST,False,35.0,48.0,14.0,True,False,True,False
2025_21_RUS_s3,2025_21,RUS,Mercedes,3,MEDIUM,MIDDLE,False,49.0,71.0,23.0,False,True,False,False
2025_21_SAI_s1,2025_21,SAI,Williams,1,SOFT,SOFTEST,True,1.0,17.0,17.0,True,False,True,True
2025_21_SAI_s2,2025_21,SAI,Williams,2,MEDIUM,MIDDLE,True,18.0,38.0,21.0,True,False,True,False
2025_21_SAI_s3,2025_21,SAI,Williams,3,MEDIUM,MIDDLE,True,39.0,71.0,33.0,False,True,False,False
2025_21_STR_s1,2025_21,STR,Aston Martin,1,HARD,HARDEST,True,1.0,29.0,29.0,True,False,True,True
2025_21_STR_s2,2025_21,STR,Aston Martin,2,MEDIUM,MIDDLE,False,30.0,54.0,25.0,True,False,True,False
2025_21_STR_s3,2025_21,STR,Aston Martin,3,MEDIUM,MIDDLE,False,55.0,71.0,17.0,False,True,False,False
2025_21_TSU_s1,2025_21,TSU,Red Bull Racing,1,HARD,HARDEST,True,1.0,2.0,2.0,True,False,True,True
2025_21_TSU_s2,2025_21,TSU,Red Bull Racing,2,MEDIUM,MIDDLE,True,3.0,24.0,22.0,True,False,True,True
2025_21_TSU_s3,2025_21,TSU,Red Bull Racing,3,MEDIUM,MIDDLE,True,25.0,47.0,23.0,True,False,True,False
2025_21_TSU_s4,2025_21,TSU,Red Bull Racing,4,MEDIUM,MIDDLE,True,48.0,71.0,24.0,False,True,False,False
2025_21_VER_s1,2025_21,VER,Red Bull Racing,1,HARD,HARDEST,True,1.0,7.0,7.0,True,False,True,True
2025_21_VER_s2,2025_21,VER,Red Bull Racing,2,MEDIUM,MIDDLE,True,8.0,34.0,27.0,True,False,True,True
2025_21_VER_s3,2025_21,VER,Red Bull Racing,3,MEDIUM,MIDDLE,True,35.0,54.0,20.0,True,False,True,False
2025_21_VER_s4,2025_21,VER,Red Bull Racing,4,SOFT,SOFTEST,True,55.0,71.0,17.0,False,True,False,False
2025_22_ALB_s1,2025_22,ALB,Williams,1,HARD,HARDEST,True,1.0,13.0,13.0,True,False,True,True
2025_22_ALB_s2,2025_22,ALB,Williams,2,MEDIUM,MIDDLE,True,14.0,14.0,1.0,True,False,True,False
2025_22_ALB_s3,2025_22,ALB,Williams,3,HARD,HARDEST,True,15.0,34.0,20.0,True,False,True,True
2025_22_ALB_s4,2025_22,ALB,Williams,4,MEDIUM,MIDDLE,False,35.0,35.0,1.0,True,False,True,False
2025_22_ALO_s1,2025_22,ALO,Aston Martin,1,MEDIUM,MIDDLE,True,1.0,16.0,16.0,True,False,True,True
2025_22_ALO_s2,2025_22,ALO,Aston Martin,2,HARD,HARDEST,True,17.0,50.0,34.0,False,True,False,False
2025_22_ANT_s1,2025_22,ANT,Mercedes,1,SOFT,SOFTEST,True,1.0,2.0,2.0,True,False,True,True
2025_22_ANT_s2,2025_22,ANT,Mercedes,2,HARD,HARDEST,True,3.0,50.0,48.0,False,True,False,True
2025_22_BEA_s1,2025_22,BEA,Haas F1 Team,1,MEDIUM,MIDDLE,True,1.0,17.0,17.0,True,False,True,True
2025_22_BEA_s2,2025_22,BEA,Haas F1 Team,2,HARD,HARDEST,True,18.0,50.0,33.0,False,True,False,False
2025_22_BOR_s1,2025_22,BOR,Kick Sauber,1,HARD,HARDEST,True,1.0,1.0,1.0,True,False,True,True
2025_22_BOR_s2,2025_22,BOR,Kick Sauber,2,MEDIUM,MIDDLE,True,2.0,2.0,1.0,True,False,True,True
2025_22_COL_s1,2025_22,COL,Alpine,1,HARD,HARDEST,True,1.0,25.0,25.0,True,False,True,True
2025_22_COL_s2,2025_22,COL,Alpine,2,MEDIUM,MIDDLE,True,26.0,49.0,24.0,False,True,False,False
2025_22_GAS_s1,2025_22,GAS,Alpine,1,MEDIUM,MIDDLE,True,1.0,2.0,2.0,True,False,True,True
2025_22_GAS_s2,2025_22,GAS,Alpine,2,HARD,HARDEST,True,3.0,50.0,48.0,False,True,False,True
2025_22_HAD_s1,2025_22,HAD,Racing Bulls,1,MEDIUM,MIDDLE,True,1.0,20.0,20.0,True,False,True,True
2025_22_HAD_s2,2025_22,HAD,Racing Bulls,2,HARD,HARDEST,True,21.0,50.0,30.0,False,True,False,False
2025_22_HAM_s1,2025_22,HAM,Ferrari,1,HARD,HARDEST,True,1.0,29.0,29.0,True,False,True,True
2025_22_HAM_s2,2025_22,HAM,Ferrari,2,MEDIUM,MIDDLE,True,30.0,50.0,21.0,False,True,False,False
2025_22_HUL_s1,2025_22,HUL,Kick Sauber,1,HARD,HARDEST,True,1.0,30.0,30.0,True,False,True,True
2025_22_HUL_s2,2025_22,HUL,Kick Sauber,2,MEDIUM,MIDDLE,True,31.0,50.0,20.0,False,True,False,False
2025_22_LAW_s1,2025_22,LAW,Racing Bulls,1,MEDIUM,MIDDLE,True,1.0,2.0,2.0,True,False,True,True
2025_22_LAW_s2,2025_22,LAW,Racing Bulls,2,HARD,HARDEST,True,3.0,28.0,26.0,True,False,True,True
2025_22_LAW_s3,2025_22,LAW,Racing Bulls,3,HARD,HARDEST,True,29.0,49.0,21.0,False,True,False,False
2025_22_LEC_s1,2025_22,LEC,Ferrari,1,MEDIUM,MIDDLE,True,1.0,24.0,24.0,True,False,True,True
2025_22_LEC_s2,2025_22,LEC,Ferrari,2,HARD,HARDEST,True,25.0,50.0,26.0,False,True,False,False
2025_22_NOR_s1,2025_22,NOR,McLaren,1,MEDIUM,MIDDLE,True,1.0,22.0,22.0,True,False,True,True
2025_22_NOR_s2,2025_22,NOR,McLaren,2,HARD,HARDEST,True,23.0,50.0,28.0,False,True,False,False
2025_22_OCO_s1,2025_22,OCO,Haas F1 Team,1,MEDIUM,MIDDLE,True,1.0,27.0,27.0,True,False,True,True
2025_22_OCO_s2,2025_22,OCO,Haas F1 Team,2,HARD,HARDEST,True,28.0,50.0,23.0,False,True,False,False
2025_22_PIA_s1,2025_22,PIA,McLaren,1,MEDIUM,MIDDLE,True,1.0,21.0,21.0,True,False,True,True
2025_22_PIA_s2,2025_22,PIA,McLaren,2,HARD,HARDEST,True,22.0,50.0,29.0,False,True,False,False
2025_22_RUS_s1,2025_22,RUS,Mercedes,1,MEDIUM,MIDDLE,True,1.0,17.0,17.0,True,False,True,True
2025_22_RUS_s2,2025_22,RUS,Mercedes,2,HARD,HARDEST,True,18.0,50.0,33.0,False,True,False,False
2025_22_SAI_s1,2025_22,SAI,Williams,1,MEDIUM,MIDDLE,True,1.0,22.0,22.0,True,False,True,True
2025_22_SAI_s2,2025_22,SAI,Williams,2,HARD,HARDEST,True,23.0,50.0,28.0,False,True,False,False
2025_22_STR_s1,2025_22,STR,Aston Martin,1,MEDIUM,MIDDLE,True,1.0,1.0,1.0,False,False,False,True
2025_22_TSU_s1,2025_22,TSU,Red Bull Racing,1,MEDIUM,MIDDLE,True,1.0,1.0,1.0,True,False,True,True
2025_22_TSU_s2,2025_22,TSU,Red Bull Racing,2,HARD,HARDEST,True,2.0,27.0,26.0,True,False,True,True
2025_22_TSU_s3,2025_22,TSU,Red Bull Racing,3,MEDIUM,MIDDLE,False,28.0,50.0,23.0,False,True,False,False
2025_22_VER_s1,2025_22,VER,Red Bull Racing,1,MEDIUM,MIDDLE,True,1.0,25.0,25.0,True,False,True,True
2025_22_VER_s2,2025_22,VER,Red Bull Racing,2,HARD,HARDEST,True,26.0,50.0,25.0,False,True,False,False
2025_23_ALB_s1,2025_23,ALB,Williams,1,HARD,HARDEST,True,1.0,7.0,7.0,True,False,True,True
2025_23_ALB_s2,2025_23,ALB,Williams,2,MEDIUM,MIDDLE,True,8.0,32.0,25.0,True,False,True,True
2025_23_ALB_s3,2025_23,ALB,Williams,3,MEDIUM,MIDDLE,True,33.0,57.0,25.0,False,True,False,False
2025_23_ALO_s1,2025_23,ALO,Aston Martin,1,MEDIUM,MIDDLE,True,1.0,7.0,7.0,True,False,True,True
2025_23_ALO_s2,2025_23,ALO,Aston Martin,2,MEDIUM,MIDDLE,True,8.0,32.0,25.0,True,False,True,True
2025_23_ALO_s3,2025_23,ALO,Aston Martin,3,HARD,HARDEST,True,33.0,57.0,25.0,False,True,False,False
2025_23_ANT_s1,2025_23,ANT,Mercedes,1,MEDIUM,MIDDLE,True,1.0,7.0,7.0,True,False,True,True
2025_23_ANT_s2,2025_23,ANT,Mercedes,2,MEDIUM,MIDDLE,True,8.0,32.0,25.0,True,False,True,True
2025_23_ANT_s3,2025_23,ANT,Mercedes,3,HARD,HARDEST,True,33.0,57.0,25.0,False,True,False,False
2025_23_BEA_s1,2025_23,BEA,Haas F1 Team,1,MEDIUM,MIDDLE,True,1.0,7.0,7.0,True,False,True,True
2025_23_BEA_s2,2025_23,BEA,Haas F1 Team,2,MEDIUM,MIDDLE,True,8.0,32.0,25.0,True,False,True,True
2025_23_BEA_s3,2025_23,BEA,Haas F1 Team,3,HARD,HARDEST,True,33.0,40.0,8.0,True,False,True,False
2025_23_BEA_s4,2025_23,BEA,Haas F1 Team,4,HARD,HARDEST,False,41.0,41.0,1.0,True,False,True,False
2025_23_BOR_s1,2025_23,BOR,Kick Sauber,1,MEDIUM,MIDDLE,True,1.0,7.0,7.0,True,False,True,True
2025_23_BOR_s2,2025_23,BOR,Kick Sauber,2,MEDIUM,MIDDLE,True,8.0,32.0,25.0,True,False,True,True
2025_23_BOR_s3,2025_23,BOR,Kick Sauber,3,SOFT,SOFTEST,True,33.0,57.0,25.0,False,True,False,False
2025_23_COL_s1,2025_23,COL,Alpine,1,HARD,HARDEST,True,1.0,7.0,7.0,True,False,True,True
2025_23_COL_s2,2025_23,COL,Alpine,2,MEDIUM,MIDDLE,True,8.0,32.0,25.0,True,False,True,True
2025_23_COL_s3,2025_23,COL,Alpine,3,MEDIUM,MIDDLE,True,33.0,56.0,24.0,False,True,False,False
2025_23_GAS_s1,2025_23,GAS,Alpine,1,MEDIUM,MIDDLE,True,1.0,7.0,7.0,True,False,True,True
2025_23_GAS_s2,2025_23,GAS,Alpine,2,HARD,HARDEST,True,8.0,32.0,25.0,True,False,True,True
2025_23_GAS_s3,2025_23,GAS,Alpine,3,MEDIUM,MIDDLE,True,33.0,56.0,24.0,False,True,False,False
2025_23_HAD_s1,2025_23,HAD,Racing Bulls,1,MEDIUM,MIDDLE,True,1.0,7.0,7.0,True,False,True,True
2025_23_HAD_s2,2025_23,HAD,Racing Bulls,2,MEDIUM,MIDDLE,True,8.0,32.0,25.0,True,False,True,True
2025_23_HAD_s3,2025_23,HAD,Racing Bulls,3,HARD,HARDEST,True,33.0,55.0,23.0,True,False,True,False
2025_23_HAM_s1,2025_23,HAM,Ferrari,1,SOFT,SOFTEST,True,1.0,7.0,7.0,True,False,True,True
2025_23_HAM_s2,2025_23,HAM,Ferrari,2,MEDIUM,MIDDLE,True,8.0,32.0,25.0,True,False,True,True
2025_23_HAM_s3,2025_23,HAM,Ferrari,3,MEDIUM,MIDDLE,True,33.0,57.0,25.0,False,True,False,False
2025_23_HUL_s1,2025_23,HUL,Kick Sauber,1,SOFT,SOFTEST,True,1.0,7.0,7.0,False,False,False,True
2025_23_LAW_s1,2025_23,LAW,Racing Bulls,1,MEDIUM,MIDDLE,True,1.0,7.0,7.0,True,False,True,True
2025_23_LAW_s2,2025_23,LAW,Racing Bulls,2,MEDIUM,MIDDLE,True,8.0,32.0,25.0,True,False,True,True
2025_23_LAW_s3,2025_23,LAW,Racing Bulls,3,HARD,HARDEST,True,33.0,57.0,25.0,False,True,False,False
2025_23_LEC_s1,2025_23,LEC,Ferrari,1,MEDIUM,MIDDLE,True,1.0,7.0,7.0,True,False,True,True
2025_23_LEC_s2,2025_23,LEC,Ferrari,2,MEDIUM,MIDDLE,True,8.0,32.0,25.0,True,False,True,True
2025_23_LEC_s3,2025_23,LEC,Ferrari,3,HARD,HARDEST,True,33.0,57.0,25.0,False,True,False,False
2025_23_NOR_s1,2025_23,NOR,McLaren,1,MEDIUM,MIDDLE,True,1.0,25.0,25.0,True,False,True,True
2025_23_NOR_s2,2025_23,NOR,McLaren,2,MEDIUM,MIDDLE,True,26.0,44.0,19.0,True,False,True,False
2025_23_NOR_s3,2025_23,NOR,McLaren,3,HARD,HARDEST,True,45.0,57.0,13.0,False,True,False,False
2025_23_OCO_s1,2025_23,OCO,Haas F1 Team,1,MEDIUM,MIDDLE,True,1.0,8.0,8.0,True,False,True,True
2025_23_OCO_s2,2025_23,OCO,Haas F1 Team,2,HARD,HARDEST,True,9.0,9.0,1.0,True,False,True,True
2025_23_OCO_s3,2025_23,OCO,Haas F1 Team,3,MEDIUM,MIDDLE,True,10.0,34.0,25.0,True,False,True,True
2025_23_OCO_s4,2025_23,OCO,Haas F1 Team,4,HARD,HARDEST,False,35.0,56.0,22.0,False,True,False,False
2025_23_PIA_s1,2025_23,PIA,McLaren,1,MEDIUM,MIDDLE,True,1.0,24.0,24.0,True,False,True,True
2025_23_PIA_s2,2025_23,PIA,McLaren,2,MEDIUM,MIDDLE,True,25.0,42.0,18.0,True,False,True,False
2025_23_PIA_s3,2025_23,PIA,McLaren,3,HARD,HARDEST,True,43.0,57.0,15.0,False,True,False,False
2025_23_RUS_s1,2025_23,RUS,Mercedes,1,MEDIUM,MIDDLE,True,1.0,7.0,7.0,True,False,True,True
2025_23_RUS_s2,2025_23,RUS,Mercedes,2,MEDIUM,MIDDLE,True,8.0,32.0,25.0,True,False,True,True
2025_23_RUS_s3,2025_23,RUS,Mercedes,3,HARD,HARDEST,True,33.0,57.0,25.0,False,True,False,False
2025_23_SAI_s1,2025_23,SAI,Williams,1,MEDIUM,MIDDLE,True,1.0,7.0,7.0,True,False,True,True
2025_23_SAI_s2,2025_23,SAI,Williams,2,MEDIUM,MIDDLE,True,8.0,32.0,25.0,True,False,True,True
2025_23_SAI_s3,2025_23,SAI,Williams,3,HARD,HARDEST,True,33.0,57.0,25.0,False,True,False,False
2025_23_STR_s1,2025_23,STR,Aston Martin,1,MEDIUM,MIDDLE,True,1.0,7.0,7.0,True,False,True,True
2025_23_STR_s2,2025_23,STR,Aston Martin,2,MEDIUM,MIDDLE,True,8.0,24.0,17.0,True,False,True,True
2025_23_STR_s3,2025_23,STR,Aston Martin,3,MEDIUM,MIDDLE,True,25.0,49.0,25.0,True,False,True,False
2025_23_STR_s4,2025_23,STR,Aston Martin,4,SOFT,SOFTEST,True,50.0,55.0,6.0,True,False,True,False
2025_23_TSU_s1,2025_23,TSU,Red Bull Racing,1,MEDIUM,MIDDLE,True,1.0,7.0,7.0,True,False,True,True
2025_23_TSU_s2,2025_23,TSU,Red Bull Racing,2,MEDIUM,MIDDLE,True,8.0,32.0,25.0,True,False,True,True
2025_23_TSU_s3,2025_23,TSU,Red Bull Racing,3,HARD,HARDEST,True,33.0,57.0,25.0,False,True,False,False
2025_23_VER_s1,2025_23,VER,Red Bull Racing,1,MEDIUM,MIDDLE,True,1.0,7.0,7.0,True,False,True,True
2025_23_VER_s2,2025_23,VER,Red Bull Racing,2,MEDIUM,MIDDLE,True,8.0,32.0,25.0,True,False,True,True
2025_23_VER_s3,2025_23,VER,Red Bull Racing,3,HARD,HARDEST,True,33.0,57.0,25.0,False,True,False,False
2025_24_ALB_s1,2025_24,ALB,Williams,1,SOFT,SOFTEST,True,1.0,8.0,8.0,True,False,True,False
2025_24_ALB_s2,2025_24,ALB,Williams,2,HARD,HARDEST,True,9.0,33.0,25.0,True,False,True,False
2025_24_ALB_s3,2025_24,ALB,Williams,3,MEDIUM,MIDDLE,True,34.0,58.0,25.0,False,True,False,False
2025_24_ALO_s1,2025_24,ALO,Aston Martin,1,MEDIUM,MIDDLE,False,1.0,16.0,16.0,True,False,True,False
2025_24_ALO_s2,2025_24,ALO,Aston Martin,2,HARD,HARDEST,False,17.0,58.0,42.0,False,True,False,False
2025_24_ANT_s1,2025_24,ANT,Mercedes,1,HARD,HARDEST,True,1.0,32.0,32.0,True,False,True,False
2025_24_ANT_s2,2025_24,ANT,Mercedes,2,MEDIUM,MIDDLE,True,33.0,58.0,26.0,False,True,False,False
2025_24_BEA_s1,2025_24,BEA,Haas F1 Team,1,MEDIUM,MIDDLE,True,1.0,14.0,14.0,True,False,True,False
2025_24_BEA_s2,2025_24,BEA,Haas F1 Team,2,HARD,HARDEST,True,15.0,58.0,44.0,False,True,False,False
2025_24_BOR_s1,2025_24,BOR,Kick Sauber,1,MEDIUM,MIDDLE,True,1.0,15.0,15.0,True,False,True,False
2025_24_BOR_s2,2025_24,BOR,Kick Sauber,2,HARD,HARDEST,True,16.0,58.0,43.0,False,True,False,False
2025_24_COL_s1,2025_24,COL,Alpine,1,MEDIUM,MIDDLE,True,1.0,15.0,15.0,True,False,True,False
2025_24_COL_s2,2025_24,COL,Alpine,2,HARD,HARDEST,True,16.0,40.0,25.0,True,False,True,False
2025_24_COL_s3,2025_24,COL,Alpine,3,MEDIUM,MIDDLE,True,41.0,57.0,17.0,False,True,False,False
2025_24_GAS_s1,2025_24,GAS,Alpine,1,MEDIUM,MIDDLE,True,1.0,13.0,13.0,True,False,True,False
2025_24_GAS_s2,2025_24,GAS,Alpine,2,HARD,HARDEST,True,14.0,40.0,27.0,True,False,True,False
2025_24_GAS_s3,2025_24,GAS,Alpine,3,MEDIUM,MIDDLE,False,41.0,57.0,17.0,False,True,False,False
2025_24_HAD_s1,2025_24,HAD,Racing Bulls,1,MEDIUM,MIDDLE,True,1.0,14.0,14.0,True,False,True,False
2025_24_HAD_s2,2025_24,HAD,Racing Bulls,2,HARD,HARDEST,True,15.0,57.0,43.0,False,True,False,False
2025_24_HAM_s1,2025_24,HAM,Ferrari,1,SOFT,SOFTEST,True,1.0,8.0,8.0,True,False,True,False
2025_24_HAM_s2,2025_24,HAM,Ferrari,2,HARD,HARDEST,True,9.0,31.0,23.0,True,False,True,False
2025_24_HAM_s3,2025_24,HAM,Ferrari,3,MEDIUM,MIDDLE,True,32.0,58.0,27.0,False,True,False,False
2025_24_HUL_s1,2025_24,HUL,Kick Sauber,1,SOFT,SOFTEST,True,1.0,7.0,7.0,True,False,True,False
2025_24_HUL_s2,2025_24,HUL,Kick Sauber,2,HARD,HARDEST,True,8.0,42.0,35.0,True,False,True,False
2025_24_HUL_s3,2025_24,HUL,Kick Sauber,3,MEDIUM,MIDDLE,True,43.0,58.0,16.0,False,True,False,False
2025_24_LAW_s1,2025_24,LAW,Racing Bulls,1,MEDIUM,MIDDLE,True,1.0,21.0,21.0,True,False,True,False
2025_24_LAW_s2,2025_24,LAW,Racing Bulls,2,HARD,HARDEST,True,22.0,57.0,36.0,False,True,False,False
2025_24_LEC_s1,2025_24,LEC,Ferrari,1,MEDIUM,MIDDLE,True,1.0,16.0,16.0,True,False,True,False
2025_24_LEC_s2,2025_24,LEC,Ferrari,2,HARD,HARDEST,True,17.0,39.0,23.0,True,False,True,False
2025_24_LEC_s3,2025_24,LEC,Ferrari,3,MEDIUM,MIDDLE,False,40.0,58.0,19.0,False,True,False,False
2025_24_NOR_s1,2025_24,NOR,McLaren,1,MEDIUM,MIDDLE,True,1.0,16.0,16.0,True,False,True,False
2025_24_NOR_s2,2025_24,NOR,McLaren,2,HARD,HARDEST,True,17.0,40.0,24.0,True,False,True,False
2025_24_NOR_s3,2025_24,NOR,McLaren,3,HARD,HARDEST,True,41.0,58.0,18.0,False,True,False,False
2025_24_OCO_s1,2025_24,OCO,Haas F1 Team,1,MEDIUM,MIDDLE,True,1.0,19.0,19.0,True,False,True,False
2025_24_OCO_s2,2025_24,OCO,Haas F1 Team,2,HARD,HARDEST,True,20.0,58.0,39.0,False,True,False,False
2025_24_PIA_s1,2025_24,PIA,McLaren,1,HARD,HARDEST,True,1.0,41.0,41.0,True,False,True,False
2025_24_PIA_s2,2025_24,PIA,McLaren,2,MEDIUM,MIDDLE,True,42.0,58.0,17.0,False,True,False,False
2025_24_RUS_s1,2025_24,RUS,Mercedes,1,MEDIUM,MIDDLE,True,1.0,14.0,14.0,True,False,True,False
2025_24_RUS_s2,2025_24,RUS,Mercedes,2,HARD,HARDEST,True,15.0,58.0,44.0,False,True,False,False
2025_24_SAI_s1,2025_24,SAI,Williams,1,MEDIUM,MIDDLE,True,1.0,18.0,18.0,True,False,True,False
2025_24_SAI_s2,2025_24,SAI,Williams,2,HARD,HARDEST,True,19.0,58.0,40.0,False,True,False,False
2025_24_STR_s1,2025_24,STR,Aston Martin,1,HARD,HARDEST,False,1.0,42.0,42.0,True,False,True,False
2025_24_STR_s2,2025_24,STR,Aston Martin,2,MEDIUM,MIDDLE,False,43.0,58.0,16.0,False,True,False,False
2025_24_TSU_s1,2025_24,TSU,Red Bull Racing,1,HARD,HARDEST,True,1.0,32.0,32.0,True,False,True,False
2025_24_TSU_s2,2025_24,TSU,Red Bull Racing,2,MEDIUM,MIDDLE,True,33.0,58.0,26.0,False,True,False,False
2025_24_VER_s1,2025_24,VER,Red Bull Racing,1,MEDIUM,MIDDLE,True,1.0,23.0,23.0,True,False,True,False
2025_24_VER_s2,2025_24,VER,Red Bull Racing,2,HARD,HARDEST,True,24.0,58.0,35.0,False,True,False,False
2026_01_ALB_s1,2026_01,ALB,Williams,1,MEDIUM,MIDDLE,True,1.0,12.0,12.0,True,False,True,True
2026_01_ALB_s2,2026_01,ALB,Williams,2,HARD,HARDEST,True,13.0,33.0,21.0,True,False,True,True
2026_01_ALB_s3,2026_01,ALB,Williams,3,SOFT,SOFTEST,True,34.0,57.0,24.0,False,True,False,False
2026_01_ALO_s1,2026_01,ALO,Aston Martin,1,SOFT,SOFTEST,True,1.0,11.0,11.0,True,False,True,True
2026_01_ALO_s2,2026_01,ALO,Aston Martin,2,SOFT,SOFTEST,True,12.0,13.0,2.0,True,False,True,True
2026_01_ALO_s3,2026_01,ALO,Aston Martin,3,SOFT,SOFTEST,False,14.0,22.0,9.0,True,False,True,True
2026_01_ANT_s1,2026_01,ANT,Mercedes,1,MEDIUM,MIDDLE,True,1.0,12.0,12.0,True,False,True,True
2026_01_ANT_s2,2026_01,ANT,Mercedes,2,HARD,HARDEST,True,13.0,58.0,46.0,False,True,False,True
2026_01_BEA_s1,2026_01,BEA,Haas F1 Team,1,MEDIUM,MIDDLE,True,1.0,18.0,18.0,True,False,True,True
2026_01_BEA_s2,2026_01,BEA,Haas F1 Team,2,HARD,HARDEST,True,19.0,57.0,39.0,False,True,False,True
2026_01_BOR_s1,2026_01,BOR,Audi,1,MEDIUM,MIDDLE,True,1.0,18.0,18.0,True,False,True,True
2026_01_BOR_s2,2026_01,BOR,Audi,2,HARD,HARDEST,True,19.0,33.0,15.0,True,False,True,True
2026_01_BOR_s3,2026_01,BOR,Audi,3,HARD,HARDEST,True,34.0,57.0,24.0,False,True,False,True
2026_01_BOT_s1,2026_01,BOT,Cadillac,1,HARD,HARDEST,True,1.0,12.0,12.0,True,False,True,True
2026_01_BOT_s2,2026_01,BOT,Cadillac,2,HARD,HARDEST,False,13.0,16.0,4.0,False,False,False,True
2026_01_COL_s1,2026_01,COL,Alpine,1,HARD,HARDEST,True,1.0,9.0,9.0,True,False,True,False
2026_01_COL_s2,2026_01,COL,Alpine,2,HARD,HARDEST,False,10.0,46.0,37.0,True,False,True,True
2026_01_COL_s3,2026_01,COL,Alpine,3,SOFT,SOFTEST,True,47.0,56.0,10.0,False,False,False,False
2026_01_GAS_s1,2026_01,GAS,Alpine,1,MEDIUM,MIDDLE,True,1.0,11.0,11.0,True,False,True,True
2026_01_GAS_s2,2026_01,GAS,Alpine,2,HARD,HARDEST,True,12.0,57.0,46.0,False,True,False,True
2026_01_HAD_s1,2026_01,HAD,Red Bull Racing,1,MEDIUM,MIDDLE,True,1.0,11.0,11.0,False,False,False,True
2026_01_HAM_s1,2026_01,HAM,Ferrari,1,MEDIUM,MIDDLE,True,1.0,28.0,28.0,True,False,True,True
2026_01_HAM_s2,2026_01,HAM,Ferrari,2,HARD,HARDEST,True,29.0,58.0,30.0,False,True,False,True
2026_01_HUL_s1,2026_01,HUL,Audi,1,HARD,HARDEST,True,1.0,1.0,1.0,False,False,False,False
2026_01_LAW_s1,2026_01,LAW,Racing Bulls,1,MEDIUM,MIDDLE,True,1.0,11.0,11.0,True,False,True,True
2026_01_LAW_s2,2026_01,LAW,Racing Bulls,2,HARD,HARDEST,True,12.0,33.0,22.0,True,False,True,True
2026_01_LAW_s3,2026_01,LAW,Racing Bulls,3,SOFT,SOFTEST,True,34.0,57.0,24.0,False,True,False,False
2026_01_LEC_s1,2026_01,LEC,Ferrari,1,MEDIUM,MIDDLE,True,1.0,25.0,25.0,True,False,True,True
2026_01_LEC_s2,2026_01,LEC,Ferrari,2,HARD,HARDEST,True,26.0,58.0,33.0,False,True,False,True
2026_01_LIN_s1,2026_01,LIN,Racing Bulls,1,MEDIUM,MIDDLE,True,1.0,18.0,18.0,True,False,True,True
2026_01_LIN_s2,2026_01,LIN,Racing Bulls,2,HARD,HARDEST,True,19.0,57.0,39.0,False,True,False,True
2026_01_NOR_s1,2026_01,NOR,McLaren,1,MEDIUM,MIDDLE,True,1.0,11.0,11.0,True,False,True,True
2026_01_NOR_s2,2026_01,NOR,McLaren,2,HARD,HARDEST,True,12.0,34.0,23.0,True,False,True,True
2026_01_NOR_s3,2026_01,NOR,McLaren,3,MEDIUM,MIDDLE,True,35.0,58.0,24.0,False,True,False,False
2026_01_OCO_s1,2026_01,OCO,Haas F1 Team,1,MEDIUM,MIDDLE,True,1.0,11.0,11.0,True,False,True,True
2026_01_OCO_s2,2026_01,OCO,Haas F1 Team,2,HARD,HARDEST,True,12.0,57.0,46.0,False,True,False,True
2026_01_PER_s1,2026_01,PER,Cadillac,1,MEDIUM,MIDDLE,True,1.0,18.0,18.0,True,False,True,True
2026_01_PER_s2,2026_01,PER,Cadillac,2,HARD,HARDEST,True,19.0,43.0,25.0,True,False,True,True
2026_01_PER_s3,2026_01,PER,Cadillac,3,SOFT,SOFTEST,True,44.0,55.0,12.0,False,False,False,False
2026_01_RUS_s1,2026_01,RUS,Mercedes,1,MEDIUM,MIDDLE,True,1.0,12.0,12.0,True,False,True,True
2026_01_RUS_s2,2026_01,RUS,Mercedes,2,HARD,HARDEST,True,13.0,58.0,46.0,False,True,False,True
2026_01_SAI_s1,2026_01,SAI,Williams,1,SOFT,SOFTEST,True,1.0,11.0,11.0,True,False,True,True
2026_01_SAI_s2,2026_01,SAI,Williams,2,HARD,HARDEST,True,12.0,33.0,22.0,True,False,True,True
2026_01_SAI_s3,2026_01,SAI,Williams,3,MEDIUM,MIDDLE,True,34.0,45.0,12.0,True,False,True,False
2026_01_SAI_s4,2026_01,SAI,Williams,4,SOFT,SOFTEST,True,46.0,56.0,11.0,False,False,False,False
2026_01_STR_s1,2026_01,STR,Aston Martin,1,MEDIUM,MIDDLE,True,1.0,11.0,11.0,True,False,True,True
2026_01_STR_s2,2026_01,STR,Aston Martin,2,HARD,HARDEST,True,12.0,26.0,15.0,True,False,True,True
2026_01_STR_s3,2026_01,STR,Aston Martin,3,SOFT,SOFTEST,True,27.0,34.0,8.0,True,False,True,True
2026_01_STR_s4,2026_01,STR,Aston Martin,4,SOFT,SOFTEST,True,35.0,39.0,5.0,True,False,True,False
2026_01_STR_s5,2026_01,STR,Aston Martin,5,SOFT,SOFTEST,True,40.0,43.0,4.0,False,False,False,False
2026_01_VER_s1,2026_01,VER,Red Bull Racing,1,HARD,HARDEST,True,1.0,18.0,18.0,True,False,True,True
2026_01_VER_s2,2026_01,VER,Red Bull Racing,2,MEDIUM,MIDDLE,True,19.0,41.0,23.0,True,False,True,True
2026_01_VER_s3,2026_01,VER,Red Bull Racing,3,HARD,HARDEST,True,42.0,58.0,17.0,False,True,False,False
2026_02_ALB_s1,2026_02,ALB,Williams,1,HARD,HARDEST,True,1.0,1.0,1.0,False,False,False,True
2026_02_ALO_s1,2026_02,ALO,Aston Martin,1,HARD,HARDEST,True,1.0,31.0,31.0,True,False,True,True
2026_02_ALO_s2,2026_02,ALO,Aston Martin,2,MEDIUM,MIDDLE,True,32.0,32.0,1.0,True,False,True,True
2026_02_ANT_s1,2026_02,ANT,Mercedes,1,MEDIUM,MIDDLE,True,1.0,10.0,10.0,True,False,True,True
2026_02_ANT_s2,2026_02,ANT,Mercedes,2,HARD,HARDEST,True,11.0,56.0,46.0,False,True,False,True
2026_02_BEA_s1,2026_02,BEA,Haas F1 Team,1,MEDIUM,MIDDLE,True,1.0,10.0,10.0,True,False,True,True
2026_02_BEA_s2,2026_02,BEA,Haas F1 Team,2,HARD,HARDEST,True,11.0,56.0,46.0,False,True,False,True
2026_02_BOR_s1,2026_02,BOR,Audi,1,HARD,HARDEST,True,1.0,1.0,1.0,False,False,False,True
2026_02_BOT_s1,2026_02,BOT,Cadillac,1,MEDIUM,MIDDLE,True,1.0,10.0,10.0,True,False,True,True
2026_02_BOT_s2,2026_02,BOT,Cadillac,2,HARD,HARDEST,True,11.0,55.0,45.0,False,True,False,True
2026_02_COL_s1,2026_02,COL,Alpine,1,HARD,HARDEST,True,1.0,32.0,32.0,True,False,True,True
2026_02_COL_s2,2026_02,COL,Alpine,2,MEDIUM,MIDDLE,True,33.0,55.0,23.0,False,True,False,True
2026_02_GAS_s1,2026_02,GAS,Alpine,1,MEDIUM,MIDDLE,True,1.0,10.0,10.0,True,False,True,True
2026_02_GAS_s2,2026_02,GAS,Alpine,2,HARD,HARDEST,True,11.0,56.0,46.0,False,True,False,True
2026_02_HAD_s1,2026_02,HAD,Red Bull Racing,1,SOFT,SOFTEST,False,1.0,1.0,1.0,True,False,True,True
2026_02_HAD_s2,2026_02,HAD,Red Bull Racing,2,HARD,HARDEST,True,2.0,10.0,9.0,True,False,True,True
2026_02_HAD_s3,2026_02,HAD,Red Bull Racing,3,HARD,HARDEST,True,11.0,56.0,46.0,False,True,False,True
2026_02_HAM_s1,2026_02,HAM,Ferrari,1,MEDIUM,MIDDLE,True,1.0,10.0,10.0,True,False,True,True
2026_02_HAM_s2,2026_02,HAM,Ferrari,2,HARD,HARDEST,True,11.0,56.0,46.0,False,True,False,True
2026_02_HUL_s1,2026_02,HUL,Audi,1,HARD,HARDEST,True,1.0,35.0,35.0,True,False,True,True
2026_02_HUL_s2,2026_02,HUL,Audi,2,MEDIUM,MIDDLE,True,36.0,55.0,20.0,False,True,False,True
2026_02_LAW_s1,2026_02,LAW,Racing Bulls,1,MEDIUM,MIDDLE,True,1.0,9.0,9.0,True,False,True,True
2026_02_LAW_s2,2026_02,LAW,Racing Bulls,2,HARD,HARDEST,True,10.0,56.0,47.0,False,True,False,True
2026_02_LEC_s1,2026_02,LEC,Ferrari,1,MEDIUM,MIDDLE,True,1.0,10.0,10.0,True,False,True,True
2026_02_LEC_s2,2026_02,LEC,Ferrari,2,HARD,HARDEST,True,11.0,56.0,46.0,False,True,False,True
2026_02_LIN_s1,2026_02,LIN,Racing Bulls,1,HARD,HARDEST,True,1.0,42.0,42.0,True,False,True,True
2026_02_LIN_s2,2026_02,LIN,Racing Bulls,2,MEDIUM,MIDDLE,True,43.0,55.0,13.0,False,True,False,True
2026_02_NOR_s1,2026_02,NOR,McLaren,1,HARD,HARDEST,True,1.0,1.0,1.0,False,False,False,True
2026_02_OCO_s1,2026_02,OCO,Haas F1 Team,1,HARD,HARDEST,True,1.0,29.0,29.0,True,False,True,True
2026_02_OCO_s2,2026_02,OCO,Haas F1 Team,2,MEDIUM,MIDDLE,True,30.0,46.0,17.0,True,False,True,True
2026_02_OCO_s3,2026_02,OCO,Haas F1 Team,3,SOFT,SOFTEST,True,47.0,55.0,9.0,False,True,False,True
2026_02_PER_s1,2026_02,PER,Cadillac,1,MEDIUM,MIDDLE,True,1.0,11.0,11.0,True,False,True,True
2026_02_PER_s2,2026_02,PER,Cadillac,2,HARD,HARDEST,True,12.0,55.0,44.0,False,True,False,True
2026_02_PIA_s1,2026_02,PIA,McLaren,1,MEDIUM,MIDDLE,True,1.0,1.0,1.0,False,False,False,True
2026_02_RUS_s1,2026_02,RUS,Mercedes,1,MEDIUM,MIDDLE,True,1.0,10.0,10.0,True,False,True,True
2026_02_RUS_s2,2026_02,RUS,Mercedes,2,HARD,HARDEST,True,11.0,56.0,46.0,False,True,False,True
2026_02_SAI_s1,2026_02,SAI,Williams,1,MEDIUM,MIDDLE,True,1.0,9.0,9.0,True,False,True,True
2026_02_SAI_s2,2026_02,SAI,Williams,2,HARD,HARDEST,True,10.0,55.0,46.0,False,True,False,True
2026_02_STR_s1,2026_02,STR,Aston Martin,1,HARD,HARDEST,True,1.0,10.0,10.0,False,False,False,True
2026_02_VER_s1,2026_02,VER,Red Bull Racing,1,SOFT,SOFTEST,False,1.0,9.0,9.0,True,False,True,True
2026_02_VER_s2,2026_02,VER,Red Bull Racing,2,HARD,HARDEST,True,10.0,45.0,36.0,True,False,True,True
2026_03_ALB_s1,2026_03,ALB,Williams,1,MEDIUM,MIDDLE,True,1.0,22.0,22.0,True,False,True,True
2026_03_ALB_s2,2026_03,ALB,Williams,2,HARD,HARDEST,True,23.0,45.0,23.0,True,False,True,True
2026_03_ALB_s3,2026_03,ALB,Williams,3,SOFT,SOFTEST,True,46.0,46.0,1.0,True,False,True,False
2026_03_ALB_s4,2026_03,ALB,Williams,4,SOFT,SOFTEST,False,47.0,47.0,1.0,True,False,True,False
2026_03_ALB_s5,2026_03,ALB,Williams,5,SOFT,SOFTEST,False,48.0,48.0,1.0,True,False,True,False
2026_03_ALB_s6,2026_03,ALB,Williams,6,SOFT,SOFTEST,False,49.0,49.0,1.0,True,False,True,False
2026_03_ALB_s7,2026_03,ALB,Williams,7,MEDIUM,MIDDLE,True,50.0,51.0,2.0,False,False,False,False
2026_03_ALO_s1,2026_03,ALO,Aston Martin,1,MEDIUM,MIDDLE,True,1.0,21.0,21.0,True,False,True,True
2026_03_ALO_s2,2026_03,ALO,Aston Martin,2,HARD,HARDEST,True,22.0,23.0,2.0,True,False,True,True
2026_03_ALO_s3,2026_03,ALO,Aston Martin,3,MEDIUM,MIDDLE,True,24.0,52.0,29.0,False,True,False,True
2026_03_ANT_s1,2026_03,ANT,Mercedes,1,MEDIUM,MIDDLE,True,1.0,22.0,22.0,True,False,True,True
2026_03_ANT_s2,2026_03,ANT,Mercedes,2,HARD,HARDEST,True,23.0,53.0,31.0,False,True,False,True
2026_03_BEA_s1,2026_03,BEA,Haas F1 Team,1,MEDIUM,MIDDLE,True,1.0,16.0,16.0,True,False,True,False
2026_03_BEA_s2,2026_03,BEA,Haas F1 Team,2,HARD,HARDEST,True,17.0,21.0,5.0,False,False,False,True
2026_03_BOR_s1,2026_03,BOR,Audi,1,MEDIUM,MIDDLE,True,1.0,22.0,22.0,True,False,True,True
2026_03_BOR_s2,2026_03,BOR,Audi,2,HARD,HARDEST,True,23.0,53.0,31.0,False,True,False,True
2026_03_BOT_s1,2026_03,BOT,Cadillac,1,HARD,HARDEST,True,1.0,19.0,19.0,True,False,True,False
2026_03_BOT_s2,2026_03,BOT,Cadillac,2,MEDIUM,MIDDLE,True,20.0,52.0,33.0,False,True,False,True
2026_03_COL_s1,2026_03,COL,Alpine,1,MEDIUM,MIDDLE,True,1.0,17.0,17.0,True,False,True,False
2026_03_COL_s2,2026_03,COL,Alpine,2,HARD,HARDEST,True,18.0,53.0,36.0,False,True,False,True
2026_03_GAS_s1,2026_03,GAS,Alpine,1,MEDIUM,MIDDLE,True,1.0,22.0,22.0,True,False,True,True
2026_03_GAS_s2,2026_03,GAS,Alpine,2,HARD,HARDEST,True,23.0,53.0,31.0,False,True,False,True
2026_03_HAD_s1,2026_03,HAD,Red Bull Racing,1,MEDIUM,MIDDLE,True,1.0,19.0,19.0,True,False,True,False
2026_03_HAD_s2,2026_03,HAD,Red Bull Racing,2,HARD,HARDEST,True,20.0,53.0,34.0,False,True,False,True
2026_03_HAM_s1,2026_03,HAM,Ferrari,1,MEDIUM,MIDDLE,True,1.0,22.0,22.0,True,False,True,True
2026_03_HAM_s2,2026_03,HAM,Ferrari,2,HARD,HARDEST,True,23.0,53.0,31.0,False,True,False,True
2026_03_HUL_s1,2026_03,HUL,Audi,1,MEDIUM,MIDDLE,True,1.0,23.0,23.0,True,False,True,True
2026_03_HUL_s2,2026_03,HUL,Audi,2,HARD,HARDEST,True,24.0,53.0,30.0,False,True,False,True
2026_03_LAW_s1,2026_03,LAW,Racing Bulls,1,MEDIUM,MIDDLE,True,1.0,22.0,22.0,True,False,True,True
2026_03_LAW_s2,2026_03,LAW,Racing Bulls,2,HARD,HARDEST,True,23.0,53.0,31.0,False,True,False,True
2026_03_LEC_s1,2026_03,LEC,Ferrari,1,MEDIUM,MIDDLE,True,1.0,17.0,17.0,True,False,True,False
2026_03_LEC_s2,2026_03,LEC,Ferrari,2,HARD,HARDEST,True,18.0,53.0,36.0,False,True,False,True
2026_03_LIN_s1,2026_03,LIN,Racing Bulls,1,MEDIUM,MIDDLE,True,1.0,18.0,18.0,True,False,True,False
2026_03_LIN_s2,2026_03,LIN,Racing Bulls,2,HARD,HARDEST,True,19.0,53.0,35.0,False,True,False,True
2026_03_NOR_s1,2026_03,NOR,McLaren,1,MEDIUM,MIDDLE,True,1.0,16.0,16.0,True,False,True,False
2026_03_NOR_s2,2026_03,NOR,McLaren,2,HARD,HARDEST,True,17.0,53.0,37.0,False,True,False,True
2026_03_OCO_s1,2026_03,OCO,Haas F1 Team,1,MEDIUM,MIDDLE,True,1.0,19.0,19.0,True,False,True,False
2026_03_OCO_s2,2026_03,OCO,Haas F1 Team,2,HARD,HARDEST,True,20.0,53.0,34.0,False,True,False,True
2026_03_PER_s1,2026_03,PER,Cadillac,1,MEDIUM,MIDDLE,True,1.0,21.0,21.0,True,False,True,True
2026_03_PER_s2,2026_03,PER,Cadillac,2,HARD,HARDEST,True,22.0,53.0,32.0,False,True,False,True
2026_03_PIA_s1,2026_03,PIA,McLaren,1,MEDIUM,MIDDLE,True,1.0,18.0,18.0,True,False,True,False
2026_03_PIA_s2,2026_03,PIA,McLaren,2,HARD,HARDEST,True,19.0,53.0,35.0,False,True,False,True
2026_03_RUS_s1,2026_03,RUS,Mercedes,1,MEDIUM,MIDDLE,True,1.0,21.0,21.0,True,False,True,False
2026_03_RUS_s2,2026_03,RUS,Mercedes,2,HARD,HARDEST,True,22.0,53.0,32.0,False,True,False,True
2026_03_SAI_s1,2026_03,SAI,Williams,1,MEDIUM,MIDDLE,True,1.0,22.0,22.0,True,False,True,True
2026_03_SAI_s2,2026_03,SAI,Williams,2,HARD,HARDEST,True,23.0,53.0,31.0,False,True,False,True
2026_03_STR_s1,2026_03,STR,Aston Martin,1,MEDIUM,MIDDLE,True,1.0,21.0,21.0,True,False,True,True
2026_03_STR_s2,2026_03,STR,Aston Martin,2,HARD,HARDEST,True,22.0,24.0,3.0,True,False,True,True
2026_03_STR_s3,2026_03,STR,Aston Martin,3,MEDIUM,MIDDLE,True,25.0,30.0,6.0,True,False,True,True
2026_03_VER_s1,2026_03,VER,Red Bull Racing,1,MEDIUM,MIDDLE,True,1.0,22.0,22.0,True,False,True,True
2026_03_VER_s2,2026_03,VER,Red Bull Racing,2,HARD,HARDEST,True,23.0,53.0,31.0,False,True,False,True
2026_04_ALB_s1,2026_04,ALB,Williams,1,MEDIUM,MIDDLE,True,1.0,27.0,27.0,True,False,True,True
2026_04_ALB_s2,2026_04,ALB,Williams,2,HARD,HARDEST,True,28.0,57.0,30.0,False,True,False,True
2026_04_ALO_s1,2026_04,ALO,Aston Martin,1,MEDIUM,MIDDLE,True,1.0,41.0,41.0,True,False,True,True
2026_04_ALO_s2,2026_04,ALO,Aston Martin,2,SOFT,SOFTEST,True,42.0,56.0,15.0,False,True,False,True
2026_04_ANT_s1,2026_04,ANT,Mercedes,1,MEDIUM,MIDDLE,True,1.0,26.0,26.0,True,False,True,True
2026_04_ANT_s2,2026_04,ANT,Mercedes,2,HARD,HARDEST,True,27.0,57.0,31.0,False,True,False,True
2026_04_BEA_s1,2026_04,BEA,Haas F1 Team,1,MEDIUM,MIDDLE,True,1.0,26.0,26.0,True,False,True,True
2026_04_BEA_s2,2026_04,BEA,Haas F1 Team,2,HARD,HARDEST,True,27.0,56.0,30.0,False,True,False,True
2026_04_BOR_s1,2026_04,BOR,Audi,1,MEDIUM,MIDDLE,True,1.0,32.0,32.0,True,False,True,True
2026_04_BOR_s2,2026_04,BOR,Audi,2,HARD,HARDEST,True,33.0,56.0,24.0,False,True,False,True
2026_04_BOT_s1,2026_04,BOT,Cadillac,1,MEDIUM,MIDDLE,True,1.0,6.0,6.0,True,False,True,True
2026_04_BOT_s2,2026_04,BOT,Cadillac,2,SOFT,SOFTEST,True,7.0,21.0,15.0,True,False,True,True
2026_04_BOT_s3,2026_04,BOT,Cadillac,3,MEDIUM,MIDDLE,True,22.0,30.0,9.0,True,False,True,False
2026_04_BOT_s4,2026_04,BOT,Cadillac,4,MEDIUM,MIDDLE,False,31.0,55.0,25.0,False,False,False,True
2026_04_COL_s1,2026_04,COL,Alpine,1,MEDIUM,MIDDLE,True,1.0,31.0,31.0,True,False,True,True
2026_04_COL_s2,2026_04,COL,Alpine,2,HARD,HARDEST,True,32.0,57.0,26.0,False,True,False,True
2026_04_GAS_s1,2026_04,GAS,Alpine,1,MEDIUM,MIDDLE,True,1.0,5.0,5.0,False,False,False,True
2026_04_HAD_s1,2026_04,HAD,Red Bull Racing,1,HARD,HARDEST,True,1.0,5.0,5.0,False,False,False,True
2026_04_HAM_s1,2026_04,HAM,Ferrari,1,MEDIUM,MIDDLE,True,1.0,27.0,27.0,True,False,True,True
2026_04_HAM_s2,2026_04,HAM,Ferrari,2,HARD,HARDEST,True,28.0,57.0,30.0,False,True,False,True
2026_04_HUL_s1,2026_04,HUL,Audi,1,MEDIUM,MIDDLE,True,1.0,1.0,1.0,True,False,True,False
2026_04_HUL_s2,2026_04,HUL,Audi,2,MEDIUM,MIDDLE,True,2.0,7.0,6.0,True,False,True,True
2026_04_LAW_s1,2026_04,LAW,Racing Bulls,1,MEDIUM,MIDDLE,True,1.0,6.0,6.0,True,False,True,True
2026_04_LEC_s1,2026_04,LEC,Ferrari,1,MEDIUM,MIDDLE,True,1.0,21.0,21.0,True,False,True,True
2026_04_LEC_s2,2026_04,LEC,Ferrari,2,HARD,HARDEST,True,22.0,57.0,36.0,False,True,False,True
2026_04_LIN_s1,2026_04,LIN,Racing Bulls,1,MEDIUM,MIDDLE,True,1.0,28.0,28.0,True,False,True,True
2026_04_LIN_s2,2026_04,LIN,Racing Bulls,2,HARD,HARDEST,True,29.0,56.0,28.0,False,True,False,True
2026_04_NOR_s1,2026_04,NOR,McLaren,1,MEDIUM,MIDDLE,True,1.0,27.0,27.0,True,False,True,True
2026_04_NOR_s2,2026_04,NOR,McLaren,2,HARD,HARDEST,True,28.0,57.0,30.0,False,True,False,True
2026_04_OCO_s1,2026_04,OCO,Haas F1 Team,1,MEDIUM,MIDDLE,True,1.0,31.0,31.0,True,False,True,True
2026_04_OCO_s2,2026_04,OCO,Haas F1 Team,2,HARD,HARDEST,True,32.0,56.0,25.0,False,True,False,True
2026_04_PER_s1,2026_04,PER,Cadillac,1,MEDIUM,MIDDLE,True,1.0,29.0,29.0,True,False,True,True
2026_04_PER_s2,2026_04,PER,Cadillac,2,HARD,HARDEST,True,30.0,56.0,27.0,False,True,False,True
2026_04_PIA_s1,2026_04,PIA,McLaren,1,MEDIUM,MIDDLE,True,1.0,28.0,28.0,True,False,True,True
2026_04_PIA_s2,2026_04,PIA,McLaren,2,HARD,HARDEST,True,29.0,57.0,29.0,False,True,False,True
2026_04_RUS_s1,2026_04,RUS,Mercedes,1,MEDIUM,MIDDLE,True,1.0,20.0,20.0,True,False,True,True
2026_04_RUS_s2,2026_04,RUS,Mercedes,2,HARD,HARDEST,True,21.0,57.0,37.0,False,True,False,True
2026_04_SAI_s1,2026_04,SAI,Williams,1,MEDIUM,MIDDLE,True,1.0,28.0,28.0,True,False,True,True
2026_04_SAI_s2,2026_04,SAI,Williams,2,HARD,HARDEST,True,29.0,57.0,29.0,False,True,False,True
2026_04_STR_s1,2026_04,STR,Aston Martin,1,MEDIUM,MIDDLE,True,1.0,21.0,21.0,True,False,True,True
2026_04_STR_s2,2026_04,STR,Aston Martin,2,SOFT,SOFTEST,False,22.0,37.0,16.0,True,False,True,False
2026_04_STR_s3,2026_04,STR,Aston Martin,3,SOFT,SOFTEST,True,38.0,56.0,19.0,False,True,False,True
2026_04_VER_s1,2026_04,VER,Red Bull Racing,1,MEDIUM,MIDDLE,True,1.0,6.0,6.0,True,False,True,True
2026_04_VER_s2,2026_04,VER,Red Bull Racing,2,HARD,HARDEST,True,7.0,57.0,51.0,False,True,False,True
2026_05_ALB_s1,2026_05,ALB,Williams,1,SOFT,SOFTEST,True,1.0,12.0,12.0,False,False,False,True
2026_05_ALO_s1,2026_05,ALO,Aston Martin,1,SOFT,SOFTEST,True,1.0,20.0,20.0,True,False,True,True
2026_05_ALO_s2,2026_05,ALO,Aston Martin,2,SOFT,SOFTEST,True,21.0,24.0,4.0,True,False,True,False
2026_05_ANT_s1,2026_05,ANT,Mercedes,1,SOFT,SOFTEST,False,1.0,31.0,31.0,True,False,True,True
2026_05_ANT_s2,2026_05,ANT,Mercedes,2,MEDIUM,MIDDLE,True,32.0,68.0,37.0,False,True,False,True
2026_05_BEA_s1,2026_05,BEA,Haas F1 Team,1,SOFT,SOFTEST,False,1.0,30.0,30.0,True,False,True,True
2026_05_BEA_s2,2026_05,BEA,Haas F1 Team,2,MEDIUM,MIDDLE,True,31.0,67.0,37.0,False,True,False,True
2026_05_BOR_s1,2026_05,BOR,Audi,1,WET,WET,True,1.0,2.0,2.0,True,False,True,False
2026_05_BOR_s2,2026_05,BOR,Audi,2,SOFT,SOFTEST,True,3.0,18.0,16.0,True,False,True,True
2026_05_BOR_s3,2026_05,BOR,Audi,3,MEDIUM,MIDDLE,False,19.0,66.0,48.0,False,False,False,True
2026_05_BOT_s1,2026_05,BOT,Cadillac,1,WET,WET,True,1.0,3.0,3.0,True,False,True,False
2026_05_BOT_s2,2026_05,BOT,Cadillac,2,SOFT,SOFTEST,True,4.0,9.0,6.0,True,False,True,False
2026_05_BOT_s3,2026_05,BOT,Cadillac,3,MEDIUM,MIDDLE,True,10.0,29.0,20.0,True,False,True,True
2026_05_BOT_s4,2026_05,BOT,Cadillac,4,SOFT,SOFTEST,True,30.0,49.0,20.0,True,False,True,True
2026_05_BOT_s5,2026_05,BOT,Cadillac,5,MEDIUM,MIDDLE,True,50.0,64.0,15.0,False,False,False,True
2026_05_COL_s1,2026_05,COL,Alpine,1,MEDIUM,MIDDLE,True,1.0,30.0,30.0,True,False,True,True
2026_05_COL_s2,2026_05,COL,Alpine,2,HARD,HARDEST,True,31.0,67.0,37.0,False,True,False,True
2026_05_GAS_s1,2026_05,GAS,Alpine,1,MEDIUM,MIDDLE,True,1.0,30.0,30.0,True,False,True,True
2026_05_GAS_s2,2026_05,GAS,Alpine,2,HARD,HARDEST,True,31.0,67.0,37.0,False,True,False,True
2026_05_HAD_s1,2026_05,HAD,Red Bull Racing,1,SOFT,SOFTEST,False,1.0,31.0,31.0,True,False,True,True
2026_05_HAD_s2,2026_05,HAD,Red Bull Racing,2,MEDIUM,MIDDLE,True,32.0,52.0,21.0,True,False,True,True
2026_05_HAD_s3,2026_05,HAD,Red Bull Racing,3,SOFT,SOFTEST,False,53.0,62.0,10.0,True,False,True,True
2026_05_HAD_s4,2026_05,HAD,Red Bull Racing,4,SOFT,SOFTEST,False,63.0,67.0,5.0,False,True,False,False
2026_05_HAM_s1,2026_05,HAM,Ferrari,1,SOFT,SOFTEST,False,1.0,31.0,31.0,True,False,True,True
2026_05_HAM_s2,2026_05,HAM,Ferrari,2,MEDIUM,MIDDLE,True,32.0,68.0,37.0,False,True,False,True
2026_05_HUL_s1,2026_05,HUL,Audi,1,WET,WET,True,1.0,2.0,2.0,True,False,True,False
2026_05_HUL_s2,2026_05,HUL,Audi,2,SOFT,SOFTEST,False,3.0,20.0,18.0,True,False,True,True
2026_05_HUL_s3,2026_05,HUL,Audi,3,MEDIUM,MIDDLE,False,21.0,66.0,46.0,False,False,False,True
2026_05_LAW_s1,2026_05,LAW,Racing Bulls,1,MEDIUM,MIDDLE,True,1.0,30.0,30.0,True,False,True,True
2026_05_LAW_s2,2026_05,LAW,Racing Bulls,2,SOFT,SOFTEST,True,31.0,67.0,37.0,False,True,False,True
2026_05_LEC_s1,2026_05,LEC,Ferrari,1,SOFT,SOFTEST,False,1.0,31.0,31.0,True,False,True,True
2026_05_LEC_s2,2026_05,LEC,Ferrari,2,MEDIUM,MIDDLE,True,32.0,68.0,37.0,False,True,False,True
2026_05_LIN_s1,2026_05,LIN,Racing Bulls,1,MEDIUM,MIDDLE,True,1.0,1.0,1.0,False,False,False,False
2026_05_NOR_s1,2026_05,NOR,McLaren,1,WET,WET,True,1.0,2.0,2.0,True,False,True,False
2026_05_NOR_s2,2026_05,NOR,McLaren,2,MEDIUM,MIDDLE,True,3.0,15.0,13.0,True,False,True,True
2026_05_NOR_s3,2026_05,NOR,McLaren,3,MEDIUM,MIDDLE,False,16.0,39.0,24.0,False,False,False,True
2026_05_OCO_s1,2026_05,OCO,Haas F1 Team,1,SOFT,SOFTEST,True,1.0,16.0,16.0,True,False,True,True
2026_05_OCO_s2,2026_05,OCO,Haas F1 Team,2,MEDIUM,MIDDLE,True,17.0,30.0,14.0,True,False,True,True
2026_05_OCO_s3,2026_05,OCO,Haas F1 Team,3,SOFT,SOFTEST,True,31.0,66.0,36.0,False,False,False,True
2026_05_PER_s1,2026_05,PER,Cadillac,1,WET,WET,True,1.0,2.0,2.0,True,False,True,False
2026_05_PER_s2,2026_05,PER,Cadillac,2,SOFT,SOFTEST,True,3.0,15.0,13.0,True,False,True,True
2026_05_PER_s3,2026_05,PER,Cadillac,3,MEDIUM,MIDDLE,True,16.0,29.0,14.0,True,False,True,True
2026_05_PER_s4,2026_05,PER,Cadillac,4,SOFT,SOFTEST,True,30.0,40.0,11.0,True,False,True,True
2026_05_PIA_s1,2026_05,PIA,McLaren,1,WET,WET,True,1.0,1.0,1.0,True,False,True,False
2026_05_PIA_s2,2026_05,PIA,McLaren,2,MEDIUM,MIDDLE,True,2.0,12.0,11.0,True,False,True,True
2026_05_PIA_s3,2026_05,PIA,McLaren,3,MEDIUM,MIDDLE,False,13.0,51.0,39.0,True,False,True,True
2026_05_PIA_s4,2026_05,PIA,McLaren,4,SOFT,SOFTEST,False,52.0,66.0,15.0,False,False,False,True
2026_05_RUS_s1,2026_05,RUS,Mercedes,1,SOFT,SOFTEST,False,1.0,30.0,30.0,False,False,False,True
2026_05_SAI_s1,2026_05,SAI,Williams,1,WET,WET,True,1.0,2.0,2.0,True,False,True,False
2026_05_SAI_s2,2026_05,SAI,Williams,2,MEDIUM,MIDDLE,False,3.0,30.0,28.0,True,False,True,True
2026_05_SAI_s3,2026_05,SAI,Williams,3,MEDIUM,MIDDLE,True,31.0,67.0,37.0,False,True,False,True
2026_05_STR_s1,2026_05,STR,Aston Martin,1,SOFT,SOFTEST,True,1.0,14.0,14.0,True,False,True,True
2026_05_STR_s2,2026_05,STR,Aston Martin,2,SOFT,SOFTEST,True,15.0,49.0,35.0,True,False,True,True
2026_05_STR_s3,2026_05,STR,Aston Martin,3,MEDIUM,MIDDLE,True,50.0,64.0,15.0,False,False,False,True
2026_05_VER_s1,2026_05,VER,Red Bull Racing,1,SOFT,SOFTEST,False,1.0,31.0,31.0,True,False,True,True
2026_05_VER_s2,2026_05,VER,Red Bull Racing,2,MEDIUM,MIDDLE,True,32.0,68.0,37.0,False,True,False,True
2026_06_ALB_s1,2026_06,ALB,Williams,1,MEDIUM,MIDDLE,True,1.0,43.0,43.0,True,False,True,True
2026_06_ALB_s2,2026_06,ALB,Williams,2,SOFT,SOFTEST,True,44.0,59.0,16.0,True,False,True,True
2026_06_ALB_s3,2026_06,ALB,Williams,3,SOFT,SOFTEST,False,60.0,65.0,6.0,True,False,True,True
2026_06_ALB_s4,2026_06,ALB,Williams,4,SOFT,SOFTEST,False,66.0,67.0,2.0,True,False,True,True
2026_06_ALB_s5,2026_06,ALB,Williams,5,SOFT,SOFTEST,False,68.0,68.0,1.0,True,False,True,True
2026_06_ALB_s6,2026_06,ALB,Williams,6,SOFT,SOFTEST,False,69.0,78.0,10.0,False,True,False,True
2026_06_ALO_s1,2026_06,ALO,Aston Martin,1,MEDIUM,MIDDLE,True,1.0,3.0,3.0,True,False,True,True
2026_06_ALO_s2,2026_06,ALO,Aston Martin,2,SOFT,SOFTEST,True,4.0,58.0,55.0,True,False,True,True
2026_06_ALO_s3,2026_06,ALO,Aston Martin,3,SOFT,SOFTEST,True,59.0,59.0,1.0,True,False,True,True
2026_06_ALO_s4,2026_06,ALO,Aston Martin,4,SOFT,SOFTEST,False,60.0,65.0,6.0,True,False,True,True
2026_06_ALO_s5,2026_06,ALO,Aston Martin,5,SOFT,SOFTEST,False,66.0,67.0,2.0,True,False,True,True
2026_06_ALO_s6,2026_06,ALO,Aston Martin,6,SOFT,SOFTEST,False,68.0,68.0,1.0,True,False,True,True
2026_06_ALO_s7,2026_06,ALO,Aston Martin,7,SOFT,SOFTEST,False,69.0,78.0,10.0,False,True,False,True
2026_06_ANT_s1,2026_06,ANT,Mercedes,1,MEDIUM,MIDDLE,True,1.0,37.0,37.0,True,False,True,True
2026_06_ANT_s2,2026_06,ANT,Mercedes,2,HARD,HARDEST,True,38.0,61.0,24.0,True,False,True,True
2026_06_ANT_s3,2026_06,ANT,Mercedes,3,SOFT,SOFTEST,False,62.0,66.0,5.0,True,False,True,True
2026_06_ANT_s4,2026_06,ANT,Mercedes,4,SOFT,SOFTEST,False,67.0,68.0,2.0,True,False,True,True
2026_06_ANT_s5,2026_06,ANT,Mercedes,5,SOFT,SOFTEST,False,69.0,78.0,10.0,False,True,False,True
2026_06_BEA_s1,2026_06,BEA,Haas F1 Team,1,MEDIUM,MIDDLE,True,1.0,1.0,1.0,True,False,True,True
2026_06_BEA_s2,2026_06,BEA,Haas F1 Team,2,HARD,HARDEST,True,2.0,28.0,27.0,True,False,True,False
2026_06_BOR_s1,2026_06,BOR,Audi,1,SOFT,SOFTEST,True,1.0,1.0,1.0,True,False,True,True
2026_06_BOR_s2,2026_06,BOR,Audi,2,HARD,HARDEST,True,2.0,43.0,42.0,True,False,True,False
2026_06_BOR_s3,2026_06,BOR,Audi,3,MEDIUM,MIDDLE,True,44.0,58.0,15.0,True,False,True,True
2026_06_BOR_s4,2026_06,BOR,Audi,4,MEDIUM,MIDDLE,False,59.0,59.0,1.0,True,False,True,True
2026_06_BOR_s5,2026_06,BOR,Audi,5,SOFT,SOFTEST,True,60.0,65.0,6.0,True,False,True,True
2026_06_BOR_s6,2026_06,BOR,Audi,6,SOFT,SOFTEST,False,66.0,67.0,2.0,True,False,True,True
2026_06_BOR_s7,2026_06,BOR,Audi,7,SOFT,SOFTEST,True,68.0,68.0,1.0,True,False,True,True
2026_06_BOR_s8,2026_06,BOR,Audi,8,SOFT,SOFTEST,False,69.0,78.0,10.0,False,True,False,True
2026_06_BOT_s1,2026_06,BOT,Cadillac,1,SOFT,SOFTEST,True,1.0,1.0,1.0,True,False,True,True
2026_06_BOT_s2,2026_06,BOT,Cadillac,2,MEDIUM,MIDDLE,True,2.0,16.0,15.0,True,False,True,False
2026_06_COL_s1,2026_06,COL,Alpine,1,MEDIUM,MIDDLE,True,1.0,35.0,35.0,True,False,True,True
2026_06_COL_s2,2026_06,COL,Alpine,2,HARD,HARDEST,True,36.0,59.0,24.0,True,False,True,True
2026_06_COL_s3,2026_06,COL,Alpine,3,HARD,HARDEST,False,60.0,65.0,6.0,True,False,True,True
2026_06_COL_s4,2026_06,COL,Alpine,4,HARD,HARDEST,False,66.0,67.0,2.0,True,False,True,True
2026_06_COL_s5,2026_06,COL,Alpine,5,SOFT,SOFTEST,True,68.0,68.0,1.0,True,False,True,True
2026_06_COL_s6,2026_06,COL,Alpine,6,SOFT,SOFTEST,False,69.0,78.0,10.0,False,True,False,True
2026_06_GAS_s1,2026_06,GAS,Alpine,1,MEDIUM,MIDDLE,True,1.0,45.0,45.0,True,False,True,True
2026_06_GAS_s2,2026_06,GAS,Alpine,2,HARD,HARDEST,True,46.0,60.0,15.0,True,False,True,True
2026_06_GAS_s3,2026_06,GAS,Alpine,3,HARD,HARDEST,False,61.0,66.0,6.0,True,False,True,True
2026_06_GAS_s4,2026_06,GAS,Alpine,4,HARD,HARDEST,False,67.0,68.0,2.0,True,False,True,True
2026_06_GAS_s5,2026_06,GAS,Alpine,5,SOFT,SOFTEST,False,69.0,78.0,10.0,False,True,False,True
2026_06_HAD_s1,2026_06,HAD,Red Bull Racing,1,MEDIUM,MIDDLE,True,1.0,32.0,32.0,True,False,True,True
2026_06_HAD_s2,2026_06,HAD,Red Bull Racing,2,HARD,HARDEST,True,33.0,60.0,28.0,True,False,True,True
2026_06_HAD_s3,2026_06,HAD,Red Bull Racing,3,HARD,HARDEST,False,61.0,66.0,6.0,True,False,True,True
2026_06_HAD_s4,2026_06,HAD,Red Bull Racing,4,HARD,HARDEST,False,67.0,68.0,2.0,True,False,True,True
2026_06_HAD_s5,2026_06,HAD,Red Bull Racing,5,SOFT,SOFTEST,False,69.0,78.0,10.0,False,True,False,True
2026_06_HAM_s1,2026_06,HAM,Ferrari,1,MEDIUM,MIDDLE,True,1.0,28.0,28.0,True,False,True,True
2026_06_HAM_s2,2026_06,HAM,Ferrari,2,HARD,HARDEST,True,29.0,60.0,32.0,True,False,True,True
2026_06_HAM_s3,2026_06,HAM,Ferrari,3,SOFT,SOFTEST,False,61.0,61.0,1.0,True,False,True,True
2026_06_HAM_s4,2026_06,HAM,Ferrari,4,SOFT,SOFTEST,False,62.0,66.0,5.0,True,False,True,True
2026_06_HAM_s5,2026_06,HAM,Ferrari,5,SOFT,SOFTEST,False,67.0,68.0,2.0,True,False,True,True
2026_06_HAM_s6,2026_06,HAM,Ferrari,6,SOFT,SOFTEST,False,69.0,78.0,10.0,False,True,False,True
2026_06_HUL_s1,2026_06,HUL,Audi,1,MEDIUM,MIDDLE,True,1.0,12.0,12.0,True,False,True,True
2026_06_HUL_s2,2026_06,HUL,Audi,2,HARD,HARDEST,True,13.0,58.0,46.0,True,False,True,True
2026_06_HUL_s3,2026_06,HUL,Audi,3,HARD,HARDEST,False,59.0,59.0,1.0,True,False,True,True
2026_06_HUL_s4,2026_06,HUL,Audi,4,HARD,HARDEST,False,60.0,65.0,6.0,True,False,True,True
2026_06_HUL_s5,2026_06,HUL,Audi,5,HARD,HARDEST,False,66.0,67.0,2.0,True,False,True,True
2026_06_HUL_s6,2026_06,HUL,Audi,6,SOFT,SOFTEST,True,68.0,68.0,1.0,True,False,True,True
2026_06_HUL_s7,2026_06,HUL,Audi,7,SOFT,SOFTEST,False,69.0,78.0,10.0,False,True,False,True
2026_06_LAW_s1,2026_06,LAW,Racing Bulls,1,MEDIUM,MIDDLE,True,1.0,44.0,44.0,True,False,True,True
2026_06_LAW_s2,2026_06,LAW,Racing Bulls,2,SOFT,SOFTEST,False,45.0,60.0,16.0,True,False,True,True
2026_06_LAW_s3,2026_06,LAW,Racing Bulls,3,SOFT,SOFTEST,False,61.0,66.0,6.0,True,False,True,True
2026_06_LAW_s4,2026_06,LAW,Racing Bulls,4,SOFT,SOFTEST,False,67.0,68.0,2.0,True,False,True,True
2026_06_LAW_s5,2026_06,LAW,Racing Bulls,5,SOFT,SOFTEST,False,69.0,78.0,10.0,False,True,False,True
2026_06_LEC_s1,2026_06,LEC,Ferrari,1,MEDIUM,MIDDLE,True,1.0,35.0,35.0,True,False,True,True
2026_06_LEC_s2,2026_06,LEC,Ferrari,2,HARD,HARDEST,True,36.0,60.0,25.0,True,False,True,True
2026_06_LEC_s3,2026_06,LEC,Ferrari,3,SOFT,SOFTEST,False,61.0,61.0,1.0,True,False,True,True
2026_06_LEC_s4,2026_06,LEC,Ferrari,4,SOFT,SOFTEST,False,62.0,65.0,4.0,False,False,False,True
2026_06_LIN_s1,2026_06,LIN,Racing Bulls,1,MEDIUM,MIDDLE,True,1.0,59.0,59.0,True,False,True,True
2026_06_LIN_s2,2026_06,LIN,Racing Bulls,2,MEDIUM,MIDDLE,False,60.0,65.0,6.0,True,False,True,True
2026_06_LIN_s3,2026_06,LIN,Racing Bulls,3,MEDIUM,MIDDLE,False,66.0,67.0,2.0,True,False,True,True
2026_06_LIN_s4,2026_06,LIN,Racing Bulls,4,SOFT,SOFTEST,True,68.0,68.0,1.0,True,False,True,True
2026_06_LIN_s5,2026_06,LIN,Racing Bulls,5,SOFT,SOFTEST,False,69.0,78.0,10.0,False,True,False,True
2026_06_NOR_s1,2026_06,NOR,McLaren,1,MEDIUM,MIDDLE,True,1.0,44.0,44.0,True,False,True,True
2026_06_OCO_s1,2026_06,OCO,Haas F1 Team,1,MEDIUM,MIDDLE,True,1.0,9.0,9.0,True,False,True,True
2026_06_OCO_s2,2026_06,OCO,Haas F1 Team,2,HARD,HARDEST,True,10.0,59.0,50.0,True,False,True,True
2026_06_OCO_s3,2026_06,OCO,Haas F1 Team,3,HARD,HARDEST,False,60.0,65.0,6.0,True,False,True,True
2026_06_OCO_s4,2026_06,OCO,Haas F1 Team,4,HARD,HARDEST,False,66.0,67.0,2.0,True,False,True,True
2026_06_OCO_s5,2026_06,OCO,Haas F1 Team,5,SOFT,SOFTEST,True,68.0,68.0,1.0,True,False,True,True
2026_06_OCO_s6,2026_06,OCO,Haas F1 Team,6,SOFT,SOFTEST,False,69.0,78.0,10.0,False,True,False,True
2026_06_PER_s1,2026_06,PER,Cadillac,1,SOFT,SOFTEST,True,1.0,4.0,4.0,True,False,True,True
2026_06_PER_s2,2026_06,PER,Cadillac,2,MEDIUM,MIDDLE,True,5.0,9.0,5.0,True,False,True,False
2026_06_PER_s3,2026_06,PER,Cadillac,3,MEDIUM,MIDDLE,False,10.0,59.0,50.0,True,False,True,True
2026_06_PER_s4,2026_06,PER,Cadillac,4,SOFT,SOFTEST,True,60.0,65.0,6.0,True,False,True,True
2026_06_PER_s5,2026_06,PER,Cadillac,5,SOFT,SOFTEST,False,66.0,67.0,2.0,True,False,True,True
2026_06_PER_s6,2026_06,PER,Cadillac,6,SOFT,SOFTEST,False,68.0,68.0,1.0,True,False,True,True
2026_06_PER_s7,2026_06,PER,Cadillac,7,SOFT,SOFTEST,False,69.0,78.0,10.0,False,True,False,True
2026_06_PIA_s1,2026_06,PIA,McLaren,1,MEDIUM,MIDDLE,True,1.0,48.0,48.0,True,False,True,True
2026_06_PIA_s2,2026_06,PIA,McLaren,2,HARD,HARDEST,True,49.0,59.0,11.0,True,False,True,True
2026_06_PIA_s3,2026_06,PIA,McLaren,3,SOFT,SOFTEST,False,60.0,60.0,1.0,True,False,True,True
2026_06_PIA_s4,2026_06,PIA,McLaren,4,SOFT,SOFTEST,False,61.0,66.0,6.0,True,False,True,True
2026_06_PIA_s5,2026_06,PIA,McLaren,5,SOFT,SOFTEST,False,67.0,68.0,2.0,True,False,True,True
2026_06_PIA_s6,2026_06,PIA,McLaren,6,SOFT,SOFTEST,False,69.0,78.0,10.0,False,True,False,True
2026_06_RUS_s1,2026_06,RUS,Mercedes,1,MEDIUM,MIDDLE,True,1.0,31.0,31.0,True,False,True,True
2026_06_RUS_s2,2026_06,RUS,Mercedes,2,HARD,HARDEST,True,32.0,60.0,29.0,True,False,True,True
2026_06_RUS_s3,2026_06,RUS,Mercedes,3,SOFT,SOFTEST,False,61.0,66.0,6.0,True,False,True,True
2026_06_RUS_s4,2026_06,RUS,Mercedes,4,SOFT,SOFTEST,False,67.0,68.0,2.0,True,False,True,True
2026_06_RUS_s5,2026_06,RUS,Mercedes,5,SOFT,SOFTEST,False,69.0,72.0,4.0,True,False,True,True
2026_06_RUS_s6,2026_06,RUS,Mercedes,6,SOFT,SOFTEST,False,73.0,78.0,6.0,False,True,False,False
2026_06_SAI_s1,2026_06,SAI,Williams,1,MEDIUM,MIDDLE,True,1.0,52.0,52.0,True,False,True,True
2026_06_SAI_s2,2026_06,SAI,Williams,2,SOFT,SOFTEST,True,53.0,59.0,7.0,True,False,True,True
2026_06_SAI_s3,2026_06,SAI,Williams,3,SOFT,SOFTEST,False,60.0,65.0,6.0,True,False,True,True
2026_06_SAI_s4,2026_06,SAI,Williams,4,SOFT,SOFTEST,False,66.0,67.0,2.0,True,False,True,True
2026_06_SAI_s5,2026_06,SAI,Williams,5,SOFT,SOFTEST,False,68.0,68.0,1.0,True,False,True,True
2026_06_SAI_s6,2026_06,SAI,Williams,6,SOFT,SOFTEST,False,69.0,71.0,3.0,False,False,False,True
2026_06_STR_s1,2026_06,STR,Aston Martin,1,MEDIUM,MIDDLE,True,1.0,4.0,4.0,True,False,True,True
2026_06_STR_s2,2026_06,STR,Aston Martin,2,SOFT,SOFTEST,True,5.0,57.0,53.0,False,False,False,True
2026_06_VER_s1,2026_06,VER,Red Bull Racing,1,MEDIUM,MIDDLE,True,1.0,1.0,1.0,False,False,False,True
2026_07_ALB_s1,2026_07,ALB,Williams,1,MEDIUM,MIDDLE,True,1.0,13.0,13.0,True,False,True,False
2026_07_ALB_s2,2026_07,ALB,Williams,2,HARD,HARDEST,True,14.0,29.0,16.0,True,False,True,False
2026_07_ALB_s3,2026_07,ALB,Williams,3,HARD,HARDEST,True,30.0,34.0,5.0,True,False,True,False
2026_07_ALB_s4,2026_07,ALB,Williams,4,SOFT,SOFTEST,True,35.0,50.0,16.0,True,False,True,True
2026_07_ALB_s5,2026_07,ALB,Williams,5,SOFT,SOFTEST,False,51.0,55.0,5.0,False,False,False,True
2026_07_ALO_s1,2026_07,ALO,Aston Martin,1,HARD,HARDEST,True,1.0,21.0,21.0,True,False,True,False
2026_07_ALO_s2,2026_07,ALO,Aston Martin,2,HARD,HARDEST,True,22.0,38.0,17.0,False,False,False,True
2026_07_ANT_s1,2026_07,ANT,Mercedes,1,MEDIUM,MIDDLE,True,1.0,14.0,14.0,True,False,True,False
2026_07_ANT_s2,2026_07,ANT,Mercedes,2,HARD,HARDEST,True,15.0,37.0,23.0,True,False,True,False
2026_07_ANT_s3,2026_07,ANT,Mercedes,3,HARD,HARDEST,True,38.0,62.0,25.0,False,False,False,True
2026_07_BEA_s1,2026_07,BEA,Haas F1 Team,1,MEDIUM,MIDDLE,True,1.0,18.0,18.0,True,False,True,False
2026_07_BEA_s2,2026_07,BEA,Haas F1 Team,2,HARD,HARDEST,True,19.0,39.0,21.0,True,False,True,True
2026_07_BEA_s3,2026_07,BEA,Haas F1 Team,3,SOFT,SOFTEST,False,40.0,60.0,,True,False,True,True
2026_07_BOR_s1,2026_07,BOR,Audi,1,MEDIUM,MIDDLE,True,1.0,15.0,15.0,True,False,True,False
2026_07_BOR_s2,2026_07,BOR,Audi,2,HARD,HARDEST,True,16.0,33.0,18.0,True,False,True,False
2026_07_BOR_s3,2026_07,BOR,Audi,3,HARD,HARDEST,True,34.0,53.0,20.0,True,False,True,True
2026_07_BOR_s4,2026_07,BOR,Audi,4,SOFT,SOFTEST,True,54.0,64.0,11.0,False,False,False,True
2026_07_BOT_s1,2026_07,BOT,Cadillac,1,MEDIUM,MIDDLE,True,1.0,14.0,14.0,True,False,True,False
2026_07_BOT_s2,2026_07,BOT,Cadillac,2,HARD,HARDEST,True,15.0,15.0,1.0,True,False,True,False
2026_07_COL_s1,2026_07,COL,Alpine,1,SOFT,SOFTEST,True,1.0,12.0,12.0,True,False,True,False
2026_07_COL_s2,2026_07,COL,Alpine,2,HARD,HARDEST,True,13.0,34.0,22.0,True,False,True,False
2026_07_COL_s3,2026_07,COL,Alpine,3,HARD,HARDEST,True,35.0,65.0,31.0,False,True,False,True
2026_07_GAS_s1,2026_07,GAS,Alpine,1,MEDIUM,MIDDLE,True,1.0,14.0,14.0,True,False,True,False
2026_07_GAS_s2,2026_07,GAS,Alpine,2,HARD,HARDEST,True,15.0,40.0,26.0,True,False,True,True
2026_07_GAS_s3,2026_07,GAS,Alpine,3,HARD,HARDEST,True,41.0,65.0,25.0,False,True,False,True
2026_07_HAD_s1,2026_07,HAD,Red Bull Racing,1,MEDIUM,MIDDLE,True,1.0,15.0,15.0,True,False,True,False
2026_07_HAD_s2,2026_07,HAD,Red Bull Racing,2,HARD,HARDEST,True,16.0,32.0,17.0,True,False,True,False
2026_07_HAD_s3,2026_07,HAD,Red Bull Racing,3,HARD,HARDEST,True,33.0,58.0,26.0,True,False,True,True
2026_07_HAD_s4,2026_07,HAD,Red Bull Racing,4,SOFT,SOFTEST,False,59.0,65.0,7.0,False,True,False,True
2026_07_HAM_s1,2026_07,HAM,Ferrari,1,SOFT,SOFTEST,False,1.0,11.0,11.0,True,False,True,False
2026_07_HAM_s2,2026_07,HAM,Ferrari,2,HARD,HARDEST,True,12.0,27.0,16.0,True,False,True,False
2026_07_HAM_s3,2026_07,HAM,Ferrari,3,MEDIUM,MIDDLE,True,28.0,41.0,14.0,True,False,True,True
2026_07_HAM_s4,2026_07,HAM,Ferrari,4,HARD,HARDEST,True,42.0,66.0,25.0,False,True,False,True
2026_07_HUL_s1,2026_07,HUL,Audi,1,SOFT,SOFTEST,True,1.0,13.0,13.0,True,False,True,False
2026_07_HUL_s2,2026_07,HUL,Audi,2,HARD,HARDEST,True,14.0,29.0,16.0,True,False,True,False
2026_07_LAW_s1,2026_07,LAW,Racing Bulls,1,MEDIUM,MIDDLE,True,1.0,11.0,11.0,True,False,True,False
2026_07_LAW_s2,2026_07,LAW,Racing Bulls,2,HARD,HARDEST,True,12.0,35.0,24.0,True,False,True,False
2026_07_LAW_s3,2026_07,LAW,Racing Bulls,3,HARD,HARDEST,True,36.0,65.0,30.0,False,True,False,True
2026_07_LEC_s1,2026_07,LEC,Ferrari,1,MEDIUM,MIDDLE,True,1.0,16.0,16.0,True,False,True,False
2026_07_LEC_s2,2026_07,LEC,Ferrari,2,HARD,HARDEST,True,17.0,39.0,23.0,True,False,True,False
2026_07_LEC_s3,2026_07,LEC,Ferrari,3,HARD,HARDEST,True,40.0,62.0,23.0,True,False,True,True
2026_07_LIN_s1,2026_07,LIN,Racing Bulls,1,MEDIUM,MIDDLE,True,1.0,22.0,22.0,True,False,True,False
2026_07_LIN_s2,2026_07,LIN,Racing Bulls,2,HARD,HARDEST,True,23.0,37.0,15.0,True,False,True,False
2026_07_LIN_s3,2026_07,LIN,Racing Bulls,3,HARD,HARDEST,True,38.0,65.0,28.0,False,True,False,True
2026_07_NOR_s1,2026_07,NOR,McLaren,1,MEDIUM,MIDDLE,True,1.0,13.0,13.0,True,False,True,False
2026_07_NOR_s2,2026_07,NOR,McLaren,2,HARD,HARDEST,True,14.0,35.0,22.0,True,False,True,False
2026_07_NOR_s3,2026_07,NOR,McLaren,3,HARD,HARDEST,True,36.0,66.0,31.0,False,True,False,True
2026_07_OCO_s1,2026_07,OCO,Haas F1 Team,1,SOFT,SOFTEST,True,1.0,13.0,13.0,True,False,True,False
2026_07_OCO_s2,2026_07,OCO,Haas F1 Team,2,HARD,HARDEST,True,14.0,34.0,21.0,True,False,True,False
2026_07_OCO_s3,2026_07,OCO,Haas F1 Team,3,MEDIUM,MIDDLE,True,35.0,58.0,24.0,True,False,True,True
2026_07_OCO_s4,2026_07,OCO,Haas F1 Team,4,SOFT,SOFTEST,True,59.0,64.0,6.0,False,False,False,True
2026_07_PER_s1,2026_07,PER,Cadillac,1,SOFT,SOFTEST,True,1.0,12.0,12.0,True,False,True,False
2026_07_PER_s2,2026_07,PER,Cadillac,2,HARD,HARDEST,True,13.0,31.0,19.0,True,False,True,False
2026_07_PER_s3,2026_07,PER,Cadillac,3,HARD,HARDEST,True,32.0,39.0,8.0,True,False,True,True
2026_07_PER_s4,2026_07,PER,Cadillac,4,MEDIUM,MIDDLE,True,40.0,63.0,24.0,False,False,False,True
2026_07_PIA_s1,2026_07,PIA,McLaren,1,MEDIUM,MIDDLE,True,1.0,14.0,14.0,True,False,True,False
2026_07_PIA_s2,2026_07,PIA,McLaren,2,HARD,HARDEST,True,15.0,36.0,22.0,True,False,True,False
2026_07_PIA_s3,2026_07,PIA,McLaren,3,HARD,HARDEST,True,37.0,66.0,30.0,False,True,False,True
2026_07_RUS_s1,2026_07,RUS,Mercedes,1,MEDIUM,MIDDLE,True,1.0,12.0,12.0,True,False,True,False
2026_07_RUS_s2,2026_07,RUS,Mercedes,2,HARD,HARDEST,True,13.0,36.0,24.0,True,False,True,False
2026_07_RUS_s3,2026_07,RUS,Mercedes,3,HARD,HARDEST,True,37.0,66.0,30.0,False,True,False,True
2026_07_SAI_s1,2026_07,SAI,Williams,1,SOFT,SOFTEST,True,1.0,14.0,14.0,True,False,True,False
2026_07_SAI_s2,2026_07,SAI,Williams,2,HARD,HARDEST,True,15.0,30.0,16.0,True,False,True,False
2026_07_SAI_s3,2026_07,SAI,Williams,3,HARD,HARDEST,True,31.0,55.0,25.0,True,False,True,True
2026_07_SAI_s4,2026_07,SAI,Williams,4,MEDIUM,MIDDLE,True,56.0,64.0,9.0,False,False,False,True
2026_07_STR_s1,2026_07,STR,Aston Martin,1,HARD,HARDEST,True,1.0,5.0,5.0,True,False,True,False
2026_07_VER_s1,2026_07,VER,Red Bull Racing,1,SOFT,SOFTEST,False,1.0,12.0,12.0,True,False,True,False
2026_07_VER_s2,2026_07,VER,Red Bull Racing,2,MEDIUM,MIDDLE,True,13.0,29.0,17.0,True,False,True,False
2026_07_VER_s3,2026_07,VER,Red Bull Racing,3,HARD,HARDEST,True,30.0,40.0,11.0,True,False,True,True
2026_07_VER_s4,2026_07,VER,Red Bull Racing,4,MEDIUM,MIDDLE,True,41.0,66.0,26.0,False,True,False,True
2026_08_ALB_s1,2026_08,ALB,Williams,1,MEDIUM,MIDDLE,True,1.0,18.0,18.0,True,False,True,False
2026_08_ALB_s2,2026_08,ALB,Williams,2,MEDIUM,MIDDLE,True,19.0,37.0,19.0,True,False,True,True
2026_08_ALB_s3,2026_08,ALB,Williams,3,HARD,HARDEST,True,38.0,69.0,32.0,False,False,False,True
2026_08_ALO_s1,2026_08,ALO,Aston Martin,1,MEDIUM,MIDDLE,True,1.0,24.0,24.0,True,False,True,True
2026_08_ALO_s2,2026_08,ALO,Aston Martin,2,SOFT,SOFTEST,True,25.0,49.0,25.0,True,False,True,True
2026_08_ALO_s3,2026_08,ALO,Aston Martin,3,SOFT,SOFTEST,True,50.0,68.0,19.0,False,False,False,True
2026_08_ANT_s1,2026_08,ANT,Mercedes,1,MEDIUM,MIDDLE,True,1.0,24.0,24.0,True,False,True,True
2026_08_ANT_s2,2026_08,ANT,Mercedes,2,HARD,HARDEST,True,25.0,51.0,27.0,True,False,True,True
2026_08_ANT_s3,2026_08,ANT,Mercedes,3,HARD,HARDEST,True,52.0,71.0,20.0,False,True,False,True
2026_08_BEA_s1,2026_08,BEA,Haas F1 Team,1,MEDIUM,MIDDLE,True,1.0,24.0,24.0,True,False,True,True
2026_08_BEA_s2,2026_08,BEA,Haas F1 Team,2,HARD,HARDEST,True,25.0,45.0,21.0,True,False,True,True
2026_08_BEA_s3,2026_08,BEA,Haas F1 Team,3,MEDIUM,MIDDLE,True,46.0,70.0,25.0,False,True,False,True
2026_08_BOR_s1,2026_08,BOR,Audi,1,SOFT,SOFTEST,True,1.0,17.0,17.0,True,False,True,False
2026_08_BOR_s2,2026_08,BOR,Audi,2,MEDIUM,MIDDLE,True,18.0,44.0,27.0,True,False,True,True
2026_08_BOR_s3,2026_08,BOR,Audi,3,HARD,HARDEST,True,45.0,70.0,26.0,False,True,False,True
2026_08_BOT_s1,2026_08,BOT,Cadillac,1,MEDIUM,MIDDLE,True,1.0,2.0,2.0,True,False,True,False
2026_08_COL_s1,2026_08,COL,Alpine,1,MEDIUM,MIDDLE,True,1.0,20.0,20.0,True,False,True,False
2026_08_COL_s2,2026_08,COL,Alpine,2,HARD,HARDEST,True,21.0,46.0,26.0,True,False,True,True
2026_08_COL_s3,2026_08,COL,Alpine,3,MEDIUM,MIDDLE,True,47.0,70.0,24.0,False,True,False,True
2026_08_GAS_s1,2026_08,GAS,Alpine,1,MEDIUM,MIDDLE,True,1.0,13.0,13.0,True,False,True,False
2026_08_GAS_s2,2026_08,GAS,Alpine,2,HARD,HARDEST,True,14.0,38.0,25.0,True,False,True,True
2026_08_GAS_s3,2026_08,GAS,Alpine,3,MEDIUM,MIDDLE,True,39.0,51.0,13.0,True,False,True,True
2026_08_GAS_s4,2026_08,GAS,Alpine,4,SOFT,SOFTEST,True,52.0,70.0,19.0,False,True,False,True
2026_08_HAD_s1,2026_08,HAD,Red Bull Racing,1,MEDIUM,MIDDLE,True,1.0,18.0,18.0,True,False,True,False
2026_08_HAD_s2,2026_08,HAD,Red Bull Racing,2,MEDIUM,MIDDLE,True,19.0,40.0,22.0,True,False,True,True
2026_08_HAD_s3,2026_08,HAD,Red Bull Racing,3,HARD,HARDEST,True,41.0,71.0,31.0,False,True,False,True
2026_08_HAM_s1,2026_08,HAM,Ferrari,1,MEDIUM,MIDDLE,True,1.0,12.0,12.0,True,False,True,False
2026_08_HAM_s2,2026_08,HAM,Ferrari,2,HARD,HARDEST,True,13.0,25.0,13.0,True,False,True,True
2026_08_HAM_s3,2026_08,HAM,Ferrari,3,SOFT,SOFTEST,False,26.0,42.0,17.0,True,False,True,True
2026_08_HAM_s4,2026_08,HAM,Ferrari,4,HARD,HARDEST,True,43.0,71.0,29.0,False,True,False,True
2026_08_HUL_s1,2026_08,HUL,Audi,1,MEDIUM,MIDDLE,True,1.0,21.0,21.0,True,False,True,False
2026_08_HUL_s2,2026_08,HUL,Audi,2,MEDIUM,MIDDLE,True,22.0,45.0,24.0,True,False,True,True
2026_08_HUL_s3,2026_08,HUL,Audi,3,HARD,HARDEST,True,46.0,70.0,25.0,False,True,False,True
2026_08_LAW_s1,2026_08,LAW,Racing Bulls,1,MEDIUM,MIDDLE,True,1.0,19.0,19.0,True,False,True,False
2026_08_LAW_s2,2026_08,LAW,Racing Bulls,2,HARD,HARDEST,True,20.0,45.0,26.0,True,False,True,True
2026_08_LAW_s3,2026_08,LAW,Racing Bulls,3,MEDIUM,MIDDLE,True,46.0,70.0,25.0,False,True,False,True
2026_08_LEC_s1,2026_08,LEC,Ferrari,1,MEDIUM,MIDDLE,True,1.0,13.0,13.0,True,False,True,False
2026_08_LEC_s2,2026_08,LEC,Ferrari,2,HARD,HARDEST,True,14.0,37.0,24.0,True,False,True,True
2026_08_LEC_s3,2026_08,LEC,Ferrari,3,HARD,HARDEST,True,38.0,59.0,22.0,True,False,True,True
2026_08_LEC_s4,2026_08,LEC,Ferrari,4,SOFT,SOFTEST,False,60.0,71.0,12.0,False,True,False,False
2026_08_LIN_s1,2026_08,LIN,Racing Bulls,1,MEDIUM,MIDDLE,True,1.0,18.0,18.0,True,False,True,False
2026_08_LIN_s2,2026_08,LIN,Racing Bulls,2,HARD,HARDEST,True,19.0,46.0,28.0,True,False,True,True
2026_08_LIN_s3,2026_08,LIN,Racing Bulls,3,MEDIUM,MIDDLE,True,47.0,70.0,24.0,False,True,False,True
2026_08_NOR_s1,2026_08,NOR,McLaren,1,MEDIUM,MIDDLE,True,1.0,21.0,21.0,True,False,True,False
2026_08_NOR_s2,2026_08,NOR,McLaren,2,HARD,HARDEST,True,22.0,47.0,26.0,True,False,True,True
2026_08_NOR_s3,2026_08,NOR,McLaren,3,HARD,HARDEST,True,48.0,71.0,24.0,False,True,False,True
2026_08_OCO_s1,2026_08,OCO,Haas F1 Team,1,MEDIUM,MIDDLE,True,1.0,18.0,18.0,True,False,True,False
2026_08_OCO_s2,2026_08,OCO,Haas F1 Team,2,MEDIUM,MIDDLE,True,19.0,33.0,15.0,True,False,True,True
2026_08_OCO_s3,2026_08,OCO,Haas F1 Team,3,HARD,HARDEST,True,34.0,69.0,36.0,False,False,False,True
2026_08_PER_s1,2026_08,PER,Cadillac,1,MEDIUM,MIDDLE,True,1.0,4.0,4.0,True,False,True,False
2026_08_PIA_s1,2026_08,PIA,McLaren,1,MEDIUM,MIDDLE,True,1.0,19.0,19.0,True,False,True,False
2026_08_PIA_s2,2026_08,PIA,McLaren,2,HARD,HARDEST,True,20.0,42.0,23.0,True,False,True,True
2026_08_PIA_s3,2026_08,PIA,McLaren,3,HARD,HARDEST,True,43.0,71.0,29.0,False,True,False,True
2026_08_RUS_s1,2026_08,RUS,Mercedes,1,MEDIUM,MIDDLE,True,1.0,19.0,19.0,True,False,True,False
2026_08_RUS_s2,2026_08,RUS,Mercedes,2,HARD,HARDEST,True,20.0,43.0,24.0,True,False,True,True
2026_08_RUS_s3,2026_08,RUS,Mercedes,3,HARD,HARDEST,True,44.0,71.0,28.0,False,True,False,True
2026_08_SAI_s1,2026_08,SAI,Williams,1,SOFT,SOFTEST,True,1.0,14.0,14.0,True,False,True,False
2026_08_SAI_s2,2026_08,SAI,Williams,2,MEDIUM,MIDDLE,True,15.0,24.0,10.0,False,False,False,True
2026_08_STR_s1,2026_08,STR,Aston Martin,1,MEDIUM,MIDDLE,True,1.0,24.0,24.0,True,False,True,True
2026_08_STR_s2,2026_08,STR,Aston Martin,2,SOFT,SOFTEST,True,25.0,45.0,21.0,True,False,True,True
2026_08_VER_s1,2026_08,VER,Red Bull Racing,1,MEDIUM,MIDDLE,True,1.0,18.0,18.0,True,False,True,False
2026_08_VER_s2,2026_08,VER,Red Bull Racing,2,HARD,HARDEST,True,19.0,49.0,31.0,True,False,True,True
2026_08_VER_s3,2026_08,VER,Red Bull Racing,3,HARD,HARDEST,True,50.0,71.0,22.0,False,True,False,True
2026_09_ALB_s1,2026_09,ALB,Williams,1,MEDIUM,MIDDLE,True,1.0,1.0,1.0,True,False,True,True
2026_09_ALB_s2,2026_09,ALB,Williams,2,HARD,HARDEST,True,2.0,14.0,13.0,True,False,True,True
2026_09_ALB_s3,2026_09,ALB,Williams,3,MEDIUM,MIDDLE,False,15.0,23.0,9.0,True,False,True,True
2026_09_ALB_s4,2026_09,ALB,Williams,4,SOFT,SOFTEST,False,24.0,35.0,12.0,True,False,True,False
2026_09_ALB_s5,2026_09,ALB,Williams,5,SOFT,SOFTEST,False,36.0,40.0,5.0,True,False,True,True
2026_09_ALB_s6,2026_09,ALB,Williams,6,SOFT,SOFTEST,False,41.0,43.0,3.0,True,False,True,False
2026_09_ALO_s1,2026_09,ALO,Aston Martin,1,MEDIUM,MIDDLE,True,1.0,20.0,20.0,True,False,True,True
2026_09_ALO_s2,2026_09,ALO,Aston Martin,2,HARD,HARDEST,True,21.0,46.0,26.0,True,False,True,True
2026_09_ALO_s3,2026_09,ALO,Aston Martin,3,SOFT,SOFTEST,True,47.0,51.0,5.0,False,True,False,True
2026_09_ANT_s1,2026_09,ANT,Mercedes,1,MEDIUM,MIDDLE,True,1.0,35.0,35.0,True,False,True,True
2026_09_ANT_s2,2026_09,ANT,Mercedes,2,HARD,HARDEST,True,36.0,41.0,6.0,True,False,True,True
2026_09_ANT_s3,2026_09,ANT,Mercedes,3,MEDIUM,MIDDLE,False,42.0,43.0,2.0,True,False,True,False
2026_09_ANT_s4,2026_09,ANT,Mercedes,4,MEDIUM,MIDDLE,False,44.0,52.0,9.0,False,True,False,True
2026_09_BEA_s1,2026_09,BEA,Haas F1 Team,1,MEDIUM,MIDDLE,True,1.0,29.0,29.0,True,False,True,True
2026_09_BEA_s2,2026_09,BEA,Haas F1 Team,2,HARD,HARDEST,True,30.0,47.0,18.0,True,False,True,True
2026_09_BEA_s3,2026_09,BEA,Haas F1 Team,3,SOFT,SOFTEST,False,48.0,52.0,5.0,False,True,False,True
2026_09_BOR_s1,2026_09,BOR,Audi,1,MEDIUM,MIDDLE,True,1.0,26.0,26.0,True,False,True,True
2026_09_BOR_s2,2026_09,BOR,Audi,2,HARD,HARDEST,True,27.0,47.0,21.0,True,False,True,True
2026_09_BOR_s3,2026_09,BOR,Audi,3,SOFT,SOFTEST,True,48.0,52.0,5.0,False,True,False,True
2026_09_BOT_s1,2026_09,BOT,Cadillac,1,MEDIUM,MIDDLE,True,1.0,29.0,29.0,True,False,True,True
2026_09_BOT_s2,2026_09,BOT,Cadillac,2,HARD,HARDEST,True,30.0,46.0,17.0,True,False,True,True
2026_09_BOT_s3,2026_09,BOT,Cadillac,3,SOFT,SOFTEST,True,47.0,52.0,6.0,False,True,False,True
2026_09_COL_s1,2026_09,COL,Alpine,1,MEDIUM,MIDDLE,True,1.0,22.0,22.0,True,False,True,True
2026_09_COL_s2,2026_09,COL,Alpine,2,HARD,HARDEST,True,23.0,47.0,25.0,True,False,True,True
2026_09_COL_s3,2026_09,COL,Alpine,3,SOFT,SOFTEST,True,48.0,52.0,5.0,False,True,False,True
2026_09_GAS_s1,2026_09,GAS,Alpine,1,MEDIUM,MIDDLE,True,1.0,23.0,23.0,True,False,True,True
2026_09_GAS_s2,2026_09,GAS,Alpine,2,HARD,HARDEST,True,24.0,48.0,25.0,True,False,True,True
2026_09_GAS_s3,2026_09,GAS,Alpine,3,SOFT,SOFTEST,True,49.0,52.0,4.0,False,True,False,True
2026_09_HAD_s1,2026_09,HAD,Red Bull Racing,1,MEDIUM,MIDDLE,True,1.0,19.0,19.0,True,False,True,True
2026_09_HAD_s2,2026_09,HAD,Red Bull Racing,2,HARD,HARDEST,True,20.0,38.0,19.0,True,False,True,True
2026_09_HAD_s3,2026_09,HAD,Red Bull Racing,3,MEDIUM,MIDDLE,True,39.0,47.0,9.0,True,False,True,True
2026_09_HAD_s4,2026_09,HAD,Red Bull Racing,4,SOFT,SOFTEST,False,48.0,52.0,5.0,False,True,False,True
2026_09_HAM_s1,2026_09,HAM,Ferrari,1,MEDIUM,MIDDLE,True,1.0,23.0,23.0,True,False,True,True
2026_09_HAM_s2,2026_09,HAM,Ferrari,2,HARD,HARDEST,True,24.0,48.0,25.0,True,False,True,True
2026_09_HAM_s3,2026_09,HAM,Ferrari,3,SOFT,SOFTEST,False,49.0,52.0,4.0,False,True,False,True
2026_09_HUL_s1,2026_09,HUL,Audi,1,MEDIUM,MIDDLE,True,1.0,17.0,17.0,True,False,True,True
2026_09_HUL_s2,2026_09,HUL,Audi,2,HARD,HARDEST,True,18.0,34.0,17.0,True,False,True,True
2026_09_HUL_s3,2026_09,HUL,Audi,3,SOFT,SOFTEST,True,35.0,37.0,3.0,False,False,False,True
2026_09_LAW_s1,2026_09,LAW,Racing Bulls,1,MEDIUM,MIDDLE,True,1.0,28.0,28.0,True,False,True,True
2026_09_LAW_s2,2026_09,LAW,Racing Bulls,2,HARD,HARDEST,True,29.0,47.0,19.0,True,False,True,True
2026_09_LAW_s3,2026_09,LAW,Racing Bulls,3,SOFT,SOFTEST,False,48.0,52.0,5.0,False,True,False,True
2026_09_LEC_s1,2026_09,LEC,Ferrari,1,MEDIUM,MIDDLE,True,1.0,25.0,25.0,True,False,True,True
2026_09_LEC_s2,2026_09,LEC,Ferrari,2,HARD,HARDEST,True,26.0,48.0,23.0,True,False,True,True
2026_09_LEC_s3,2026_09,LEC,Ferrari,3,SOFT,SOFTEST,False,49.0,52.0,4.0,False,True,False,True
2026_09_LIN_s1,2026_09,LIN,Racing Bulls,1,MEDIUM,MIDDLE,True,1.0,27.0,27.0,True,False,True,True
2026_09_LIN_s2,2026_09,LIN,Racing Bulls,2,HARD,HARDEST,True,28.0,47.0,20.0,True,False,True,True
2026_09_LIN_s3,2026_09,LIN,Racing Bulls,3,SOFT,SOFTEST,False,48.0,52.0,5.0,False,True,False,True
2026_09_NOR_s1,2026_09,NOR,McLaren,1,MEDIUM,MIDDLE,True,1.0,28.0,28.0,True,False,True,True
2026_09_NOR_s2,2026_09,NOR,McLaren,2,HARD,HARDEST,True,29.0,38.0,10.0,True,False,True,True
2026_09_NOR_s3,2026_09,NOR,McLaren,3,MEDIUM,MIDDLE,False,39.0,48.0,10.0,True,False,True,True
2026_09_NOR_s4,2026_09,NOR,McLaren,4,SOFT,SOFTEST,False,49.0,52.0,4.0,False,True,False,True
2026_09_OCO_s1,2026_09,OCO,Haas F1 Team,1,MEDIUM,MIDDLE,True,1.0,21.0,21.0,True,False,True,True
2026_09_OCO_s2,2026_09,OCO,Haas F1 Team,2,HARD,HARDEST,True,22.0,47.0,26.0,True,False,True,True
2026_09_OCO_s3,2026_09,OCO,Haas F1 Team,3,SOFT,SOFTEST,True,48.0,52.0,5.0,False,True,False,True
2026_09_PER_s1,2026_09,PER,Cadillac,1,MEDIUM,MIDDLE,True,1.0,21.0,21.0,True,False,True,True
2026_09_PER_s2,2026_09,PER,Cadillac,2,HARD,HARDEST,True,22.0,46.0,25.0,True,False,True,True
2026_09_PER_s3,2026_09,PER,Cadillac,3,SOFT,SOFTEST,True,47.0,52.0,6.0,False,True,False,True
2026_09_PIA_s1,2026_09,PIA,McLaren,1,MEDIUM,MIDDLE,True,1.0,2.0,2.0,True,False,True,True
2026_09_PIA_s2,2026_09,PIA,McLaren,2,HARD,HARDEST,True,3.0,36.0,34.0,True,False,True,True
2026_09_PIA_s3,2026_09,PIA,McLaren,3,MEDIUM,MIDDLE,False,37.0,47.0,11.0,True,False,True,True
2026_09_PIA_s4,2026_09,PIA,McLaren,4,SOFT,SOFTEST,False,48.0,52.0,5.0,False,True,False,True
2026_09_RUS_s1,2026_09,RUS,Mercedes,1,MEDIUM,MIDDLE,True,1.0,23.0,23.0,True,False,True,True
2026_09_RUS_s2,2026_09,RUS,Mercedes,2,HARD,HARDEST,True,24.0,34.0,11.0,True,False,True,False
2026_09_RUS_s3,2026_09,RUS,Mercedes,3,MEDIUM,MIDDLE,False,35.0,52.0,18.0,False,True,False,True
2026_09_SAI_s1,2026_09,SAI,Williams,1,MEDIUM,MIDDLE,True,1.0,20.0,20.0,True,False,True,True
2026_09_SAI_s2,2026_09,SAI,Williams,2,HARD,HARDEST,True,21.0,48.0,28.0,True,False,True,True
2026_09_SAI_s3,2026_09,SAI,Williams,3,SOFT,SOFTEST,True,49.0,52.0,4.0,False,True,False,True
2026_09_STR_s1,2026_09,STR,Aston Martin,1,MEDIUM,MIDDLE,True,1.0,18.0,18.0,True,False,True,True
2026_09_STR_s2,2026_09,STR,Aston Martin,2,HARD,HARDEST,True,19.0,46.0,28.0,True,False,True,True
2026_09_STR_s3,2026_09,STR,Aston Martin,3,SOFT,SOFTEST,True,47.0,51.0,5.0,False,True,False,True
2026_09_VER_s1,2026_09,VER,Red Bull Racing,1,MEDIUM,MIDDLE,True,1.0,17.0,17.0,True,False,True,True
2026_09_VER_s2,2026_09,VER,Red Bull Racing,2,HARD,HARDEST,True,18.0,38.0,21.0,True,False,True,True
2026_09_VER_s3,2026_09,VER,Red Bull Racing,3,MEDIUM,MIDDLE,True,39.0,47.0,9.0,False,False,False,True
2026_10_ALB_s1,2026_10,ALB,Williams,1,MEDIUM,MIDDLE,True,1.0,18.0,18.0,True,False,True,True
2026_10_ALB_s2,2026_10,ALB,Williams,2,HARD,HARDEST,True,19.0,44.0,26.0,False,True,False,True
2026_10_ALO_s1,2026_10,ALO,Aston Martin,1,HARD,HARDEST,True,1.0,19.0,19.0,True,False,True,True
2026_10_ALO_s2,2026_10,ALO,Aston Martin,2,SOFT,SOFTEST,True,20.0,31.0,12.0,True,False,True,True
2026_10_ALO_s3,2026_10,ALO,Aston Martin,3,HARD,HARDEST,True,32.0,42.0,11.0,False,False,False,False
2026_10_ANT_s1,2026_10,ANT,Mercedes,1,MEDIUM,MIDDLE,True,1.0,18.0,18.0,True,False,True,True
2026_10_ANT_s2,2026_10,ANT,Mercedes,2,SOFT,SOFTEST,False,19.0,44.0,26.0,False,True,False,True
2026_10_BEA_s1,2026_10,BEA,Haas F1 Team,1,MEDIUM,MIDDLE,True,1.0,1.0,1.0,True,False,True,True
2026_10_BEA_s2,2026_10,BEA,Haas F1 Team,2,HARD,HARDEST,True,2.0,20.0,19.0,True,False,True,True
2026_10_BEA_s3,2026_10,BEA,Haas F1 Team,3,HARD,HARDEST,True,21.0,44.0,24.0,False,True,False,True
2026_10_BOR_s1,2026_10,BOR,Audi,1,MEDIUM,MIDDLE,True,1.0,20.0,20.0,True,False,True,True
2026_10_BOR_s2,2026_10,BOR,Audi,2,HARD,HARDEST,True,21.0,44.0,24.0,False,True,False,True
2026_10_BOT_s1,2026_10,BOT,Cadillac,1,SOFT,SOFTEST,True,1.0,1.0,1.0,True,False,True,True
2026_10_BOT_s2,2026_10,BOT,Cadillac,2,HARD,HARDEST,True,2.0,32.0,31.0,True,False,True,True
2026_10_BOT_s3,2026_10,BOT,Cadillac,3,SOFT,SOFTEST,True,33.0,43.0,11.0,False,True,False,False
2026_10_COL_s1,2026_10,COL,Alpine,1,MEDIUM,MIDDLE,True,1.0,15.0,15.0,True,False,True,True
2026_10_COL_s2,2026_10,COL,Alpine,2,HARD,HARDEST,True,16.0,44.0,29.0,False,True,False,True
2026_10_GAS_s1,2026_10,GAS,Alpine,1,MEDIUM,MIDDLE,True,1.0,14.0,14.0,True,False,True,True
2026_10_GAS_s2,2026_10,GAS,Alpine,2,HARD,HARDEST,True,15.0,44.0,30.0,False,True,False,True
2026_10_HAD_s1,2026_10,HAD,Red Bull Racing,1,HARD,HARDEST,True,1.0,1.0,1.0,True,False,True,True
2026_10_HAD_s2,2026_10,HAD,Red Bull Racing,2,MEDIUM,MIDDLE,True,2.0,2.0,1.0,True,False,True,True
2026_10_HAD_s3,2026_10,HAD,Red Bull Racing,3,HARD,HARDEST,True,3.0,20.0,18.0,True,False,True,True
2026_10_HAD_s4,2026_10,HAD,Red Bull Racing,4,HARD,HARDEST,False,21.0,44.0,24.0,False,True,False,True
2026_10_HAM_s1,2026_10,HAM,Ferrari,1,MEDIUM,MIDDLE,True,1.0,20.0,20.0,True,False,True,True
2026_10_HAM_s2,2026_10,HAM,Ferrari,2,HARD,HARDEST,True,21.0,44.0,24.0,False,True,False,True
2026_10_HUL_s1,2026_10,HUL,Audi,1,MEDIUM,MIDDLE,True,1.0,20.0,20.0,True,False,True,True
2026_10_HUL_s2,2026_10,HUL,Audi,2,HARD,HARDEST,True,21.0,44.0,24.0,False,True,False,True
2026_10_LAW_s1,2026_10,LAW,Racing Bulls,1,MEDIUM,MIDDLE,True,1.0,15.0,15.0,True,False,True,True
2026_10_LAW_s2,2026_10,LAW,Racing Bulls,2,HARD,HARDEST,True,16.0,44.0,29.0,False,True,False,True
2026_10_LEC_s1,2026_10,LEC,Ferrari,1,MEDIUM,MIDDLE,True,1.0,20.0,20.0,True,False,True,True
2026_10_LEC_s2,2026_10,LEC,Ferrari,2,HARD,HARDEST,True,21.0,44.0,24.0,False,True,False,True
2026_10_LIN_s1,2026_10,LIN,Racing Bulls,1,MEDIUM,MIDDLE,True,1.0,16.0,16.0,True,False,True,True
2026_10_LIN_s2,2026_10,LIN,Racing Bulls,2,HARD,HARDEST,True,17.0,44.0,28.0,False,True,False,True
2026_10_NOR_s1,2026_10,NOR,McLaren,1,HARD,HARDEST,True,1.0,30.0,30.0,True,False,True,True
2026_10_NOR_s2,2026_10,NOR,McLaren,2,MEDIUM,MIDDLE,True,31.0,44.0,14.0,False,True,False,False
2026_10_OCO_s1,2026_10,OCO,Haas F1 Team,1,MEDIUM,MIDDLE,True,1.0,1.0,1.0,True,False,True,True
2026_10_OCO_s2,2026_10,OCO,Haas F1 Team,2,HARD,HARDEST,True,2.0,16.0,15.0,True,False,True,True
2026_10_OCO_s3,2026_10,OCO,Haas F1 Team,3,HARD,HARDEST,True,17.0,44.0,28.0,False,True,False,True
2026_10_PER_s1,2026_10,PER,Cadillac,1,HARD,HARDEST,True,1.0,1.0,1.0,True,False,True,True
2026_10_PER_s2,2026_10,PER,Cadillac,2,SOFT,SOFTEST,True,2.0,12.0,11.0,True,False,True,True
2026_10_PER_s3,2026_10,PER,Cadillac,3,HARD,HARDEST,False,13.0,13.0,1.0,True,False,True,False
2026_10_PIA_s1,2026_10,PIA,McLaren,1,MEDIUM,MIDDLE,True,1.0,20.0,20.0,True,False,True,True
2026_10_PIA_s2,2026_10,PIA,McLaren,2,HARD,HARDEST,True,21.0,44.0,24.0,False,True,False,True
2026_10_RUS_s1,2026_10,RUS,Mercedes,1,MEDIUM,MIDDLE,True,1.0,1.0,1.0,False,False,False,True
2026_10_SAI_s1,2026_10,SAI,Williams,1,SOFT,SOFTEST,True,1.0,14.0,14.0,True,False,True,True
2026_10_SAI_s2,2026_10,SAI,Williams,2,HARD,HARDEST,True,15.0,44.0,30.0,False,True,False,True
2026_10_STR_s1,2026_10,STR,Aston Martin,1,HARD,HARDEST,True,1.0,17.0,17.0,True,False,True,True
2026_10_STR_s2,2026_10,STR,Aston Martin,2,SOFT,SOFTEST,True,18.0,25.0,8.0,True,False,True,True
2026_10_VER_s1,2026_10,VER,Red Bull Racing,1,MEDIUM,MIDDLE,True,1.0,17.0,17.0,True,False,True,True
2026_10_VER_s2,2026_10,VER,Red Bull Racing,2,HARD,HARDEST,True,18.0,44.0,27.0,False,True,False,True
2026_11_ALB_s1,2026_11,ALB,Williams,1,MEDIUM,MIDDLE,True,1.0,26.0,26.0,True,False,True,False
2026_11_ALB_s2,2026_11,ALB,Williams,2,HARD,HARDEST,True,27.0,54.0,28.0,True,False,True,True
2026_11_ALB_s3,2026_11,ALB,Williams,3,SOFT,SOFTEST,True,55.0,68.0,14.0,False,False,False,True
2026_11_ALO_s1,2026_11,ALO,Aston Martin,1,SOFT,SOFTEST,True,1.0,34.0,34.0,True,False,True,False
2026_11_ALO_s2,2026_11,ALO,Aston Martin,2,MEDIUM,MIDDLE,True,35.0,55.0,21.0,True,False,True,True
2026_11_ALO_s3,2026_11,ALO,Aston Martin,3,SOFT,SOFTEST,False,56.0,69.0,14.0,False,True,False,True
2026_11_ANT_s1,2026_11,ANT,Mercedes,1,MEDIUM,MIDDLE,True,1.0,22.0,22.0,True,False,True,False
2026_11_ANT_s2,2026_11,ANT,Mercedes,2,HARD,HARDEST,True,23.0,53.0,31.0,True,False,True,True
2026_11_ANT_s3,2026_11,ANT,Mercedes,3,HARD,HARDEST,True,54.0,70.0,17.0,False,True,False,True
2026_11_BEA_s1,2026_11,BEA,Haas F1 Team,1,MEDIUM,MIDDLE,True,1.0,22.0,22.0,True,False,True,False
2026_11_BEA_s2,2026_11,BEA,Haas F1 Team,2,HARD,HARDEST,True,23.0,42.0,20.0,True,False,True,True
2026_11_BEA_s3,2026_11,BEA,Haas F1 Team,3,HARD,HARDEST,True,43.0,68.0,26.0,False,False,False,True
2026_11_BOR_s1,2026_11,BOR,Audi,1,SOFT,SOFTEST,True,1.0,29.0,29.0,True,False,True,False
2026_11_BOR_s2,2026_11,BOR,Audi,2,HARD,HARDEST,True,30.0,69.0,40.0,False,True,False,True
2026_11_BOT_s1,2026_11,BOT,Cadillac,1,MEDIUM,MIDDLE,True,1.0,14.0,14.0,True,False,True,False
2026_11_COL_s1,2026_11,COL,Alpine,1,MEDIUM,MIDDLE,True,1.0,15.0,15.0,True,False,True,False
2026_11_COL_s2,2026_11,COL,Alpine,2,HARD,HARDEST,True,16.0,37.0,22.0,True,False,True,False
2026_11_COL_s3,2026_11,COL,Alpine,3,HARD,HARDEST,True,38.0,68.0,31.0,False,False,False,True
2026_11_GAS_s1,2026_11,GAS,Alpine,1,MEDIUM,MIDDLE,True,1.0,16.0,16.0,True,False,True,False
2026_11_GAS_s2,2026_11,GAS,Alpine,2,HARD,HARDEST,True,17.0,39.0,23.0,True,False,True,True
2026_11_GAS_s3,2026_11,GAS,Alpine,3,HARD,HARDEST,True,40.0,55.0,16.0,True,False,True,True
2026_11_GAS_s4,2026_11,GAS,Alpine,4,SOFT,SOFTEST,True,56.0,69.0,14.0,False,True,False,True
2026_11_HAD_s1,2026_11,HAD,Red Bull Racing,1,MEDIUM,MIDDLE,True,1.0,19.0,19.0,True,False,True,False
2026_11_HAD_s2,2026_11,HAD,Red Bull Racing,2,HARD,HARDEST,True,20.0,42.0,23.0,True,False,True,True
2026_11_HAD_s3,2026_11,HAD,Red Bull Racing,3,HARD,HARDEST,True,43.0,70.0,28.0,False,True,False,True
2026_11_HAM_s1,2026_11,HAM,Ferrari,1,SOFT,SOFTEST,True,1.0,13.0,13.0,True,False,True,False
2026_11_HAM_s2,2026_11,HAM,Ferrari,2,HARD,HARDEST,True,14.0,30.0,17.0,True,False,True,False
2026_11_HAM_s3,2026_11,HAM,Ferrari,3,HARD,HARDEST,True,31.0,56.0,26.0,True,False,True,True
2026_11_HAM_s4,2026_11,HAM,Ferrari,4,SOFT,SOFTEST,False,57.0,70.0,14.0,False,True,False,True
2026_11_HUL_s1,2026_11,HUL,Audi,1,MEDIUM,MIDDLE,True,1.0,19.0,19.0,True,False,True,False
2026_11_HUL_s2,2026_11,HUL,Audi,2,HARD,HARDEST,True,20.0,39.0,20.0,True,False,True,True
2026_11_HUL_s3,2026_11,HUL,Audi,3,SOFT,SOFTEST,False,40.0,69.0,30.0,False,True,False,True
2026_11_LAW_s1,2026_11,LAW,Racing Bulls,1,MEDIUM,MIDDLE,True,1.0,21.0,21.0,True,False,True,False
2026_11_LAW_s2,2026_11,LAW,Racing Bulls,2,HARD,HARDEST,True,22.0,42.0,21.0,True,False,True,True
2026_11_LAW_s3,2026_11,LAW,Racing Bulls,3,SOFT,SOFTEST,True,43.0,69.0,27.0,False,True,False,True
2026_11_LEC_s1,2026_11,LEC,Ferrari,1,SOFT,SOFTEST,False,1.0,16.0,16.0,True,False,True,False
2026_11_LEC_s2,2026_11,LEC,Ferrari,2,HARD,HARDEST,True,17.0,36.0,20.0,True,False,True,False
2026_11_LEC_s3,2026_11,LEC,Ferrari,3,HARD,HARDEST,True,37.0,56.0,20.0,True,False,True,True
2026_11_LEC_s4,2026_11,LEC,Ferrari,4,SOFT,SOFTEST,False,57.0,70.0,14.0,False,True,False,True
2026_11_LIN_s1,2026_11,LIN,Racing Bulls,1,MEDIUM,MIDDLE,True,1.0,20.0,20.0,True,False,True,False
2026_11_LIN_s2,2026_11,LIN,Racing Bulls,2,HARD,HARDEST,True,21.0,69.0,49.0,False,True,False,True
2026_11_NOR_s1,2026_11,NOR,McLaren,1,MEDIUM,MIDDLE,True,1.0,17.0,17.0,True,False,True,False
2026_11_NOR_s2,2026_11,NOR,McLaren,2,HARD,HARDEST,True,18.0,39.0,22.0,True,False,True,True
2026_11_NOR_s3,2026_11,NOR,McLaren,3,HARD,HARDEST,True,40.0,56.0,17.0,True,False,True,True
2026_11_NOR_s4,2026_11,NOR,McLaren,4,SOFT,SOFTEST,False,57.0,70.0,14.0,False,True,False,True
2026_11_OCO_s1,2026_11,OCO,Haas F1 Team,1,MEDIUM,MIDDLE,True,1.0,17.0,17.0,True,False,True,False
2026_11_OCO_s2,2026_11,OCO,Haas F1 Team,2,HARD,HARDEST,True,18.0,35.0,18.0,True,False,True,False
2026_11_OCO_s3,2026_11,OCO,Haas F1 Team,3,HARD,HARDEST,True,36.0,68.0,33.0,False,False,False,True
2026_11_PER_s1,2026_11,PER,Cadillac,1,MEDIUM,MIDDLE,True,1.0,21.0,21.0,True,False,True,False
2026_11_PER_s2,2026_11,PER,Cadillac,2,UNKNOWN,UNKNOWN,False,22.0,46.0,,True,False,True,True
2026_11_PER_s3,2026_11,PER,Cadillac,3,SOFT,SOFTEST,True,47.0,48.0,2.0,True,False,True,True
2026_11_PIA_s1,2026_11,PIA,McLaren,1,MEDIUM,MIDDLE,True,1.0,16.0,16.0,True,False,True,False
2026_11_PIA_s2,2026_11,PIA,McLaren,2,HARD,HARDEST,True,17.0,33.0,17.0,True,False,True,False
2026_11_PIA_s3,2026_11,PIA,McLaren,3,HARD,HARDEST,True,34.0,56.0,23.0,False,False,False,True
2026_11_RUS_s1,2026_11,RUS,Mercedes,1,MEDIUM,MIDDLE,True,1.0,27.0,27.0,True,False,True,False
2026_11_RUS_s2,2026_11,RUS,Mercedes,2,HARD,HARDEST,True,28.0,54.0,27.0,True,False,True,True
2026_11_RUS_s3,2026_11,RUS,Mercedes,3,HARD,HARDEST,True,55.0,70.0,16.0,False,True,False,True
2026_11_SAI_s1,2026_11,SAI,Williams,1,SOFT,SOFTEST,True,1.0,18.0,18.0,True,False,True,False
2026_11_SAI_s2,2026_11,SAI,Williams,2,MEDIUM,MIDDLE,True,19.0,43.0,25.0,True,False,True,True
2026_11_SAI_s3,2026_11,SAI,Williams,3,SOFT,SOFTEST,False,44.0,54.0,11.0,True,False,True,True
2026_11_SAI_s4,2026_11,SAI,Williams,4,SOFT,SOFTEST,False,55.0,68.0,14.0,False,False,False,True
2026_11_STR_s1,2026_11,STR,Aston Martin,1,SOFT,SOFTEST,True,1.0,8.0,8.0,True,False,True,False
2026_11_STR_s2,2026_11,STR,Aston Martin,2,MEDIUM,MIDDLE,True,9.0,37.0,29.0,True,False,True,False
2026_11_STR_s3,2026_11,STR,Aston Martin,3,SOFT,SOFTEST,True,38.0,69.0,32.0,False,True,False,True
2026_11_VER_s1,2026_11,VER,Red Bull Racing,1,MEDIUM,MIDDLE,True,1.0,14.0,14.0,True,False,True,False
2026_11_VER_s2,2026_11,VER,Red Bull Racing,2,HARD,HARDEST,True,15.0,41.0,27.0,True,False,True,True
2026_11_VER_s3,2026_11,VER,Red Bull Racing,3,SOFT,SOFTEST,False,42.0,70.0,29.0,False,True,False,True
2026_12_ALB_s1,2026_12,ALB,Williams,1,SOFT,SOFTEST,True,1.0,2.0,2.0,True,False,True,True
2026_12_ALB_s2,2026_12,ALB,Williams,2,HARD,HARDEST,True,3.0,26.0,24.0,True,False,True,True
2026_12_ALB_s3,2026_12,ALB,Williams,3,HARD,HARDEST,True,27.0,49.0,23.0,True,False,True,False
2026_12_ALB_s4,2026_12,ALB,Williams,4,MEDIUM,MIDDLE,True,50.0,66.0,17.0,True,False,True,True
2026_12_ALO_s1,2026_12,ALO,Aston Martin,1,SOFT,SOFTEST,True,1.0,2.0,2.0,True,False,True,True
2026_12_ALO_s2,2026_12,ALO,Aston Martin,2,SOFT,SOFTEST,True,3.0,34.0,32.0,True,False,True,True
2026_12_ALO_s3,2026_12,ALO,Aston Martin,3,HARD,HARDEST,True,35.0,71.0,37.0,False,True,False,True
2026_12_ANT_s1,2026_12,ANT,Mercedes,1,MEDIUM,MIDDLE,True,1.0,2.0,2.0,True,False,True,True
2026_12_ANT_s2,2026_12,ANT,Mercedes,2,MEDIUM,MIDDLE,False,3.0,21.0,19.0,True,False,True,True
2026_12_ANT_s3,2026_12,ANT,Mercedes,3,HARD,HARDEST,True,22.0,40.0,19.0,True,False,True,False
2026_12_ANT_s4,2026_12,ANT,Mercedes,4,HARD,HARDEST,True,41.0,56.0,16.0,True,False,True,True
2026_12_ANT_s5,2026_12,ANT,Mercedes,5,SOFT,SOFTEST,False,57.0,72.0,16.0,False,True,False,True
2026_12_BEA_s1,2026_12,BEA,Haas F1 Team,1,SOFT,SOFTEST,True,1.0,2.0,2.0,True,False,True,True
2026_12_BOR_s1,2026_12,BOR,Audi,1,SOFT,SOFTEST,False,1.0,2.0,2.0,True,False,True,True
2026_12_BOR_s2,2026_12,BOR,Audi,2,SOFT,SOFTEST,False,3.0,11.0,9.0,True,False,True,True
2026_12_BOR_s3,2026_12,BOR,Audi,3,MEDIUM,MIDDLE,True,12.0,34.0,23.0,True,False,True,False
2026_12_BOR_s4,2026_12,BOR,Audi,4,HARD,HARDEST,True,35.0,53.0,19.0,True,False,True,True
2026_12_BOR_s5,2026_12,BOR,Audi,5,SOFT,SOFTEST,False,54.0,71.0,18.0,False,True,False,True
2026_12_BOT_s1,2026_12,BOT,Cadillac,1,HARD,HARDEST,True,1.0,2.0,2.0,True,False,True,True
2026_12_BOT_s2,2026_12,BOT,Cadillac,2,HARD,HARDEST,True,3.0,28.0,26.0,True,False,True,True
2026_12_BOT_s3,2026_12,BOT,Cadillac,3,HARD,HARDEST,False,29.0,51.0,23.0,True,False,True,False
2026_12_BOT_s4,2026_12,BOT,Cadillac,4,SOFT,SOFTEST,True,52.0,61.0,10.0,True,False,True,True
2026_12_COL_s1,2026_12,COL,Alpine,1,MEDIUM,MIDDLE,True,1.0,2.0,2.0,True,False,True,True
2026_12_COL_s2,2026_12,COL,Alpine,2,MEDIUM,MIDDLE,True,3.0,8.0,6.0,True,False,True,True
2026_12_COL_s3,2026_12,COL,Alpine,3,MEDIUM,MIDDLE,False,9.0,21.0,13.0,True,False,True,False
2026_12_COL_s4,2026_12,COL,Alpine,4,HARD,HARDEST,True,22.0,45.0,24.0,True,False,True,False
2026_12_COL_s5,2026_12,COL,Alpine,5,SOFT,SOFTEST,True,46.0,70.0,25.0,False,False,False,True
2026_12_GAS_s1,2026_12,GAS,Alpine,1,MEDIUM,MIDDLE,True,1.0,2.0,2.0,True,False,True,True
2026_12_GAS_s2,2026_12,GAS,Alpine,2,MEDIUM,MIDDLE,False,3.0,18.0,16.0,True,False,True,True
2026_12_GAS_s3,2026_12,GAS,Alpine,3,HARD,HARDEST,True,19.0,46.0,28.0,True,False,True,False
2026_12_GAS_s4,2026_12,GAS,Alpine,4,MEDIUM,MIDDLE,False,47.0,71.0,25.0,False,True,False,True
2026_12_HAM_s1,2026_12,HAM,Ferrari,1,SOFT,SOFTEST,True,1.0,2.0,2.0,True,False,True,True
2026_12_HAM_s2,2026_12,HAM,Ferrari,2,SOFT,SOFTEST,False,3.0,25.0,23.0,True,False,True,True
2026_12_HAM_s3,2026_12,HAM,Ferrari,3,HARD,HARDEST,True,26.0,55.0,30.0,True,False,True,True
2026_12_HAM_s4,2026_12,HAM,Ferrari,4,SOFT,SOFTEST,False,56.0,72.0,17.0,False,True,False,True
2026_12_HUL_s1,2026_12,HUL,Audi,1,SOFT,SOFTEST,False,1.0,2.0,2.0,True,False,True,True
2026_12_HUL_s2,2026_12,HUL,Audi,2,SOFT,SOFTEST,False,3.0,19.0,17.0,True,False,True,True
2026_12_HUL_s3,2026_12,HUL,Audi,3,SOFT,SOFTEST,True,20.0,48.0,29.0,True,False,True,False
2026_12_HUL_s4,2026_12,HUL,Audi,4,HARD,HARDEST,True,49.0,71.0,23.0,False,True,False,True
2026_12_LAW_s1,2026_12,LAW,Red Bull Racing,1,SOFT,SOFTEST,False,1.0,2.0,2.0,True,False,True,True
2026_12_LAW_s2,2026_12,LAW,Red Bull Racing,2,SOFT,SOFTEST,False,3.0,21.0,19.0,True,False,True,True
2026_12_LAW_s3,2026_12,LAW,Red Bull Racing,3,MEDIUM,MIDDLE,True,22.0,47.0,26.0,True,False,True,False
2026_12_LAW_s4,2026_12,LAW,Red Bull Racing,4,MEDIUM,MIDDLE,True,48.0,72.0,25.0,False,True,False,True
2026_12_LEC_s1,2026_12,LEC,Ferrari,1,SOFT,SOFTEST,False,1.0,2.0,2.0,True,False,True,True
2026_12_LEC_s2,2026_12,LEC,Ferrari,2,SOFT,SOFTEST,True,3.0,21.0,19.0,True,False,True,True
2026_12_LEC_s3,2026_12,LEC,Ferrari,3,MEDIUM,MIDDLE,True,22.0,43.0,22.0,True,False,True,False
2026_12_LEC_s4,2026_12,LEC,Ferrari,4,HARD,HARDEST,True,44.0,55.0,12.0,True,False,True,True
2026_12_LEC_s5,2026_12,LEC,Ferrari,5,SOFT,SOFTEST,False,56.0,72.0,17.0,False,True,False,True
2026_12_LIN_s1,2026_12,LIN,Racing Bulls,1,SOFT,SOFTEST,False,1.0,2.0,2.0,True,False,True,True
2026_12_LIN_s2,2026_12,LIN,Racing Bulls,2,MEDIUM,MIDDLE,True,3.0,5.0,3.0,True,False,True,True
2026_12_LIN_s3,2026_12,LIN,Racing Bulls,3,MEDIUM,MIDDLE,False,6.0,36.0,31.0,True,False,True,False
2026_12_LIN_s4,2026_12,LIN,Racing Bulls,4,HARD,HARDEST,True,37.0,71.0,35.0,False,True,False,True
2026_12_NOR_s1,2026_12,NOR,McLaren,1,MEDIUM,MIDDLE,True,1.0,2.0,2.0,True,False,True,True
2026_12_NOR_s2,2026_12,NOR,McLaren,2,SOFT,SOFTEST,False,3.0,21.0,19.0,True,False,True,True
2026_12_NOR_s3,2026_12,NOR,McLaren,3,HARD,HARDEST,True,22.0,47.0,26.0,True,False,True,False
2026_12_NOR_s4,2026_12,NOR,McLaren,4,HARD,HARDEST,True,48.0,72.0,25.0,False,True,False,True
2026_12_OCO_s1,2026_12,OCO,Haas F1 Team,1,MEDIUM,MIDDLE,True,1.0,2.0,2.0,True,False,True,True
2026_12_OCO_s2,2026_12,OCO,Haas F1 Team,2,SOFT,SOFTEST,False,3.0,16.0,14.0,True,False,True,True
2026_12_OCO_s3,2026_12,OCO,Haas F1 Team,3,HARD,HARDEST,True,17.0,36.0,20.0,True,False,True,False
2026_12_OCO_s4,2026_12,OCO,Haas F1 Team,4,HARD,HARDEST,True,37.0,53.0,17.0,False,False,False,True
2026_12_PER_s1,2026_12,PER,Cadillac,1,SOFT,SOFTEST,True,1.0,2.0,2.0,True,False,True,True
2026_12_PER_s2,2026_12,PER,Cadillac,2,HARD,HARDEST,True,3.0,29.0,27.0,True,False,True,True
2026_12_PER_s3,2026_12,PER,Cadillac,3,HARD,HARDEST,False,30.0,52.0,23.0,True,False,True,False
2026_12_PER_s4,2026_12,PER,Cadillac,4,SOFT,SOFTEST,True,53.0,70.0,18.0,False,False,False,True
2026_12_PIA_s1,2026_12,PIA,McLaren,1,MEDIUM,MIDDLE,True,1.0,2.0,2.0,True,False,True,True
2026_12_PIA_s2,2026_12,PIA,McLaren,2,HARD,HARDEST,True,3.0,18.0,16.0,True,False,True,True
2026_12_PIA_s3,2026_12,PIA,McLaren,3,HARD,HARDEST,True,19.0,44.0,26.0,True,False,True,False
2026_12_PIA_s4,2026_12,PIA,McLaren,4,SOFT,SOFTEST,False,45.0,55.0,11.0,True,False,True,True
2026_12_PIA_s5,2026_12,PIA,McLaren,5,SOFT,SOFTEST,False,56.0,72.0,17.0,False,True,False,True
2026_12_RUS_s1,2026_12,RUS,Mercedes,1,MEDIUM,MIDDLE,True,1.0,2.0,2.0,True,False,True,True
2026_12_RUS_s2,2026_12,RUS,Mercedes,2,MEDIUM,MIDDLE,False,3.0,17.0,15.0,True,False,True,True
2026_12_RUS_s3,2026_12,RUS,Mercedes,3,HARD,HARDEST,True,18.0,40.0,23.0,True,False,True,False
2026_12_RUS_s4,2026_12,RUS,Mercedes,4,HARD,HARDEST,True,41.0,72.0,32.0,False,True,False,True
2026_12_SAI_s1,2026_12,SAI,Williams,1,SOFT,SOFTEST,True,1.0,2.0,2.0,True,False,True,True
2026_12_SAI_s2,2026_12,SAI,Williams,2,SOFT,SOFTEST,True,3.0,30.0,28.0,True,False,True,True
2026_12_SAI_s3,2026_12,SAI,Williams,3,HARD,HARDEST,True,31.0,65.0,35.0,True,False,True,True
2026_12_SAI_s4,2026_12,SAI,Williams,4,SOFT,SOFTEST,False,66.0,70.0,5.0,False,False,False,True
2026_12_STR_s1,2026_12,STR,Aston Martin,1,SOFT,SOFTEST,True,1.0,2.0,2.0,True,False,True,True
2026_12_STR_s2,2026_12,STR,Aston Martin,2,SOFT,SOFTEST,True,3.0,15.0,13.0,True,False,True,True
2026_12_STR_s3,2026_12,STR,Aston Martin,3,HARD,HARDEST,True,16.0,35.0,20.0,True,False,True,False
2026_12_STR_s4,2026_12,STR,Aston Martin,4,HARD,HARDEST,True,36.0,45.0,10.0,True,False,True,False
2026_12_TSU_s1,2026_12,TSU,Racing Bulls,1,SOFT,SOFTEST,True,1.0,2.0,2.0,True,False,True,True
2026_12_TSU_s2,2026_12,TSU,Racing Bulls,2,SOFT,SOFTEST,False,3.0,18.0,16.0,True,False,True,True
2026_12_TSU_s3,2026_12,TSU,Racing Bulls,3,HARD,HARDEST,True,19.0,44.0,26.0,True,False,True,False
2026_12_TSU_s4,2026_12,TSU,Racing Bulls,4,SOFT,SOFTEST,False,45.0,71.0,27.0,False,True,False,True
2026_12_VER_s1,2026_12,VER,Red Bull Racing,1,SOFT,SOFTEST,True,1.0,1.0,1.0,False,False,False,False
2026_13_ALB_s1,2026_13,ALB,Williams,1,MEDIUM,MIDDLE,True,1.0,3.0,3.0,True,False,True,True
2026_13_ALB_s2,2026_13,ALB,Williams,2,HARD,HARDEST,True,4.0,46.0,43.0,True,False,True,True
2026_13_ALB_s3,2026_13,ALB,Williams,3,SOFT,SOFTEST,True,47.0,52.0,6.0,False,True,False,False
2026_13_ALO_s1,2026_13,ALO,Aston Martin,1,HARD,HARDEST,True,1.0,3.0,3.0,True,False,True,True
2026_13_ALO_s2,2026_13,ALO,Aston Martin,2,SOFT,SOFTEST,True,4.0,23.0,20.0,True,False,True,True
2026_13_ANT_s1,2026_13,ANT,Mercedes,1,HARD,HARDEST,True,1.0,3.0,3.0,True,False,True,True
2026_13_ANT_s2,2026_13,ANT,Mercedes,2,MEDIUM,MIDDLE,True,4.0,28.0,25.0,True,False,True,True
2026_13_ANT_s3,2026_13,ANT,Mercedes,3,MEDIUM,MIDDLE,True,29.0,53.0,25.0,False,True,False,True
2026_13_BEA_s1,2026_13,BEA,Haas F1 Team,1,SOFT,SOFTEST,True,1.0,3.0,3.0,True,False,True,True
2026_13_BEA_s2,2026_13,BEA,Haas F1 Team,2,HARD,HARDEST,True,4.0,53.0,50.0,False,True,False,True
2026_13_BOR_s1,2026_13,BOR,Audi,1,SOFT,SOFTEST,True,1.0,3.0,3.0,True,False,True,True
2026_13_BOR_s2,2026_13,BOR,Audi,2,MEDIUM,MIDDLE,True,4.0,53.0,50.0,False,True,False,True
2026_13_BOT_s1,2026_13,BOT,Cadillac,1,SOFT,SOFTEST,True,1.0,3.0,3.0,True,False,True,True
2026_13_BOT_s2,2026_13,BOT,Cadillac,2,MEDIUM,MIDDLE,True,4.0,27.0,24.0,True,False,True,True
2026_13_BOT_s3,2026_13,BOT,Cadillac,3,SOFT,SOFTEST,True,28.0,51.0,24.0,False,False,False,True
2026_13_COL_s1,2026_13,COL,Alpine,1,MEDIUM,MIDDLE,True,1.0,3.0,3.0,True,False,True,True
2026_13_COL_s2,2026_13,COL,Alpine,2,HARD,HARDEST,True,4.0,53.0,50.0,False,True,False,True
2026_13_GAS_s1,2026_13,GAS,Alpine,1,MEDIUM,MIDDLE,True,1.0,3.0,3.0,True,False,True,True
2026_13_GAS_s2,2026_13,GAS,Alpine,2,HARD,HARDEST,True,4.0,53.0,50.0,False,True,False,True
2026_13_HAM_s1,2026_13,HAM,Ferrari,1,SOFT,SOFTEST,True,1.0,3.0,3.0,True,False,True,True
2026_13_HAM_s2,2026_13,HAM,Ferrari,2,MEDIUM,MIDDLE,True,4.0,53.0,50.0,False,True,False,True
2026_13_HUL_s1,2026_13,HUL,Audi,1,MEDIUM,MIDDLE,True,1.0,3.0,3.0,True,False,True,True
2026_13_HUL_s2,2026_13,HUL,Audi,2,HARD,HARDEST,True,4.0,27.0,24.0,True,False,True,True
2026_13_HUL_s3,2026_13,HUL,Audi,3,MEDIUM,MIDDLE,False,28.0,53.0,26.0,False,True,False,True
2026_13_LAW_s1,2026_13,LAW,Red Bull Racing,1,MEDIUM,MIDDLE,True,1.0,3.0,3.0,True,False,True,True
2026_13_LAW_s2,2026_13,LAW,Red Bull Racing,2,HARD,HARDEST,True,4.0,12.0,9.0,True,False,True,True
2026_13_LAW_s3,2026_13,LAW,Red Bull Racing,3,MEDIUM,MIDDLE,False,13.0,53.0,41.0,False,True,False,True
2026_13_LEC_s1,2026_13,LEC,Ferrari,1,SOFT,SOFTEST,True,1.0,2.0,2.0,True,False,True,True
2026_13_LIN_s1,2026_13,LIN,Racing Bulls,1,MEDIUM,MIDDLE,True,1.0,3.0,3.0,True,False,True,True
2026_13_LIN_s2,2026_13,LIN,Racing Bulls,2,HARD,HARDEST,True,4.0,53.0,50.0,False,True,False,True
2026_13_NOR_s1,2026_13,NOR,McLaren,1,MEDIUM,MIDDLE,True,1.0,3.0,3.0,True,False,True,True
2026_13_NOR_s2,2026_13,NOR,McLaren,2,HARD,HARDEST,True,4.0,53.0,50.0,False,True,False,True
2026_13_OCO_s1,2026_13,OCO,Haas F1 Team,1,SOFT,SOFTEST,True,1.0,3.0,3.0,True,False,True,True
2026_13_OCO_s2,2026_13,OCO,Haas F1 Team,2,HARD,HARDEST,True,4.0,27.0,24.0,True,False,True,True
2026_13_OCO_s3,2026_13,OCO,Haas F1 Team,3,MEDIUM,MIDDLE,True,28.0,52.0,25.0,False,True,False,True
2026_13_PER_s1,2026_13,PER,Cadillac,1,SOFT,SOFTEST,True,1.0,3.0,3.0,True,False,True,True
2026_13_PER_s2,2026_13,PER,Cadillac,2,SOFT,SOFTEST,True,4.0,27.0,24.0,True,False,True,True
2026_13_PER_s3,2026_13,PER,Cadillac,3,MEDIUM,MIDDLE,True,28.0,52.0,25.0,False,True,False,True
2026_13_PIA_s1,2026_13,PIA,McLaren,1,MEDIUM,MIDDLE,True,1.0,3.0,3.0,True,False,True,True
2026_13_PIA_s2,2026_13,PIA,McLaren,2,HARD,HARDEST,True,4.0,53.0,50.0,False,True,False,True
2026_13_RUS_s1,2026_13,RUS,Mercedes,1,MEDIUM,MIDDLE,True,1.0,3.0,3.0,True,False,True,True
2026_13_RUS_s2,2026_13,RUS,Mercedes,2,HARD,HARDEST,True,4.0,53.0,50.0,False,True,False,True
2026_13_SAI_s1,2026_13,SAI,Williams,1,SOFT,SOFTEST,True,1.0,3.0,3.0,True,False,True,True
2026_13_SAI_s2,2026_13,SAI,Williams,2,HARD,HARDEST,True,4.0,27.0,24.0,True,False,True,True
2026_13_SAI_s3,2026_13,SAI,Williams,3,MEDIUM,MIDDLE,True,28.0,53.0,26.0,False,True,False,True
2026_13_STR_s1,2026_13,STR,Aston Martin,1,SOFT,SOFTEST,True,1.0,3.0,3.0,True,False,True,True
2026_13_STR_s2,2026_13,STR,Aston Martin,2,HARD,HARDEST,True,4.0,27.0,24.0,False,False,False,True
2026_13_TSU_s1,2026_13,TSU,Racing Bulls,1,HARD,HARDEST,True,1.0,3.0,3.0,True,False,True,True
2026_13_TSU_s2,2026_13,TSU,Racing Bulls,2,MEDIUM,MIDDLE,True,4.0,53.0,50.0,False,True,False,True
2026_13_VER_s1,2026_13,VER,Red Bull Racing,1,SOFT,SOFTEST,True,1.0,3.0,3.0,True,False,True,True
2026_13_VER_s2,2026_13,VER,Red Bull Racing,2,MEDIUM,MIDDLE,True,4.0,28.0,25.0,True,False,True,True
2026_13_VER_s3,2026_13,VER,Red Bull Racing,3,HARD,HARDEST,True,29.0,53.0,25.0,False,True,False,True
